team_name,season,bot_id,manager_name,country_iso,time_zone,persona,tier,group,position,season_wins,season_losses,season_draws,season_points,stadium_level,training_center_level,office_level,fan_shop_level,parking_level,team_strength,money_balance,stars_balance,money_in,money_out,stars_in,stars_out
AT Club 7,1,3fe71a77-ecd2-4016-8a30-7b61616f87fb,NewManagerBot_7,AT,Europe/Berlin,NewManagerBot,1,1,7,3,14,13,22,3,3,5,2,1,112,10137227,9161,15901500,5897993,15000,11000
BE Club 9,1,433e9f94-2ea8-4276-bda5-1567aaada803,AggressiveTraderBot_9,BE,Europe/Rome,AggressiveTraderBot,1,1,9,29,0,1,88,3,5,7,2,1,114,8683494,1588,15878400,7346938,21300,24900
CH Club 8,1,a360fffe-4f47-404b-a3ce-1e8521ab5084,ConservativeBot_8,CH,Europe/Paris,ConservativeBot,1,1,8,14,3,13,55,4,4,8,5,1,92,20641612,8767,25110000,4589206,15000,12000
DE Club 1,1,60342169-5b3d-4aef-a3fc-5cde7cb4a190,NewManagerBot_1,DE,Europe/Berlin,NewManagerBot,1,1,1,8,11,11,35,4,7,7,5,1,112,16206930,5174,20502600,4459070,15000,14880
DE Club 11,1,7a7dbd68-0978-4127-9bef-08f32a1d90fe,LadderGrinderBot_11,DE,Europe/Amsterdam,LadderGrinderBot,1,1,11,6,13,11,29,2,5,7,2,2,96,12747770,5894,15886500,3304841,15000,13320
ES Club 14,1,bcb572ec-b227-4b21-87fc-2bc32b09815b,ConservativeBot_14,ES,Europe/Paris,ConservativeBot,1,1,14,3,20,7,16,1,3,9,2,2,76,8132088,6489,11260500,3265673,15000,13960
ES Club 4,1,0970c318-8891-49d6-ac02-b6edad04f998,YouthFocusedBot_4,ES,Europe/Madrid,YouthFocusedBot,1,1,4,27,0,3,84,1,6,5,4,2,107,5492206,-491,11302800,5963160,21500,26600
FR Club 12,1,7eab1a8a-57da-4f2e-aec6-4b1f409934ce,SocialBot_12,FR,Europe/Warsaw,SocialBot,1,1,12,13,6,11,50,4,7,7,5,2,109,14483109,7190,20514600,6155588,15000,13280
FR Club 2,1,105972e2-d768-4707-8113-6fdf60c3daeb,ConservativeBot_2,FR,Europe/Paris,ConservativeBot,1,1,2,11,8,11,44,5,7,7,2,1,88,19642744,5623,25101300,5635466,15000,14280
IT Club 13,1,4317646c-6307-4300-84a5-ea5b873fbfbe,NewManagerBot_13,IT,Europe/Berlin,NewManagerBot,1,1,13,20,3,7,67,4,6,8,2,3,101,20582921,6150,25094700,4673636,15000,13700
IT Club 3,1,456e6fc4-9583-4d82-b452-d4ae350e3db3,AggressiveTraderBot_3,IT,Europe/Rome,AggressiveTraderBot,1,1,3,0,27,3,3,2,5,5,5,2,75,4153954,861,11310300,7280052,21900,25800
NL Club 15,1,7043d0a7-7c0b-4f62-89e3-e5468cee589e,AggressiveTraderBot_15,NL,Europe/Rome,AggressiveTraderBot,1,1,15,9,11,10,37,3,3,8,1,3,103,9362020,1144,15879900,6691099,21800,25900
NL Club 5,1,90c20855-d6a3-4cc7-8e1c-bae8c83e2fe8,LadderGrinderBot_5,NL,Europe/Amsterdam,LadderGrinderBot,1,1,5,0,24,6,6,3,6,5,3,2,76,12950187,7911,15906000,3123085,15000,13000
PL Club 16,1,fbaa9901-0416-4c09-bf29-d0fab0c6c3e2,YouthFocusedBot_16,PL,Europe/Madrid,YouthFocusedBot,1,1,16,11,9,10,43,3,2,6,2,4,90,11989530,121,15907500,4077257,21700,26800
PL Club 6,1,db770079-4c31-418e-9a47-fab14deb99b1,SocialBot_6,PL,Europe/Warsaw,SocialBot,1,1,6,24,0,6,78,4,5,5,1,4,119,17157190,6464,20502300,3498649,15000,12800
PT Club 10,1,8646e00d-cc1a-405a-893f-a7b6e8772589,YouthFocusedBot_10,PT,Europe/Madrid,YouthFocusedBot,1,1,10,0,29,1,1,4,2,7,4,4,76,17503375,790,20508000,3161333,21300,25700
AT Club 17,1,ac0ae0c3-4ed2-4c3f-a536-d98ea02a0b63,LadderGrinderBot_17,AT,Europe/Amsterdam,LadderGrinderBot,2,1,1,10,10,10,40,2,5,6,3,3,96,7373230,5991,12467700,5224841,15000,14120
AT Club 27,1,65f642c8-f5d4-44a3-8c30-3a77f89d7ac6,AggressiveTraderBot_27,AT,Europe/Rome,AggressiveTraderBot,2,1,11,8,7,15,39,4,2,8,1,4,102,11350988,1416,19667400,8447414,21900,24900
BE Club 19,1,bd9174d6-0714-47ce-badc-ede9a0274f98,NewManagerBot_19,BE,Europe/Berlin,NewManagerBot,2,1,3,10,9,11,41,3,5,5,3,3,76,12393007,8597,16087800,3821292,15000,12000
BE Club 29,1,93299a02-7fe5-4512-993f-a82d97300fba,LadderGrinderBot_29,BE,Europe/Amsterdam,LadderGrinderBot,2,1,13,0,26,4,4,2,4,6,5,1,85,4176974,7597,8865600,4867095,15000,11800
CH Club 18,1,9378a293-7e4e-469c-ab5c-d78e5992cc30,SocialBot_18,CH,Europe/Warsaw,SocialBot,2,1,2,10,10,10,40,1,5,5,1,3,76,2637970,7174,8845800,6365176,15000,12600
CH Club 28,1,3afc330a-01a3-4c7e-bc16-9138bb74fa9d,YouthFocusedBot_28,CH,Europe/Madrid,YouthFocusedBot,2,1,12,7,8,15,36,5,4,5,2,2,86,14153550,736,19685400,5669345,21700,25500
DE Club 21,1,0705089d-244c-4e90-ac5b-b67716cd4df3,AggressiveTraderBot_21,DE,Europe/Rome,AggressiveTraderBot,2,1,5,14,8,8,50,2,5,5,5,2,95,3108668,648,8877600,5896741,22100,26600
DE Club 31,1,b534052b-42a5-4dad-a4c7-978503f663c1,NewManagerBot_31,DE,Europe/Berlin,NewManagerBot,2,1,15,12,12,6,42,4,3,5,5,4,79,15404607,6676,19718700,4458585,15000,12400
ES Club 24,1,c6ba20b0-4256-45a5-93b0-eaad25da20d8,SocialBot_24,ES,Europe/Warsaw,SocialBot,2,1,8,6,10,14,32,4,6,5,1,3,81,17051560,10152,19689900,2802170,15000,10800
FR Club 22,1,185a3c1c-5633-46dd-880a-aac0984882d1,YouthFocusedBot_22,FR,Europe/Madrid,YouthFocusedBot,2,1,6,8,14,8,32,5,2,8,3,1,114,14080744,1543,19666500,5729005,21400,25700
FR Club 32,1,33a6c81c-d216-4865-8c41-e849edb3d4c2,ConservativeBot_32,FR,Europe/Paris,ConservativeBot,2,1,16,12,12,6,42,2,4,5,2,3,82,4261021,6675,8865900,4758447,15000,12940
IT Club 23,1,1dd5d330-5033-4d78-9a15-40cf9515cc07,LadderGrinderBot_23,IT,Europe/Amsterdam,LadderGrinderBot,2,1,7,10,6,14,44,2,3,6,5,2,80,5861177,6315,12471300,6759097,15000,13160
NL Club 25,1,863fa920-eb66-4f3e-9ecb-23ee5b0a2147,NewManagerBot_25,NL,Europe/Berlin,NewManagerBot,2,1,9,11,8,11,44,1,5,7,4,2,116,4533039,5454,8855100,4457721,15000,15320
PL Club 26,1,5d3c393f-1ca7-47d3-b02a-8030bcdc94e0,ConservativeBot_26,PL,Europe/Paris,ConservativeBot,2,1,10,8,11,11,35,3,3,6,4,3,94,11891034,8035,16096500,4341200,15000,11000
PT Club 20,1,edbe36bf-fd58-4a0d-b72b-68f37df6b422,ConservativeBot_20,PT,Europe/Paris,ConservativeBot,2,1,4,9,10,11,38,3,5,5,2,4,94,8739255,6850,12468000,3854980,15000,14120
PT Club 30,1,dbe26a47-ec47-4643-b078-b42e47d3a6f2,SocialBot_30,PT,Europe/Warsaw,SocialBot,2,1,14,26,0,4,82,3,5,4,4,1,116,11806177,7724,16099500,4454224,15000,11400
AT Club 37,1,f29e975d-d8a4-4a62-bac9-541f0a0eee01,NewManagerBot_37,AT,Europe/Berlin,NewManagerBot,2,2,5,10,9,11,41,1,5,5,3,4,80,4236316,6639,8858400,4767347,15000,13520
AT Club 47,1,02a87f4b-ab4e-4d03-adad-d678d2cd0302,LadderGrinderBot_47,AT,Europe/Amsterdam,LadderGrinderBot,2,2,15,11,5,14,47,3,4,7,3,2,95,6412692,6147,12459600,6171421,15000,13740
BE Club 39,1,5b313a53-4c83-4183-96af-4e8ccc3c50c7,AggressiveTraderBot_39,BE,Europe/Rome,AggressiveTraderBot,2,2,7,13,7,10,49,4,4,8,1,3,82,9524908,1648,16054200,6700203,22200,24600
CH Club 38,1,31941f34-7841-48e8-973c-b0e59838e222,ConservativeBot_38,CH,Europe/Paris,ConservativeBot,2,2,6,9,10,11,38,5,6,9,2,1,94,15347756,7900,19666500,4465677,15000,12200
CH Club 48,1,9b82d563-ce08-4538-b6a6-dd19a3c97e1f,SocialBot_48,CH,Europe/Warsaw,SocialBot,2,2,16,5,11,14,29,2,5,7,2,1,92,2416106,6661,8826300,6555215,15000,12920
DE Club 41,1,a9e0c83a-53da-4ac0-ad7c-4b0e2fa6e163,LadderGrinderBot_41,DE,Europe/Amsterdam,LadderGrinderBot,2,2,9,12,7,11,47,3,5,5,1,4,82,9068618,5794,16081200,7139266,15000,13520
ES Club 34,1,087b9ae0-6fdc-4b3e-81b5-64958689d718,YouthFocusedBot_34,ES,Europe/Madrid,YouthFocusedBot,2,2,2,9,13,8,35,4,5,6,1,1,108,12430201,1242,16067700,3760555,21300,24900
ES Club 44,1,e457cf23-a7cb-44b3-bbbd-ab1129f58ec0,ConservativeBot_44,ES,Europe/Paris,ConservativeBot,2,2,12,4,22,4,16,1,3,5,2,4,76,3974973,6762,8858400,5006882,15000,14160
FR Club 42,1,260b1adc-d0aa-49cf-b19c-4409f159460e,SocialBot_42,FR,Europe/Warsaw,SocialBot,2,2,10,7,12,11,32,2,6,8,3,3,96,7462111,9590,12444600,5160951,15000,10600
IT Club 33,1,9f6f161f-95b7-42b7-a258-cbd0543c61a9,AggressiveTraderBot_33,IT,Europe/Rome,AggressiveTraderBot,2,2,1,13,9,8,47,3,4,8,5,3,113,6918112,656,12460800,5719794,21900,25500
IT Club 43,1,2b214729-72c6-4386-a05d-dac6be575cb8,NewManagerBot_43,IT,Europe/Berlin,NewManagerBot,2,2,11,22,4,4,70,4,6,9,5,4,105,12760649,5273,16083000,3488937,15000,15300
NL Club 35,1,87ce9b67-bc5f-4cb2-9656-11581972cd0a,LadderGrinderBot_35,NL,Europe/Amsterdam,LadderGrinderBot,2,2,3,12,10,8,44,4,4,6,2,4,101,14558495,6733,19690500,5267766,15000,12800
NL Club 45,1,f67abc68-4b09-45f1-91ae-bcb6b15c902a,AggressiveTraderBot_45,NL,Europe/Rome,AggressiveTraderBot,2,2,13,7,12,11,32,4,5,6,4,3,114,8716990,-243,16088400,7508058,22100,27600
PL Club 36,1,5f83f8c6-af3b-4f93-b480-3977c07226b5,SocialBot_36,PL,Europe/Warsaw,SocialBot,2,2,4,10,12,8,38,3,3,8,3,4,100,6992583,6617,12453600,5619251,15000,14160
PL Club 46,1,359bd3ac-434f-4bf2-a012-cf5d2d9032fc,YouthFocusedBot_46,PL,Europe/Madrid,YouthFocusedBot,2,2,14,12,7,11,47,5,4,8,1,3,97,14865363,139,19674900,4972808,21200,25100
PT Club 40,1,a9d1c5ae-7500-4899-9ce5-188751e92bc0,YouthFocusedBot_40,PT,Europe/Madrid,YouthFocusedBot,2,2,8,7,13,10,31,5,6,5,3,4,97,15662930,1677,19698000,4178199,21800,25100
AT Club 57,1,46b265df-173c-47d2-8e1e-dfe693aabbe0,AggressiveTraderBot_57,AT,Europe/Rome,AggressiveTraderBot,3,1,9,29,0,1,88,3,5,6,5,2,115,6796219,1149,12520200,5899545,22200,25900
BE Club 49,1,2c532bab-68f4-4c5a-b143-45b6c8d83211,NewManagerBot_49,BE,Europe/Berlin,NewManagerBot,3,1,1,13,7,10,49,2,6,7,4,3,100,907695,5453,6885900,6135090,15000,14700
BE Club 59,1,af4fb2d5-fa95-41fb-b8af-a0eb7c4197fb,LadderGrinderBot_59,BE,Europe/Amsterdam,LadderGrinderBot,3,1,11,0,27,3,3,4,6,4,3,4,81,5719510,6857,12528000,6972231,15000,13400
CH Club 58,1,7354403b-add9-4e68-a3ae-80e453c9493b,YouthFocusedBot_58,CH,Europe/Madrid,YouthFocusedBot,3,1,10,0,29,1,1,3,2,4,4,3,84,6564963,330,9728100,3286762,21800,25600
DE Club 51,1,c6d5d63d-05a8-4ebb-8969-d9270762f9ac,AggressiveTraderBot_51,DE,Europe/Rome,AggressiveTraderBot,3,1,3,9,10,11,38,4,3,5,4,4,112,3172545,1018,12532200,9530932,21800,25800
DE Club 61,1,88f1b614-18d5-454f-ab33-76193c96e9c1,NewManagerBot_61,DE,Europe/Berlin,NewManagerBot,3,1,13,13,6,11,50,5,4,5,2,4,115,11413861,7354,15327600,4058942,15000,11800
ES Club 54,1,3ed722fb-ea9c-41e3-9890-64b5f1d065cb,SocialBot_54,ES,Europe/Warsaw,SocialBot,3,1,6,5,16,9,24,4,3,7,5,2,88,6621483,4518,12508200,6041657,15000,14560
ES Club 64,1,dcb92066-7a8e-4464-b2f5-ebd51d22b141,YouthFocusedBot_64,ES,Europe/Madrid,YouthFocusedBot,3,1,16,9,10,11,38,4,2,6,3,2,89,5392311,342,12511500,7291087,21700,25700
FR Club 52,1,b2fb41be-b58a-4b22-a390-f8e6bd3e1862,YouthFocusedBot_52,FR,Europe/Madrid,YouthFocusedBot,3,1,4,10,9,11,41,2,4,7,3,2,89,4103758,1279,6881400,2913662,21800,24700
FR Club 62,1,825c13ba-7e2b-4973-88d6-4ca4b036764d,ConservativeBot_62,FR,Europe/Paris,ConservativeBot,3,1,14,6,13,11,29,2,7,8,5,4,104,1738019,5608,6891000,5332601,15000,14680
IT Club 53,1,cc36e2b6-1fc0-4d7e-9c3b-0fc18fb1be20,LadderGrinderBot_53,IT,Europe/Amsterdam,LadderGrinderBot,3,1,5,16,5,9,57,4,3,5,2,2,103,10983799,7998,15318600,4511787,15000,11600
IT Club 63,1,9f919296-3581-42e0-a49f-158ddd554818,AggressiveTraderBot_63,IT,Europe/Rome,AggressiveTraderBot,3,1,15,10,9,11,41,3,5,5,2,5,101,5272580,-25,9700800,4579472,22500,27800
NL Club 55,1,d88f6c05-bc9f-4f15-a898-8586cf76721d,NewManagerBot_55,NL,Europe/Berlin,NewManagerBot,3,1,7,9,9,12,39,3,4,5,2,2,109,8001436,4956,9699300,1838452,15000,14740
PL Club 56,1,3577bce9-59e5-4412-ab6b-1e1679b4251c,ConservativeBot_56,PL,Europe/Paris,ConservativeBot,3,1,8,9,9,12,39,2,3,7,2,1,116,3265278,5993,6860700,3755732,15000,14160
PT Club 50,1,e59f2d7c-ec78-46f7-8ecb-9e36a7f7d221,ConservativeBot_50,PT,Europe/Paris,ConservativeBot,3,1,2,7,13,10,31,5,4,5,4,5,110,11112028,7188,15347700,4404449,15000,12800
PT Club 60,1,3858852e-63b3-4a7e-b87f-39f1b842af70,SocialBot_60,PT,Europe/Warsaw,SocialBot,3,1,12,27,0,3,84,1,4,8,5,2,116,962510,5406,6885000,6099957,15000,13940
AT Club 67,1,ee9f963f-858c-46e5-96ab-dc0e12e5628b,NewManagerBot_67,AT,Europe/Berlin,NewManagerBot,3,2,3,10,9,11,41,4,7,9,2,1,83,12096926,5793,15296100,3376704,15000,13480
AT Club 77,1,303dcc52-a238-4f31-a460-2cfc8a3af71f,LadderGrinderBot_77,AT,Europe/Amsterdam,LadderGrinderBot,3,2,13,3,17,10,19,3,5,8,4,4,85,8030634,4959,12513600,4606757,15000,14120
BE Club 69,1,134d33c8-e2dd-4d15-86bc-8222b7392d2d,AggressiveTraderBot_69,BE,Europe/Rome,AggressiveTraderBot,3,2,5,0,22,8,8,4,6,9,3,4,81,6813679,1443,12506100,5815523,22100,25600
BE Club 79,1,78197d87-aa04-4f1e-b3fd-52a6eb74d8cd,NewManagerBot_79,BE,Europe/Berlin,NewManagerBot,3,2,15,6,9,15,33,2,7,8,2,1,105,3638354,4731,6861300,3393539,15000,15880
CH Club 68,1,97e0d4a2-4b6e-42f4-9597-e7a030c6d709,ConservativeBot_68,CH,Europe/Paris,ConservativeBot,3,2,4,9,10,11,38,3,3,7,5,5,89,5167391,4833,9717600,4692493,15000,14360
CH Club 78,1,b1b9e616-5acc-4dd8-b611-e55cb44189a2,SocialBot_78,CH,Europe/Warsaw,SocialBot,3,2,14,17,3,10,61,3,3,7,2,4,112,5188006,7262,9688800,4652016,15000,12960
DE Club 71,1,7c458915-8e83-42b8-93c3-9c87ca01f053,LadderGrinderBot_71,DE,Europe/Amsterdam,LadderGrinderBot,3,2,7,14,5,11,53,4,3,8,4,1,118,10265039,4920,12492600,2347665,15000,14160
ES Club 74,1,0f1755f5-458e-4abc-9e65-fb68a876d176,ConservativeBot_74,ES,Europe/Paris,ConservativeBot,3,2,10,11,11,8,41,3,3,5,1,2,117,8203969,6103,12503400,4459240,15000,13600
FR Club 72,1,097bbfea-3583-49a7-8998-464b288da9f6,SocialBot_72,FR,Europe/Warsaw,SocialBot,3,2,8,5,14,11,26,3,7,7,2,4,102,7724859,5890,12505500,4935378,15000,13880
IT Club 73,1,b3813095-e065-4e5d-92cf-24cf68c5c976,NewManagerBot_73,IT,Europe/Berlin,NewManagerBot,3,2,9,11,11,8,41,2,6,6,4,4,111,4291509,6650,6913500,2798844,15000,12900
NL Club 65,1,c17afd47-ce14-4754-9441-36ddb100e92e,LadderGrinderBot_65,NL,Europe/Amsterdam,LadderGrinderBot,3,2,1,11,7,12,45,3,5,7,3,4,101,9415189,7453,12505500,3254172,15000,12720
NL Club 75,1,37e480f2-8818-436e-b65b-9719795f9a20,AggressiveTraderBot_75,NL,Europe/Rome,AggressiveTraderBot,3,2,11,7,11,12,33,5,2,6,4,3,87,8120777,1089,15336300,7348891,22400,26200
PL Club 66,1,1ffc700f-df07-4cb3-9160-c002853d225d,SocialBot_66,PL,Europe/Warsaw,SocialBot,3,2,2,7,11,12,33,4,4,6,1,3,97,9152108,8248,12500400,3517568,15000,12600
PL Club 76,1,b23385df-b985-4223-966b-add6e40c4be3,YouthFocusedBot_76,PL,Europe/Madrid,YouthFocusedBot,3,2,12,11,7,12,45,2,6,8,4,1,100,592385,453,6885000,6456866,21600,26500
PT Club 70,1,fdeb42be-2d98-4817-947d-eccd1ee9099a,YouthFocusedBot_70,PT,Europe/Madrid,YouthFocusedBot,3,2,6,22,0,8,74,4,6,5,4,1,114,9056093,431,12523200,3641513,21300,26700
PT Club 80,1,44926543-0b06-49c2-91a1-5fafc287f8a7,ConservativeBot_80,PT,Europe/Paris,ConservativeBot,3,2,16,9,6,15,42,5,3,5,4,2,90,10206021,7816,15331200,5275023,15000,11400
AT Club 87,1,2f971dd6-c49a-485d-a73e-15fac9f7acd5,AggressiveTraderBot_87,AT,Europe/Rome,AggressiveTraderBot,3,3,7,12,9,9,45,4,3,4,3,2,113,11845359,135,15338700,3616885,21800,26400
BE Club 89,1,ede53099-d1e3-440c-9a6e-4495ec33968a,LadderGrinderBot_89,BE,Europe/Amsterdam,LadderGrinderBot,3,3,9,9,8,13,40,2,4,4,1,3,117,2610205,7938,6892200,4418400,15000,12400
CH Club 88,1,a72bb731-f3c7-4261-9ba2-8799e372245b,YouthFocusedBot_88,CH,Europe/Madrid,YouthFocusedBot,3,3,8,9,12,9,36,2,2,5,4,1,102,1497526,1722,6907500,5568267,21600,24500
DE Club 81,1,b9db7abf-c9f8-47b8-94a5-8890b3ba7080,AggressiveTraderBot_81,DE,Europe/Rome,AggressiveTraderBot,3,3,1,14,7,9,51,4,6,5,1,3,90,7628045,909,12507900,5018640,21700,26600
DE Club 91,1,74592459-a7bb-4a79-9434-accb444c9ab0,NewManagerBot_91,DE,Europe/Berlin,NewManagerBot,3,3,11,27,0,3,84,4,4,6,3,3,115,11604289,6827,15328200,3857298,15000,13400
ES Club 84,1,5b65d8a2-6044-457f-826f-6063f988c48b,SocialBot_84,ES,Europe/Warsaw,SocialBot,3,3,4,14,8,8,50,4,2,5,4,1,112,8895460,8334,15326700,6552973,15000,12200
ES Club 94,1,7cc7d05c-edfd-47bb-8f42-12cd8431ba5e,YouthFocusedBot_94,ES,Europe/Madrid,YouthFocusedBot,3,3,14,11,14,5,38,2,6,5,3,3,92,5004275,88,9715500,4889261,21700,26900
FR Club 82,1,cbc044f2-2f89-425b-96a1-e137bdefe31f,YouthFocusedBot_82,FR,Europe/Madrid,YouthFocusedBot,3,3,2,7,14,9,30,2,4,4,1,1,92,4852262,1268,9694800,5012080,21700,26100
FR Club 92,1,2d92d7ee-ce39-4bc5-aa23-2ca1043b3e8d,ConservativeBot_92,FR,Europe/Paris,ConservativeBot,3,3,12,0,27,3,3,3,3,5,2,4,77,3665598,8219,9708900,6173125,15000,12200
IT Club 83,1,de645a93-8bad-4e63-a444-7e0719816b72,LadderGrinderBot_83,IT,Europe/Amsterdam,LadderGrinderBot,3,3,3,8,14,8,32,1,4,9,3,4,97,940956,5434,6882900,6075999,15000,14140
IT Club 93,1,75078879-532f-4145-bdba-11805f8bce9f,AggressiveTraderBot_93,IT,Europe/Rome,AggressiveTraderBot,3,3,13,14,11,5,47,1,2,8,3,2,116,-70771,1350,6873900,7067925,19800,22600
NL Club 85,1,84408bb9-0db2-4086-b1e8-c98e015aaa12,NewManagerBot_85,NL,Europe/Berlin,NewManagerBot,3,3,5,9,14,7,34,3,6,7,4,3,100,7327560,4936,12504600,5336480,15000,15700
NL Club 95,1,66572111-2ff4-451b-9150-8a7f66ca32c7,LadderGrinderBot_95,NL,Europe/Amsterdam,LadderGrinderBot,3,3,15,0,29,1,1,3,3,7,4,2,83,2477158,5478,9696000,7347792,15000,15400
PL Club 86,1,1a741654-624a-4807-9b41-9645185d7c8b,ConservativeBot_86,PL,Europe/Paris,ConservativeBot,3,3,6,14,9,7,49,1,7,7,4,4,88,1362505,5187,6893400,5679584,15000,14280
PL Club 96,1,23205a97-05fe-4e5b-bb68-2f34abd36882,SocialBot_96,PL,Europe/Warsaw,SocialBot,3,3,16,29,0,1,88,3,6,6,4,4,114,6199947,7176,9717600,3661252,15000,13700
PT Club 90,1,9fd8eec7-4860-48c6-9b0f-d3ac317b965f,SocialBot_90,PT,Europe/Warsaw,SocialBot,3,3,10,8,9,13,37,3,3,4,2,4,94,9664493,7541,12519900,2978683,15000,11960
AT Club 7,2,3fe71a77-ecd2-4016-8a30-7b61616f87fb,NewManagerBot_7,AT,Europe/Berlin,NewManagerBot,1,1,7,9,13,8,35,4,3,5,2,1,142,24976577,10161,20501400,5662050,15000,14000
BE Club 9,2,433e9f94-2ea8-4276-bda5-1567aaada803,AggressiveTraderBot_9,BE,Europe/Rome,AggressiveTraderBot,1,1,9,26,0,4,82,3,5,7,3,1,144,21133326,1288,20486400,8036568,22300,22600
CH Club 8,2,a360fffe-4f47-404b-a3ce-1e8521ab5084,ConservativeBot_8,CH,Europe/Paris,ConservativeBot,1,1,8,13,9,8,47,5,5,8,5,1,122,41580060,7447,25110600,4172152,15000,16320
DE Club 1,2,60342169-5b3d-4aef-a3fc-5cde7cb4a190,NewManagerBot_1,DE,Europe/Berlin,NewManagerBot,1,1,1,9,11,10,37,4,7,7,6,1,142,35641812,8974,25118100,5683218,15000,11200
DE Club 11,2,7a7dbd68-0978-4127-9bef-08f32a1d90fe,LadderGrinderBot_11,DE,Europe/Amsterdam,LadderGrinderBot,1,1,11,12,10,8,44,3,6,8,2,2,126,24189842,7994,15883500,4441428,15000,12900
ES Club 14,2,bcb572ec-b227-4b21-87fc-2bc32b09815b,ConservativeBot_14,ES,Europe/Paris,ConservativeBot,1,1,14,2,23,5,11,2,3,9,2,2,106,15158924,10689,11261100,4234264,15000,10800
ES Club 4,2,0970c318-8891-49d6-ac02-b6edad04f998,YouthFocusedBot_4,ES,Europe/Madrid,YouthFocusedBot,1,1,4,26,0,4,82,1,6,5,4,2,137,12724135,1509,11307300,4075371,21700,19700
FR Club 12,2,7eab1a8a-57da-4f2e-aec6-4b1f409934ce,SocialBot_12,FR,Europe/Warsaw,SocialBot,1,1,12,10,12,8,38,4,8,8,6,2,139,33254584,8330,25122600,6351125,15000,13860
FR Club 2,2,105972e2-d768-4707-8113-6fdf60c3daeb,ConservativeBot_2,FR,Europe/Paris,ConservativeBot,1,1,2,11,9,10,43,6,8,8,3,2,118,44702853,6763,29701200,4641091,15000,13860
IT Club 13,2,4317646c-6307-4300-84a5-ea5b873fbfbe,NewManagerBot_13,IT,Europe/Berlin,NewManagerBot,1,1,13,23,2,5,74,5,7,8,2,3,131,43744808,6070,25095300,1933413,15000,15080
IT Club 3,2,456e6fc4-9583-4d82-b452-d4ae350e3db3,AggressiveTraderBot_3,IT,Europe/Rome,AggressiveTraderBot,1,1,3,0,26,4,4,2,5,5,5,2,105,13329632,-139,15922800,6747122,22700,23700
NL Club 15,2,7043d0a7-7c0b-4f62-89e3-e5468cee589e,AggressiveTraderBot_15,NL,Europe/Rome,AggressiveTraderBot,1,1,15,14,6,10,52,4,3,9,1,4,133,24480687,944,20479800,5361133,22100,22300
NL Club 5,2,90c20855-d6a3-4cc7-8e1c-bae8c83e2fe8,LadderGrinderBot_5,NL,Europe/Amsterdam,LadderGrinderBot,1,1,5,0,28,2,2,3,6,6,4,2,106,30717454,9911,20514000,2746733,15000,13000
PL Club 16,2,fbaa9901-0416-4c09-bf29-d0fab0c6c3e2,YouthFocusedBot_16,PL,Europe/Madrid,YouthFocusedBot,1,1,16,6,14,10,28,3,2,6,3,4,120,28941900,221,20507400,3555030,22000,21900
PL Club 6,2,db770079-4c31-418e-9a47-fab14deb99b1,SocialBot_6,PL,Europe/Warsaw,SocialBot,1,1,6,28,0,2,86,5,6,6,2,4,149,37591764,8164,25114200,4679626,15000,13300
PT Club 10,2,8646e00d-cc1a-405a-893f-a7b6e8772589,YouthFocusedBot_10,PT,Europe/Madrid,YouthFocusedBot,1,1,10,0,26,4,4,5,2,8,5,5,106,37958276,390,25123500,4668599,21200,21600
AT Club 17,2,ac0ae0c3-4ed2-4c3f-a536-d98ea02a0b63,LadderGrinderBot_17,AT,Europe/Amsterdam,LadderGrinderBot,2,1,1,10,9,11,41,2,6,7,3,3,126,16268084,6291,12472200,3577346,15000,14700
AT Club 27,2,65f642c8-f5d4-44a3-8c30-3a77f89d7ac6,AggressiveTraderBot_27,AT,Europe/Rome,AggressiveTraderBot,2,1,11,13,13,4,43,5,2,9,1,4,132,25866269,1916,19671900,5156619,21500,21000
BE Club 19,2,bd9174d6-0714-47ce-badc-ede9a0274f98,NewManagerBot_19,BE,Europe/Berlin,NewManagerBot,2,1,3,10,11,9,39,3,6,6,3,3,106,24041315,7697,16092900,4444592,15000,15900
BE Club 29,2,93299a02-7fe5-4512-993f-a82d97300fba,LadderGrinderBot_29,BE,Europe/Amsterdam,LadderGrinderBot,2,1,13,0,25,5,5,3,5,7,5,2,115,12374666,7877,12479400,4281708,15000,14720
CH Club 18,2,9378a293-7e4e-469c-ab5c-d78e5992cc30,SocialBot_18,CH,Europe/Warsaw,SocialBot,2,1,2,9,10,11,38,2,6,6,2,4,106,4349710,7074,8850300,7138560,15000,15100
CH Club 28,2,3afc330a-01a3-4c7e-bc16-9138bb74fa9d,YouthFocusedBot_28,CH,Europe/Madrid,YouthFocusedBot,2,1,12,13,13,4,43,6,4,6,3,2,116,30881423,1136,23306700,6578827,21500,21100
DE Club 21,2,0705089d-244c-4e90-ac5b-b67716cd4df3,AggressiveTraderBot_21,DE,Europe/Rome,AggressiveTraderBot,2,1,5,10,6,14,44,2,5,5,5,3,125,7326972,248,12491400,8273096,22200,22600
DE Club 31,2,b534052b-42a5-4dad-a4c7-978503f663c1,NewManagerBot_31,DE,Europe/Berlin,NewManagerBot,2,1,15,16,10,4,52,5,4,6,5,4,109,29945299,7536,19726800,5186108,15000,14140
ES Club 24,2,c6ba20b0-4256-45a5-93b0-eaad25da20d8,SocialBot_24,ES,Europe/Warsaw,SocialBot,2,1,8,8,9,13,37,5,6,5,1,3,111,32071896,14152,19689900,4669564,15000,11000
FR Club 22,2,185a3c1c-5633-46dd-880a-aac0984882d1,YouthFocusedBot_22,FR,Europe/Madrid,YouthFocusedBot,2,1,6,6,10,14,32,6,2,8,3,1,144,31375057,343,23287800,5993487,21500,22700
FR Club 32,2,33a6c81c-d216-4865-8c41-e849edb3d4c2,ConservativeBot_32,FR,Europe/Paris,ConservativeBot,2,1,16,10,16,4,34,2,5,5,2,3,112,11196619,8355,12471600,5536002,15000,13320
IT Club 23,2,1dd5d330-5033-4d78-9a15-40cf9515cc07,LadderGrinderBot_23,IT,Europe/Amsterdam,LadderGrinderBot,2,1,7,9,8,13,40,2,4,6,5,2,110,13689392,7575,12483900,4655685,15000,13740
NL Club 25,2,863fa920-eb66-4f3e-9ecb-23ee5b0a2147,NewManagerBot_25,NL,Europe/Berlin,NewManagerBot,2,1,9,14,5,11,53,1,6,8,5,2,146,8640949,7754,8855100,4747190,15000,12700
PL Club 26,2,5d3c393f-1ca7-47d3-b02a-8030bcdc94e0,ConservativeBot_26,PL,Europe/Paris,ConservativeBot,2,1,10,5,14,11,26,4,4,6,5,4,124,23016045,8895,16093500,4968489,15000,14140
PT Club 20,2,edbe36bf-fd58-4a0d-b72b-68f37df6b422,ConservativeBot_20,PT,Europe/Paris,ConservativeBot,2,1,4,11,10,9,42,3,6,6,2,4,124,18772811,9350,16089300,6055744,15000,12500
PT Club 30,2,dbe26a47-ec47-4643-b078-b42e47d3a6f2,SocialBot_30,PT,Europe/Warsaw,SocialBot,2,1,14,25,0,5,80,4,5,5,4,2,146,21977827,11524,16099500,5927850,15000,11200
AT Club 37,2,f29e975d-d8a4-4a62-bac9-541f0a0eee01,NewManagerBot_37,AT,Europe/Berlin,NewManagerBot,2,2,5,10,10,10,40,2,5,5,4,5,110,8484093,9839,8871000,4623223,15000,11800
AT Club 47,2,02a87f4b-ab4e-4d03-adad-d678d2cd0302,LadderGrinderBot_47,AT,Europe/Amsterdam,LadderGrinderBot,2,2,15,7,15,8,29,4,4,8,3,2,125,16494378,8747,16073400,5991714,15000,12400
BE Club 39,2,5b313a53-4c83-4183-96af-4e8ccc3c50c7,AggressiveTraderBot_39,BE,Europe/Rome,AggressiveTraderBot,2,2,7,11,10,9,42,4,4,8,2,4,112,20564591,1748,19667400,8627717,22000,21900
CH Club 38,2,31941f34-7841-48e8-973c-b0e59838e222,ConservativeBot_38,CH,Europe/Paris,ConservativeBot,2,2,6,10,10,10,40,6,6,10,2,2,124,34355791,10500,23272200,4264165,15000,12400
CH Club 48,2,9b82d563-ce08-4538-b6a6-dd19a3c97e1f,SocialBot_48,CH,Europe/Warsaw,SocialBot,2,2,16,15,7,8,53,2,6,8,2,2,122,11422841,8161,12447600,3440865,15000,13500
DE Club 41,2,a9e0c83a-53da-4ac0-ad7c-4b0e2fa6e163,LadderGrinderBot_41,DE,Europe/Amsterdam,LadderGrinderBot,2,2,9,10,9,11,41,4,5,6,1,5,112,20219254,8594,16081200,4930564,15000,12200
ES Club 34,2,087b9ae0-6fdc-4b3e-81b5-64958689d718,YouthFocusedBot_34,ES,Europe/Madrid,YouthFocusedBot,2,2,2,8,14,8,32,4,5,7,1,2,138,28323146,842,19673400,3780455,21900,22300
ES Club 44,2,e457cf23-a7cb-44b3-bbbd-ab1129f58ec0,ConservativeBot_44,ES,Europe/Paris,ConservativeBot,2,2,12,8,14,8,32,1,3,6,3,4,106,10725575,10562,8862900,2112298,15000,11200
FR Club 42,2,260b1adc-d0aa-49cf-b19c-4409f159460e,SocialBot_42,FR,Europe/Warsaw,SocialBot,2,2,10,9,10,11,38,2,7,8,3,4,126,15535812,10510,12457200,4383499,15000,14080
IT Club 33,2,9f6f161f-95b7-42b7-a258-cbd0543c61a9,AggressiveTraderBot_33,IT,Europe/Rome,AggressiveTraderBot,2,2,1,14,8,8,50,4,4,9,5,4,143,14638822,156,16086600,8365890,22000,22500
IT Club 43,2,2b214729-72c6-4386-a05d-dac6be575cb8,NewManagerBot_43,IT,Europe/Berlin,NewManagerBot,2,2,11,14,8,8,50,4,6,9,6,4,135,28416158,8073,19696800,4041291,15000,12200
NL Club 35,2,87ce9b67-bc5f-4cb2-9656-11581972cd0a,LadderGrinderBot_35,NL,Europe/Amsterdam,LadderGrinderBot,2,2,3,8,11,11,35,4,5,7,3,4,131,31204354,8013,19695000,3049141,15000,13720
NL Club 45,2,f67abc68-4b09-45f1-91ae-bcb6b15c902a,AggressiveTraderBot_45,NL,Europe/Rome,AggressiveTraderBot,2,2,13,6,15,9,27,5,5,7,4,3,144,21720191,257,19706700,6703499,22400,21900
PL Club 36,2,5f83f8c6-af3b-4f93-b480-3977c07226b5,SocialBot_36,PL,Europe/Warsaw,SocialBot,2,2,4,11,8,11,44,3,4,9,3,4,130,18726297,7477,16074900,4341186,15000,14140
PL Club 46,2,359bd3ac-434f-4bf2-a012-cf5d2d9032fc,YouthFocusedBot_46,PL,Europe/Madrid,YouthFocusedBot,2,2,14,15,6,9,54,5,4,9,1,4,127,33310980,-161,23280600,4834983,21600,21900
PT Club 40,2,a9d1c5ae-7500-4899-9ce5-188751e92bc0,YouthFocusedBot_40,PT,Europe/Madrid,YouthFocusedBot,2,2,8,10,11,9,39,5,6,6,3,4,127,34080811,77,23323800,4905919,21700,23300
AT Club 57,2,46b265df-173c-47d2-8e1e-dfe693aabbe0,AggressiveTraderBot_57,AT,Europe/Rome,AggressiveTraderBot,3,1,9,29,0,1,88,3,5,7,5,3,145,11498235,449,12528300,7826284,22400,23100
BE Club 49,2,2c532bab-68f4-4c5a-b143-45b6c8d83211,NewManagerBot_49,BE,Europe/Berlin,NewManagerBot,3,1,1,7,13,10,31,3,7,7,5,3,130,5134990,6973,9705600,5478305,15000,13480
BE Club 59,2,af4fb2d5-fa95-41fb-b8af-a0eb7c4197fb,LadderGrinderBot_59,BE,Europe/Amsterdam,LadderGrinderBot,3,1,11,0,27,3,3,5,6,5,4,5,111,16433483,10257,15347700,4633727,15000,11600
CH Club 58,2,7354403b-add9-4e68-a3ae-80e453c9493b,YouthFocusedBot_58,CH,Europe/Madrid,YouthFocusedBot,3,1,10,0,29,1,1,4,2,5,5,3,114,13507360,1830,12539700,5597303,21900,20400
DE Club 51,2,c6d5d63d-05a8-4ebb-8969-d9270762f9ac,AggressiveTraderBot_51,DE,Europe/Rome,AggressiveTraderBot,3,1,3,11,9,10,43,4,3,5,5,4,142,8746426,118,15348300,9774419,22100,23000
DE Club 61,2,88f1b614-18d5-454f-ab33-76193c96e9c1,NewManagerBot_61,DE,Europe/Berlin,NewManagerBot,3,1,13,10,8,12,42,5,5,5,2,5,145,24607854,5434,18143700,4949707,15000,16920
ES Club 54,2,3ed722fb-ea9c-41e3-9890-64b5f1d065cb,SocialBot_54,ES,Europe/Warsaw,SocialBot,3,1,6,13,9,8,47,4,4,8,5,2,118,17288849,5578,15332400,4665034,15000,13940
ES Club 64,2,dcb92066-7a8e-4464-b2f5-ebd51d22b141,YouthFocusedBot_64,ES,Europe/Madrid,YouthFocusedBot,3,1,16,11,6,13,46,4,2,7,4,2,119,14614241,1242,15323700,6101770,21600,20700
FR Club 52,2,b2fb41be-b58a-4b22-a390-f8e6bd3e1862,YouthFocusedBot_52,FR,Europe/Madrid,YouthFocusedBot,3,1,4,9,11,10,37,2,4,7,4,3,119,10096581,1079,9693000,3700177,21400,21600
FR Club 62,2,825c13ba-7e2b-4973-88d6-4ca4b036764d,ConservativeBot_62,FR,Europe/Paris,ConservativeBot,3,1,14,8,10,12,36,2,8,8,6,5,134,8014224,6548,9710700,3434495,15000,14060
IT Club 53,2,cc36e2b6-1fc0-4d7e-9c3b-0fc18fb1be20,LadderGrinderBot_53,IT,Europe/Amsterdam,LadderGrinderBot,3,1,5,9,13,8,35,5,4,5,2,2,133,21613680,7858,15323100,4693219,15000,15140
IT Club 63,2,9f919296-3581-42e0-a49f-158ddd554818,AggressiveTraderBot_63,IT,Europe/Rome,AggressiveTraderBot,3,1,15,6,11,13,31,4,5,6,2,5,131,12081160,75,12525000,5716420,22400,22300
NL Club 55,2,d88f6c05-bc9f-4f15-a898-8586cf76721d,NewManagerBot_55,NL,Europe/Berlin,NewManagerBot,3,1,7,7,6,17,38,3,5,5,2,2,139,16023428,7436,12511500,4489508,15000,12520
PL Club 56,2,3577bce9-59e5-4412-ab6b-1e1679b4251c,ConservativeBot_56,PL,Europe/Paris,ConservativeBot,3,1,8,6,7,17,35,3,3,8,3,2,146,10138534,9993,9680400,2807144,15000,11000
PT Club 50,2,e59f2d7c-ec78-46f7-8ecb-9e36a7f7d221,ConservativeBot_50,PT,Europe/Paris,ConservativeBot,3,1,2,13,7,10,49,5,4,6,4,5,140,23505616,9588,18164400,5770812,15000,12600
PT Club 60,2,3858852e-63b3-4a7e-b87f-39f1b842af70,SocialBot_60,PT,Europe/Warsaw,SocialBot,3,1,12,27,0,3,84,1,4,8,5,2,146,2549587,7806,6890100,5303023,15000,12600
AT Club 67,2,ee9f963f-858c-46e5-96ab-dc0e12e5628b,NewManagerBot_67,AT,Europe/Berlin,NewManagerBot,3,2,3,14,7,9,51,5,7,10,3,1,113,19860092,9793,15288600,7525434,15000,11000
AT Club 77,2,303dcc52-a238-4f31-a460-2cfc8a3af71f,LadderGrinderBot_77,AT,Europe/Amsterdam,LadderGrinderBot,3,2,13,4,15,11,23,4,5,9,4,4,115,13521097,7759,12514200,7023737,15000,12200
BE Club 69,2,134d33c8-e2dd-4d15-86bc-8222b7392d2d,AggressiveTraderBot_69,BE,Europe/Rome,AggressiveTraderBot,3,2,5,0,27,3,3,5,6,9,3,4,111,15135298,143,15310200,6988581,22500,23800
BE Club 79,2,78197d87-aa04-4f1e-b3fd-52a6eb74d8cd,NewManagerBot_79,BE,Europe/Berlin,NewManagerBot,3,2,15,9,14,7,34,3,7,9,2,1,135,8644248,7931,9672900,4667006,15000,11800
CH Club 68,2,97e0d4a2-4b6e-42f4-9597-e7a030c6d709,ConservativeBot_68,CH,Europe/Paris,ConservativeBot,3,2,4,7,14,9,30,3,4,8,5,5,119,12238088,6293,12534300,5463603,15000,13540
CH Club 78,2,b1b9e616-5acc-4dd8-b611-e55cb44189a2,SocialBot_78,CH,Europe/Warsaw,SocialBot,3,2,14,15,4,11,56,4,4,7,2,5,142,12485461,8922,12505500,5208045,15000,13340
DE Club 71,2,7c458915-8e83-42b8-93c3-9c87ca01f053,LadderGrinderBot_71,DE,Europe/Amsterdam,LadderGrinderBot,3,2,7,9,9,12,39,4,4,9,4,1,148,19973173,4780,15312300,5604166,15000,15140
ES Club 74,2,0f1755f5-458e-4abc-9e65-fb68a876d176,ConservativeBot_74,ES,Europe/Paris,ConservativeBot,3,2,10,11,12,7,40,3,4,6,2,3,147,16329471,8363,12503400,4377898,15000,12740
FR Club 72,2,097bbfea-3583-49a7-8998-464b288da9f6,SocialBot_72,FR,Europe/Warsaw,SocialBot,3,2,8,9,9,12,39,4,8,8,3,5,132,16348051,7430,12505500,3882308,15000,13460
IT Club 73,2,b3813095-e065-4e5d-92cf-24cf68c5c976,NewManagerBot_73,IT,Europe/Berlin,NewManagerBot,3,2,9,12,11,7,43,3,6,6,5,4,141,9298990,9450,9717600,4710119,15000,12200
NL Club 65,2,c17afd47-ce14-4754-9441-36ddb100e92e,LadderGrinderBot_65,NL,Europe/Amsterdam,LadderGrinderBot,3,2,1,12,6,12,48,4,6,7,3,4,131,17142797,6953,12513600,4785992,15000,15500
NL Club 75,2,37e480f2-8818-436e-b65b-9719795f9a20,AggressiveTraderBot_75,NL,Europe/Rome,AggressiveTraderBot,3,2,11,7,10,13,34,6,2,6,5,4,117,17059427,89,18147900,9209250,22600,23600
PL Club 66,2,1ffc700f-df07-4cb3-9160-c002853d225d,SocialBot_66,PL,Europe/Warsaw,SocialBot,3,2,2,6,12,12,30,4,5,7,1,3,127,18790451,9528,15312000,5673657,15000,13720
PL Club 76,2,b23385df-b985-4223-966b-add6e40c4be3,YouthFocusedBot_76,PL,Europe/Madrid,YouthFocusedBot,3,2,12,10,7,13,43,3,6,8,5,1,130,4534855,1653,9689100,5746630,22100,20900
PT Club 70,2,fdeb42be-2d98-4817-947d-eccd1ee9099a,YouthFocusedBot_70,PT,Europe/Madrid,YouthFocusedBot,3,2,6,27,0,3,84,5,6,5,5,1,144,19432913,2031,15334800,4957980,21700,20100
PT Club 80,2,44926543-0b06-49c2-91a1-5fafc287f8a7,ConservativeBot_80,PT,Europe/Paris,ConservativeBot,3,2,16,14,9,7,49,6,4,6,4,3,120,22201239,9876,18150900,6155682,15000,12940
AT Club 87,2,2f971dd6-c49a-485d-a73e-15fac9f7acd5,AggressiveTraderBot_87,AT,Europe/Rome,AggressiveTraderBot,3,3,7,15,7,8,53,5,3,5,3,3,143,18992292,535,15338700,8191767,22300,21900
BE Club 89,2,ede53099-d1e3-440c-9a6e-4495ec33968a,LadderGrinderBot_89,BE,Europe/Amsterdam,LadderGrinderBot,3,3,9,9,10,11,38,3,5,5,1,3,147,9465930,6618,9703800,2848075,15000,16320
CH Club 88,2,a72bb731-f3c7-4261-9ba2-8799e372245b,YouthFocusedBot_88,CH,Europe/Madrid,YouthFocusedBot,3,3,8,7,15,8,29,2,2,6,4,1,132,6093524,1322,9711600,5115602,21700,22100
DE Club 81,2,b9db7abf-c9f8-47b8-94a5-8890b3ba7080,AggressiveTraderBot_81,DE,Europe/Rome,AggressiveTraderBot,3,3,1,8,12,10,34,5,6,5,1,3,120,17606921,909,15319500,5340624,22300,22300
DE Club 91,2,74592459-a7bb-4a79-9434-accb444c9ab0,NewManagerBot_91,DE,Europe/Berlin,NewManagerBot,3,3,11,27,0,3,84,5,5,6,3,4,145,21630542,6107,15328200,5301947,15000,15720
ES Club 84,2,5b65d8a2-6044-457f-826f-6063f988c48b,SocialBot_84,ES,Europe/Warsaw,SocialBot,3,3,4,9,13,8,35,5,3,6,4,1,142,18286565,10174,15334800,5943695,15000,13160
ES Club 94,2,7cc7d05c-edfd-47bb-8f42-12cd8431ba5e,YouthFocusedBot_94,ES,Europe/Madrid,YouthFocusedBot,3,3,14,7,12,11,32,3,6,6,4,4,122,8847674,1488,9712500,5869101,22100,20700
FR Club 82,2,cbc044f2-2f89-425b-96a1-e137bdefe31f,YouthFocusedBot_82,FR,Europe/Madrid,YouthFocusedBot,3,3,2,12,8,10,46,3,4,5,2,1,122,8365664,368,9694800,6181398,21400,22300
FR Club 92,2,2d92d7ee-ce39-4bc5-aa23-2ca1043b3e8d,ConservativeBot_92,FR,Europe/Paris,ConservativeBot,3,3,12,0,27,3,3,3,4,6,3,4,107,10653776,8879,12520500,5532322,15000,14340
IT Club 83,2,de645a93-8bad-4e63-a444-7e0719816b72,LadderGrinderBot_83,IT,Europe/Amsterdam,LadderGrinderBot,3,3,3,13,9,8,47,2,5,9,3,4,127,4063985,7714,6875400,3752371,15000,12720
IT Club 93,2,75078879-532f-4145-bdba-11805f8bce9f,AggressiveTraderBot_93,IT,Europe/Rome,AggressiveTraderBot,3,3,13,12,7,11,47,1,2,8,3,2,146,-389102,850,6873900,7192231,21100,21600
NL Club 85,2,84408bb9-0db2-4086-b1e8-c98e015aaa12,NewManagerBot_85,NL,Europe/Berlin,NewManagerBot,3,3,5,8,5,17,41,3,7,8,5,3,130,12803466,4656,12517200,7041294,15000,15280
NL Club 95,2,66572111-2ff4-451b-9150-8a7f66ca32c7,LadderGrinderBot_95,NL,Europe/Amsterdam,LadderGrinderBot,3,3,15,0,26,4,4,4,4,7,4,2,113,8284139,7538,12512700,6705719,15000,12940
PL Club 86,2,1a741654-624a-4807-9b41-9645185d7c8b,ConservativeBot_86,PL,Europe/Paris,ConservativeBot,3,3,6,5,8,17,32,2,8,8,5,5,118,2808534,6927,6898500,5452471,15000,13260
PL Club 96,2,23205a97-05fe-4e5b-bb68-2f34abd36882,SocialBot_96,PL,Europe/Warsaw,SocialBot,3,3,16,26,0,4,82,3,6,7,4,5,144,13125331,11376,12529200,5603816,15000,10800
PT Club 90,2,9fd8eec7-4860-48c6-9b0f-d3ac317b965f,SocialBot_90,PT,Europe/Warsaw,SocialBot,3,3,10,10,9,11,41,4,4,5,3,4,124,17695455,9201,12528000,4497038,15000,13340
AT Club 7,3,3fe71a77-ecd2-4016-8a30-7b61616f87fb,NewManagerBot_7,AT,Europe/Berlin,NewManagerBot,1,1,7,9,4,17,44,4,4,6,2,2,172,45388502,8221,25108800,4696875,15000,16940
BE Club 9,3,433e9f94-2ea8-4276-bda5-1567aaada803,AggressiveTraderBot_9,BE,Europe/Rome,AggressiveTraderBot,1,1,9,29,0,1,88,4,5,7,3,1,174,34530699,1288,20494500,7097127,22400,22400
CH Club 8,3,a360fffe-4f47-404b-a3ce-1e8521ab5084,ConservativeBot_8,CH,Europe/Paris,ConservativeBot,1,1,8,4,9,17,29,6,6,8,5,1,152,65869093,7947,29718000,5428967,15000,14500
DE Club 1,3,60342169-5b3d-4aef-a3fc-5cde7cb4a190,NewManagerBot_1,DE,Europe/Berlin,NewManagerBot,1,1,1,13,5,12,51,5,8,8,7,2,172,57679189,8314,25126200,3088823,15000,15660
DE Club 11,3,7a7dbd68-0978-4127-9bef-08f32a1d90fe,LadderGrinderBot_11,DE,Europe/Amsterdam,LadderGrinderBot,1,1,11,8,12,10,34,3,7,8,3,2,156,41799908,9514,20483400,2873334,15000,13480
ES Club 14,3,bcb572ec-b227-4b21-87fc-2bc32b09815b,ConservativeBot_14,ES,Europe/Paris,ConservativeBot,1,1,14,3,20,7,16,3,4,9,3,3,136,27879147,11349,15868500,3148277,15000,14340
ES Club 4,3,0970c318-8891-49d6-ac02-b6edad04f998,YouthFocusedBot_4,ES,Europe/Madrid,YouthFocusedBot,1,1,4,29,0,1,88,2,6,6,5,3,167,18398750,-91,11307300,5632685,21800,23400
FR Club 12,3,7eab1a8a-57da-4f2e-aec6-4b1f409934ce,SocialBot_12,FR,Europe/Warsaw,SocialBot,1,1,12,12,8,10,46,5,9,9,6,3,169,54887164,9090,25123200,3490620,15000,14240
FR Club 2,3,105972e2-d768-4707-8113-6fdf60c3daeb,ConservativeBot_2,FR,Europe/Paris,ConservativeBot,1,1,2,5,13,12,27,7,8,8,4,2,148,76178463,11363,34313700,2838090,15000,10400
IT Club 13,3,4317646c-6307-4300-84a5-ea5b873fbfbe,NewManagerBot_13,IT,Europe/Berlin,NewManagerBot,1,1,13,20,3,7,67,6,8,8,2,4,161,68646918,7610,29702700,4800590,15000,13460
IT Club 3,3,456e6fc4-9583-4d82-b452-d4ae350e3db3,AggressiveTraderBot_3,IT,Europe/Rome,AggressiveTraderBot,1,1,3,0,29,1,1,2,5,5,5,2,135,23098077,961,15922800,6154355,22400,21300
NL Club 15,3,7043d0a7-7c0b-4f62-89e3-e5468cee589e,AggressiveTraderBot_15,NL,Europe/Rome,AggressiveTraderBot,1,1,15,12,7,11,47,5,3,10,2,5,163,43872876,1044,25084200,5692011,22400,22300
NL Club 5,3,90c20855-d6a3-4cc7-8e1c-bae8c83e2fe8,LadderGrinderBot_5,NL,Europe/Amsterdam,LadderGrinderBot,1,1,5,0,28,2,2,4,6,7,4,2,136,46153202,11711,20514600,5078852,15000,13200
PL Club 16,3,fbaa9901-0416-4c09-bf29-d0fab0c6c3e2,YouthFocusedBot_16,PL,Europe/Madrid,YouthFocusedBot,1,1,16,7,12,11,32,3,2,7,4,5,150,45304247,1621,20515500,4153153,22400,21000
PL Club 6,3,db770079-4c31-418e-9a47-fab14deb99b1,SocialBot_6,PL,Europe/Warsaw,SocialBot,1,1,6,28,0,2,86,6,7,7,2,4,179,63290311,8084,29722200,4023653,15000,15080
PT Club 10,3,8646e00d-cc1a-405a-893f-a7b6e8772589,YouthFocusedBot_10,PT,Europe/Madrid,YouthFocusedBot,1,1,10,0,29,1,1,5,2,9,5,6,136,63641871,1290,29736000,4052405,21800,20900
AT Club 17,3,ac0ae0c3-4ed2-4c3f-a536-d98ea02a0b63,LadderGrinderBot_17,AT,Europe/Amsterdam,LadderGrinderBot,2,1,1,7,10,13,34,3,6,7,4,3,156,24332413,9891,12464700,4400371,15000,11400
AT Club 27,3,65f642c8-f5d4-44a3-8c30-3a77f89d7ac6,AggressiveTraderBot_27,AT,Europe/Rome,AggressiveTraderBot,2,1,11,10,9,11,41,5,2,9,1,5,162,39904335,16,23277600,9239534,22500,24400
BE Club 19,3,bd9174d6-0714-47ce-badc-ede9a0274f98,NewManagerBot_19,BE,Europe/Berlin,NewManagerBot,2,1,3,12,12,6,42,4,6,6,4,3,136,35708023,10897,16085400,4418692,15000,11800
BE Club 29,3,93299a02-7fe5-4512-993f-a82d97300fba,LadderGrinderBot_29,BE,Europe/Amsterdam,LadderGrinderBot,2,1,13,0,27,3,3,3,6,8,5,3,145,24206635,10177,16089600,4257631,15000,12700
CH Club 18,3,9378a293-7e4e-469c-ab5c-d78e5992cc30,SocialBot_18,CH,Europe/Warsaw,SocialBot,2,1,2,10,7,13,43,3,6,7,2,4,136,11711476,10474,12468600,5106834,15000,11600
CH Club 28,3,3afc330a-01a3-4c7e-bc16-9138bb74fa9d,YouthFocusedBot_28,CH,Europe/Madrid,YouthFocusedBot,2,1,12,9,10,11,38,6,4,6,3,2,146,51675099,1036,26920500,6126824,21900,22000
DE Club 21,3,0705089d-244c-4e90-ac5b-b67716cd4df3,AggressiveTraderBot_21,DE,Europe/Rome,AggressiveTraderBot,2,1,5,9,10,11,38,3,5,5,5,3,155,14502726,1948,12495900,5320146,22400,20700
DE Club 31,3,b534052b-42a5-4dad-a4c7-978503f663c1,NewManagerBot_31,DE,Europe/Berlin,NewManagerBot,2,1,15,9,13,8,35,6,5,7,6,4,139,49242470,8816,23332500,4035329,15000,13720
ES Club 24,3,c6ba20b0-4256-45a5-93b0-eaad25da20d8,SocialBot_24,ES,Europe/Warsaw,SocialBot,2,1,8,9,11,10,37,5,6,5,1,3,141,52563947,17952,23303100,2811049,15000,11200
FR Club 22,3,185a3c1c-5633-46dd-880a-aac0984882d1,YouthFocusedBot_22,FR,Europe/Madrid,YouthFocusedBot,2,1,6,10,9,11,41,7,2,8,3,1,174,52775146,1043,26901000,5500911,21500,20800
FR Club 32,3,33a6c81c-d216-4865-8c41-e849edb3d4c2,ConservativeBot_32,FR,Europe/Paris,ConservativeBot,2,1,16,13,9,8,47,3,5,5,3,3,142,18236276,10555,12471600,5431943,15000,12800
IT Club 23,3,1dd5d330-5033-4d78-9a15-40cf9515cc07,LadderGrinderBot_23,IT,Europe/Amsterdam,LadderGrinderBot,2,1,7,11,9,10,43,3,5,7,5,2,140,20248349,7455,12483900,5924943,15000,15120
NL Club 25,3,863fa920-eb66-4f3e-9ecb-23ee5b0a2147,NewManagerBot_25,NL,Europe/Berlin,NewManagerBot,2,1,9,9,9,12,39,2,6,9,5,2,176,12598894,11954,8855700,4897755,15000,10800
PL Club 26,3,5d3c393f-1ca7-47d3-b02a-8030bcdc94e0,ConservativeBot_26,PL,Europe/Paris,ConservativeBot,2,1,10,9,9,12,39,4,4,6,5,4,154,38948590,12295,19719300,3786755,15000,11600
PT Club 20,3,edbe36bf-fd58-4a0d-b72b-68f37df6b422,ConservativeBot_20,PT,Europe/Paris,ConservativeBot,2,1,4,12,12,6,42,4,6,6,2,5,154,31098770,13750,16081800,3755841,15000,10600
PT Club 30,3,dbe26a47-ec47-4643-b078-b42e47d3a6f2,SocialBot_30,PT,Europe/Warsaw,SocialBot,2,1,14,27,0,3,84,5,5,5,4,2,176,36162543,15324,19709700,5524984,15000,11200
AT Club 37,3,f29e975d-d8a4-4a62-bac9-541f0a0eee01,NewManagerBot_37,AT,Europe/Berlin,NewManagerBot,2,2,5,12,12,6,42,2,5,5,4,5,140,15849135,11639,12496800,5131758,15000,13200
AT Club 47,3,02a87f4b-ab4e-4d03-adad-d678d2cd0302,LadderGrinderBot_47,AT,Europe/Amsterdam,LadderGrinderBot,2,2,15,10,10,10,40,4,5,8,3,2,155,31670402,8027,19679100,4503076,15000,15720
BE Club 39,3,5b313a53-4c83-4183-96af-4e8ccc3c50c7,AggressiveTraderBot_39,BE,Europe/Rome,AggressiveTraderBot,2,2,7,15,8,7,52,4,4,9,2,5,142,31510945,548,19680000,8733646,22200,23400
CH Club 38,3,31941f34-7841-48e8-973c-b0e59838e222,ConservativeBot_38,CH,Europe/Paris,ConservativeBot,2,2,6,12,12,6,42,7,7,11,2,3,154,56340934,10820,26882400,4897257,15000,14680
CH Club 48,3,9b82d563-ce08-4538-b6a6-dd19a3c97e1f,SocialBot_48,CH,Europe/Warsaw,SocialBot,2,2,16,10,10,10,40,2,7,9,3,2,152,18874954,8881,12444600,4992487,15000,14280
DE Club 41,3,a9e0c83a-53da-4ac0-ad7c-4b0e2fa6e163,LadderGrinderBot_41,DE,Europe/Amsterdam,LadderGrinderBot,2,2,9,6,9,15,33,4,6,7,1,5,142,35168009,8294,19691400,4742645,15000,15300
ES Club 34,3,087b9ae0-6fdc-4b3e-81b5-64958689d718,YouthFocusedBot_34,ES,Europe/Madrid,YouthFocusedBot,2,2,2,11,9,10,43,5,5,7,2,2,168,43923977,342,19670400,4069569,21400,21900
ES Club 44,3,e457cf23-a7cb-44b3-bbbd-ab1129f58ec0,ConservativeBot_44,ES,Europe/Paris,ConservativeBot,2,2,12,2,20,8,14,2,4,6,4,4,136,14406092,11222,8863500,5182983,15000,14340
FR Club 42,3,260b1adc-d0aa-49cf-b19c-4409f159460e,SocialBot_42,FR,Europe/Warsaw,SocialBot,2,2,10,9,6,15,42,2,8,8,3,5,156,22768648,11450,12461700,5228864,15000,14060
IT Club 33,3,9f6f161f-95b7-42b7-a258-cbd0543c61a9,AggressiveTraderBot_33,IT,Europe/Rome,AggressiveTraderBot,2,2,1,9,11,10,37,5,4,10,6,4,173,29972521,356,19696800,4363101,22100,21900
IT Club 43,3,2b214729-72c6-4386-a05d-dac6be575cb8,NewManagerBot_43,IT,Europe/Berlin,NewManagerBot,2,2,11,20,2,8,68,4,6,9,6,4,165,41663692,10073,19704900,6457366,15000,13000
NL Club 35,3,87ce9b67-bc5f-4cb2-9656-11581972cd0a,LadderGrinderBot_35,NL,Europe/Amsterdam,LadderGrinderBot,2,2,3,13,7,10,49,4,6,7,3,4,161,46527822,8513,19695600,4372132,15000,14500
NL Club 45,3,f67abc68-4b09-45f1-91ae-bcb6b15c902a,AggressiveTraderBot_45,NL,Europe/Rome,AggressiveTraderBot,2,2,13,10,7,13,43,6,5,8,5,3,174,37344816,57,23312400,7687775,22100,22300
PL Club 36,3,5f83f8c6-af3b-4f93-b480-3977c07226b5,SocialBot_36,PL,Europe/Warsaw,SocialBot,2,2,4,7,13,10,31,4,4,10,3,4,160,30372303,10477,16067400,4421394,15000,12000
PL Club 46,3,359bd3ac-434f-4bf2-a012-cf5d2d9032fc,YouthFocusedBot_46,PL,Europe/Madrid,YouthFocusedBot,2,2,14,7,10,13,34,5,4,9,2,5,157,51508156,439,23277600,5080424,21900,21300
PT Club 40,3,a9d1c5ae-7500-4899-9ce5-188751e92bc0,YouthFocusedBot_40,PT,Europe/Madrid,YouthFocusedBot,2,2,8,8,15,7,31,6,6,7,4,4,157,51195596,277,23316300,6201515,22000,21800
AT Club 57,3,46b265df-173c-47d2-8e1e-dfe693aabbe0,AggressiveTraderBot_57,AT,Europe/Rome,AggressiveTraderBot,3,1,9,26,0,4,82,4,5,8,6,3,175,16436530,249,12525300,7587005,22500,22700
BE Club 49,3,2c532bab-68f4-4c5a-b143-45b6c8d83211,NewManagerBot_49,BE,Europe/Berlin,NewManagerBot,3,1,1,11,9,10,43,4,7,7,5,3,160,13158817,10573,12525300,4501473,15000,11400
BE Club 59,3,af4fb2d5-fa95-41fb-b8af-a0eb7c4197fb,LadderGrinderBot_59,BE,Europe/Amsterdam,LadderGrinderBot,3,1,11,0,27,3,3,5,6,5,4,5,141,29441949,11457,18164400,5155934,15000,13800
CH Club 58,3,7354403b-add9-4e68-a3ae-80e453c9493b,YouthFocusedBot_58,CH,Europe/Madrid,YouthFocusedBot,3,1,10,0,26,4,4,5,2,6,5,3,144,22127088,1530,15351900,6732172,21700,22000
DE Club 51,3,c6d5d63d-05a8-4ebb-8969-d9270762f9ac,AggressiveTraderBot_51,DE,Europe/Rome,AggressiveTraderBot,3,1,3,13,10,7,46,5,3,6,6,4,172,18296901,118,15356400,5805925,22200,22200
DE Club 61,3,88f1b614-18d5-454f-ab33-76193c96e9c1,NewManagerBot_61,DE,Europe/Berlin,NewManagerBot,3,1,13,9,9,12,39,5,5,6,3,6,175,35474919,9034,18148200,7281135,15000,11400
ES Club 54,3,3ed722fb-ea9c-41e3-9890-64b5f1d065cb,SocialBot_54,ES,Europe/Warsaw,SocialBot,3,1,6,11,11,8,41,5,5,9,5,2,148,28651585,5858,15324900,3962164,15000,14720
ES Club 64,3,dcb92066-7a8e-4464-b2f5-ebd51d22b141,YouthFocusedBot_64,ES,Europe/Madrid,YouthFocusedBot,3,1,16,6,13,11,29,5,2,8,4,2,149,22351772,1742,15324300,7586769,21600,21100
FR Club 52,3,b2fb41be-b58a-4b22-a390-f8e6bd3e1862,YouthFocusedBot_52,FR,Europe/Madrid,YouthFocusedBot,3,1,4,10,13,7,37,2,4,7,4,3,149,15016836,1279,9705600,4785345,21800,21600
FR Club 62,3,825c13ba-7e2b-4973-88d6-4ca4b036764d,ConservativeBot_62,FR,Europe/Paris,ConservativeBot,3,1,14,9,9,12,39,3,8,8,7,5,164,10921671,10548,9723300,6815853,15000,11000
IT Club 53,3,cc36e2b6-1fc0-4d7e-9c3b-0fc18fb1be20,LadderGrinderBot_53,IT,Europe/Amsterdam,LadderGrinderBot,3,1,5,11,11,8,41,5,5,6,2,2,163,36397786,8338,18134700,3350594,15000,14520
IT Club 63,3,9f919296-3581-42e0-a49f-158ddd554818,AggressiveTraderBot_63,IT,Europe/Rome,AggressiveTraderBot,3,1,15,13,6,11,50,4,5,7,3,5,161,17874881,1075,15329100,9535379,22100,21100
NL Club 55,3,d88f6c05-bc9f-4f15-a898-8586cf76721d,NewManagerBot_55,NL,Europe/Berlin,NewManagerBot,3,1,7,11,8,11,44,4,5,5,3,3,169,22677875,10236,12511500,5857053,15000,12200
PL Club 56,3,3577bce9-59e5-4412-ab6b-1e1679b4251c,ConservativeBot_56,PL,Europe/Paris,ConservativeBot,3,1,8,8,11,11,35,4,4,9,4,2,176,19886234,11253,12497100,2749400,15000,13740
PT Club 50,3,e59f2d7c-ec78-46f7-8ecb-9e36a7f7d221,ConservativeBot_50,PT,Europe/Paris,ConservativeBot,3,1,2,9,11,10,37,6,5,7,4,5,170,33597243,9468,18156900,8065273,15000,15120
PT Club 60,3,3858852e-63b3-4a7e-b87f-39f1b842af70,SocialBot_60,PT,Europe/Warsaw,SocialBot,3,1,12,27,0,3,84,2,5,8,5,2,176,5556550,7486,6890100,3883137,15000,15320
AT Club 67,3,ee9f963f-858c-46e5-96ab-dc0e12e5628b,NewManagerBot_67,AT,Europe/Berlin,NewManagerBot,3,2,3,14,9,7,49,6,8,11,3,2,143,33187869,7733,18100800,4773023,15000,17060
AT Club 77,3,303dcc52-a238-4f31-a460-2cfc8a3af71f,LadderGrinderBot_77,AT,Europe/Amsterdam,LadderGrinderBot,3,2,13,5,13,12,27,5,6,10,5,5,145,22506712,8659,15318300,6332685,15000,14100
BE Club 69,3,134d33c8-e2dd-4d15-86bc-8222b7392d2d,AggressiveTraderBot_69,BE,Europe/Rome,AggressiveTraderBot,3,2,5,0,26,4,4,5,6,10,3,4,141,28838965,1143,18121800,4418133,22000,21000
BE Club 79,3,78197d87-aa04-4f1e-b3fd-52a6eb74d8cd,NewManagerBot_79,BE,Europe/Berlin,NewManagerBot,3,2,15,8,6,16,40,4,8,9,2,2,165,14995509,9871,12477000,6125739,15000,13060
CH Club 68,3,97e0d4a2-4b6e-42f4-9597-e7a030c6d709,ConservativeBot_68,CH,Europe/Paris,ConservativeBot,3,2,4,9,14,7,34,3,5,9,6,5,149,19203497,8373,12526800,5561391,15000,12920
CH Club 78,3,b1b9e616-5acc-4dd8-b611-e55cb44189a2,SocialBot_78,CH,Europe/Warsaw,SocialBot,3,2,14,13,5,12,51,5,5,7,2,6,172,22819429,9802,15321600,4987632,15000,14120
DE Club 71,3,7c458915-8e83-42b8-93c3-9c87ca01f053,LadderGrinderBot_71,DE,Europe/Amsterdam,LadderGrinderBot,3,2,7,9,13,8,35,4,5,10,5,1,178,29241462,6060,15304800,6036511,15000,13720
ES Club 74,3,0f1755f5-458e-4abc-9e65-fb68a876d176,ConservativeBot_74,ES,Europe/Paris,ConservativeBot,3,2,10,9,9,12,39,4,5,6,2,4,177,21782666,10243,12508500,7055305,15000,13120
FR Club 72,3,097bbfea-3583-49a7-8998-464b288da9f6,SocialBot_72,FR,Europe/Warsaw,SocialBot,3,2,8,13,9,8,47,5,9,9,4,5,162,25987820,7790,15322200,5682431,15000,14640
IT Club 73,3,b3813095-e065-4e5d-92cf-24cf68c5c976,NewManagerBot_73,IT,Europe/Berlin,NewManagerBot,3,2,9,9,9,12,39,3,7,7,5,5,171,18614612,9570,12537300,3221678,15000,14880
NL Club 65,3,c17afd47-ce14-4754-9441-36ddb100e92e,LadderGrinderBot_65,NL,Europe/Amsterdam,LadderGrinderBot,3,2,1,13,9,8,47,5,7,7,4,5,161,27304811,8673,15325200,5163186,15000,13280
NL Club 75,3,37e480f2-8818-436e-b65b-9719795f9a20,AggressiveTraderBot_75,NL,Europe/Rome,AggressiveTraderBot,3,2,11,9,11,10,37,6,2,7,6,4,147,31237077,989,20972100,6794450,22200,21300
PL Club 66,3,1ffc700f-df07-4cb3-9160-c002853d225d,SocialBot_66,PL,Europe/Warsaw,SocialBot,3,2,2,9,13,8,35,5,6,7,2,3,157,29728554,10228,15304500,4366397,15000,14300
PL Club 76,3,b23385df-b985-4223-966b-add6e40c4be3,YouthFocusedBot_76,PL,Europe/Madrid,YouthFocusedBot,3,2,12,11,9,10,43,3,6,8,5,1,160,13261806,853,12508800,3781849,21600,22400
PT Club 70,3,fdeb42be-2d98-4817-947d-eccd1ee9099a,YouthFocusedBot_70,PT,Europe/Madrid,YouthFocusedBot,3,2,6,26,0,4,82,5,6,6,5,1,174,33251751,1031,18154500,4335662,21800,22800
PT Club 80,3,44926543-0b06-49c2-91a1-5fafc287f8a7,ConservativeBot_80,PT,Europe/Paris,ConservativeBot,3,2,16,6,8,16,34,7,5,7,5,3,150,36625542,11156,20959500,6535197,15000,13720
AT Club 87,3,2f971dd6-c49a-485d-a73e-15fac9f7acd5,AggressiveTraderBot_87,AT,Europe/Rome,AggressiveTraderBot,3,3,7,9,7,14,41,5,3,5,4,4,173,31045508,335,18147300,6094084,22100,22300
BE Club 89,3,ede53099-d1e3-440c-9a6e-4495ec33968a,LadderGrinderBot_89,BE,Europe/Amsterdam,LadderGrinderBot,3,3,9,11,5,14,47,4,5,5,1,3,177,16792843,11018,12507900,5180987,15000,10600
CH Club 88,3,a72bb731-f3c7-4261-9ba2-8799e372245b,YouthFocusedBot_88,CH,Europe/Madrid,YouthFocusedBot,3,3,8,7,9,14,35,3,2,7,4,1,162,11493658,522,9704100,4303966,21900,22700
DE Club 81,3,b9db7abf-c9f8-47b8-94a5-8890b3ba7080,AggressiveTraderBot_81,DE,Europe/Rome,AggressiveTraderBot,3,3,1,11,8,11,44,5,6,6,2,3,150,30151175,209,18131100,5586846,22300,23000
DE Club 91,3,74592459-a7bb-4a79-9434-accb444c9ab0,NewManagerBot_91,DE,Europe/Berlin,NewManagerBot,3,3,11,29,0,1,88,6,6,6,4,5,175,34219485,7207,18144300,5555357,15000,13900
ES Club 84,3,5b65d8a2-6044-457f-826f-6063f988c48b,SocialBot_84,ES,Europe/Warsaw,SocialBot,3,3,4,9,9,12,39,6,4,7,5,1,172,31060584,12034,18138900,5364881,15000,13140
ES Club 94,3,7cc7d05c-edfd-47bb-8f42-12cd8431ba5e,YouthFocusedBot_94,ES,Europe/Madrid,YouthFocusedBot,3,3,14,8,11,11,35,3,6,6,4,5,152,17753083,2088,12529200,3623791,21500,20900
FR Club 82,3,cbc044f2-2f89-425b-96a1-e137bdefe31f,YouthFocusedBot_82,FR,Europe/Madrid,YouthFocusedBot,3,3,2,8,11,11,35,4,4,6,2,1,152,15545555,1468,12507000,5327109,21400,20300
FR Club 92,3,2d92d7ee-ce39-4bc5-aa23-2ca1043b3e8d,ConservativeBot_92,FR,Europe/Paris,ConservativeBot,3,3,12,0,29,1,1,4,5,6,4,5,137,17272732,9159,12521100,5902144,15000,14720
IT Club 83,3,de645a93-8bad-4e63-a444-7e0719816b72,LadderGrinderBot_83,IT,Europe/Amsterdam,LadderGrinderBot,3,3,3,9,9,12,39,3,6,10,3,5,157,7390121,7414,9687000,6360864,15000,15300
IT Club 93,3,75078879-532f-4145-bdba-11805f8bce9f,AggressiveTraderBot_93,IT,Europe/Rome,AggressiveTraderBot,3,3,13,11,8,11,44,1,2,9,3,3,176,111706,650,6873900,6373092,21700,21900
NL Club 85,3,84408bb9-0db2-4086-b1e8-c98e015aaa12,NewManagerBot_85,NL,Europe/Berlin,NewManagerBot,3,3,5,11,10,9,42,4,8,9,6,4,160,20383728,5396,12517800,4937538,15000,14260
NL Club 95,3,66572111-2ff4-451b-9150-8a7f66ca32c7,LadderGrinderBot_95,NL,Europe/Amsterdam,LadderGrinderBot,3,3,15,0,28,2,2,5,4,7,5,2,143,18262409,10538,15324300,5346030,15000,12000
PL Club 86,3,1a741654-624a-4807-9b41-9645185d7c8b,ConservativeBot_86,PL,Europe/Paris,ConservativeBot,3,3,6,10,11,9,39,3,8,8,6,5,148,7906639,10127,9715200,4617095,15000,11800
PL Club 96,3,23205a97-05fe-4e5b-bb68-2f34abd36882,SocialBot_96,PL,Europe/Warsaw,SocialBot,3,3,16,28,0,2,86,3,6,7,4,6,174,20262423,16176,12526200,5389108,15000,10200
PT Club 90,3,9fd8eec7-4860-48c6-9b0f-d3ac317b965f,SocialBot_90,PT,Europe/Warsaw,SocialBot,3,3,10,5,11,14,29,5,5,5,4,5,154,29185757,11081,15340200,3849898,15000,13120
AT Club 7,4,3fe71a77-ecd2-4016-8a30-7b61616f87fb,NewManagerBot_7,AT,Europe/Berlin,NewManagerBot,1,1,7,7,13,10,31,4,5,6,2,3,202,65839574,9101,25105800,4654728,15000,14120
BE Club 9,4,433e9f94-2ea8-4276-bda5-1567aaada803,AggressiveTraderBot_9,BE,Europe/Rome,AggressiveTraderBot,1,1,9,27,0,3,84,5,5,8,3,1,204,54182098,888,25101900,5450501,21700,22100
CH Club 8,4,a360fffe-4f47-404b-a3ce-1e8521ab5084,ConservativeBot_8,CH,Europe/Paris,ConservativeBot,1,1,8,13,7,10,49,6,6,8,6,1,182,92927222,11947,34325400,7267271,15000,11000
DE Club 1,4,60342169-5b3d-4aef-a3fc-5cde7cb4a190,NewManagerBot_1,DE,Europe/Berlin,NewManagerBot,1,1,1,9,7,14,41,5,9,9,8,2,202,84804125,7074,29738700,2613764,15000,16240
DE Club 11,4,7a7dbd68-0978-4127-9bef-08f32a1d90fe,LadderGrinderBot_11,DE,Europe/Amsterdam,LadderGrinderBot,1,1,11,10,11,9,39,4,7,8,4,2,186,56789481,12714,20491500,5501927,15000,11800
ES Club 14,4,bcb572ec-b227-4b21-87fc-2bc32b09815b,ConservativeBot_14,ES,Europe/Paris,ConservativeBot,1,1,14,3,20,7,16,4,5,9,4,4,166,44756859,12429,20488500,3610788,15000,13920
ES Club 4,4,0970c318-8891-49d6-ac02-b6edad04f998,YouthFocusedBot_4,ES,Europe/Madrid,YouthFocusedBot,1,1,4,26,0,4,82,2,6,7,6,4,197,25851844,209,15919800,8466706,21400,21100
FR Club 12,4,7eab1a8a-57da-4f2e-aec6-4b1f409934ce,SocialBot_12,FR,Europe/Warsaw,SocialBot,1,1,12,11,10,9,42,6,9,9,6,3,199,81393911,11490,29727600,3220853,15000,12600
FR Club 2,4,105972e2-d768-4707-8113-6fdf60c3daeb,ConservativeBot_2,FR,Europe/Paris,ConservativeBot,1,1,2,7,9,14,35,7,8,9,4,3,178,108558476,13963,38929200,6549187,15000,12400
IT Club 13,4,4317646c-6307-4300-84a5-ea5b873fbfbe,NewManagerBot_13,IT,Europe/Berlin,NewManagerBot,1,1,13,20,3,7,67,7,8,9,3,4,191,98218594,10810,34314600,4742924,15000,11800
IT Club 3,4,456e6fc4-9583-4d82-b452-d4ae350e3db3,AggressiveTraderBot_3,IT,Europe/Rome,AggressiveTraderBot,1,1,3,0,26,4,4,2,5,6,6,2,165,32113076,1461,15922800,6907801,22100,21600
NL Club 15,4,7043d0a7-7c0b-4f62-89e3-e5468cee589e,AggressiveTraderBot_15,NL,Europe/Rome,AggressiveTraderBot,1,1,15,11,11,8,41,6,3,11,2,6,193,66655247,544,29696700,6914329,22200,22700
NL Club 5,4,90c20855-d6a3-4cc7-8e1c-bae8c83e2fe8,LadderGrinderBot_5,NL,Europe/Amsterdam,LadderGrinderBot,1,1,5,0,29,1,1,5,7,7,4,3,166,64424739,11231,25114500,6842963,15000,15480
PL Club 16,4,fbaa9901-0416-4c09-bf29-d0fab0c6c3e2,YouthFocusedBot_16,PL,Europe/Madrid,YouthFocusedBot,1,1,16,11,11,8,41,3,2,8,5,5,180,63463458,221,20520600,2361389,21900,23300
PL Club 6,4,db770079-4c31-418e-9a47-fab14deb99b1,SocialBot_6,PL,Europe/Warsaw,SocialBot,1,1,6,29,0,1,88,7,7,8,3,4,209,94453354,12284,34322100,3159057,15000,10800
PT Club 10,4,8646e00d-cc1a-405a-893f-a7b6e8772589,YouthFocusedBot_10,PT,Europe/Madrid,YouthFocusedBot,1,1,10,0,27,3,3,5,2,10,5,7,166,88382877,1290,29733000,4991994,21800,21800
AT Club 17,4,ac0ae0c3-4ed2-4c3f-a536-d98ea02a0b63,LadderGrinderBot_17,AT,Europe/Amsterdam,LadderGrinderBot,2,1,1,8,12,10,34,3,7,8,5,3,186,32756037,10411,16086000,7662376,15000,14480
AT Club 27,4,65f642c8-f5d4-44a3-8c30-3a77f89d7ac6,AggressiveTraderBot_27,AT,Europe/Rome,AggressiveTraderBot,2,1,11,11,9,10,43,6,2,9,2,5,192,56824808,-84,23282100,6361627,22100,22200
BE Club 19,4,bd9174d6-0714-47ce-badc-ede9a0274f98,NewManagerBot_19,BE,Europe/Berlin,NewManagerBot,2,1,3,15,9,6,51,5,6,6,4,4,166,50981805,13297,19706700,4432918,15000,12600
BE Club 29,4,93299a02-7fe5-4512-993f-a82d97300fba,LadderGrinderBot_29,BE,Europe/Amsterdam,LadderGrinderBot,2,1,13,0,29,1,1,3,6,8,6,3,175,36782671,11577,16086600,3510564,15000,13600
CH Club 18,4,9378a293-7e4e-469c-ab5c-d78e5992cc30,SocialBot_18,CH,Europe/Warsaw,SocialBot,2,1,2,12,8,10,46,4,7,7,3,4,166,23789141,10994,16074300,3996635,15000,14480
CH Club 28,4,3afc330a-01a3-4c7e-bc16-9138bb74fa9d,YouthFocusedBot_28,CH,Europe/Madrid,YouthFocusedBot,2,1,12,9,11,10,37,7,4,7,4,2,176,74182596,-64,26920500,4413003,22100,23200
DE Club 21,4,0705089d-244c-4e90-ac5b-b67716cd4df3,AggressiveTraderBot_21,DE,Europe/Rome,AggressiveTraderBot,2,1,5,7,11,12,33,3,5,5,5,4,185,22651451,1048,16109100,7960375,22200,23100
DE Club 31,4,b534052b-42a5-4dad-a4c7-978503f663c1,NewManagerBot_31,DE,Europe/Berlin,NewManagerBot,2,1,15,7,13,10,31,6,5,7,6,5,169,69127587,10416,26946300,7061183,15000,13400
ES Club 24,4,c6ba20b0-4256-45a5-93b0-eaad25da20d8,SocialBot_24,ES,Europe/Warsaw,SocialBot,2,1,8,10,9,11,41,5,6,6,2,4,171,72694460,22552,23303100,3172587,15000,10400
FR Club 22,4,185a3c1c-5633-46dd-880a-aac0984882d1,YouthFocusedBot_22,FR,Europe/Madrid,YouthFocusedBot,2,1,6,11,7,12,45,8,2,8,3,1,204,77962157,43,30514200,5327189,21400,22400
FR Club 32,4,33a6c81c-d216-4865-8c41-e849edb3d4c2,ConservativeBot_32,FR,Europe/Paris,ConservativeBot,2,1,16,13,7,10,49,4,5,6,3,3,172,28440223,13155,16092900,5888953,15000,12400
IT Club 23,4,1dd5d330-5033-4d78-9a15-40cf9515cc07,LadderGrinderBot_23,IT,Europe/Amsterdam,LadderGrinderBot,2,1,7,9,10,11,38,4,5,7,5,3,170,32709141,9655,16089600,3628808,15000,12800
NL Club 25,4,863fa920-eb66-4f3e-9ecb-23ee5b0a2147,NewManagerBot_25,NL,Europe/Berlin,NewManagerBot,2,1,9,12,9,9,45,2,7,10,5,2,206,20552484,10474,12461400,4507810,15000,16480
PL Club 26,4,5d3c393f-1ca7-47d3-b02a-8030bcdc94e0,ConservativeBot_26,PL,Europe/Paris,ConservativeBot,2,1,10,9,12,9,36,4,5,6,6,4,184,53517705,13175,19719300,5150185,15000,14120
PT Club 20,4,edbe36bf-fd58-4a0d-b72b-68f37df6b422,ConservativeBot_20,PT,Europe/Paris,ConservativeBot,2,1,4,9,15,6,33,4,7,7,2,5,184,45358708,12470,19699500,5439562,15000,16280
PT Club 30,4,dbe26a47-ec47-4643-b078-b42e47d3a6f2,SocialBot_30,PT,Europe/Warsaw,SocialBot,2,1,14,29,0,1,88,5,6,6,4,2,206,52115788,16824,23322900,7369655,15000,13500
AT Club 37,4,f29e975d-d8a4-4a62-bac9-541f0a0eee01,NewManagerBot_37,AT,Europe/Berlin,NewManagerBot,2,2,5,13,10,7,46,2,5,5,5,5,170,24088878,12039,12496800,4257057,15000,14600
AT Club 47,4,02a87f4b-ab4e-4d03-adad-d678d2cd0302,LadderGrinderBot_47,AT,Europe/Amsterdam,LadderGrinderBot,2,2,15,8,13,9,33,5,6,9,4,2,185,46413139,9127,19679100,4936363,15000,13900
BE Club 39,4,5b313a53-4c83-4183-96af-4e8ccc3c50c7,AggressiveTraderBot_39,BE,Europe/Rome,AggressiveTraderBot,2,2,7,10,10,10,40,4,4,9,2,5,172,42924017,1148,19677000,8263928,22500,21900
CH Club 38,4,31941f34-7841-48e8-973c-b0e59838e222,ConservativeBot_38,CH,Europe/Paris,ConservativeBot,2,2,6,10,13,7,37,7,8,12,2,3,184,82430796,10760,30492600,4402738,15000,15060
CH Club 48,4,9b82d563-ce08-4538-b6a6-dd19a3c97e1f,SocialBot_48,CH,Europe/Warsaw,SocialBot,2,2,16,13,8,9,48,2,7,10,4,2,182,26288388,11281,12445200,5031766,15000,12600
DE Club 41,4,a9e0c83a-53da-4ac0-ad7c-4b0e2fa6e163,LadderGrinderBot_41,DE,Europe/Amsterdam,LadderGrinderBot,2,2,9,13,11,6,45,4,7,8,2,6,172,49671715,8814,19683900,5180194,15000,14480
ES Club 34,4,087b9ae0-6fdc-4b3e-81b5-64958689d718,YouthFocusedBot_34,ES,Europe/Madrid,YouthFocusedBot,2,2,2,10,11,9,39,5,5,8,3,2,198,59817597,1042,23291700,7398080,21900,21200
ES Club 44,4,e457cf23-a7cb-44b3-bbbd-ab1129f58ec0,ConservativeBot_44,ES,Europe/Paris,ConservativeBot,2,2,12,4,23,3,15,2,5,6,4,4,166,22250952,12902,12484800,4639940,15000,13320
FR Club 42,4,260b1adc-d0aa-49cf-b19c-4409f159460e,SocialBot_42,FR,Europe/Warsaw,SocialBot,2,2,10,11,13,6,39,3,8,8,4,6,186,30586099,15450,12466200,4648749,15000,11000
IT Club 33,4,9f6f161f-95b7-42b7-a258-cbd0543c61a9,AggressiveTraderBot_33,IT,Europe/Rome,AggressiveTraderBot,2,2,1,11,10,9,42,6,4,11,7,4,203,45471713,1256,23310600,7811408,22100,21200
IT Club 43,4,2b214729-72c6-4386-a05d-dac6be575cb8,NewManagerBot_43,IT,Europe/Berlin,NewManagerBot,2,2,11,23,4,3,72,5,7,10,6,4,195,55360345,11393,19704900,6008247,15000,13680
NL Club 35,4,87ce9b67-bc5f-4cb2-9656-11581972cd0a,LadderGrinderBot_35,NL,Europe/Amsterdam,LadderGrinderBot,2,2,3,10,10,10,40,5,6,7,3,4,191,62625322,11913,19695600,3598100,15000,11600
NL Club 45,4,f67abc68-4b09-45f1-91ae-bcb6b15c902a,AggressiveTraderBot_45,NL,Europe/Rome,AggressiveTraderBot,2,2,13,9,12,9,36,7,5,9,6,4,204,58954608,257,26926200,5316408,22200,22000
PL Club 36,4,5f83f8c6-af3b-4f93-b480-3977c07226b5,SocialBot_36,PL,Europe/Warsaw,SocialBot,2,2,4,10,10,10,40,4,5,10,4,5,190,43934810,12157,19673100,6110593,15000,13320
PL Club 46,4,359bd3ac-434f-4bf2-a012-cf5d2d9032fc,YouthFocusedBot_46,PL,Europe/Madrid,YouthFocusedBot,2,2,14,12,9,9,45,5,4,10,3,5,187,69806976,439,23290200,4991380,21400,21400
PT Club 40,4,a9d1c5ae-7500-4899-9ce5-188751e92bc0,YouthFocusedBot_40,PT,Europe/Madrid,YouthFocusedBot,2,2,8,10,10,10,40,6,6,8,5,4,187,72055140,277,26930100,6070556,21400,21400
AT Club 57,4,46b265df-173c-47d2-8e1e-dfe693aabbe0,AggressiveTraderBot_57,AT,Europe/Rome,AggressiveTraderBot,3,1,9,26,0,4,82,5,5,9,7,3,205,24363357,949,15337500,7410673,22200,21500
BE Club 49,4,2c532bab-68f4-4c5a-b143-45b6c8d83211,NewManagerBot_49,BE,Europe/Berlin,NewManagerBot,3,1,1,11,9,10,43,5,7,8,5,4,190,25039377,13373,15336900,3456340,15000,12200
BE Club 59,4,af4fb2d5-fa95-41fb-b8af-a0eb7c4197fb,LadderGrinderBot_59,BE,Europe/Amsterdam,LadderGrinderBot,3,1,11,0,27,3,3,5,6,5,4,5,171,41852302,13857,18164400,5754047,15000,12600
CH Club 58,4,7354403b-add9-4e68-a3ae-80e453c9493b,YouthFocusedBot_58,CH,Europe/Madrid,YouthFocusedBot,3,1,10,0,26,4,4,5,2,6,6,3,174,34235586,930,18156000,6047502,21700,22300
DE Club 51,4,c6d5d63d-05a8-4ebb-8969-d9270762f9ac,AggressiveTraderBot_51,DE,Europe/Rome,AggressiveTraderBot,3,1,3,9,7,14,41,6,3,6,6,4,202,28290431,-182,18168600,8175070,22400,22700
DE Club 61,4,88f1b614-18d5-454f-ab33-76193c96e9c1,NewManagerBot_61,DE,Europe/Berlin,NewManagerBot,3,1,13,11,7,12,45,6,6,7,3,6,205,49041639,9334,18153300,4586580,15000,14700
ES Club 54,4,3ed722fb-ea9c-41e3-9890-64b5f1d065cb,SocialBot_54,ES,Europe/Warsaw,SocialBot,3,1,6,11,12,7,40,6,6,10,6,2,178,42003443,6158,18129000,4777142,15000,14700
ES Club 64,4,dcb92066-7a8e-4464-b2f5-ebd51d22b141,YouthFocusedBot_64,ES,Europe/Madrid,YouthFocusedBot,3,1,16,11,8,11,44,5,2,9,4,2,179,35991928,1642,18128400,4488244,21900,22000
FR Club 52,4,b2fb41be-b58a-4b22-a390-f8e6bd3e1862,YouthFocusedBot_52,FR,Europe/Madrid,YouthFocusedBot,3,1,4,7,9,14,35,2,4,7,5,3,179,21663448,479,9705600,3058988,21700,22500
FR Club 62,4,825c13ba-7e2b-4973-88d6-4ca4b036764d,ConservativeBot_62,FR,Europe/Paris,ConservativeBot,3,1,14,7,11,12,33,4,9,9,7,6,194,19072293,10708,12543000,4392378,15000,14840
IT Club 53,4,cc36e2b6-1fc0-4d7e-9c3b-0fc18fb1be20,LadderGrinderBot_53,IT,Europe/Amsterdam,LadderGrinderBot,3,1,5,12,11,7,43,6,6,6,3,2,193,49986736,9838,18127200,4538250,15000,13500
IT Club 63,4,9f919296-3581-42e0-a49f-158ddd554818,AggressiveTraderBot_63,IT,Europe/Rome,AggressiveTraderBot,3,1,15,8,11,11,35,4,5,7,4,5,191,25765676,475,15329700,7438905,22300,22900
NL Club 55,4,d88f6c05-bc9f-4f15-a898-8586cf76721d,NewManagerBot_55,NL,Europe/Berlin,NewManagerBot,3,1,7,13,8,9,48,4,5,5,3,4,199,34216331,13836,15335700,3797244,15000,11400
PL Club 56,4,3577bce9-59e5-4412-ab6b-1e1679b4251c,ConservativeBot_56,PL,Europe/Paris,ConservativeBot,3,1,8,8,13,9,33,5,5,9,5,2,206,30679373,12533,15309300,4516161,15000,13720
PT Club 50,4,e59f2d7c-ec78-46f7-8ecb-9e36a7f7d221,ConservativeBot_50,PT,Europe/Paris,ConservativeBot,3,1,2,9,11,10,37,7,6,7,4,5,200,51682933,11368,20961000,2875310,15000,13100
PT Club 60,4,3858852e-63b3-4a7e-b87f-39f1b842af70,SocialBot_60,PT,Europe/Warsaw,SocialBot,3,1,12,27,0,3,84,3,6,9,5,3,206,9321482,8186,9701700,5936768,15000,14300
AT Club 67,4,ee9f963f-858c-46e5-96ab-dc0e12e5628b,NewManagerBot_67,AT,Europe/Berlin,NewManagerBot,3,2,3,8,9,13,37,6,8,12,3,2,173,50094744,11133,20909400,4002525,15000,11600
AT Club 77,4,303dcc52-a238-4f31-a460-2cfc8a3af71f,LadderGrinderBot_77,AT,Europe/Amsterdam,LadderGrinderBot,3,2,13,6,14,10,28,6,7,10,5,5,175,34631472,6979,18135000,6010240,15000,16680
BE Club 69,4,134d33c8-e2dd-4d15-86bc-8222b7392d2d,AggressiveTraderBot_69,BE,Europe/Rome,AggressiveTraderBot,3,2,5,0,27,3,3,6,6,10,4,4,171,43845467,843,18114300,3107798,22100,22400
BE Club 79,4,78197d87-aa04-4f1e-b3fd-52a6eb74d8cd,NewManagerBot_79,BE,Europe/Berlin,NewManagerBot,3,2,15,9,12,9,36,5,9,9,3,2,195,27011980,10031,15293100,3276629,15000,14840
CH Club 68,4,97e0d4a2-4b6e-42f4-9597-e7a030c6d709,ConservativeBot_68,CH,Europe/Paris,ConservativeBot,3,2,4,9,8,13,40,4,6,10,6,6,179,26594848,10073,12527400,5136049,15000,13300
CH Club 78,4,b1b9e616-5acc-4dd8-b611-e55cb44189a2,SocialBot_78,CH,Europe/Warsaw,SocialBot,3,2,14,14,6,10,52,6,5,8,3,7,202,36287920,13402,18137700,4669209,15000,11400
DE Club 71,4,7c458915-8e83-42b8-93c3-9c87ca01f053,LadderGrinderBot_71,DE,Europe/Amsterdam,LadderGrinderBot,3,2,7,16,9,5,53,5,6,10,5,2,208,38071120,7760,15305400,6475742,15000,13300
ES Club 74,4,0f1755f5-458e-4abc-9e65-fb68a876d176,ConservativeBot_74,ES,Europe/Paris,ConservativeBot,3,2,10,11,9,10,43,4,6,7,2,4,207,33821772,10943,15324600,3285494,15000,14300
FR Club 72,4,097bbfea-3583-49a7-8998-464b288da9f6,SocialBot_72,FR,Europe/Warsaw,SocialBot,3,2,8,9,16,5,32,6,10,10,5,6,192,37178298,8370,18134400,6943922,15000,14420
IT Club 73,4,b3813095-e065-4e5d-92cf-24cf68c5c976,NewManagerBot_73,IT,Europe/Berlin,NewManagerBot,3,2,9,9,11,10,37,4,7,8,6,6,201,24137477,12970,12534300,7011435,15000,11600
NL Club 65,4,c17afd47-ce14-4754-9441-36ddb100e92e,LadderGrinderBot_65,NL,Europe/Amsterdam,LadderGrinderBot,3,2,1,16,5,9,57,5,7,7,4,5,191,40568794,9873,18149400,4885417,15000,13800
NL Club 75,4,37e480f2-8818-436e-b65b-9719795f9a20,AggressiveTraderBot_75,NL,Europe/Rome,AggressiveTraderBot,3,2,11,11,12,7,40,7,2,8,6,5,177,43956375,1289,20972700,8253402,21900,21600
PL Club 66,4,1ffc700f-df07-4cb3-9160-c002853d225d,SocialBot_66,PL,Europe/Warsaw,SocialBot,3,2,2,5,16,9,24,6,6,7,3,3,187,41464646,12428,18124200,6388108,15000,12800
PL Club 76,4,b23385df-b985-4223-966b-add6e40c4be3,YouthFocusedBot_76,PL,Europe/Madrid,YouthFocusedBot,3,2,12,12,11,7,43,4,6,9,6,2,190,21616075,453,12508800,4154531,21900,22300
PT Club 70,4,fdeb42be-2d98-4817-947d-eccd1ee9099a,YouthFocusedBot_70,PT,Europe/Madrid,YouthFocusedBot,3,2,6,27,0,3,84,6,6,6,6,2,204,48210950,-69,18147000,3187801,21800,22900
PT Club 80,4,44926543-0b06-49c2-91a1-5fafc287f8a7,ConservativeBot_80,PT,Europe/Paris,ConservativeBot,3,2,16,12,9,9,45,8,6,8,5,3,180,56250097,13056,23771700,4147145,15000,13100
AT Club 87,4,2f971dd6-c49a-485d-a73e-15fac9f7acd5,AggressiveTraderBot_87,AT,Europe/Rome,AggressiveTraderBot,3,3,7,15,9,6,51,6,3,6,5,5,203,42056765,-565,18159900,7148643,22400,23300
BE Club 89,4,ede53099-d1e3-440c-9a6e-4495ec33968a,LadderGrinderBot_89,BE,Europe/Amsterdam,LadderGrinderBot,3,3,9,14,9,7,49,5,5,5,2,4,207,26772862,12418,15319500,5339481,15000,13600
CH Club 88,4,a72bb731-f3c7-4261-9ba2-8799e372245b,YouthFocusedBot_88,CH,Europe/Madrid,YouthFocusedBot,3,3,8,9,15,6,33,3,2,7,4,1,192,19106507,1822,12508200,4895351,21700,20400
DE Club 81,4,b9db7abf-c9f8-47b8-94a5-8890b3ba7080,AggressiveTraderBot_81,DE,Europe/Rome,AggressiveTraderBot,3,3,1,12,12,6,42,6,6,6,3,4,180,39169866,609,18131700,9113009,22300,21900
DE Club 91,4,74592459-a7bb-4a79-9434-accb444c9ab0,NewManagerBot_91,DE,Europe/Berlin,NewManagerBot,3,3,11,25,0,5,80,6,6,6,5,5,205,48865586,8207,20968500,6322399,15000,14000
ES Club 84,4,5b65d8a2-6044-457f-826f-6063f988c48b,SocialBot_84,ES,Europe/Warsaw,SocialBot,3,3,4,13,6,11,50,6,5,7,6,2,202,46904121,12914,20951100,5107563,15000,14120
ES Club 94,4,7cc7d05c-edfd-47bb-8f42-12cd8431ba5e,YouthFocusedBot_94,ES,Europe/Madrid,YouthFocusedBot,3,3,14,10,9,11,41,4,6,6,5,5,182,25845636,588,12533700,4441147,21600,23100
FR Club 82,4,cbc044f2-2f89-425b-96a1-e137bdefe31f,YouthFocusedBot_82,FR,Europe/Madrid,YouthFocusedBot,3,3,2,12,12,6,42,5,4,7,3,1,182,27434553,768,15311100,3422102,21700,22400
FR Club 92,4,2d92d7ee-ce39-4bc5-aa23-2ca1043b3e8d,ConservativeBot_92,FR,Europe/Paris,ConservativeBot,3,3,12,0,25,5,5,4,6,6,5,5,167,28839464,11059,15345300,3778568,15000,13100
IT Club 83,4,de645a93-8bad-4e63-a444-7e0719816b72,LadderGrinderBot_83,IT,Europe/Amsterdam,LadderGrinderBot,3,3,3,6,13,11,29,3,7,10,3,5,187,14806577,7534,12495600,5079144,15000,14880
IT Club 93,4,75078879-532f-4145-bdba-11805f8bce9f,AggressiveTraderBot_93,IT,Europe/Rome,AggressiveTraderBot,3,3,13,9,10,11,38,1,2,9,3,3,206,-728635,2150,6870900,7711241,21000,19500
NL Club 85,4,84408bb9-0db2-4086-b1e8-c98e015aaa12,NewManagerBot_85,NL,Europe/Berlin,NewManagerBot,3,3,5,10,8,12,42,4,9,10,6,4,190,29960755,6156,15334500,5757473,15000,14240
NL Club 95,4,66572111-2ff4-451b-9150-8a7f66ca32c7,LadderGrinderBot_95,NL,Europe/Amsterdam,LadderGrinderBot,3,3,15,0,26,4,4,6,5,7,6,3,173,31230112,11418,18144000,5176297,15000,14120
PL Club 86,4,1a741654-624a-4807-9b41-9645185d7c8b,ConservativeBot_86,PL,Europe/Paris,ConservativeBot,3,3,6,8,10,12,36,3,9,9,7,6,178,15210289,10887,12534900,5231250,15000,14240
PL Club 96,4,23205a97-05fe-4e5b-bb68-2f34abd36882,SocialBot_96,PL,Europe/Warsaw,SocialBot,3,3,16,26,0,4,82,4,7,7,4,7,204,28849296,17296,12530700,3943827,15000,13880
PT Club 90,4,9fd8eec7-4860-48c6-9b0f-d3ac317b965f,SocialBot_90,PT,Europe/Warsaw,SocialBot,3,3,10,9,14,7,34,6,6,6,4,5,184,42276961,13181,18164400,5073196,15000,12900
AT Club 7,5,3fe71a77-ecd2-4016-8a30-7b61616f87fb,NewManagerBot_7,AT,Europe/Berlin,NewManagerBot,1,1,7,11,8,11,44,5,6,7,2,3,232,85634140,8801,25110300,5315734,15000,15300
BE Club 9,5,433e9f94-2ea8-4276-bda5-1567aaada803,AggressiveTraderBot_9,BE,Europe/Rome,AggressiveTraderBot,1,1,9,28,0,2,86,6,5,8,3,2,234,75327971,1088,29701800,8555927,22200,22000
CH Club 8,5,a360fffe-4f47-404b-a3ce-1e8521ab5084,ConservativeBot_8,CH,Europe/Paris,ConservativeBot,1,1,8,8,11,11,35,7,7,8,6,2,212,123405438,11667,34333500,3855284,15000,15280
DE Club 1,5,60342169-5b3d-4aef-a3fc-5cde7cb4a190,NewManagerBot_1,DE,Europe/Berlin,NewManagerBot,1,1,1,8,15,7,31,6,9,9,8,2,232,106181621,10874,29739300,8361804,15000,11200
DE Club 11,5,7a7dbd68-0978-4127-9bef-08f32a1d90fe,LadderGrinderBot_11,DE,Europe/Amsterdam,LadderGrinderBot,1,1,11,8,15,7,31,4,8,9,5,3,216,77292417,11854,25107000,4604064,15000,15860
ES Club 14,5,bcb572ec-b227-4b21-87fc-2bc32b09815b,ConservativeBot_14,ES,Europe/Paris,ConservativeBot,1,1,14,3,22,5,14,5,6,10,4,4,196,63082291,13129,25108500,6783068,15000,14300
ES Club 4,5,0970c318-8891-49d6-ac02-b6edad04f998,YouthFocusedBot_4,ES,Europe/Madrid,YouthFocusedBot,1,1,4,25,0,5,80,3,6,8,7,4,227,38512283,909,15924900,3264461,22200,21500
FR Club 12,5,7eab1a8a-57da-4f2e-aec6-4b1f409934ce,SocialBot_12,FR,Europe/Warsaw,SocialBot,1,1,12,15,8,7,52,7,9,9,7,3,229,112866150,15290,34335000,2862761,15000,11200
FR Club 2,5,105972e2-d768-4707-8113-6fdf60c3daeb,ConservativeBot_2,FR,Europe/Paris,ConservativeBot,1,1,2,15,8,7,52,7,8,9,5,3,208,143141008,13963,38926200,4343668,15000,15000
IT Club 13,5,4317646c-6307-4300-84a5-ea5b873fbfbe,NewManagerBot_13,IT,Europe/Berlin,NewManagerBot,1,1,13,22,3,5,71,8,9,10,3,4,221,134729334,11570,38922600,2411860,15000,14240
IT Club 3,5,456e6fc4-9583-4d82-b452-d4ae350e3db3,AggressiveTraderBot_3,IT,Europe/Rome,AggressiveTraderBot,1,1,3,0,25,5,5,3,5,7,7,3,195,39907715,1761,15923400,8128761,22000,21700
NL Club 15,5,7043d0a7-7c0b-4f62-89e3-e5468cee589e,AggressiveTraderBot_15,NL,Europe/Rome,AggressiveTraderBot,1,1,15,15,7,8,53,6,3,11,2,7,223,96013571,344,34301100,4942776,22400,22600
NL Club 5,5,90c20855-d6a3-4cc7-8e1c-bae8c83e2fe8,LadderGrinderBot_5,NL,Europe/Amsterdam,LadderGrinderBot,1,1,5,0,28,2,2,5,7,8,5,4,196,89651931,14431,29726400,4499208,15000,11800
PL Club 16,5,fbaa9901-0416-4c09-bf29-d0fab0c6c3e2,YouthFocusedBot_16,PL,Europe/Madrid,YouthFocusedBot,1,1,16,7,15,8,29,4,2,8,5,6,210,79397360,1021,20521200,4587298,22000,21200
PL Club 6,5,db770079-4c31-418e-9a47-fab14deb99b1,SocialBot_6,PL,Europe/Warsaw,SocialBot,1,1,6,28,0,2,86,8,7,9,3,5,239,126873771,15684,38930100,6509683,15000,11600
PT Club 10,5,8646e00d-cc1a-405a-893f-a7b6e8772589,YouthFocusedBot_10,PT,Europe/Madrid,YouthFocusedBot,1,1,10,0,28,2,2,6,2,10,6,8,196,112569018,1590,29730000,5543859,21600,21300
AT Club 17,5,ac0ae0c3-4ed2-4c3f-a536-d98ea02a0b63,LadderGrinderBot_17,AT,Europe/Amsterdam,LadderGrinderBot,2,1,1,14,10,6,48,3,8,9,6,3,216,44097247,11951,16086600,4745390,15000,13460
AT Club 27,5,65f642c8-f5d4-44a3-8c30-3a77f89d7ac6,AggressiveTraderBot_27,AT,Europe/Rome,AggressiveTraderBot,2,1,11,8,13,9,33,7,2,9,2,5,222,77045542,316,26903400,6682666,22400,22000
BE Club 19,5,bd9174d6-0714-47ce-badc-ede9a0274f98,NewManagerBot_19,BE,Europe/Berlin,NewManagerBot,2,1,3,8,12,10,34,6,6,7,5,5,196,69940061,14297,23324400,4366144,15000,14000
BE Club 29,5,93299a02-7fe5-4512-993f-a82d97300fba,LadderGrinderBot_29,BE,Europe/Amsterdam,LadderGrinderBot,2,1,13,0,29,1,1,3,7,8,7,3,205,48836330,11297,16094700,4041041,15000,15280
CH Club 18,5,9378a293-7e4e-469c-ab5c-d78e5992cc30,SocialBot_18,CH,Europe/Warsaw,SocialBot,2,1,2,10,14,6,36,5,7,7,4,4,196,38351905,14394,19695600,5132836,15000,11600
CH Club 28,5,3afc330a-01a3-4c7e-bc16-9138bb74fa9d,YouthFocusedBot_28,CH,Europe/Madrid,YouthFocusedBot,2,1,12,13,8,9,48,8,4,8,4,2,206,100388126,1236,30534300,4328770,22100,20800
DE Club 21,5,0705089d-244c-4e90-ac5b-b67716cd4df3,AggressiveTraderBot_21,DE,Europe/Rome,AggressiveTraderBot,2,1,5,7,12,11,32,4,5,5,5,4,215,30584275,748,16113600,8180776,22400,22700
DE Club 31,5,b534052b-42a5-4dad-a4c7-978503f663c1,NewManagerBot_31,DE,Europe/Berlin,NewManagerBot,2,1,15,10,10,10,40,6,6,7,6,6,199,91297870,12116,26950800,4780517,15000,13300
ES Club 24,5,c6ba20b0-4256-45a5-93b0-eaad25da20d8,SocialBot_24,ES,Europe/Warsaw,SocialBot,2,1,8,11,10,9,42,6,6,6,2,5,201,92107662,27752,23308200,3894998,15000,9800
FR Club 22,5,185a3c1c-5633-46dd-880a-aac0984882d1,YouthFocusedBot_22,FR,Europe/Madrid,YouthFocusedBot,2,1,6,12,7,11,47,8,2,8,4,2,234,109388287,143,34127400,2701270,22100,22000
FR Club 32,5,33a6c81c-d216-4865-8c41-e849edb3d4c2,ConservativeBot_32,FR,Europe/Paris,ConservativeBot,2,1,16,10,10,10,40,5,5,6,3,3,202,42950915,16155,19698600,5187908,15000,12000
IT Club 23,5,1dd5d330-5033-4d78-9a15-40cf9515cc07,LadderGrinderBot_23,IT,Europe/Amsterdam,LadderGrinderBot,2,1,7,10,11,9,39,4,6,8,5,3,200,47031797,11555,19707300,5384644,15000,13100
NL Club 25,5,863fa920-eb66-4f3e-9ecb-23ee5b0a2147,NewManagerBot_25,NL,Europe/Berlin,NewManagerBot,2,1,9,9,12,9,36,2,8,11,6,2,236,28714881,11414,12453900,4291503,15000,14060
PL Club 26,5,5d3c393f-1ca7-47d3-b02a-8030bcdc94e0,ConservativeBot_26,PL,Europe/Paris,ConservativeBot,2,1,10,12,9,9,45,5,6,7,7,4,214,68346806,14475,19727400,4898299,15000,13700
PT Club 20,5,edbe36bf-fd58-4a0d-b72b-68f37df6b422,ConservativeBot_20,PT,Europe/Paris,ConservativeBot,2,1,4,12,8,10,46,5,7,7,3,5,214,60018450,14270,19692000,5032258,15000,13200
PT Club 30,5,dbe26a47-ec47-4643-b078-b42e47d3a6f2,SocialBot_30,PT,Europe/Warsaw,SocialBot,2,1,14,29,0,1,88,5,6,7,4,2,236,70867484,20824,23315400,4563704,15000,11000
AT Club 37,5,f29e975d-d8a4-4a62-bac9-541f0a0eee01,NewManagerBot_37,AT,Europe/Berlin,NewManagerBot,2,2,5,7,7,16,37,3,5,6,6,5,200,32450863,13439,12504900,4142915,15000,13600
AT Club 47,5,02a87f4b-ab4e-4d03-adad-d678d2cd0302,LadderGrinderBot_47,AT,Europe/Amsterdam,LadderGrinderBot,2,2,15,13,8,9,48,6,6,9,4,2,215,65786587,11727,23292900,3919452,15000,12400
BE Club 39,5,5b313a53-4c83-4183-96af-4e8ccc3c50c7,AggressiveTraderBot_39,BE,Europe/Rome,AggressiveTraderBot,2,2,7,11,11,8,41,4,4,10,3,5,202,52401015,1548,19677000,10200002,22400,22000
CH Club 38,5,31941f34-7841-48e8-973c-b0e59838e222,ConservativeBot_38,CH,Europe/Paris,ConservativeBot,2,2,6,7,7,16,37,8,9,12,2,3,214,107304831,11320,30485100,5611065,15000,14440
CH Club 48,5,9b82d563-ce08-4538-b6a6-dd19a3c97e1f,SocialBot_48,CH,Europe/Warsaw,SocialBot,2,2,16,8,13,9,33,2,7,11,5,3,212,32302219,15681,12445800,6431969,15000,10600
DE Club 41,5,a9e0c83a-53da-4ac0-ad7c-4b0e2fa6e163,LadderGrinderBot_41,DE,Europe/Amsterdam,LadderGrinderBot,2,2,9,8,10,12,36,5,8,9,3,7,202,64031259,7354,19689000,5329456,15000,16460
ES Club 34,5,087b9ae0-6fdc-4b3e-81b5-64958689d718,YouthFocusedBot_34,ES,Europe/Madrid,YouthFocusedBot,2,2,2,7,15,8,29,6,5,8,3,2,228,78912359,742,23292300,4197538,21900,22200
ES Club 44,5,e457cf23-a7cb-44b3-bbbd-ab1129f58ec0,ConservativeBot_44,ES,Europe/Paris,ConservativeBot,2,2,12,2,24,4,10,2,6,6,4,5,196,29820484,14802,12484800,4915268,15000,13100
FR Club 42,5,260b1adc-d0aa-49cf-b19c-4409f159460e,SocialBot_42,FR,Europe/Warsaw,SocialBot,2,2,10,10,8,12,42,3,9,9,4,6,216,43402941,16610,16092000,3275158,15000,13840
IT Club 33,5,9f6f161f-95b7-42b7-a258-cbd0543c61a9,AggressiveTraderBot_33,IT,Europe/Rome,AggressiveTraderBot,2,2,1,15,7,8,53,7,4,12,8,4,233,63803128,856,26924400,8592985,22500,22900
IT Club 43,5,2b214729-72c6-4386-a05d-dac6be575cb8,NewManagerBot_43,IT,Europe/Berlin,NewManagerBot,2,2,11,24,2,4,76,6,8,11,6,4,225,74468436,13533,23310600,4202509,15000,12860
NL Club 35,5,87ce9b67-bc5f-4cb2-9656-11581972cd0a,LadderGrinderBot_35,NL,Europe/Amsterdam,LadderGrinderBot,2,2,3,11,10,9,42,6,7,8,3,5,221,82518976,11633,23308800,3415146,15000,15280
NL Club 45,5,f67abc68-4b09-45f1-91ae-bcb6b15c902a,AggressiveTraderBot_45,NL,Europe/Rome,AggressiveTraderBot,2,2,13,13,9,8,47,7,5,10,7,4,234,82136631,-143,30544500,7362477,22300,22700
PL Club 36,5,5f83f8c6-af3b-4f93-b480-3977c07226b5,SocialBot_36,PL,Europe/Warsaw,SocialBot,2,2,4,10,11,9,39,4,6,10,5,5,220,59698415,12257,19685700,3922095,15000,14900
PL Club 46,5,359bd3ac-434f-4bf2-a012-cf5d2d9032fc,YouthFocusedBot_46,PL,Europe/Madrid,YouthFocusedBot,2,2,14,9,13,8,35,6,4,10,3,5,217,87608794,939,23290800,5488982,22000,21500
PT Club 40,5,a9d1c5ae-7500-4899-9ce5-188751e92bc0,YouthFocusedBot_40,PT,Europe/Madrid,YouthFocusedBot,2,2,8,11,11,8,41,7,6,8,5,4,217,92793826,777,26930700,6192014,22000,21500
AT Club 57,5,46b265df-173c-47d2-8e1e-dfe693aabbe0,AggressiveTraderBot_57,AT,Europe/Rome,AggressiveTraderBot,3,1,9,29,0,1,88,6,5,9,7,4,235,35195614,149,18149700,7317443,22300,23100
BE Club 49,5,2c532bab-68f4-4c5a-b143-45b6c8d83211,NewManagerBot_49,BE,Europe/Berlin,NewManagerBot,3,1,1,10,7,13,43,5,8,9,6,5,220,39139828,11313,18145500,4045049,15000,17060
BE Club 59,5,af4fb2d5-fa95-41fb-b8af-a0eb7c4197fb,LadderGrinderBot_59,BE,Europe/Amsterdam,LadderGrinderBot,3,1,11,0,24,6,6,6,6,6,4,6,201,54684452,14257,18164400,5332250,15000,14600
CH Club 58,5,7354403b-add9-4e68-a3ae-80e453c9493b,YouthFocusedBot_58,CH,Europe/Madrid,YouthFocusedBot,3,1,10,0,29,1,1,6,2,7,6,3,204,47444458,1730,18164100,4955228,22300,21500
DE Club 51,5,c6d5d63d-05a8-4ebb-8969-d9270762f9ac,AggressiveTraderBot_51,DE,Europe/Rome,AggressiveTraderBot,3,1,3,15,8,7,52,7,3,7,7,4,232,42024985,1018,20980200,7245646,22100,20900
DE Club 61,5,88f1b614-18d5-454f-ab33-76193c96e9c1,NewManagerBot_61,DE,Europe/Berlin,NewManagerBot,3,1,13,9,10,11,38,6,6,8,3,7,235,65333367,12334,20957400,4665672,15000,12000
ES Club 54,5,3ed722fb-ea9c-41e3-9890-64b5f1d065cb,SocialBot_54,ES,Europe/Warsaw,SocialBot,3,1,6,8,13,9,33,7,7,11,7,2,208,56714803,6678,20941200,6229840,15000,14480
ES Club 64,5,dcb92066-7a8e-4464-b2f5-ebd51d22b141,YouthFocusedBot_64,ES,Europe/Madrid,YouthFocusedBot,3,1,16,15,7,8,53,5,2,10,4,2,209,48876338,42,18120900,5236490,21800,23400
FR Club 52,5,b2fb41be-b58a-4b22-a390-f8e6bd3e1862,YouthFocusedBot_52,FR,Europe/Madrid,YouthFocusedBot,3,1,4,8,15,7,31,2,4,7,5,4,209,26250210,579,9713700,5126938,21800,21700
FR Club 62,5,825c13ba-7e2b-4973-88d6-4ca4b036764d,ConservativeBot_62,FR,Europe/Paris,ConservativeBot,3,1,14,10,9,11,41,5,10,10,8,6,224,29229103,11488,15351600,5194790,15000,14220
IT Club 53,5,cc36e2b6-1fc0-4d7e-9c3b-0fc18fb1be20,LadderGrinderBot_53,IT,Europe/Amsterdam,LadderGrinderBot,3,1,5,13,8,9,48,6,6,6,4,3,223,65035567,13038,20946900,5898069,15000,11800
IT Club 63,5,9f919296-3581-42e0-a49f-158ddd554818,AggressiveTraderBot_63,IT,Europe/Rome,AggressiveTraderBot,3,1,15,7,15,8,29,5,5,8,4,5,221,34472695,275,15337800,6630781,22100,22300
NL Club 55,5,d88f6c05-bc9f-4f15-a898-8586cf76721d,NewManagerBot_55,NL,Europe/Berlin,NewManagerBot,3,1,7,10,10,10,40,5,6,6,4,4,229,45327860,13536,15340200,4228671,15000,15300
PL Club 56,5,3577bce9-59e5-4412-ab6b-1e1679b4251c,ConservativeBot_56,PL,Europe/Paris,ConservativeBot,3,1,8,10,10,10,40,6,6,9,6,2,236,44860345,14033,18129000,3948028,15000,13500
PT Club 50,5,e59f2d7c-ec78-46f7-8ecb-9e36a7f7d221,ConservativeBot_50,PT,Europe/Paris,ConservativeBot,3,1,2,7,10,13,34,7,7,7,4,5,230,70434445,13288,23772600,5021088,15000,13080
PT Club 60,5,3858852e-63b3-4a7e-b87f-39f1b842af70,SocialBot_60,PT,Europe/Warsaw,SocialBot,3,1,12,24,0,6,78,3,6,9,6,3,236,17018084,12386,12510300,4813698,15000,10800
AT Club 67,5,ee9f963f-858c-46e5-96ab-dc0e12e5628b,NewManagerBot_67,AT,Europe/Berlin,NewManagerBot,3,2,3,14,4,12,54,6,9,12,4,2,203,66089183,11293,20901900,4907461,15000,14840
AT Club 77,5,303dcc52-a238-4f31-a460-2cfc8a3af71f,LadderGrinderBot_77,AT,Europe/Amsterdam,LadderGrinderBot,3,2,13,0,13,17,17,6,8,10,5,6,205,49840549,6519,20946600,5737523,15000,15460
BE Club 69,5,134d33c8-e2dd-4d15-86bc-8222b7392d2d,AggressiveTraderBot_69,BE,Europe/Rome,AggressiveTraderBot,3,2,5,0,27,3,3,7,6,11,5,5,201,56955970,1443,20934000,7823497,22300,21700
BE Club 79,5,78197d87-aa04-4f1e-b3fd-52a6eb74d8cd,NewManagerBot_79,BE,Europe/Berlin,NewManagerBot,3,2,15,8,11,11,35,5,10,10,4,2,225,41273224,10011,18112800,3851556,15000,15020
CH Club 68,5,97e0d4a2-4b6e-42f4-9597-e7a030c6d709,ConservativeBot_68,CH,Europe/Paris,ConservativeBot,3,2,4,4,14,12,24,5,7,11,7,6,209,35759419,10393,15336000,6171429,15000,14680
CH Club 78,5,b1b9e616-5acc-4dd8-b611-e55cb44189a2,SocialBot_78,CH,Europe/Warsaw,SocialBot,3,2,14,13,0,17,56,7,6,9,3,7,232,50594283,15302,20954400,6648037,15000,13100
DE Club 71,5,7c458915-8e83-42b8-93c3-9c87ca01f053,LadderGrinderBot_71,DE,Europe/Amsterdam,LadderGrinderBot,3,2,7,10,9,11,41,6,7,10,5,3,238,50678044,8680,18121500,5514576,15000,14080
ES Club 74,5,0f1755f5-458e-4abc-9e65-fb68a876d176,ConservativeBot_74,ES,Europe/Paris,ConservativeBot,3,2,10,11,11,8,41,4,6,7,3,5,237,44552788,15143,15317100,4586084,15000,10800
FR Club 72,5,097bbfea-3583-49a7-8998-464b288da9f6,SocialBot_72,FR,Europe/Warsaw,SocialBot,3,2,8,9,10,11,38,6,10,10,6,7,222,53138277,11370,20951100,4991121,15000,12000
IT Club 73,5,b3813095-e065-4e5d-92cf-24cf68c5c976,NewManagerBot_73,IT,Europe/Berlin,NewManagerBot,3,2,9,11,11,8,41,5,8,9,7,6,231,35529876,12110,15351000,3958601,15000,15860
NL Club 65,5,c17afd47-ce14-4754-9441-36ddb100e92e,LadderGrinderBot_65,NL,Europe/Amsterdam,LadderGrinderBot,3,2,1,10,9,11,41,5,7,8,4,6,221,55282498,11873,18149400,3435696,15000,13000
NL Club 75,5,37e480f2-8818-436e-b65b-9719795f9a20,AggressiveTraderBot_75,NL,Europe/Rome,AggressiveTraderBot,3,2,11,9,7,14,41,7,2,9,6,6,207,58537086,989,23781300,9200589,22800,23100
PL Club 66,5,1ffc700f-df07-4cb3-9160-c002853d225d,SocialBot_66,PL,Europe/Warsaw,SocialBot,3,2,2,9,10,11,38,6,7,7,4,3,217,56800456,14748,20943900,5608090,15000,12680
PL Club 76,5,b23385df-b985-4223-966b-add6e40c4be3,YouthFocusedBot_76,PL,Europe/Madrid,YouthFocusedBot,3,2,12,7,9,14,35,5,6,9,6,2,220,32277295,1053,15325500,4664280,21700,21100
PT Club 70,5,fdeb42be-2d98-4817-947d-eccd1ee9099a,YouthFocusedBot_70,PT,Europe/Madrid,YouthFocusedBot,3,2,6,27,0,3,84,7,6,7,7,3,234,63810054,431,20971200,5372096,21500,21000
PT Club 80,5,44926543-0b06-49c2-91a1-5fafc287f8a7,ConservativeBot_80,PT,Europe/Paris,ConservativeBot,3,2,16,11,8,11,44,9,7,9,6,3,210,78460884,12576,26575800,4365013,15000,15480
AT Club 87,5,2f971dd6-c49a-485d-a73e-15fac9f7acd5,AggressiveTraderBot_87,AT,Europe/Rome,AggressiveTraderBot,3,3,7,12,5,13,49,7,3,7,5,6,233,57542198,1135,20976600,5491167,22300,20600
BE Club 89,5,ede53099-d1e3-440c-9a6e-4495ec33968a,LadderGrinderBot_89,BE,Europe/Amsterdam,LadderGrinderBot,3,3,9,10,8,12,42,5,5,5,2,4,237,39579660,13818,18143700,5336902,15000,13600
CH Club 88,5,a72bb731-f3c7-4261-9ba2-8799e372245b,YouthFocusedBot_88,CH,Europe/Madrid,YouthFocusedBot,3,3,8,5,12,13,28,4,2,7,4,2,222,27308768,122,12508200,4305939,21900,23600
DE Club 81,5,b9db7abf-c9f8-47b8-94a5-8890b3ba7080,AggressiveTraderBot_81,DE,Europe/Rome,AggressiveTraderBot,3,3,1,8,9,13,37,6,6,7,3,5,210,51732149,-91,20955900,8393617,22000,22700
DE Club 91,5,74592459-a7bb-4a79-9434-accb444c9ab0,NewManagerBot_91,DE,Europe/Berlin,NewManagerBot,3,3,11,29,0,1,88,7,7,7,5,6,235,65910704,10527,20976600,3931482,15000,12680
ES Club 84,5,5b65d8a2-6044-457f-826f-6063f988c48b,SocialBot_84,ES,Europe/Warsaw,SocialBot,3,3,4,12,8,10,46,7,5,7,6,2,232,62919029,15314,20963700,4948792,15000,12600
ES Club 94,5,7cc7d05c-edfd-47bb-8f42-12cd8431ba5e,YouthFocusedBot_94,ES,Europe/Madrid,YouthFocusedBot,3,3,14,12,10,8,44,4,6,7,5,6,212,37899239,-112,15353400,3299797,21300,22000
FR Club 82,5,cbc044f2-2f89-425b-96a1-e137bdefe31f,YouthFocusedBot_82,FR,Europe/Madrid,YouthFocusedBot,3,3,2,9,8,13,40,6,4,7,3,2,212,41377246,1668,18123300,4180607,21500,20600
FR Club 92,5,2d92d7ee-ce39-4bc5-aa23-2ca1043b3e8d,ConservativeBot_92,FR,Europe/Paris,ConservativeBot,3,3,12,0,29,1,1,5,7,7,5,5,197,38498013,11979,15353400,5694851,15000,14080
IT Club 83,5,de645a93-8bad-4e63-a444-7e0719816b72,LadderGrinderBot_83,IT,Europe/Amsterdam,LadderGrinderBot,3,3,3,8,12,10,34,4,8,10,3,5,217,23065609,8474,12495600,4236568,15000,14060
IT Club 93,5,75078879-532f-4145-bdba-11805f8bce9f,AggressiveTraderBot_93,IT,Europe/Rome,AggressiveTraderBot,3,3,13,10,12,8,38,1,2,10,3,3,236,219175,950,6870900,5923090,20100,21300
NL Club 85,5,84408bb9-0db2-4086-b1e8-c98e015aaa12,NewManagerBot_85,NL,Europe/Berlin,NewManagerBot,3,3,5,11,8,11,44,5,10,10,7,5,220,40173598,7336,15327000,5114157,15000,13820
NL Club 95,5,66572111-2ff4-451b-9150-8a7f66ca32c7,LadderGrinderBot_95,NL,Europe/Amsterdam,LadderGrinderBot,3,3,15,0,24,6,6,7,6,8,6,4,203,48185465,12118,20968200,4012847,15000,14300
PL Club 86,5,1a741654-624a-4807-9b41-9645185d7c8b,ConservativeBot_86,PL,Europe/Paris,ConservativeBot,3,3,6,8,11,11,35,4,9,9,8,6,208,21472361,13487,12540000,6277928,15000,12400
PL Club 96,5,23205a97-05fe-4e5b-bb68-2f34abd36882,SocialBot_96,PL,Europe/Warsaw,SocialBot,3,3,16,24,0,6,78,5,8,8,4,7,234,40140765,19436,15346800,4055331,15000,12860
PT Club 90,5,9fd8eec7-4860-48c6-9b0f-d3ac317b965f,SocialBot_90,PT,Europe/Warsaw,SocialBot,3,3,10,8,10,12,36,6,6,6,5,5,214,58420096,17981,20968500,4825365,15000,10200
AT Club 7,6,3fe71a77-ecd2-4016-8a30-7b61616f87fb,NewManagerBot_7,AT,Europe/Berlin,NewManagerBot,1,1,7,8,10,12,36,6,7,7,2,4,262,113362674,9521,29710200,1981666,15000,14280
BE Club 9,6,433e9f94-2ea8-4276-bda5-1567aaada803,AggressiveTraderBot_9,BE,Europe/Rome,AggressiveTraderBot,1,1,9,26,0,4,82,7,5,8,4,2,264,103052220,588,34313700,6589451,22000,22500
CH Club 8,6,a360fffe-4f47-404b-a3ce-1e8521ab5084,ConservativeBot_8,CH,Europe/Paris,ConservativeBot,1,1,8,10,8,12,42,7,7,9,7,2,242,157568109,14667,38945400,4782729,15000,12000
DE Club 1,6,60342169-5b3d-4aef-a3fc-5cde7cb4a190,NewManagerBot_1,DE,Europe/Berlin,NewManagerBot,1,1,1,13,8,9,48,7,10,10,8,2,262,136738759,11854,34346700,3789562,15000,14020
DE Club 11,6,7a7dbd68-0978-4127-9bef-08f32a1d90fe,LadderGrinderBot_11,DE,Europe/Amsterdam,LadderGrinderBot,1,1,11,14,9,7,49,4,9,9,5,4,246,96264681,11014,25112100,6139836,15000,15840
ES Club 14,6,bcb572ec-b227-4b21-87fc-2bc32b09815b,ConservativeBot_14,ES,Europe/Paris,ConservativeBot,1,1,14,3,21,6,15,5,7,10,4,4,226,88309318,14649,29708400,4481373,15000,13480
ES Club 4,6,0970c318-8891-49d6-ac02-b6edad04f998,YouthFocusedBot_4,ES,Europe/Madrid,YouthFocusedBot,1,1,4,28,0,2,86,4,6,8,7,5,257,54520682,1109,20532900,4524501,21700,21500
FR Club 12,6,7eab1a8a-57da-4f2e-aec6-4b1f409934ce,SocialBot_12,FR,Europe/Warsaw,SocialBot,1,1,12,9,14,7,34,7,10,10,7,4,259,147980748,14870,38950500,3835902,15000,15420
FR Club 2,6,105972e2-d768-4707-8113-6fdf60c3daeb,ConservativeBot_2,FR,Europe/Paris,ConservativeBot,1,1,2,8,13,9,33,7,9,9,5,3,238,177304503,14523,38934300,4770805,15000,14440
IT Club 13,6,4317646c-6307-4300-84a5-ea5b873fbfbe,NewManagerBot_13,IT,Europe/Berlin,NewManagerBot,1,1,13,21,3,6,69,9,10,10,3,5,251,171890138,12150,43522500,6361696,15000,14420
IT Club 3,6,456e6fc4-9583-4d82-b452-d4ae350e3db3,AggressiveTraderBot_3,IT,Europe/Rome,AggressiveTraderBot,1,1,3,0,28,2,2,3,5,8,7,4,225,51574218,661,20535900,8869397,22400,23500
NL Club 15,6,7043d0a7-7c0b-4f62-89e3-e5468cee589e,AggressiveTraderBot_15,NL,Europe/Rome,AggressiveTraderBot,1,1,15,15,9,6,51,6,3,12,2,7,253,123261403,144,34305600,7057768,22500,22700
NL Club 5,6,90c20855-d6a3-4cc7-8e1c-bae8c83e2fe8,LadderGrinderBot_5,NL,Europe/Amsterdam,LadderGrinderBot,1,1,5,0,27,3,3,5,7,8,5,4,226,113884444,15431,29731500,5498987,15000,14000
PL Club 16,6,fbaa9901-0416-4c09-bf29-d0fab0c6c3e2,YouthFocusedBot_16,PL,Europe/Madrid,YouthFocusedBot,1,1,16,9,15,6,33,5,2,9,6,7,240,96541506,1621,25133100,7988954,21900,21300
PL Club 6,6,db770079-4c31-418e-9a47-fab14deb99b1,SocialBot_6,PL,Europe/Warsaw,SocialBot,1,1,6,27,0,3,84,9,8,10,3,5,269,165758601,17024,43534500,4649670,15000,13660
PT Club 10,6,8646e00d-cc1a-405a-893f-a7b6e8772589,YouthFocusedBot_10,PT,Europe/Madrid,YouthFocusedBot,1,1,10,0,26,4,4,6,2,10,6,8,226,141856379,1190,34350000,5062639,22100,22500
AT Club 17,6,ac0ae0c3-4ed2-4c3f-a536-d98ea02a0b63,LadderGrinderBot_17,AT,Europe/Amsterdam,LadderGrinderBot,2,1,1,8,12,10,34,4,9,10,6,3,246,57628796,11711,16087200,2555651,15000,15240
AT Club 27,6,65f642c8-f5d4-44a3-8c30-3a77f89d7ac6,AggressiveTraderBot_27,AT,Europe/Rome,AggressiveTraderBot,2,1,11,14,7,9,51,8,2,9,2,5,252,99689683,916,30516600,7872459,22400,21800
BE Club 19,6,bd9174d6-0714-47ce-badc-ede9a0274f98,NewManagerBot_19,BE,Europe/Berlin,NewManagerBot,2,1,3,7,9,14,35,7,7,8,6,6,226,92058958,13817,26942700,4823803,15000,15480
BE Club 29,6,93299a02-7fe5-4512-993f-a82d97300fba,LadderGrinderBot_29,BE,Europe/Amsterdam,LadderGrinderBot,2,1,13,0,26,4,4,4,7,9,7,3,235,61841560,14297,16102800,3097570,15000,12000
CH Club 18,6,9378a293-7e4e-469c-ab5c-d78e5992cc30,SocialBot_18,CH,Europe/Warsaw,SocialBot,2,1,2,12,8,10,46,5,7,7,5,5,226,59357103,17594,23316900,2311702,15000,11800
CH Club 28,6,3afc330a-01a3-4c7e-bc16-9138bb74fa9d,YouthFocusedBot_28,CH,Europe/Madrid,YouthFocusedBot,2,1,12,7,14,9,30,9,4,9,5,2,236,130635262,36,34140000,3892864,21500,22700
DE Club 21,6,0705089d-244c-4e90-ac5b-b67716cd4df3,AggressiveTraderBot_21,DE,Europe/Rome,AggressiveTraderBot,2,1,5,10,13,7,37,4,5,5,5,5,245,43126293,648,19726800,7184782,22200,22300
DE Club 31,6,b534052b-42a5-4dad-a4c7-978503f663c1,NewManagerBot_31,DE,Europe/Berlin,NewManagerBot,2,1,15,11,8,11,44,7,7,8,6,7,229,115613549,11836,26955300,2639621,15000,15280
ES Club 24,6,c6ba20b0-4256-45a5-93b0-eaad25da20d8,SocialBot_24,ES,Europe/Warsaw,SocialBot,2,1,8,11,9,10,43,7,7,7,3,5,231,113487235,28072,26925900,5546327,15000,14680
FR Club 22,6,185a3c1c-5633-46dd-880a-aac0984882d1,YouthFocusedBot_22,FR,Europe/Madrid,YouthFocusedBot,2,1,6,13,10,7,46,9,2,9,4,2,264,139949989,143,34140000,3578298,21700,21700
FR Club 32,6,33a6c81c-d216-4865-8c41-e849edb3d4c2,ConservativeBot_32,FR,Europe/Paris,ConservativeBot,2,1,16,8,11,11,35,5,5,7,4,4,232,59652830,17155,23311800,6609885,15000,14000
IT Club 23,6,1dd5d330-5033-4d78-9a15-40cf9515cc07,LadderGrinderBot_23,IT,Europe/Amsterdam,LadderGrinderBot,2,1,7,9,11,10,37,5,7,8,6,3,230,62744619,12475,19699800,3986978,15000,14080
NL Club 25,6,863fa920-eb66-4f3e-9ecb-23ee5b0a2147,NewManagerBot_25,NL,Europe/Berlin,NewManagerBot,2,1,9,6,12,12,30,3,9,12,7,3,266,37147601,12174,12454500,4021780,15000,14240
PL Club 26,6,5d3c393f-1ca7-47d3-b02a-8030bcdc94e0,ConservativeBot_26,PL,Europe/Paris,ConservativeBot,2,1,10,12,6,12,48,6,7,8,8,5,244,86405771,14995,23341200,5282235,15000,14480
PT Club 20,6,edbe36bf-fd58-4a0d-b72b-68f37df6b422,ConservativeBot_20,PT,Europe/Paris,ConservativeBot,2,1,4,9,7,14,41,6,7,8,4,5,244,77980143,17470,23313300,5351607,15000,11800
PT Club 30,6,dbe26a47-ec47-4643-b078-b42e47d3a6f2,SocialBot_30,PT,Europe/Warsaw,SocialBot,2,1,14,26,0,4,82,6,7,7,4,3,266,90459561,21144,23307900,3715823,15000,14680
AT Club 37,6,f29e975d-d8a4-4a62-bac9-541f0a0eee01,NewManagerBot_37,AT,Europe/Berlin,NewManagerBot,2,2,5,9,10,11,38,4,5,7,7,5,230,43098843,16039,16118700,5470720,15000,12400
AT Club 47,6,02a87f4b-ab4e-4d03-adad-d678d2cd0302,LadderGrinderBot_47,AT,Europe/Amsterdam,LadderGrinderBot,2,2,15,11,11,8,41,7,6,9,4,3,245,89613613,15327,26906100,3079074,15000,11400
BE Club 39,6,5b313a53-4c83-4183-96af-4e8ccc3c50c7,AggressiveTraderBot_39,BE,Europe/Rome,AggressiveTraderBot,2,2,7,9,15,6,33,5,4,11,4,6,232,65211220,348,19677600,6867395,22400,23600
CH Club 38,6,31941f34-7841-48e8-973c-b0e59838e222,ConservativeBot_38,CH,Europe/Paris,ConservativeBot,2,2,6,10,9,11,41,9,9,13,2,3,244,134964499,12920,34098300,6438632,15000,13400
CH Club 48,6,9b82d563-ce08-4538-b6a6-dd19a3c97e1f,SocialBot_48,CH,Europe/Warsaw,SocialBot,2,2,16,11,11,8,41,2,8,12,5,4,242,40611754,15221,12450900,4141365,15000,15460
DE Club 41,6,a9e0c83a-53da-4ac0-ad7c-4b0e2fa6e163,LadderGrinderBot_41,DE,Europe/Amsterdam,LadderGrinderBot,2,2,9,11,9,10,43,5,8,9,4,7,232,83185833,10954,23307300,4152726,15000,11400
ES Club 34,6,087b9ae0-6fdc-4b3e-81b5-64958689d718,YouthFocusedBot_34,ES,Europe/Madrid,YouthFocusedBot,2,2,2,8,7,15,39,6,5,8,4,2,258,102659197,742,26905500,3158662,21500,21500
ES Club 44,6,e457cf23-a7cb-44b3-bbbd-ab1129f58ec0,ConservativeBot_44,ES,Europe/Paris,ConservativeBot,2,2,12,4,19,7,19,2,7,7,4,6,226,35865927,14522,12489300,6443857,15000,15280
FR Club 42,6,260b1adc-d0aa-49cf-b19c-4409f159460e,SocialBot_42,FR,Europe/Warsaw,SocialBot,2,2,10,9,11,10,37,4,9,9,4,6,246,55258433,21810,16084500,4229008,15000,9800
IT Club 33,6,9f6f161f-95b7-42b7-a258-cbd0543c61a9,AggressiveTraderBot_33,IT,Europe/Rome,AggressiveTraderBot,2,2,1,7,8,15,36,8,4,12,8,4,263,86095066,456,30538200,8246262,22200,22600
IT Club 43,6,2b214729-72c6-4386-a05d-dac6be575cb8,NewManagerBot_43,IT,Europe/Berlin,NewManagerBot,2,2,11,19,4,7,64,7,9,12,6,5,255,97158942,13093,26916300,4225794,15000,15440
NL Club 35,6,87ce9b67-bc5f-4cb2-9656-11581972cd0a,LadderGrinderBot_35,NL,Europe/Amsterdam,LadderGrinderBot,2,2,3,11,10,9,42,7,8,8,3,6,251,104172688,13173,26919000,5265288,15000,13460
NL Club 45,6,f67abc68-4b09-45f1-91ae-bcb6b15c902a,AggressiveTraderBot_45,NL,Europe/Rome,AggressiveTraderBot,2,2,13,6,10,14,32,7,5,11,7,5,264,107695924,1457,30545100,4985807,22500,20900
PL Club 36,6,5f83f8c6-af3b-4f93-b480-3977c07226b5,SocialBot_36,PL,Europe/Warsaw,SocialBot,2,2,4,10,11,9,39,4,7,11,6,5,250,75803032,14777,19693800,3589183,15000,12480
PL Club 46,6,359bd3ac-434f-4bf2-a012-cf5d2d9032fc,YouthFocusedBot_46,PL,Europe/Madrid,YouthFocusedBot,2,2,14,10,6,14,44,7,4,11,4,6,247,110165283,439,26904000,4347511,21700,22200
PT Club 40,6,a9d1c5ae-7500-4899-9ce5-188751e92bc0,YouthFocusedBot_40,PT,Europe/Madrid,YouthFocusedBot,2,2,8,15,9,6,51,7,6,8,6,4,247,120454408,777,30543900,2883318,21400,21400
AT Club 57,6,46b265df-173c-47d2-8e1e-dfe693aabbe0,AggressiveTraderBot_57,AT,Europe/Rome,AggressiveTraderBot,3,1,9,25,0,5,80,7,5,10,8,4,265,48196289,1049,20965800,7965125,22600,21700
BE Club 49,6,2c532bab-68f4-4c5a-b143-45b6c8d83211,NewManagerBot_49,BE,Europe/Berlin,NewManagerBot,3,1,1,10,10,10,40,6,9,9,6,6,250,52674986,12673,18150600,4615442,15000,13640
BE Club 59,6,af4fb2d5-fa95-41fb-b8af-a0eb7c4197fb,LadderGrinderBot_59,BE,Europe/Amsterdam,LadderGrinderBot,3,1,11,0,29,1,1,6,6,6,4,6,231,72169862,15657,20973000,3487590,15000,13600
CH Club 58,6,7354403b-add9-4e68-a3ae-80e453c9493b,YouthFocusedBot_58,CH,Europe/Madrid,YouthFocusedBot,3,1,10,0,25,5,5,7,2,8,7,3,234,62773832,1130,20968200,5638826,21700,22300
DE Club 51,6,c6d5d63d-05a8-4ebb-8969-d9270762f9ac,AggressiveTraderBot_51,DE,Europe/Rome,AggressiveTraderBot,3,1,3,9,13,8,35,8,3,8,7,4,262,56713117,118,23792400,9104268,21900,22800
DE Club 61,6,88f1b614-18d5-454f-ab33-76193c96e9c1,NewManagerBot_61,DE,Europe/Berlin,NewManagerBot,3,1,13,14,9,7,49,6,6,8,3,7,265,81302052,15334,20954400,4985715,15000,12000
ES Club 54,6,3ed722fb-ea9c-41e3-9890-64b5f1d065cb,SocialBot_54,ES,Europe/Warsaw,SocialBot,3,1,6,10,11,9,39,7,8,11,8,3,238,77077913,7418,23753400,3390290,15000,14260
ES Club 64,6,dcb92066-7a8e-4464-b2f5-ebd51d22b141,YouthFocusedBot_64,ES,Europe/Madrid,YouthFocusedBot,3,1,16,13,8,9,48,5,2,10,4,2,239,63386508,1742,18113400,3603230,21800,20100
FR Club 52,6,b2fb41be-b58a-4b22-a390-f8e6bd3e1862,YouthFocusedBot_52,FR,Europe/Madrid,YouthFocusedBot,3,1,4,13,9,8,47,2,4,8,5,4,239,29835592,1479,9718200,6132818,21400,20500
FR Club 62,6,825c13ba-7e2b-4973-88d6-4ca4b036764d,ConservativeBot_62,FR,Europe/Paris,ConservativeBot,3,1,14,9,14,7,34,5,10,11,9,6,254,42092051,14688,18163800,5300852,15000,11800
IT Club 53,6,cc36e2b6-1fc0-4d7e-9c3b-0fc18fb1be20,LadderGrinderBot_53,IT,Europe/Amsterdam,LadderGrinderBot,3,1,5,11,10,9,42,6,6,6,5,4,253,79756545,14438,20959500,6238522,15000,13600
IT Club 63,6,9f919296-3581-42e0-a49f-158ddd554818,AggressiveTraderBot_63,IT,Europe/Rome,AggressiveTraderBot,3,1,15,8,13,9,33,6,5,9,4,5,251,45513622,175,18141900,7100973,22200,22300
NL Club 55,6,d88f6c05-bc9f-4f15-a898-8586cf76721d,NewManagerBot_55,NL,Europe/Berlin,NewManagerBot,3,1,7,5,9,16,31,5,7,7,4,4,259,59640630,13456,18152400,3839630,15000,15080
PL Club 56,6,3577bce9-59e5-4412-ab6b-1e1679b4251c,ConservativeBot_56,PL,Europe/Paris,ConservativeBot,3,1,8,9,5,16,43,7,7,9,6,2,266,61884097,13953,20948700,3924948,15000,15080
PT Club 50,6,e59f2d7c-ec78-46f7-8ecb-9e36a7f7d221,ConservativeBot_50,PT,Europe/Paris,ConservativeBot,3,1,2,10,10,10,40,7,7,7,5,6,260,89156185,15488,23772600,5050860,15000,12800
PT Club 60,6,3858852e-63b3-4a7e-b87f-39f1b842af70,SocialBot_60,PT,Europe/Warsaw,SocialBot,3,1,12,29,0,1,88,4,6,10,7,4,266,23654017,15386,12518400,5882467,15000,12000
AT Club 67,6,ee9f963f-858c-46e5-96ab-dc0e12e5628b,NewManagerBot_67,AT,Europe/Berlin,NewManagerBot,3,2,3,10,13,7,37,7,9,12,5,2,233,81723884,14093,20910000,5275299,15000,12200
AT Club 77,6,303dcc52-a238-4f31-a460-2cfc8a3af71f,LadderGrinderBot_77,AT,Europe/Amsterdam,LadderGrinderBot,3,2,13,3,15,12,21,7,8,11,5,6,235,64621360,10919,20951100,6170289,15000,10600
BE Club 69,6,134d33c8-e2dd-4d15-86bc-8222b7392d2d,AggressiveTraderBot_69,BE,Europe/Rome,AggressiveTraderBot,3,2,5,0,26,4,4,8,6,11,6,6,231,74242235,1043,23750700,6464435,22100,22500
BE Club 79,6,78197d87-aa04-4f1e-b3fd-52a6eb74d8cd,NewManagerBot_79,BE,Europe/Berlin,NewManagerBot,3,2,15,11,6,13,46,5,11,11,5,2,255,56175190,10611,18113400,3211434,15000,14400
CH Club 68,6,97e0d4a2-4b6e-42f4-9597-e7a030c6d709,ConservativeBot_68,CH,Europe/Paris,ConservativeBot,3,2,4,13,10,7,46,5,8,11,7,6,239,49191977,10533,18148200,4715642,15000,14860
CH Club 78,6,b1b9e616-5acc-4dd8-b611-e55cb44189a2,SocialBot_78,CH,Europe/Warsaw,SocialBot,3,2,14,15,3,12,57,8,6,9,3,8,262,70554690,19102,23758500,3798093,15000,11200
DE Club 71,6,7c458915-8e83-42b8-93c3-9c87ca01f053,LadderGrinderBot_71,DE,Europe/Amsterdam,LadderGrinderBot,3,2,7,13,5,12,51,7,7,10,6,3,268,65393376,10680,20937600,6222268,15000,13000
ES Club 74,6,0f1755f5-458e-4abc-9e65-fb68a876d176,ConservativeBot_74,ES,Europe/Paris,ConservativeBot,3,2,10,6,11,13,31,5,7,7,3,5,267,54335002,14663,15329700,5547486,15000,15480
FR Club 72,6,097bbfea-3583-49a7-8998-464b288da9f6,SocialBot_72,FR,Europe/Warsaw,SocialBot,3,2,8,5,13,12,27,7,10,10,7,8,252,66762250,14570,20963700,7339727,15000,11800
IT Club 73,6,b3813095-e065-4e5d-92cf-24cf68c5c976,NewManagerBot_73,IT,Europe/Berlin,NewManagerBot,3,2,9,11,6,13,46,6,8,10,7,6,261,47599757,15310,18163200,6093319,15000,11800
NL Club 65,6,c17afd47-ce14-4754-9441-36ddb100e92e,LadderGrinderBot_65,NL,Europe/Amsterdam,LadderGrinderBot,3,2,1,8,14,8,32,6,8,8,4,7,251,68856218,11813,18146400,4572680,15000,15060
NL Club 75,6,37e480f2-8818-436e-b65b-9719795f9a20,AggressiveTraderBot_75,NL,Europe/Rome,AggressiveTraderBot,3,2,11,13,9,8,47,8,2,10,7,6,237,74846540,1189,23778300,7468846,22300,22100
PL Club 66,6,1ffc700f-df07-4cb3-9160-c002853d225d,SocialBot_66,PL,Europe/Warsaw,SocialBot,3,2,2,14,8,8,50,7,7,7,5,4,247,73652755,18348,20952000,4099701,15000,11400
PL Club 76,6,b23385df-b985-4223-966b-add6e40c4be3,YouthFocusedBot_76,PL,Europe/Madrid,YouthFocusedBot,3,2,12,9,13,8,35,6,6,9,6,3,250,44865288,1553,18137100,5549107,21400,20900
PT Club 70,6,fdeb42be-2d98-4817-947d-eccd1ee9099a,YouthFocusedBot_70,PT,Europe/Madrid,YouthFocusedBot,3,2,6,26,0,4,82,8,6,8,8,3,264,80802997,1831,23787900,6794957,21900,20500
PT Club 80,6,44926543-0b06-49c2-91a1-5fafc287f8a7,ConservativeBot_80,PT,Europe/Paris,ConservativeBot,3,2,16,6,11,13,31,9,8,10,6,4,240,103443319,13516,29388000,4405565,15000,14060
AT Club 87,6,2f971dd6-c49a-485d-a73e-15fac9f7acd5,AggressiveTraderBot_87,AT,Europe/Rome,AggressiveTraderBot,3,3,7,8,10,12,36,8,3,8,5,6,263,75620227,1135,23785200,5707171,22300,22300
BE Club 89,6,ede53099-d1e3-440c-9a6e-4495ec33968a,LadderGrinderBot_89,BE,Europe/Amsterdam,LadderGrinderBot,3,3,9,3,13,14,23,6,6,6,2,4,267,52389485,13518,18143700,5333875,15000,15300
CH Club 88,6,a72bb731-f3c7-4261-9ba2-8799e372245b,YouthFocusedBot_88,CH,Europe/Madrid,YouthFocusedBot,3,3,8,10,8,12,42,5,2,8,5,3,252,38922492,1122,15324300,3710576,21700,20700
DE Club 81,6,b9db7abf-c9f8-47b8-94a5-8890b3ba7080,AggressiveTraderBot_81,DE,Europe/Rome,AggressiveTraderBot,3,3,1,9,11,10,37,7,6,8,3,5,240,63995521,1009,20952900,8689528,22400,21300
DE Club 91,6,74592459-a7bb-4a79-9434-accb444c9ab0,NewManagerBot_91,DE,Europe/Berlin,NewManagerBot,3,3,11,25,0,5,80,7,7,7,5,7,265,84417130,14327,23785200,5278774,15000,11200
ES Club 84,6,5b65d8a2-6044-457f-826f-6063f988c48b,SocialBot_84,ES,Europe/Warsaw,SocialBot,3,3,4,13,6,11,50,7,6,7,7,2,262,80084926,16214,23775300,6609403,15000,14100
ES Club 94,6,7cc7d05c-edfd-47bb-8f42-12cd8431ba5e,YouthFocusedBot_94,ES,Europe/Madrid,YouthFocusedBot,3,3,14,13,10,7,46,5,6,8,5,7,242,47422566,288,15350400,5827073,21900,21500
FR Club 82,6,cbc044f2-2f89-425b-96a1-e137bdefe31f,YouthFocusedBot_82,FR,Europe/Madrid,YouthFocusedBot,3,3,2,11,9,10,43,7,4,8,3,3,242,55719019,1568,20939400,6597627,22000,22100
FR Club 92,6,2d92d7ee-ce39-4bc5-aa23-2ca1043b3e8d,ConservativeBot_92,FR,Europe/Paris,ConservativeBot,3,3,12,0,25,5,5,5,8,8,6,5,227,51615401,11919,18157500,5040112,15000,15060
IT Club 83,6,de645a93-8bad-4e63-a444-7e0719816b72,LadderGrinderBot_83,IT,Europe/Amsterdam,LadderGrinderBot,3,3,3,6,13,11,29,4,8,11,3,5,247,34164931,11474,15307200,4207878,15000,12000
IT Club 93,6,75078879-532f-4145-bdba-11805f8bce9f,AggressiveTraderBot_93,IT,Europe/Rome,AggressiveTraderBot,3,3,13,10,13,7,37,1,2,10,3,3,266,237954,150,6863400,6844621,22100,22900
NL Club 85,6,84408bb9-0db2-4086-b1e8-c98e015aaa12,NewManagerBot_85,NL,Europe/Berlin,NewManagerBot,3,3,5,12,10,8,44,6,11,11,8,6,250,53086657,7936,18151200,5238141,15000,14400
NL Club 95,6,66572111-2ff4-451b-9150-8a7f66ca32c7,LadderGrinderBot_95,NL,Europe/Amsterdam,LadderGrinderBot,3,3,15,0,28,2,2,8,6,8,7,5,233,64990904,15518,23776800,6971361,15000,11600
PL Club 86,6,1a741654-624a-4807-9b41-9645185d7c8b,ConservativeBot_86,PL,Europe/Paris,ConservativeBot,3,3,6,10,12,8,38,5,9,9,9,7,238,32598813,17487,15359700,4233248,15000,11000
PL Club 96,6,23205a97-05fe-4e5b-bb68-2f34abd36882,SocialBot_96,PL,Europe/Warsaw,SocialBot,3,3,16,28,0,2,86,6,8,8,4,7,264,51261378,22036,18150900,7030287,15000,12400
PT Club 90,6,9fd8eec7-4860-48c6-9b0f-d3ac317b965f,SocialBot_90,PT,Europe/Warsaw,SocialBot,3,3,10,13,3,14,53,6,6,7,5,6,244,74584040,22981,20976600,4812656,15000,10000
AT Club 7,7,3fe71a77-ecd2-4016-8a30-7b61616f87fb,NewManagerBot_7,AT,Europe/Berlin,NewManagerBot,1,1,7,10,9,11,41,6,8,8,2,5,292,142401884,10061,34322100,5282890,15000,14460
BE Club 9,7,433e9f94-2ea8-4276-bda5-1567aaada803,AggressiveTraderBot_9,BE,Europe/Rome,AggressiveTraderBot,1,1,9,26,0,4,82,8,5,8,4,2,294,134573487,1088,38929200,7407933,22200,21700
CH Club 8,7,a360fffe-4f47-404b-a3ce-1e8521ab5084,ConservativeBot_8,CH,Europe/Paris,ConservativeBot,1,1,8,9,10,11,38,7,8,10,8,3,272,190635552,15207,38946000,5878557,15000,14460
DE Club 1,7,60342169-5b3d-4aef-a3fc-5cde7cb4a190,NewManagerBot_1,DE,Europe/Berlin,NewManagerBot,1,1,1,13,9,8,47,7,10,11,8,3,292,171480057,16654,38946600,4205302,15000,10200
DE Club 11,7,7a7dbd68-0978-4127-9bef-08f32a1d90fe,LadderGrinderBot_11,DE,Europe/Amsterdam,LadderGrinderBot,1,1,11,7,12,11,32,5,9,10,6,4,276,115972473,13814,25116600,5408808,15000,12200
ES Club 14,7,bcb572ec-b227-4b21-87fc-2bc32b09815b,ConservativeBot_14,ES,Europe/Paris,ConservativeBot,1,1,14,4,16,10,22,5,8,11,4,4,256,113600995,14989,29708400,4416723,15000,14660
ES Club 4,7,0970c318-8891-49d6-ac02-b6edad04f998,YouthFocusedBot_4,ES,Europe/Madrid,YouthFocusedBot,1,1,4,29,0,1,88,5,6,9,8,6,287,74567222,709,25144800,5098260,21800,22200
FR Club 12,7,7eab1a8a-57da-4f2e-aec6-4b1f409934ce,SocialBot_12,FR,Europe/Warsaw,SocialBot,1,1,12,12,7,11,47,7,11,11,8,4,289,182169914,16270,38947500,4758334,15000,13600
FR Club 2,7,105972e2-d768-4707-8113-6fdf60c3daeb,ConservativeBot_2,FR,Europe/Paris,ConservativeBot,1,1,2,9,13,8,35,7,9,9,6,4,268,210278394,16723,38934300,5960409,15000,12800
IT Club 13,7,4317646c-6307-4300-84a5-ea5b873fbfbe,NewManagerBot_13,IT,Europe/Berlin,NewManagerBot,1,1,13,16,4,10,58,9,11,11,3,6,281,215781094,13350,48134400,4243444,15000,13800
IT Club 3,7,456e6fc4-9583-4d82-b452-d4ae350e3db3,AggressiveTraderBot_3,IT,Europe/Rome,AggressiveTraderBot,1,1,3,0,29,1,1,3,5,9,8,4,255,64068715,2061,20532900,8038403,21700,20300
NL Club 15,7,7043d0a7-7c0b-4f62-89e3-e5468cee589e,AggressiveTraderBot_15,NL,Europe/Rome,AggressiveTraderBot,1,1,15,8,6,16,40,6,3,12,3,7,283,149193239,44,34298100,8366264,22200,22300
NL Club 5,7,90c20855-d6a3-4cc7-8e1c-bae8c83e2fe8,LadderGrinderBot_5,NL,Europe/Amsterdam,LadderGrinderBot,1,1,5,0,27,3,3,5,7,8,6,4,256,141655605,18031,29731500,1960339,15000,12400
PL Club 16,7,fbaa9901-0416-4c09-bf29-d0fab0c6c3e2,YouthFocusedBot_16,PL,Europe/Madrid,YouthFocusedBot,1,1,16,6,8,16,34,5,2,10,6,7,270,123021889,921,29745600,3265217,21800,22500
PL Club 6,7,db770079-4c31-418e-9a47-fab14deb99b1,SocialBot_6,PL,Europe/Warsaw,SocialBot,1,1,6,27,0,3,84,10,9,11,4,5,299,208804461,18184,48134400,5088540,15000,13840
PT Club 10,7,8646e00d-cc1a-405a-893f-a7b6e8772589,YouthFocusedBot_10,PT,Europe/Madrid,YouthFocusedBot,1,1,10,0,26,4,4,7,2,10,6,9,256,171381005,790,34350000,4825374,21700,22100
AT Club 17,7,ac0ae0c3-4ed2-4c3f-a536-d98ea02a0b63,LadderGrinderBot_17,AT,Europe/Amsterdam,LadderGrinderBot,2,1,1,10,10,10,40,4,10,10,6,4,276,73532299,11691,19692900,3789397,15000,15020
AT Club 27,7,65f642c8-f5d4-44a3-8c30-3a77f89d7ac6,AggressiveTraderBot_27,AT,Europe/Rome,AggressiveTraderBot,2,1,11,11,7,12,45,8,2,9,2,5,282,127064703,216,34129800,6754780,22200,22900
BE Club 19,7,bd9174d6-0714-47ce-badc-ede9a0274f98,NewManagerBot_19,BE,Europe/Berlin,NewManagerBot,2,1,3,13,11,6,45,7,7,9,7,7,256,118966188,16817,30561000,3653770,15000,12000
BE Club 29,7,93299a02-7fe5-4512-993f-a82d97300fba,LadderGrinderBot_29,BE,Europe/Amsterdam,LadderGrinderBot,2,1,13,0,28,2,2,5,8,10,7,3,265,77711069,14237,19708500,3838991,15000,15060
CH Club 18,7,9378a293-7e4e-469c-ab5c-d78e5992cc30,SocialBot_18,CH,Europe/Warsaw,SocialBot,2,1,2,10,10,10,40,6,7,8,5,6,256,77336525,21194,23329500,5350078,15000,11400
CH Club 28,7,3afc330a-01a3-4c7e-bc16-9138bb74fa9d,YouthFocusedBot_28,CH,Europe/Madrid,YouthFocusedBot,2,1,12,7,11,12,33,9,4,9,6,2,266,165264131,936,37753800,3124931,21800,20900
DE Club 21,7,0705089d-244c-4e90-ac5b-b67716cd4df3,AggressiveTraderBot_21,DE,Europe/Rome,AggressiveTraderBot,2,1,5,7,11,12,33,4,5,6,5,6,275,54319801,448,19731300,8537792,22500,22700
DE Club 31,7,b534052b-42a5-4dad-a4c7-978503f663c1,NewManagerBot_31,DE,Europe/Berlin,NewManagerBot,2,1,15,6,10,14,32,7,8,8,7,7,259,142309192,12376,30565500,3869857,15000,14460
ES Club 24,7,c6ba20b0-4256-45a5-93b0-eaad25da20d8,SocialBot_24,ES,Europe/Warsaw,SocialBot,2,1,8,10,8,12,42,7,8,8,4,6,261,142002719,29012,30539700,2024216,15000,14060
FR Club 22,7,185a3c1c-5633-46dd-880a-aac0984882d1,YouthFocusedBot_22,FR,Europe/Madrid,YouthFocusedBot,2,1,6,11,7,12,45,10,2,10,4,2,294,171514867,1043,37745700,6180822,21700,20800
FR Club 32,7,33a6c81c-d216-4865-8c41-e849edb3d4c2,ConservativeBot_32,FR,Europe/Paris,ConservativeBot,2,1,16,10,6,14,44,6,6,8,5,4,262,75170820,16855,23316900,7798910,15000,15300
IT Club 23,7,1dd5d330-5033-4d78-9a15-40cf9515cc07,LadderGrinderBot_23,IT,Europe/Amsterdam,LadderGrinderBot,2,1,7,8,10,12,36,6,8,9,7,3,260,79941234,13015,23321100,6124485,15000,14460
NL Club 25,7,863fa920-eb66-4f3e-9ecb-23ee5b0a2147,NewManagerBot_25,NL,Europe/Berlin,NewManagerBot,2,1,9,12,10,8,44,3,9,13,7,3,296,47589476,11374,16072800,5630925,15000,15800
PL Club 26,7,5d3c393f-1ca7-47d3-b02a-8030bcdc94e0,ConservativeBot_26,PL,Europe/Paris,ConservativeBot,2,1,10,10,12,8,38,7,8,9,8,6,274,108757793,16335,26959500,4607478,15000,13660
PT Club 20,7,edbe36bf-fd58-4a0d-b72b-68f37df6b422,ConservativeBot_20,PT,Europe/Paris,ConservativeBot,2,1,4,11,13,6,39,7,8,8,4,5,274,101528421,16810,26927100,3378822,15000,15660
PT Club 30,7,dbe26a47-ec47-4643-b078-b42e47d3a6f2,SocialBot_30,PT,Europe/Warsaw,SocialBot,2,1,14,28,0,2,86,7,7,7,5,3,296,114176310,23744,26925600,3208851,15000,12400
AT Club 37,7,f29e975d-d8a4-4a62-bac9-541f0a0eee01,NewManagerBot_37,AT,Europe/Berlin,NewManagerBot,2,2,5,7,11,12,33,5,6,8,8,6,260,57479213,15539,19732500,5352130,15000,15500
AT Club 47,7,02a87f4b-ab4e-4d03-adad-d678d2cd0302,LadderGrinderBot_47,AT,Europe/Amsterdam,LadderGrinderBot,2,2,15,7,9,14,35,7,6,10,5,3,275,116496408,17527,30523800,3641005,15000,12800
BE Club 39,7,5b313a53-4c83-4183-96af-4e8ccc3c50c7,AggressiveTraderBot_39,BE,Europe/Rome,AggressiveTraderBot,2,2,7,16,10,4,52,5,4,12,4,7,262,84899760,-52,23295900,3607360,22000,22400
CH Club 38,7,31941f34-7841-48e8-973c-b0e59838e222,ConservativeBot_38,CH,Europe/Paris,ConservativeBot,2,2,6,11,7,12,45,10,10,13,2,3,274,167537559,12700,37704000,5130940,15000,15220
CH Club 48,7,9b82d563-ce08-4538-b6a6-dd19a3c97e1f,SocialBot_48,CH,Europe/Warsaw,SocialBot,2,2,16,9,7,14,41,2,9,12,5,4,272,48248949,14181,12447900,4810705,15000,16040
DE Club 41,7,a9e0c83a-53da-4ac0-ad7c-4b0e2fa6e163,LadderGrinderBot_41,DE,Europe/Amsterdam,LadderGrinderBot,2,2,9,12,13,5,41,6,9,10,5,7,262,102319643,11314,23315400,4181590,15000,14640
ES Club 34,7,087b9ae0-6fdc-4b3e-81b5-64958689d718,YouthFocusedBot_34,ES,Europe/Madrid,YouthFocusedBot,2,2,2,7,7,16,37,7,5,9,5,2,288,123183510,1342,26913600,6389287,22000,21400
ES Club 44,7,e457cf23-a7cb-44b3-bbbd-ab1129f58ec0,ConservativeBot_44,ES,Europe/Paris,ConservativeBot,2,2,12,2,20,8,14,2,7,8,5,6,256,43520637,16922,12486300,4831590,15000,12600
FR Club 42,7,260b1adc-d0aa-49cf-b19c-4409f159460e,SocialBot_42,FR,Europe/Warsaw,SocialBot,2,2,10,13,12,5,44,5,10,10,5,6,276,70094781,23790,19697700,4861352,15000,13020
IT Club 33,7,9f6f161f-95b7-42b7-a258-cbd0543c61a9,AggressiveTraderBot_33,IT,Europe/Rome,AggressiveTraderBot,2,2,1,7,7,16,37,8,4,12,9,4,293,113390143,1356,34151400,6856323,22300,21400
IT Club 43,7,2b214729-72c6-4386-a05d-dac6be575cb8,NewManagerBot_43,IT,Europe/Berlin,NewManagerBot,2,2,11,20,2,8,68,7,10,13,6,6,285,123887135,14273,30526500,3798307,15000,13820
NL Club 35,7,87ce9b67-bc5f-4cb2-9656-11581972cd0a,LadderGrinderBot_35,NL,Europe/Amsterdam,LadderGrinderBot,2,2,3,6,10,14,32,8,8,8,4,7,281,130330670,14573,30536700,4378718,15000,13600
NL Club 45,7,f67abc68-4b09-45f1-91ae-bcb6b15c902a,AggressiveTraderBot_45,NL,Europe/Rome,AggressiveTraderBot,2,2,13,14,7,9,51,8,5,12,7,6,294,130026305,457,30542100,8211719,22500,23500
PL Club 36,7,5f83f8c6-af3b-4f93-b480-3977c07226b5,SocialBot_36,PL,Europe/Warsaw,SocialBot,2,2,4,10,6,14,44,5,7,12,6,5,280,93236656,16977,19694400,2260776,15000,12800
PL Club 46,7,359bd3ac-434f-4bf2-a012-cf5d2d9032fc,YouthFocusedBot_46,PL,Europe/Madrid,YouthFocusedBot,2,2,14,7,14,9,30,8,4,11,4,6,277,135792904,39,30522300,4894679,21300,21700
PT Club 40,7,a9d1c5ae-7500-4899-9ce5-188751e92bc0,YouthFocusedBot_40,PT,Europe/Madrid,YouthFocusedBot,2,2,8,10,16,4,34,8,6,8,6,4,277,145096761,2077,30552000,5909647,21600,20300
AT Club 57,7,46b265df-173c-47d2-8e1e-dfe693aabbe0,AggressiveTraderBot_57,AT,Europe/Rome,AggressiveTraderBot,3,1,9,26,0,4,82,7,5,11,9,4,295,65379396,449,23778000,6594893,22300,22900
BE Club 49,7,2c532bab-68f4-4c5a-b143-45b6c8d83211,NewManagerBot_49,BE,Europe/Berlin,NewManagerBot,3,1,1,14,9,7,49,6,9,9,7,7,280,70654713,15473,20966700,2986973,15000,12200
BE Club 59,7,af4fb2d5-fa95-41fb-b8af-a0eb7c4197fb,LadderGrinderBot_59,BE,Europe/Amsterdam,LadderGrinderBot,3,1,11,0,27,3,3,7,7,7,4,7,261,89723663,16177,20973000,3419199,15000,14480
CH Club 58,7,7354403b-add9-4e68-a3ae-80e453c9493b,YouthFocusedBot_58,CH,Europe/Madrid,YouthFocusedBot,3,1,10,0,26,4,4,7,2,8,7,4,264,83092435,930,23780400,3461797,22000,22200
DE Club 51,7,c6d5d63d-05a8-4ebb-8969-d9270762f9ac,AggressiveTraderBot_51,DE,Europe/Rome,AggressiveTraderBot,3,1,3,14,8,8,50,9,3,9,8,4,292,76855529,1118,26596500,6454088,22400,21400
DE Club 61,7,88f1b614-18d5-454f-ab33-76193c96e9c1,NewManagerBot_61,DE,Europe/Berlin,NewManagerBot,3,1,13,9,9,12,39,7,7,8,3,7,295,97174981,15454,20954400,5081471,15000,14880
ES Club 54,7,3ed722fb-ea9c-41e3-9890-64b5f1d065cb,SocialBot_54,ES,Europe/Warsaw,SocialBot,3,1,6,8,9,13,37,8,8,11,8,3,268,97529269,12018,23766000,3314644,15000,10400
ES Club 64,7,dcb92066-7a8e-4464-b2f5-ebd51d22b141,YouthFocusedBot_64,ES,Europe/Madrid,YouthFocusedBot,3,1,16,8,14,8,32,5,2,11,5,2,269,76391326,742,18113400,5108582,21700,22700
FR Club 52,7,b2fb41be-b58a-4b22-a390-f8e6bd3e1862,YouthFocusedBot_52,FR,Europe/Madrid,YouthFocusedBot,3,1,4,8,14,8,32,2,4,9,5,4,269,30590706,1579,9710700,8955586,21600,21500
FR Club 62,7,825c13ba-7e2b-4973-88d6-4ca4b036764d,ConservativeBot_62,FR,Europe/Paris,ConservativeBot,3,1,14,9,9,12,39,6,11,11,10,6,284,54424657,15488,18164400,5831794,15000,14200
IT Club 53,7,cc36e2b6-1fc0-4d7e-9c3b-0fc18fb1be20,LadderGrinderBot_53,IT,Europe/Amsterdam,LadderGrinderBot,3,1,5,9,8,13,40,7,7,7,5,4,283,95843998,14158,20972100,4884647,15000,15280
IT Club 63,7,9f919296-3581-42e0-a49f-158ddd554818,AggressiveTraderBot_63,IT,Europe/Rome,AggressiveTraderBot,3,1,15,14,8,8,50,6,5,9,5,5,281,60725848,1375,20946000,5733774,22300,21100
NL Club 55,7,d88f6c05-bc9f-4f15-a898-8586cf76721d,NewManagerBot_55,NL,Europe/Berlin,NewManagerBot,3,1,7,11,8,11,44,6,7,7,5,4,289,72696984,17456,18144900,5088546,15000,11000
PL Club 56,7,3577bce9-59e5-4412-ab6b-1e1679b4251c,ConservativeBot_56,PL,Europe/Paris,ConservativeBot,3,1,8,8,11,11,35,7,8,9,7,2,296,79286806,15293,23760300,6357591,15000,13660
PT Club 50,7,e59f2d7c-ec78-46f7-8ecb-9e36a7f7d221,ConservativeBot_50,PT,Europe/Paris,ConservativeBot,3,1,2,9,14,7,34,7,7,7,6,6,290,104503980,16888,23785200,8437405,15000,13600
PT Club 60,7,3858852e-63b3-4a7e-b87f-39f1b842af70,SocialBot_60,PT,Europe/Warsaw,SocialBot,3,1,12,27,0,3,84,4,7,11,7,4,296,34507569,15706,15335100,4481548,15000,14680
AT Club 67,7,ee9f963f-858c-46e5-96ab-dc0e12e5628b,NewManagerBot_67,AT,Europe/Berlin,NewManagerBot,3,2,3,11,8,11,44,7,9,13,6,2,263,101398390,17093,23729700,4055194,15000,12000
AT Club 77,7,303dcc52-a238-4f31-a460-2cfc8a3af71f,LadderGrinderBot_77,AT,Europe/Amsterdam,LadderGrinderBot,3,2,13,2,19,9,15,8,9,12,5,6,265,82604042,11279,23755200,5772518,15000,14640
BE Club 69,7,134d33c8-e2dd-4d15-86bc-8222b7392d2d,AggressiveTraderBot_69,BE,Europe/Rome,AggressiveTraderBot,3,2,5,0,28,2,2,9,6,12,7,6,261,91709524,143,26574900,9107611,22700,23600
BE Club 79,7,78197d87-aa04-4f1e-b3fd-52a6eb74d8cd,NewManagerBot_79,BE,Europe/Berlin,NewManagerBot,3,2,15,12,12,6,42,6,11,11,5,2,285,71658368,14211,18114000,2630822,15000,11400
CH Club 68,7,97e0d4a2-4b6e-42f4-9597-e7a030c6d709,ConservativeBot_68,CH,Europe/Paris,ConservativeBot,3,2,4,8,11,11,35,6,8,12,8,6,269,60060785,13733,18148200,7279392,15000,11800
CH Club 78,7,b1b9e616-5acc-4dd8-b611-e55cb44189a2,SocialBot_78,CH,Europe/Warsaw,SocialBot,3,2,14,19,2,9,66,9,6,10,3,8,292,92655964,22702,26574600,4473326,15000,11400
DE Club 71,7,7c458915-8e83-42b8-93c3-9c87ca01f053,LadderGrinderBot_71,DE,Europe/Amsterdam,LadderGrinderBot,3,2,7,12,7,11,47,7,8,11,6,4,298,85408317,11220,23757300,3742359,15000,14460
ES Club 74,7,0f1755f5-458e-4abc-9e65-fb68a876d176,ConservativeBot_74,ES,Europe/Paris,ConservativeBot,3,2,10,16,4,10,58,5,8,8,4,6,297,68038390,15203,18141300,4437912,15000,14460
FR Club 72,7,097bbfea-3583-49a7-8998-464b288da9f6,SocialBot_72,FR,Europe/Warsaw,SocialBot,3,2,8,7,12,11,32,8,11,11,8,9,282,83791881,14170,23787900,6758269,15000,15400
IT Club 73,7,b3813095-e065-4e5d-92cf-24cf68c5c976,NewManagerBot_73,IT,Europe/Berlin,NewManagerBot,3,2,9,4,16,10,22,7,8,10,7,6,291,65023433,17910,20967300,3543624,15000,12400
NL Club 65,7,c17afd47-ce14-4754-9441-36ddb100e92e,LadderGrinderBot_65,NL,Europe/Amsterdam,LadderGrinderBot,3,2,1,13,9,8,47,7,9,9,4,7,281,84218326,11373,20962500,5600392,15000,15440
NL Club 75,7,37e480f2-8818-436e-b65b-9719795f9a20,AggressiveTraderBot_75,NL,Europe/Rome,AggressiveTraderBot,3,2,11,9,8,13,40,9,2,11,7,6,267,93456187,889,26590500,7980853,22400,22700
PL Club 66,7,1ffc700f-df07-4cb3-9160-c002853d225d,SocialBot_66,PL,Europe/Warsaw,SocialBot,3,2,2,9,13,8,35,8,7,8,5,4,277,91473045,21348,23776200,5955910,15000,12000
PL Club 76,7,b23385df-b985-4223-966b-add6e40c4be3,YouthFocusedBot_76,PL,Europe/Madrid,YouthFocusedBot,3,2,12,8,9,13,37,7,6,9,6,4,280,62427439,1853,20953200,3391049,21800,21500
PT Club 70,7,fdeb42be-2d98-4817-947d-eccd1ee9099a,YouthFocusedBot_70,PT,Europe/Madrid,YouthFocusedBot,3,2,6,28,0,2,86,8,6,8,8,3,294,101276977,331,26600100,6126120,22000,23500
PT Club 80,7,44926543-0b06-49c2-91a1-5fafc287f8a7,ConservativeBot_80,PT,Europe/Paris,ConservativeBot,3,2,16,12,12,6,42,10,9,10,6,4,270,127206458,12076,29385000,5621861,15000,16440
AT Club 87,7,2f971dd6-c49a-485d-a73e-15fac9f7acd5,AggressiveTraderBot_87,AT,Europe/Rome,AggressiveTraderBot,3,3,7,11,12,7,40,9,3,9,6,7,293,95102885,1135,26589300,7106642,22400,22400
BE Club 89,7,ede53099-d1e3-440c-9a6e-4495ec33968a,LadderGrinderBot_89,BE,Europe/Amsterdam,LadderGrinderBot,3,3,9,11,10,9,42,6,6,6,3,5,297,67624648,17718,20947800,5712637,15000,10800
CH Club 88,7,a72bb731-f3c7-4261-9ba2-8799e372245b,YouthFocusedBot_88,CH,Europe/Madrid,YouthFocusedBot,3,3,8,12,11,7,43,6,2,8,5,3,282,51353397,1022,18141000,5710095,21400,21500
DE Club 81,7,b9db7abf-c9f8-47b8-94a5-8890b3ba7080,AggressiveTraderBot_81,DE,Europe/Rome,AggressiveTraderBot,3,3,1,14,9,7,49,8,6,9,4,6,270,81449852,-191,23757000,6302669,22100,23300
DE Club 91,7,74592459-a7bb-4a79-9434-accb444c9ab0,NewManagerBot_91,DE,Europe/Berlin,NewManagerBot,3,3,11,27,0,3,84,7,7,7,6,7,295,103345212,16727,23789700,4861618,15000,12600
ES Club 84,7,5b65d8a2-6044-457f-826f-6063f988c48b,SocialBot_84,ES,Europe/Warsaw,SocialBot,3,3,4,15,5,10,55,7,7,7,7,3,292,98295065,18334,23783400,5573261,15000,12880
ES Club 94,7,7cc7d05c-edfd-47bb-8f42-12cd8431ba5e,YouthFocusedBot_94,ES,Europe/Madrid,YouthFocusedBot,3,3,14,11,11,8,41,6,6,9,6,8,272,61252024,-212,18159000,4329542,21500,22000
FR Club 82,7,cbc044f2-2f89-425b-96a1-e137bdefe31f,YouthFocusedBot_82,FR,Europe/Madrid,YouthFocusedBot,3,3,2,9,14,7,34,7,4,9,4,3,272,76076887,468,23748000,3390132,21500,22600
FR Club 92,7,2d92d7ee-ce39-4bc5-aa23-2ca1043b3e8d,ConservativeBot_92,FR,Europe/Paris,ConservativeBot,3,3,12,0,27,3,3,6,9,9,7,5,257,65607387,13879,18158100,4166114,15000,13040
IT Club 83,7,de645a93-8bad-4e63-a444-7e0719816b72,LadderGrinderBot_83,IT,Europe/Amsterdam,LadderGrinderBot,3,3,3,5,15,10,25,4,9,12,4,5,277,43815134,13434,15299700,5649497,15000,13040
IT Club 93,7,75078879-532f-4145-bdba-11805f8bce9f,AggressiveTraderBot_93,IT,Europe/Rome,AggressiveTraderBot,3,3,13,11,11,8,41,1,2,10,3,3,296,-1181164,2250,6863400,8282518,18500,16400
NL Club 85,7,84408bb9-0db2-4086-b1e8-c98e015aaa12,NewManagerBot_85,NL,Europe/Berlin,NewManagerBot,3,3,5,8,13,9,33,7,11,11,8,6,280,70624438,11736,20967900,3430119,15000,11200
NL Club 95,7,66572111-2ff4-451b-9150-8a7f66ca32c7,LadderGrinderBot_95,NL,Europe/Amsterdam,LadderGrinderBot,3,3,15,0,27,3,3,8,7,8,7,6,263,88088901,14438,26601000,3503003,15000,16080
PL Club 86,7,1a741654-624a-4807-9b41-9645185d7c8b,ConservativeBot_86,PL,Europe/Paris,ConservativeBot,3,3,6,13,8,9,48,5,9,9,9,7,268,44489376,19487,18183900,6293337,15000,13000
PL Club 96,7,23205a97-05fe-4e5b-bb68-2f34abd36882,SocialBot_96,PL,Europe/Warsaw,SocialBot,3,3,16,27,0,3,84,7,8,8,5,8,294,66779168,25436,20962500,5444710,15000,11600
PT Club 90,7,9fd8eec7-4860-48c6-9b0f-d3ac317b965f,SocialBot_90,PT,Europe/Warsaw,SocialBot,3,3,10,10,11,9,39,7,6,8,5,7,274,91330721,26781,20973600,4226919,15000,11200
AT Club 7,8,3fe71a77-ecd2-4016-8a30-7b61616f87fb,NewManagerBot_7,AT,Europe/Berlin,NewManagerBot,1,1,7,9,9,12,39,7,9,9,2,6,322,172276797,11621,34319100,4444187,15000,13440
BE Club 9,8,433e9f94-2ea8-4276-bda5-1567aaada803,AggressiveTraderBot_9,BE,Europe/Rome,AggressiveTraderBot,1,1,9,23,0,7,76,9,5,9,4,3,324,168612186,888,43536600,9497901,22300,22500
CH Club 8,8,a360fffe-4f47-404b-a3ce-1e8521ab5084,ConservativeBot_8,CH,Europe/Paris,ConservativeBot,1,1,8,9,9,12,39,7,8,11,9,3,302,225205486,19407,38951100,4381166,15000,10800
DE Club 1,8,60342169-5b3d-4aef-a3fc-5cde7cb4a190,NewManagerBot_1,DE,Europe/Berlin,NewManagerBot,1,1,1,8,10,12,36,8,10,11,8,4,322,204982469,20254,38943600,5441188,15000,11400
DE Club 11,8,7a7dbd68-0978-4127-9bef-08f32a1d90fe,LadderGrinderBot_11,DE,Europe/Amsterdam,LadderGrinderBot,1,1,11,8,11,11,35,5,10,11,6,4,306,140421118,14794,29724600,5275955,15000,14020
ES Club 14,8,bcb572ec-b227-4b21-87fc-2bc32b09815b,ConservativeBot_14,ES,Europe/Paris,ConservativeBot,1,1,14,3,21,6,15,5,9,12,5,4,286,138501057,13149,29700900,4800838,15000,16840
ES Club 4,8,0970c318-8891-49d6-ac02-b6edad04f998,YouthFocusedBot_4,ES,Europe/Madrid,YouthFocusedBot,1,1,4,26,0,4,82,5,6,9,8,6,317,97569514,1309,29757300,6755008,21300,20700
FR Club 12,8,7eab1a8a-57da-4f2e-aec6-4b1f409934ce,SocialBot_12,FR,Europe/Warsaw,SocialBot,1,1,12,11,8,11,44,7,12,12,8,4,319,215111935,16890,38948100,6006079,15000,14380
FR Club 2,8,105972e2-d768-4707-8113-6fdf60c3daeb,ConservativeBot_2,FR,Europe/Paris,ConservativeBot,1,1,2,10,8,12,42,7,10,10,7,5,298,245365487,15503,38946900,3859807,15000,16220
IT Club 13,8,4317646c-6307-4300-84a5-ea5b873fbfbe,NewManagerBot_13,IT,Europe/Berlin,NewManagerBot,1,1,13,21,3,6,69,10,12,12,3,7,311,257427368,14370,48131400,6485126,15000,13980
IT Club 3,8,456e6fc4-9583-4d82-b452-d4ae350e3db3,AggressiveTraderBot_3,IT,Europe/Rome,AggressiveTraderBot,1,1,3,0,26,4,4,4,5,9,9,4,285,75694285,1661,20533500,8907930,21800,22200
NL Club 15,8,7043d0a7-7c0b-4f62-89e3-e5468cee589e,AggressiveTraderBot_15,NL,Europe/Rome,AggressiveTraderBot,1,1,15,10,5,15,45,7,3,12,4,7,313,176549948,544,34306200,6949491,22700,22200
NL Club 5,8,90c20855-d6a3-4cc7-8e1c-bae8c83e2fe8,LadderGrinderBot_5,NL,Europe/Amsterdam,LadderGrinderBot,1,1,5,0,26,4,4,6,8,9,6,4,286,166807787,15971,29739600,4587418,15000,17060
PL Club 16,8,fbaa9901-0416-4c09-bf29-d0fab0c6c3e2,YouthFocusedBot_16,PL,Europe/Madrid,YouthFocusedBot,1,1,16,5,10,15,30,6,2,11,6,8,300,147651748,2021,29738100,5108241,21800,20700
PL Club 6,8,db770079-4c31-418e-9a47-fab14deb99b1,SocialBot_6,PL,Europe/Warsaw,SocialBot,1,1,6,26,0,4,82,11,10,11,4,6,329,256441508,19364,52742400,5105353,15000,13820
PT Club 10,8,8646e00d-cc1a-405a-893f-a7b6e8772589,YouthFocusedBot_10,PT,Europe/Madrid,YouthFocusedBot,1,1,10,0,23,7,7,8,2,10,7,9,286,206585963,790,38961900,3756942,21900,21900
AT Club 17,8,ac0ae0c3-4ed2-4c3f-a536-d98ea02a0b63,LadderGrinderBot_17,AT,Europe/Amsterdam,LadderGrinderBot,2,1,1,13,7,10,49,4,11,11,6,4,306,86870027,12091,19697400,6359672,15000,14600
AT Club 27,8,65f642c8-f5d4-44a3-8c30-3a77f89d7ac6,AggressiveTraderBot_27,AT,Europe/Rome,AggressiveTraderBot,2,1,11,11,13,6,39,8,2,9,3,6,312,153515463,516,34129800,7679040,22200,21900
BE Club 19,8,bd9174d6-0714-47ce-badc-ede9a0274f98,NewManagerBot_19,BE,Europe/Berlin,NewManagerBot,2,1,3,11,11,8,41,8,7,9,7,7,286,144710414,19217,30566100,4821874,15000,12600
BE Club 29,8,93299a02-7fe5-4512-993f-a82d97300fba,LadderGrinderBot_29,BE,Europe/Amsterdam,LadderGrinderBot,2,1,13,0,26,4,4,6,8,10,8,4,295,94839125,18837,23314200,6186144,15000,10400
CH Club 18,8,9378a293-7e4e-469c-ab5c-d78e5992cc30,SocialBot_18,CH,Europe/Warsaw,SocialBot,2,1,2,7,13,10,31,6,8,9,5,7,286,99315761,22134,26939700,4960464,15000,14060
CH Club 28,8,3afc330a-01a3-4c7e-bc16-9138bb74fa9d,YouthFocusedBot_28,CH,Europe/Madrid,YouthFocusedBot,2,1,12,13,11,6,45,10,4,10,6,3,296,199230691,1736,37761900,3795340,21900,21100
DE Club 21,8,0705089d-244c-4e90-ac5b-b67716cd4df3,AggressiveTraderBot_21,DE,Europe/Rome,AggressiveTraderBot,2,1,5,7,12,11,32,4,5,7,5,6,305,68394106,48,19728300,5653995,22100,22500
DE Club 31,8,b534052b-42a5-4dad-a4c7-978503f663c1,NewManagerBot_31,DE,Europe/Berlin,NewManagerBot,2,1,15,8,10,12,36,7,9,9,8,8,289,168389766,13936,30573600,4493026,15000,13440
ES Club 24,8,c6ba20b0-4256-45a5-93b0-eaad25da20d8,SocialBot_24,ES,Europe/Warsaw,SocialBot,2,1,8,9,8,13,40,7,9,9,4,7,291,167446300,28572,30544800,5101219,15000,15440
FR Club 22,8,185a3c1c-5633-46dd-880a-aac0984882d1,YouthFocusedBot_22,FR,Europe/Madrid,YouthFocusedBot,2,1,6,12,7,11,47,10,2,10,5,3,324,208635135,1543,41351400,4231132,21600,21100
FR Club 32,8,33a6c81c-d216-4865-8c41-e849edb3d4c2,ConservativeBot_32,FR,Europe/Paris,ConservativeBot,2,1,16,10,8,12,42,7,7,9,5,5,292,97898906,17375,26930700,4202614,15000,14480
IT Club 23,8,1dd5d330-5033-4d78-9a15-40cf9515cc07,LadderGrinderBot_23,IT,Europe/Amsterdam,LadderGrinderBot,2,1,7,8,9,13,37,7,9,9,7,4,290,100890479,12575,26934900,5985655,15000,15440
NL Club 25,8,863fa920-eb66-4f3e-9ecb-23ee5b0a2147,NewManagerBot_25,NL,Europe/Berlin,NewManagerBot,2,1,9,13,9,8,47,4,10,13,7,3,326,58603820,12354,16065300,5050956,15000,14020
PL Club 26,8,5d3c393f-1ca7-47d3-b02a-8030bcdc94e0,ConservativeBot_26,PL,Europe/Paris,ConservativeBot,2,1,10,9,13,8,35,8,8,10,8,6,304,135610600,19935,30569700,3716893,15000,11400
PT Club 20,8,edbe36bf-fd58-4a0d-b72b-68f37df6b422,ConservativeBot_20,PT,Europe/Paris,ConservativeBot,2,1,4,11,11,8,41,7,9,9,5,5,304,126527695,16970,30540300,5541026,15000,14840
PT Club 30,8,dbe26a47-ec47-4643-b078-b42e47d3a6f2,SocialBot_30,PT,Europe/Warsaw,SocialBot,2,1,14,26,0,4,82,8,8,8,6,3,326,138011777,24484,30546900,6711433,15000,14260
AT Club 37,8,f29e975d-d8a4-4a62-bac9-541f0a0eee01,NewManagerBot_37,AT,Europe/Berlin,NewManagerBot,2,2,5,7,12,11,32,6,7,8,8,6,290,76531562,15859,23350800,4298451,15000,14680
AT Club 47,8,02a87f4b-ab4e-4d03-adad-d678d2cd0302,LadderGrinderBot_47,AT,Europe/Amsterdam,LadderGrinderBot,2,2,15,10,11,9,39,7,6,11,5,3,305,141408594,19527,30524400,5612214,15000,13000
BE Club 39,8,5b313a53-4c83-4183-96af-4e8ccc3c50c7,AggressiveTraderBot_39,BE,Europe/Rome,AggressiveTraderBot,2,2,7,10,8,12,42,5,4,12,4,7,292,100928035,1048,23292900,7264625,22300,21200
CH Club 38,8,31941f34-7841-48e8-973c-b0e59838e222,ConservativeBot_38,CH,Europe/Paris,ConservativeBot,2,2,6,12,7,11,47,11,11,14,2,4,304,201283875,12300,41317200,7570884,15000,15400
CH Club 48,8,9b82d563-ce08-4538-b6a6-dd19a3c97e1f,SocialBot_48,CH,Europe/Warsaw,SocialBot,2,2,16,11,10,9,42,2,10,12,5,4,302,54724693,15961,12447900,5972156,15000,13220
DE Club 41,8,a9e0c83a-53da-4ac0-ad7c-4b0e2fa6e163,LadderGrinderBot_41,DE,Europe/Amsterdam,LadderGrinderBot,2,2,9,9,12,9,36,7,10,11,5,8,292,120957215,12294,26929200,8291628,15000,14020
ES Club 34,8,087b9ae0-6fdc-4b3e-81b5-64958689d718,YouthFocusedBot_34,ES,Europe/Madrid,YouthFocusedBot,2,2,2,9,6,15,42,8,5,10,5,2,318,147168448,1142,30527400,6542462,21500,21700
ES Club 44,8,e457cf23-a7cb-44b3-bbbd-ab1129f58ec0,ConservativeBot_44,ES,Europe/Paris,ConservativeBot,2,2,12,3,21,6,15,3,8,8,5,6,286,47058246,17462,12486900,8949291,15000,14460
FR Club 42,8,260b1adc-d0aa-49cf-b19c-4409f159460e,SocialBot_42,FR,Europe/Warsaw,SocialBot,2,2,10,12,9,9,45,6,11,11,5,6,306,89112259,25990,23311500,4294022,15000,12800
IT Club 33,8,9f6f161f-95b7-42b7-a258-cbd0543c61a9,AggressiveTraderBot_33,IT,Europe/Rome,AggressiveTraderBot,2,2,1,6,9,15,33,9,4,12,10,4,323,141836409,56,34159500,5713234,22400,23700
IT Club 43,8,2b214729-72c6-4386-a05d-dac6be575cb8,NewManagerBot_43,IT,Europe/Berlin,NewManagerBot,2,2,11,21,3,6,69,7,11,14,6,7,315,149002073,14473,30523500,5408562,15000,14800
NL Club 35,8,87ce9b67-bc5f-4cb2-9656-11581972cd0a,LadderGrinderBot_35,NL,Europe/Amsterdam,LadderGrinderBot,2,2,3,8,14,8,32,8,8,9,5,8,311,161425957,17573,34162500,3067213,15000,12000
NL Club 45,8,f67abc68-4b09-45f1-91ae-bcb6b15c902a,AggressiveTraderBot_45,NL,Europe/Rome,AggressiveTraderBot,2,2,13,12,10,8,44,9,5,12,8,6,324,155762598,1557,34152300,8416007,22200,21100
PL Club 36,8,5f83f8c6-af3b-4f93-b480-3977c07226b5,SocialBot_36,PL,Europe/Warsaw,SocialBot,2,2,4,14,8,8,50,5,8,12,7,5,310,111729418,17917,23300100,4807338,15000,14060
PL Club 46,8,359bd3ac-434f-4bf2-a012-cf5d2d9032fc,YouthFocusedBot_46,PL,Europe/Madrid,YouthFocusedBot,2,2,14,10,12,8,38,9,4,12,5,6,307,165711774,39,34135500,4216630,21700,21700
PT Club 40,8,a9d1c5ae-7500-4899-9ce5-188751e92bc0,YouthFocusedBot_40,PT,Europe/Madrid,YouthFocusedBot,2,2,8,8,10,12,36,8,6,8,7,4,307,173505950,577,34165200,5756011,21700,23200
AT Club 57,8,46b265df-173c-47d2-8e1e-dfe693aabbe0,AggressiveTraderBot_57,AT,Europe/Rome,AggressiveTraderBot,3,1,9,27,0,3,84,8,5,12,9,5,325,80713225,49,23778600,8444771,22100,22500
BE Club 49,8,2c532bab-68f4-4c5a-b143-45b6c8d83211,NewManagerBot_49,BE,Europe/Berlin,NewManagerBot,3,1,1,10,10,10,40,6,9,9,8,7,310,86370119,18673,20979300,5263894,15000,11800
BE Club 59,8,af4fb2d5-fa95-41fb-b8af-a0eb7c4197fb,LadderGrinderBot_59,BE,Europe/Amsterdam,LadderGrinderBot,3,1,11,0,27,3,3,7,7,8,4,8,291,109025055,18177,23781600,4480208,15000,13000
CH Club 58,8,7354403b-add9-4e68-a3ae-80e453c9493b,YouthFocusedBot_58,CH,Europe/Madrid,YouthFocusedBot,3,1,10,0,27,3,3,8,2,8,7,4,294,100867973,1130,23784900,6009362,21500,21300
DE Club 51,8,c6d5d63d-05a8-4ebb-8969-d9270762f9ac,AggressiveTraderBot_51,DE,Europe/Rome,AggressiveTraderBot,3,1,3,10,11,9,39,10,3,10,8,5,322,97107433,218,29408700,9156796,22300,23200
DE Club 61,8,88f1b614-18d5-454f-ab33-76193c96e9c1,NewManagerBot_61,DE,Europe/Berlin,NewManagerBot,3,1,13,11,9,10,43,8,7,9,4,8,325,113673988,19054,23766000,7266993,15000,11400
ES Club 54,8,3ed722fb-ea9c-41e3-9890-64b5f1d065cb,SocialBot_54,ES,Europe/Warsaw,SocialBot,3,1,6,12,11,7,43,9,8,12,8,3,298,118016961,14418,26577600,6089908,15000,12600
ES Club 64,8,dcb92066-7a8e-4464-b2f5-ebd51d22b141,YouthFocusedBot_64,ES,Europe/Madrid,YouthFocusedBot,3,1,16,12,12,6,42,6,2,11,5,2,299,88890373,1742,18114000,5614953,21900,20900
FR Club 52,8,b2fb41be-b58a-4b22-a390-f8e6bd3e1862,YouthFocusedBot_52,FR,Europe/Madrid,YouthFocusedBot,3,1,4,11,10,9,42,2,4,10,5,5,299,35561521,1179,9703200,4732385,21900,22300
FR Club 62,8,825c13ba-7e2b-4973-88d6-4ca4b036764d,ConservativeBot_62,FR,Europe/Paris,ConservativeBot,3,1,14,9,11,10,37,7,12,12,10,6,314,68868441,15708,20984100,6540316,15000,14780
IT Club 53,8,cc36e2b6-1fc0-4d7e-9c3b-0fc18fb1be20,LadderGrinderBot_53,IT,Europe/Amsterdam,LadderGrinderBot,3,1,5,11,12,7,40,8,8,8,6,5,313,112769556,15698,23776200,6850642,15000,13460
IT Club 63,8,9f919296-3581-42e0-a49f-158ddd554818,AggressiveTraderBot_63,IT,Europe/Rome,AggressiveTraderBot,3,1,15,12,12,6,42,6,5,9,5,5,311,76854719,1375,20954100,4825229,22600,22600
NL Club 55,8,d88f6c05-bc9f-4f15-a898-8586cf76721d,NewManagerBot_55,NL,Europe/Berlin,NewManagerBot,3,1,7,10,13,7,37,7,7,7,6,4,319,90808318,19656,20964600,2853266,15000,12800
PL Club 56,8,3577bce9-59e5-4412-ab6b-1e1679b4251c,ConservativeBot_56,PL,Europe/Paris,ConservativeBot,3,1,8,13,10,7,46,7,9,9,7,2,326,96023659,14253,23768400,7031547,15000,16040
PT Club 50,8,e59f2d7c-ec78-46f7-8ecb-9e36a7f7d221,ConservativeBot_50,PT,Europe/Paris,ConservativeBot,3,1,2,10,10,10,40,7,7,7,6,6,320,124476703,20088,23793300,3820577,15000,11800
PT Club 60,8,3858852e-63b3-4a7e-b87f-39f1b842af70,SocialBot_60,PT,Europe/Warsaw,SocialBot,3,1,12,27,0,3,84,5,7,12,8,4,326,44751940,16506,15327600,5083229,15000,14200
AT Club 67,8,ee9f963f-858c-46e5-96ab-dc0e12e5628b,NewManagerBot_67,AT,Europe/Berlin,NewManagerBot,3,2,3,9,11,10,37,8,10,14,6,3,293,119852326,17273,23730300,5276364,15000,14820
AT Club 77,8,303dcc52-a238-4f31-a460-2cfc8a3af71f,LadderGrinderBot_77,AT,Europe/Amsterdam,LadderGrinderBot,3,2,13,6,15,9,27,9,9,13,6,7,295,104807501,13079,26559300,4355841,15000,13200
BE Club 69,8,134d33c8-e2dd-4d15-86bc-8222b7392d2d,AggressiveTraderBot_69,BE,Europe/Rome,AggressiveTraderBot,3,2,5,0,26,4,4,9,6,12,7,6,291,112362527,1343,29387100,8734097,22100,20900
BE Club 79,8,78197d87-aa04-4f1e-b3fd-52a6eb74d8cd,NewManagerBot_79,BE,Europe/Berlin,NewManagerBot,3,2,15,15,8,7,52,7,12,12,6,3,315,88172262,13831,20925600,4411706,15000,15380
CH Club 68,8,97e0d4a2-4b6e-42f4-9597-e7a030c6d709,ConservativeBot_68,CH,Europe/Paris,ConservativeBot,3,2,4,11,9,10,43,7,9,12,8,6,299,77356066,15093,20960400,3665119,15000,13640
CH Club 78,8,b1b9e616-5acc-4dd8-b611-e55cb44189a2,SocialBot_78,CH,Europe/Warsaw,SocialBot,3,2,14,15,6,9,54,9,7,11,3,8,322,117182639,24222,29378700,4852025,15000,13480
DE Club 71,8,7c458915-8e83-42b8-93c3-9c87ca01f053,LadderGrinderBot_71,DE,Europe/Amsterdam,LadderGrinderBot,3,2,7,10,11,9,39,7,9,11,7,4,328,104379274,11380,23754300,4783343,15000,14840
ES Club 74,8,0f1755f5-458e-4abc-9e65-fb68a876d176,ConservativeBot_74,ES,Europe/Paris,ConservativeBot,3,2,10,10,14,6,36,6,8,8,4,6,327,81040116,19403,18146400,5144674,15000,10800
FR Club 72,8,097bbfea-3583-49a7-8998-464b288da9f6,SocialBot_72,FR,Europe/Warsaw,SocialBot,3,2,8,11,10,9,42,9,11,11,8,9,312,105171770,17570,26604600,5224711,15000,11600
IT Club 73,8,b3813095-e065-4e5d-92cf-24cf68c5c976,NewManagerBot_73,IT,Europe/Berlin,NewManagerBot,3,2,9,14,10,6,48,8,9,11,7,6,321,85851858,16470,23778900,2950475,15000,16440
NL Club 65,8,c17afd47-ce14-4754-9441-36ddb100e92e,LadderGrinderBot_65,NL,Europe/Amsterdam,LadderGrinderBot,3,2,1,11,11,8,41,7,9,9,5,7,311,105121332,15773,23766600,2863594,15000,10600
NL Club 75,8,37e480f2-8818-436e-b65b-9719795f9a20,AggressiveTraderBot_75,NL,Europe/Rome,AggressiveTraderBot,3,2,11,10,11,9,39,10,2,12,7,6,297,115286426,989,29394600,7564361,22500,22400
PL Club 66,8,1ffc700f-df07-4cb3-9160-c002853d225d,SocialBot_66,PL,Europe/Warsaw,SocialBot,3,2,2,11,11,8,41,8,7,9,5,5,307,115519438,25748,26580300,2533907,15000,10600
PL Club 76,8,b23385df-b985-4223-966b-add6e40c4be3,YouthFocusedBot_76,PL,Europe/Madrid,YouthFocusedBot,3,2,12,11,10,9,42,7,6,10,6,5,310,81261176,953,23769300,4935563,21800,22700
PT Club 70,8,fdeb42be-2d98-4817-947d-eccd1ee9099a,YouthFocusedBot_70,PT,Europe/Madrid,YouthFocusedBot,3,2,6,26,0,4,82,8,6,8,8,3,324,124641770,1631,26600100,3235307,21900,20600
PT Club 80,8,44926543-0b06-49c2-91a1-5fafc287f8a7,ConservativeBot_80,PT,Europe/Paris,ConservativeBot,3,2,16,8,15,7,31,11,10,11,7,5,300,151502585,11456,32196600,7900473,15000,15620
AT Club 87,8,2f971dd6-c49a-485d-a73e-15fac9f7acd5,AggressiveTraderBot_87,AT,Europe/Rome,AggressiveTraderBot,3,3,7,9,3,18,45,9,3,9,6,7,323,117774528,1835,29406000,6734357,21900,21200
BE Club 89,8,ede53099-d1e3-440c-9a6e-4495ec33968a,LadderGrinderBot_89,BE,Europe/Amsterdam,LadderGrinderBot,3,3,9,6,10,14,32,6,7,7,4,5,327,82350371,16438,20960400,6234677,15000,16280
CH Club 88,8,a72bb731-f3c7-4261-9ba2-8799e372245b,YouthFocusedBot_88,CH,Europe/Madrid,YouthFocusedBot,3,3,8,3,9,18,27,6,2,8,5,4,312,69043168,222,20952600,3262829,21600,22400
DE Club 81,8,b9db7abf-c9f8-47b8-94a5-8890b3ba7080,AggressiveTraderBot_81,DE,Europe/Rome,AggressiveTraderBot,3,3,1,13,9,8,47,8,6,10,5,7,300,102790732,1409,26573700,5232820,22500,20900
DE Club 91,8,74592459-a7bb-4a79-9434-accb444c9ab0,NewManagerBot_91,DE,Europe/Berlin,NewManagerBot,3,3,11,26,0,4,82,8,8,8,6,7,325,122991394,17067,23797800,4151618,15000,14660
ES Club 84,8,5b65d8a2-6044-457f-826f-6063f988c48b,SocialBot_84,ES,Europe/Warsaw,SocialBot,3,3,4,12,9,9,45,7,8,8,8,3,322,117933411,18474,23787900,4149554,15000,14860
ES Club 94,8,7cc7d05c-edfd-47bb-8f42-12cd8431ba5e,YouthFocusedBot_94,ES,Europe/Madrid,YouthFocusedBot,3,3,14,10,9,11,41,6,6,9,7,9,302,76091113,388,20975700,6136611,21900,21300
FR Club 82,8,cbc044f2-2f89-425b-96a1-e137bdefe31f,YouthFocusedBot_82,FR,Europe/Madrid,YouthFocusedBot,3,3,2,9,13,8,35,8,4,9,5,3,302,96388535,1868,23748600,3436952,21500,20100
FR Club 92,8,2d92d7ee-ce39-4bc5-aa23-2ca1043b3e8d,ConservativeBot_92,FR,Europe/Paris,ConservativeBot,3,3,12,0,26,4,4,7,9,9,8,5,287,80698005,17879,20970300,5879682,15000,11000
IT Club 83,8,de645a93-8bad-4e63-a444-7e0719816b72,LadderGrinderBot_83,IT,Europe/Amsterdam,LadderGrinderBot,3,3,3,9,12,9,36,5,10,12,4,6,307,53372252,13614,15300300,5743182,15000,14820
IT Club 93,8,75078879-532f-4145-bdba-11805f8bce9f,AggressiveTraderBot_93,IT,Europe/Rome,AggressiveTraderBot,3,3,13,9,10,11,38,1,3,10,3,3,326,-872171,1190,6863400,6554407,15500,16560
NL Club 85,8,84408bb9-0db2-4086-b1e8-c98e015aaa12,NewManagerBot_85,NL,Europe/Berlin,NewManagerBot,3,3,5,7,11,12,33,7,12,12,8,7,310,89910025,12556,23779500,4493913,15000,14180
NL Club 95,8,66572111-2ff4-451b-9150-8a7f66ca32c7,LadderGrinderBot_95,NL,Europe/Amsterdam,LadderGrinderBot,3,3,15,0,27,3,3,8,8,8,7,6,293,108892051,16378,26605500,5802350,15000,13060
PL Club 86,8,1a741654-624a-4807-9b41-9645185d7c8b,ConservativeBot_86,PL,Europe/Paris,ConservativeBot,3,3,6,11,7,12,45,6,10,10,9,7,298,58359616,17067,18183900,4313660,15000,17420
PL Club 96,8,23205a97-05fe-4e5b-bb68-2f34abd36882,SocialBot_96,PL,Europe/Warsaw,SocialBot,3,3,16,27,0,3,84,7,9,9,5,8,324,85290385,25996,23786700,5275483,15000,14440
PT Club 90,8,9fd8eec7-4860-48c6-9b0f-d3ac317b965f,SocialBot_90,PT,Europe/Warsaw,SocialBot,3,3,10,10,6,14,44,8,7,8,6,7,304,108448814,28301,23782200,6664107,15000,13480
AT Club 7,9,3fe71a77-ecd2-4016-8a30-7b61616f87fb,NewManagerBot_7,AT,Europe/Berlin,NewManagerBot,1,1,7,13,9,8,47,7,9,9,2,7,352,207485864,16221,38923500,3714433,15000,10400
BE Club 9,9,433e9f94-2ea8-4276-bda5-1567aaada803,AggressiveTraderBot_9,BE,Europe/Rome,AggressiveTraderBot,1,1,9,28,0,2,86,9,5,9,4,4,354,207729993,188,48141000,9023193,22500,23200
CH Club 8,9,a360fffe-4f47-404b-a3ce-1e8521ab5084,ConservativeBot_8,CH,Europe/Paris,ConservativeBot,1,1,8,9,13,8,35,8,9,12,10,4,332,259522705,20367,38951700,4634481,15000,14040
DE Club 1,9,60342169-5b3d-4aef-a3fc-5cde7cb4a190,NewManagerBot_1,DE,Europe/Berlin,NewManagerBot,1,1,1,7,10,13,34,9,11,11,8,4,352,244546817,16854,43555500,3991152,15000,18400
DE Club 11,9,7a7dbd68-0978-4127-9bef-08f32a1d90fe,LadderGrinderBot_11,DE,Europe/Amsterdam,LadderGrinderBot,1,1,11,9,11,10,37,6,11,11,7,5,336,167457865,14394,29717100,2680353,15000,15400
ES Club 14,9,bcb572ec-b227-4b21-87fc-2bc32b09815b,ConservativeBot_14,ES,Europe/Paris,ConservativeBot,1,1,14,7,21,2,23,5,9,12,6,4,316,163903257,16349,29701500,4299300,15000,11800
ES Club 4,9,0970c318-8891-49d6-ac02-b6edad04f998,YouthFocusedBot_4,ES,Europe/Madrid,YouthFocusedBot,1,1,4,27,0,3,84,5,6,9,9,6,347,123480164,509,29757300,3846650,21800,22600
FR Club 12,9,7eab1a8a-57da-4f2e-aec6-4b1f409934ce,SocialBot_12,FR,Europe/Warsaw,SocialBot,1,1,12,11,9,10,43,7,12,13,8,5,349,246445018,20690,38940600,7607517,15000,11200
FR Club 2,9,105972e2-d768-4707-8113-6fdf60c3daeb,ConservativeBot_2,FR,Europe/Paris,ConservativeBot,1,1,2,10,7,13,43,8,10,10,7,5,328,279322551,17703,38952000,4994936,15000,12800
IT Club 13,9,4317646c-6307-4300-84a5-ea5b873fbfbe,NewManagerBot_13,IT,Europe/Berlin,NewManagerBot,1,1,13,21,7,2,65,11,12,12,3,7,341,306242027,18170,52735800,3921141,15000,11200
IT Club 3,9,456e6fc4-9583-4d82-b452-d4ae350e3db3,AggressiveTraderBot_3,IT,Europe/Rome,AggressiveTraderBot,1,1,3,0,27,3,3,5,5,10,10,4,315,95648421,1961,25149000,5194864,22600,22300
NL Club 15,9,7043d0a7-7c0b-4f62-89e3-e5468cee589e,AggressiveTraderBot_15,NL,Europe/Rome,AggressiveTraderBot,1,1,15,9,11,10,37,7,3,12,4,7,343,210018935,1344,38921700,5452713,22100,21300
NL Club 5,9,90c20855-d6a3-4cc7-8e1c-bae8c83e2fe8,LadderGrinderBot_5,NL,Europe/Amsterdam,LadderGrinderBot,1,1,5,0,25,5,5,7,8,9,7,4,316,197166284,19571,34339500,3981003,15000,11400
PL Club 16,9,fbaa9901-0416-4c09-bf29-d0fab0c6c3e2,YouthFocusedBot_16,PL,Europe/Madrid,YouthFocusedBot,1,1,16,11,9,10,43,6,2,12,6,9,330,174632673,-379,34342500,7361575,22000,24400
PL Club 6,9,db770079-4c31-418e-9a47-fab14deb99b1,SocialBot_6,PL,Europe/Warsaw,SocialBot,1,1,6,25,0,5,80,12,10,12,4,6,359,310694961,22964,57354300,3100847,15000,11400
PT Club 10,9,8646e00d-cc1a-405a-893f-a7b6e8772589,YouthFocusedBot_10,PT,Europe/Madrid,YouthFocusedBot,1,1,10,0,28,2,2,9,2,11,8,9,316,243930395,1490,43577400,6232968,21600,20900
AT Club 17,9,ac0ae0c3-4ed2-4c3f-a536-d98ea02a0b63,LadderGrinderBot_17,AT,Europe/Amsterdam,LadderGrinderBot,2,1,1,11,11,8,41,4,11,12,6,4,336,99435592,15291,19689900,7124335,15000,11800
AT Club 27,9,65f642c8-f5d4-44a3-8c30-3a77f89d7ac6,AggressiveTraderBot_27,AT,Europe/Rome,AggressiveTraderBot,2,1,11,6,8,16,34,9,2,10,3,6,342,179653764,516,34142400,8004099,22900,22900
BE Club 19,9,bd9174d6-0714-47ce-badc-ede9a0274f98,NewManagerBot_19,BE,Europe/Berlin,NewManagerBot,2,1,3,9,11,10,37,9,8,10,8,8,316,172728224,19557,34179300,6161490,15000,14660
BE Club 29,9,93299a02-7fe5-4512-993f-a82d97300fba,LadderGrinderBot_29,BE,Europe/Amsterdam,LadderGrinderBot,2,1,13,0,28,2,2,7,9,10,8,4,325,117411508,15797,26940000,4367617,15000,18040
CH Club 18,9,9378a293-7e4e-469c-ab5c-d78e5992cc30,SocialBot_18,CH,Europe/Warsaw,SocialBot,2,1,2,11,11,8,41,7,8,9,6,8,316,120421510,26934,26936700,5830951,15000,10200
CH Club 28,9,3afc330a-01a3-4c7e-bc16-9138bb74fa9d,YouthFocusedBot_28,CH,Europe/Madrid,YouthFocusedBot,2,1,12,8,6,16,40,10,4,10,7,4,326,235828976,736,41372100,4773815,21800,22800
DE Club 21,9,0705089d-244c-4e90-ac5b-b67716cd4df3,AggressiveTraderBot_21,DE,Europe/Rome,AggressiveTraderBot,2,1,5,6,8,16,34,5,5,7,6,6,335,79696697,-52,19720800,8418209,22200,22300
DE Club 31,9,b534052b-42a5-4dad-a4c7-978503f663c1,NewManagerBot_31,DE,Europe/Berlin,NewManagerBot,2,1,15,9,8,13,40,7,10,10,9,8,319,194231589,14516,30578700,4736877,15000,14420
ES Club 24,9,c6ba20b0-4256-45a5-93b0-eaad25da20d8,SocialBot_24,ES,Europe/Warsaw,SocialBot,2,1,8,13,7,10,49,8,10,10,5,7,321,194162529,29952,30541800,3825571,15000,13620
FR Club 22,9,185a3c1c-5633-46dd-880a-aac0984882d1,YouthFocusedBot_22,FR,Europe/Madrid,YouthFocusedBot,2,1,6,8,6,16,40,10,2,10,5,3,354,244826350,1043,41364000,5172785,21600,22100
FR Club 32,9,33a6c81c-d216-4865-8c41-e849edb3d4c2,ConservativeBot_32,FR,Europe/Paris,ConservativeBot,2,1,16,8,9,13,37,8,8,10,6,5,322,121310503,18315,30540900,7129303,15000,14060
IT Club 23,9,1dd5d330-5033-4d78-9a15-40cf9515cc07,LadderGrinderBot_23,IT,Europe/Amsterdam,LadderGrinderBot,2,1,7,7,13,10,31,8,10,10,7,4,320,128148723,14555,30552600,3294356,15000,13020
NL Club 25,9,863fa920-eb66-4f3e-9ecb-23ee5b0a2147,NewManagerBot_25,NL,Europe/Berlin,NewManagerBot,2,1,9,10,11,9,39,5,11,14,8,4,356,71900068,12354,19678500,6382252,15000,15000
PL Club 26,9,5d3c393f-1ca7-47d3-b02a-8030bcdc94e0,ConservativeBot_26,PL,Europe/Paris,ConservativeBot,2,1,10,11,10,9,42,8,9,11,9,7,334,163121208,18495,34175400,6664792,15000,16440
PT Club 20,9,edbe36bf-fd58-4a0d-b72b-68f37df6b422,ConservativeBot_20,PT,Europe/Paris,ConservativeBot,2,1,4,11,9,10,43,8,9,9,5,6,334,149422104,20370,30540900,7646491,15000,11600
PT Club 30,9,dbe26a47-ec47-4643-b078-b42e47d3a6f2,SocialBot_30,PT,Europe/Warsaw,SocialBot,2,1,14,28,0,2,86,8,8,8,6,4,356,166298208,27884,34160700,5874269,15000,11600
AT Club 37,9,f29e975d-d8a4-4a62-bac9-541f0a0eee01,NewManagerBot_37,AT,Europe/Berlin,NewManagerBot,2,2,5,13,7,10,49,6,7,9,8,6,320,98371257,18659,26964000,5124305,15000,12200
AT Club 47,9,02a87f4b-ab4e-4d03-adad-d678d2cd0302,LadderGrinderBot_47,AT,Europe/Amsterdam,LadderGrinderBot,2,2,15,8,12,10,34,8,7,12,5,4,335,166994588,17847,30516900,4930906,15000,16680
BE Club 39,9,5b313a53-4c83-4183-96af-4e8ccc3c50c7,AggressiveTraderBot_39,BE,Europe/Rome,AggressiveTraderBot,2,2,7,7,11,12,33,6,4,12,4,7,322,117400480,1848,23292900,6820455,22700,21900
CH Club 38,9,31941f34-7841-48e8-973c-b0e59838e222,ConservativeBot_38,CH,Europe/Paris,ConservativeBot,2,2,6,7,13,10,31,12,11,15,2,4,334,241223011,14300,44927400,4988264,15000,13000
CH Club 48,9,9b82d563-ce08-4538-b6a6-dd19a3c97e1f,SocialBot_48,CH,Europe/Warsaw,SocialBot,2,2,16,12,8,10,46,3,11,13,5,4,332,64124929,16361,12447900,3047664,15000,14600
DE Club 41,9,a9e0c83a-53da-4ac0-ad7c-4b0e2fa6e163,LadderGrinderBot_41,DE,Europe/Amsterdam,LadderGrinderBot,2,2,9,10,8,12,42,8,10,11,5,9,322,146326101,14094,30539400,5170514,15000,13200
ES Club 34,9,087b9ae0-6fdc-4b3e-81b5-64958689d718,YouthFocusedBot_34,ES,Europe/Madrid,YouthFocusedBot,2,2,2,12,11,7,43,9,5,11,5,3,348,177633467,1042,34133100,3668081,21900,22000
ES Club 44,9,e457cf23-a7cb-44b3-bbbd-ab1129f58ec0,ConservativeBot_44,ES,Europe/Paris,ConservativeBot,2,2,12,3,23,4,13,3,8,8,6,6,316,58112914,19462,16100100,5045432,15000,13000
FR Club 42,9,260b1adc-d0aa-49cf-b19c-4409f159460e,SocialBot_42,FR,Europe/Warsaw,SocialBot,2,2,10,8,10,12,36,6,11,11,5,7,336,110942750,28990,26917200,5086709,15000,12000
IT Club 33,9,9f6f161f-95b7-42b7-a258-cbd0543c61a9,AggressiveTraderBot_33,IT,Europe/Rome,AggressiveTraderBot,2,2,1,11,12,7,40,10,4,12,10,4,353,169625928,-544,37780800,9991281,22500,23100
IT Club 43,9,2b214729-72c6-4386-a05d-dac6be575cb8,NewManagerBot_43,IT,Europe/Berlin,NewManagerBot,2,2,11,23,3,4,73,8,11,14,7,7,345,175597662,18673,30520500,3924911,15000,10800
NL Club 35,9,87ce9b67-bc5f-4cb2-9656-11581972cd0a,LadderGrinderBot_35,NL,Europe/Amsterdam,LadderGrinderBot,2,2,3,9,12,9,36,9,9,10,6,8,341,190635625,14933,34167600,4957932,15000,17640
NL Club 45,9,f67abc68-4b09-45f1-91ae-bcb6b15c902a,AggressiveTraderBot_45,NL,Europe/Rome,AggressiveTraderBot,2,2,13,7,11,12,33,9,5,13,9,6,354,186311213,357,37773600,7224985,22600,23800
PL Club 36,9,5f83f8c6-af3b-4f93-b480-3977c07226b5,SocialBot_36,PL,Europe/Warsaw,SocialBot,2,2,4,12,9,9,45,6,9,13,7,5,340,128649131,18677,23308200,6388487,15000,14240
PL Club 46,9,359bd3ac-434f-4bf2-a012-cf5d2d9032fc,YouthFocusedBot_46,PL,Europe/Madrid,YouthFocusedBot,2,2,14,11,7,12,45,10,4,13,6,7,337,198393270,639,37749300,5067804,22000,21400
PT Club 40,9,a9d1c5ae-7500-4899-9ce5-188751e92bc0,YouthFocusedBot_40,PT,Europe/Madrid,YouthFocusedBot,2,2,8,11,7,12,45,8,6,8,7,4,337,203234975,177,34173300,4444275,21600,22000
AT Club 57,9,46b265df-173c-47d2-8e1e-dfe693aabbe0,AggressiveTraderBot_57,AT,Europe/Rome,AggressiveTraderBot,3,1,9,26,0,4,82,9,5,13,10,6,355,98381677,949,26587200,8918748,22000,21100
BE Club 49,9,2c532bab-68f4-4c5a-b143-45b6c8d83211,NewManagerBot_49,BE,Europe/Berlin,NewManagerBot,3,1,1,7,12,11,32,7,10,10,9,7,340,101230672,18653,20987400,6126847,15000,15020
BE Club 59,9,af4fb2d5-fa95-41fb-b8af-a0eb7c4197fb,LadderGrinderBot_59,BE,Europe/Amsterdam,LadderGrinderBot,3,1,11,0,28,2,2,8,7,9,4,8,321,125635667,19377,23778600,7167988,15000,13800
CH Club 58,9,7354403b-add9-4e68-a3ae-80e453c9493b,YouthFocusedBot_58,CH,Europe/Madrid,YouthFocusedBot,3,1,10,0,26,4,4,9,2,9,7,4,324,123728424,130,26596500,3736049,21800,22800
DE Club 51,9,c6d5d63d-05a8-4ebb-8969-d9270762f9ac,AggressiveTraderBot_51,DE,Europe/Rome,AggressiveTraderBot,3,1,3,12,12,6,42,10,3,10,8,6,352,121543082,218,32217300,7781651,22200,22200
DE Club 61,9,88f1b614-18d5-454f-ab33-76193c96e9c1,NewManagerBot_61,DE,Europe/Berlin,NewManagerBot,3,1,13,11,8,11,44,9,7,10,5,8,355,134946108,21254,26582700,5310580,15000,12800
ES Club 54,9,3ed722fb-ea9c-41e3-9890-64b5f1d065cb,SocialBot_54,ES,Europe/Warsaw,SocialBot,3,1,6,11,8,11,44,10,9,12,8,3,328,142102537,16178,29381700,5296124,15000,13240
ES Club 64,9,dcb92066-7a8e-4464-b2f5-ebd51d22b141,YouthFocusedBot_64,ES,Europe/Madrid,YouthFocusedBot,3,1,16,8,10,12,36,6,2,12,5,2,329,105429364,1042,20925600,4386609,21700,22400
FR Club 52,9,b2fb41be-b58a-4b22-a390-f8e6bd3e1862,YouthFocusedBot_52,FR,Europe/Madrid,YouthFocusedBot,3,1,4,12,12,6,42,3,4,10,5,6,329,39538846,79,9700200,5722875,21700,22800
FR Club 62,9,825c13ba-7e2b-4973-88d6-4ca4b036764d,ConservativeBot_62,FR,Europe/Paris,ConservativeBot,3,1,14,8,11,11,35,7,13,13,10,7,344,89542479,16548,23788200,3114162,15000,14160
IT Club 53,9,cc36e2b6-1fc0-4d7e-9c3b-0fc18fb1be20,LadderGrinderBot_53,IT,Europe/Amsterdam,LadderGrinderBot,3,1,5,8,11,11,35,8,8,9,6,5,343,133275062,18698,26592900,6087394,15000,12000
IT Club 63,9,9f919296-3581-42e0-a49f-158ddd554818,AggressiveTraderBot_63,IT,Europe/Rome,AggressiveTraderBot,3,1,15,10,8,12,42,7,5,10,6,5,341,91478312,275,20954100,6330507,22400,23500
NL Club 55,9,d88f6c05-bc9f-4f15-a898-8586cf76721d,NewManagerBot_55,NL,Europe/Berlin,NewManagerBot,3,1,7,14,9,7,49,7,7,7,6,5,349,109569088,21656,23784300,5023530,15000,13000
PL Club 56,9,3577bce9-59e5-4412-ab6b-1e1679b4251c,ConservativeBot_56,PL,Europe/Paris,ConservativeBot,3,1,8,9,14,7,34,8,9,9,7,3,356,115905305,17453,23768400,3886754,15000,11800
PT Club 50,9,e59f2d7c-ec78-46f7-8ecb-9e36a7f7d221,ConservativeBot_50,PT,Europe/Paris,ConservativeBot,3,1,2,12,7,11,47,8,8,8,7,7,350,144467827,20228,23793300,3802176,15000,14860
PT Club 60,9,3858852e-63b3-4a7e-b87f-39f1b842af70,SocialBot_60,PT,Europe/Warsaw,SocialBot,3,1,12,28,0,2,86,5,8,13,8,4,356,56485802,17646,18139800,6405938,15000,13860
AT Club 67,9,ee9f963f-858c-46e5-96ab-dc0e12e5628b,NewManagerBot_67,AT,Europe/Berlin,NewManagerBot,3,2,3,10,8,12,42,8,11,15,7,4,323,139547658,14873,26538900,6843568,15000,17400
AT Club 77,9,303dcc52-a238-4f31-a460-2cfc8a3af71f,LadderGrinderBot_77,AT,Europe/Amsterdam,LadderGrinderBot,3,2,13,2,17,11,17,10,10,14,7,8,325,129230153,10259,29376000,4953348,15000,17820
BE Club 69,9,134d33c8-e2dd-4d15-86bc-8222b7392d2d,AggressiveTraderBot_69,BE,Europe/Rome,AggressiveTraderBot,3,2,5,0,29,1,1,10,6,13,7,7,321,134326026,1243,29387100,7423601,22400,22500
BE Club 79,9,78197d87-aa04-4f1e-b3fd-52a6eb74d8cd,NewManagerBot_79,BE,Europe/Berlin,NewManagerBot,3,2,15,8,12,10,34,8,12,12,7,4,345,106364151,17231,23742300,5550411,15000,11600
CH Club 68,9,97e0d4a2-4b6e-42f4-9597-e7a030c6d709,ConservativeBot_68,CH,Europe/Paris,ConservativeBot,3,2,4,8,10,12,36,7,10,13,9,7,329,95952018,16073,23772000,5176048,15000,14020
CH Club 78,9,b1b9e616-5acc-4dd8-b611-e55cb44189a2,SocialBot_78,CH,Europe/Warsaw,SocialBot,3,2,14,17,2,11,62,10,7,12,3,9,352,142252169,28622,29371200,4301670,15000,10600
DE Club 71,9,7c458915-8e83-42b8-93c3-9c87ca01f053,LadderGrinderBot_71,DE,Europe/Amsterdam,LadderGrinderBot,3,2,7,11,9,10,43,8,10,11,8,5,358,124491615,11560,23762400,3650059,15000,14820
ES Club 74,9,0f1755f5-458e-4abc-9e65-fb68a876d176,ConservativeBot_74,ES,Europe/Paris,ConservativeBot,3,2,10,12,11,7,43,6,9,9,4,7,357,97669171,19763,20958000,4328945,15000,14640
FR Club 72,9,097bbfea-3583-49a7-8998-464b288da9f6,SocialBot_72,FR,Europe/Warsaw,SocialBot,3,2,8,9,11,10,37,9,12,12,8,10,342,129012688,16990,29416200,5575282,15000,15580
IT Club 73,9,b3813095-e065-4e5d-92cf-24cf68c5c976,NewManagerBot_73,IT,Europe/Berlin,NewManagerBot,3,2,9,11,12,7,40,9,10,11,7,6,351,107911636,18050,26583000,4523222,15000,13420
NL Club 65,9,c17afd47-ce14-4754-9441-36ddb100e92e,LadderGrinderBot_65,NL,Europe/Amsterdam,LadderGrinderBot,3,2,1,8,12,10,34,8,9,9,6,7,341,125003669,17773,23774700,3892363,15000,13000
NL Club 75,9,37e480f2-8818-436e-b65b-9719795f9a20,AggressiveTraderBot_75,NL,Europe/Rome,AggressiveTraderBot,3,2,11,13,10,7,46,10,2,13,8,6,327,141952888,889,32198700,5532238,22200,22300
PL Club 66,9,1ffc700f-df07-4cb3-9160-c002853d225d,SocialBot_66,PL,Europe/Warsaw,SocialBot,3,2,2,12,8,10,46,9,8,9,6,6,337,135304601,25088,26577300,6792137,15000,15660
PL Club 76,9,b23385df-b985-4223-966b-add6e40c4be3,YouthFocusedBot_76,PL,Europe/Madrid,YouthFocusedBot,3,2,12,10,13,7,37,7,6,11,6,6,340,97677115,853,23766300,7350361,21900,22000
PT Club 70,9,fdeb42be-2d98-4817-947d-eccd1ee9099a,YouthFocusedBot_70,PT,Europe/Madrid,YouthFocusedBot,3,2,6,29,0,1,88,8,6,8,8,4,354,147094205,631,26600100,4147665,22000,23000
PT Club 80,9,44926543-0b06-49c2-91a1-5fafc287f8a7,ConservativeBot_80,PT,Europe/Paris,ConservativeBot,3,2,16,12,8,10,46,11,11,11,8,6,330,183144147,12056,35013300,3371738,15000,14400
AT Club 87,9,2f971dd6-c49a-485d-a73e-15fac9f7acd5,AggressiveTraderBot_87,AT,Europe/Rome,AggressiveTraderBot,3,3,7,12,11,7,43,9,3,10,7,7,353,140473908,2035,29406000,6706620,22500,22300
BE Club 89,9,ede53099-d1e3-440c-9a6e-4495ec33968a,LadderGrinderBot_89,BE,Europe/Amsterdam,LadderGrinderBot,3,3,9,5,13,12,27,6,8,8,4,5,357,97143438,17578,20961000,6167933,15000,13860
CH Club 88,9,a72bb731-f3c7-4261-9ba2-8799e372245b,YouthFocusedBot_88,CH,Europe/Madrid,YouthFocusedBot,3,3,8,11,12,7,40,7,2,9,5,4,342,84249752,1422,20957100,5750516,21700,20500
DE Club 81,9,b9db7abf-c9f8-47b8-94a5-8890b3ba7080,AggressiveTraderBot_81,DE,Europe/Rome,AggressiveTraderBot,3,3,1,11,6,13,46,9,6,11,6,7,330,121608305,109,26578800,7761227,22300,23600
DE Club 91,9,74592459-a7bb-4a79-9434-accb444c9ab0,NewManagerBot_91,DE,Europe/Berlin,NewManagerBot,3,3,11,28,0,2,86,8,8,9,6,7,355,143120949,18667,26601900,6472345,15000,13400
ES Club 84,9,5b65d8a2-6044-457f-826f-6063f988c48b,SocialBot_84,ES,Europe/Warsaw,SocialBot,3,3,4,6,18,6,24,8,9,9,8,4,352,139055475,18634,23788500,2666436,15000,14840
ES Club 94,9,7cc7d05c-edfd-47bb-8f42-12cd8431ba5e,YouthFocusedBot_94,ES,Europe/Madrid,YouthFocusedBot,3,3,14,6,10,14,32,7,6,9,7,9,332,93110612,288,20988300,3968801,21900,22000
FR Club 82,9,cbc044f2-2f89-425b-96a1-e137bdefe31f,YouthFocusedBot_82,FR,Europe/Madrid,YouthFocusedBot,3,3,2,6,11,13,31,9,4,10,5,3,332,114955494,468,26568300,8001341,21600,23000
FR Club 92,9,2d92d7ee-ce39-4bc5-aa23-2ca1043b3e8d,ConservativeBot_92,FR,Europe/Paris,ConservativeBot,3,3,12,0,28,2,2,7,9,9,8,6,317,100420123,21279,23790000,4067882,15000,11600
IT Club 83,9,de645a93-8bad-4e63-a444-7e0719816b72,LadderGrinderBot_83,IT,Europe/Amsterdam,LadderGrinderBot,3,3,3,18,6,6,60,5,11,13,4,6,337,63885937,12814,18116400,7602715,15000,15800
IT Club 93,9,75078879-532f-4145-bdba-11805f8bce9f,AggressiveTraderBot_93,IT,Europe/Rome,AggressiveTraderBot,3,3,13,10,6,14,44,1,3,10,3,3,356,-1570080,1890,6863400,7561309,18100,17400
NL Club 85,9,84408bb9-0db2-4086-b1e8-c98e015aaa12,NewManagerBot_85,NL,Europe/Berlin,NewManagerBot,3,3,5,11,11,8,41,8,12,12,8,7,340,108108371,15756,23776500,5578154,15000,11800
NL Club 95,9,66572111-2ff4-451b-9150-8a7f66ca32c7,LadderGrinderBot_95,NL,Europe/Amsterdam,LadderGrinderBot,3,3,15,0,27,3,3,8,8,8,8,6,323,132164369,18178,26605500,3333182,15000,13200
PL Club 86,9,1a741654-624a-4807-9b41-9645185d7c8b,ConservativeBot_86,PL,Europe/Paris,ConservativeBot,3,3,6,11,11,8,41,7,11,11,10,7,328,74095738,18267,20988000,5251878,15000,13800
PL Club 96,9,23205a97-05fe-4e5b-bb68-2f34abd36882,SocialBot_96,PL,Europe/Warsaw,SocialBot,3,3,16,27,0,3,84,8,10,10,5,8,354,103864322,26576,23779200,5205263,15000,14420
PT Club 90,9,9fd8eec7-4860-48c6-9b0f-d3ac317b965f,SocialBot_90,PT,Europe/Warsaw,SocialBot,3,3,10,13,5,12,51,9,8,9,6,8,334,130150151,29041,26601900,4900563,15000,14260
AT Club 7,10,3fe71a77-ecd2-4016-8a30-7b61616f87fb,NewManagerBot_7,AT,Europe/Berlin,NewManagerBot,1,1,7,11,9,10,43,8,9,10,3,8,382,240416818,19021,38928000,5997046,15000,12200
BE Club 9,10,433e9f94-2ea8-4276-bda5-1567aaada803,AggressiveTraderBot_9,BE,Europe/Rome,AggressiveTraderBot,1,1,9,27,0,3,84,9,5,10,4,4,384,247371098,888,48145500,8504395,22800,22100
CH Club 8,10,a360fffe-4f47-404b-a3ce-1e8521ab5084,ConservativeBot_8,CH,Europe/Paris,ConservativeBot,1,1,8,9,11,10,37,9,10,13,11,5,362,298718894,20147,43564200,4368011,15000,15220
DE Club 1,10,60342169-5b3d-4aef-a3fc-5cde7cb4a190,NewManagerBot_1,DE,Europe/Berlin,NewManagerBot,1,1,1,8,11,11,35,10,11,11,9,5,382,286472067,20454,48162900,6237650,15000,11400
DE Club 11,10,7a7dbd68-0978-4127-9bef-08f32a1d90fe,LadderGrinderBot_11,DE,Europe/Amsterdam,LadderGrinderBot,1,1,11,10,9,11,41,7,11,11,7,6,366,197074389,17994,34337100,4720576,15000,11400
ES Club 14,10,bcb572ec-b227-4b21-87fc-2bc32b09815b,ConservativeBot_14,ES,Europe/Paris,ConservativeBot,1,1,14,5,18,7,22,5,10,12,6,5,346,185980092,15729,29709600,7632765,15000,15620
ES Club 4,10,0970c318-8891-49d6-ac02-b6edad04f998,YouthFocusedBot_4,ES,Europe/Madrid,YouthFocusedBot,1,1,4,30,0,0,90,6,6,9,9,7,377,148943235,909,29765400,4302329,21700,21300
FR Club 12,10,7eab1a8a-57da-4f2e-aec6-4b1f409934ce,SocialBot_12,FR,Europe/Warsaw,SocialBot,1,1,12,9,10,11,38,7,13,13,9,5,379,281805848,21530,38937600,3576770,15000,14160
FR Club 2,10,105972e2-d768-4707-8113-6fdf60c3daeb,ConservativeBot_2,FR,Europe/Paris,ConservativeBot,1,1,2,11,8,11,44,9,11,11,7,6,358,317297317,18103,43559400,5584634,15000,14600
IT Club 13,10,4317646c-6307-4300-84a5-ea5b873fbfbe,NewManagerBot_13,IT,Europe/Berlin,NewManagerBot,1,1,13,18,5,7,61,12,12,13,3,7,371,360746230,20970,57343200,2838997,15000,12200
IT Club 3,10,456e6fc4-9583-4d82-b452-d4ae350e3db3,AggressiveTraderBot_3,IT,Europe/Rome,AggressiveTraderBot,1,1,3,0,30,0,0,5,5,11,10,4,345,119682526,161,29757000,5722895,22300,24100
NL Club 15,10,7043d0a7-7c0b-4f62-89e3-e5468cee589e,AggressiveTraderBot_15,NL,Europe/Rome,AggressiveTraderBot,1,1,15,11,8,11,44,8,3,12,4,8,373,241980811,1844,38921700,6959824,22000,21500
NL Club 5,10,90c20855-d6a3-4cc7-8e1c-bae8c83e2fe8,LadderGrinderBot_5,NL,Europe/Amsterdam,LadderGrinderBot,1,1,5,0,24,6,6,7,9,9,7,5,346,231703910,18331,38955000,4417374,15000,16240
PL Club 16,10,fbaa9901-0416-4c09-bf29-d0fab0c6c3e2,YouthFocusedBot_16,PL,Europe/Madrid,YouthFocusedBot,1,1,16,8,11,11,35,7,2,13,7,9,360,204310378,1121,34339500,4661795,21800,20300
PL Club 6,10,db770079-4c31-418e-9a47-fab14deb99b1,SocialBot_6,PL,Europe/Warsaw,SocialBot,1,1,6,24,0,6,78,13,11,13,4,6,389,367569082,22764,61954200,5080079,15000,15200
PT Club 10,10,8646e00d-cc1a-405a-893f-a7b6e8772589,YouthFocusedBot_10,PT,Europe/Madrid,YouthFocusedBot,1,1,10,0,27,3,3,9,2,11,9,9,346,286596074,190,48185400,5519721,21700,23000
AT Club 17,10,ac0ae0c3-4ed2-4c3f-a536-d98ea02a0b63,LadderGrinderBot_17,AT,Europe/Amsterdam,LadderGrinderBot,2,1,1,13,6,11,50,5,12,12,6,5,366,115401402,15911,19682400,3716590,15000,14380
AT Club 27,10,65f642c8-f5d4-44a3-8c30-3a77f89d7ac6,AggressiveTraderBot_27,AT,Europe/Rome,AggressiveTraderBot,2,1,11,9,12,9,36,10,2,11,4,6,372,209078835,116,37748100,8323029,22800,23200
BE Club 19,10,bd9174d6-0714-47ce-badc-ede9a0274f98,NewManagerBot_19,BE,Europe/Berlin,NewManagerBot,2,1,3,9,11,10,37,10,9,10,9,8,346,205979372,20117,37797600,4546452,15000,14440
BE Club 29,10,93299a02-7fe5-4512-993f-a82d97300fba,LadderGrinderBot_29,BE,Europe/Amsterdam,LadderGrinderBot,2,1,13,0,29,1,1,8,10,11,9,4,355,141366688,16177,30553200,6598020,15000,14620
CH Club 18,10,9378a293-7e4e-469c-ab5c-d78e5992cc30,SocialBot_18,CH,Europe/Warsaw,SocialBot,2,1,2,6,13,11,29,8,9,9,7,8,346,146033547,27894,30562500,4950463,15000,14040
CH Club 28,10,3afc330a-01a3-4c7e-bc16-9138bb74fa9d,YouthFocusedBot_28,CH,Europe/Madrid,YouthFocusedBot,2,1,12,12,9,9,45,10,4,10,8,4,356,274482364,1436,41384700,2731312,21600,20900
DE Club 21,10,0705089d-244c-4e90-ac5b-b67716cd4df3,AggressiveTraderBot_21,DE,Europe/Rome,AggressiveTraderBot,2,1,5,10,9,11,41,5,5,8,7,6,365,99288544,-452,23342100,3750253,22700,23100
DE Club 31,10,b534052b-42a5-4dad-a4c7-978503f663c1,NewManagerBot_31,DE,Europe/Berlin,NewManagerBot,2,1,15,11,9,10,43,7,11,11,9,8,349,220004769,15116,30579300,4806120,15000,14400
ES Club 24,10,c6ba20b0-4256-45a5-93b0-eaad25da20d8,SocialBot_24,ES,Europe/Warsaw,SocialBot,2,1,8,10,11,9,39,9,11,11,5,7,351,221529815,30552,34155600,6788314,15000,14400
FR Club 22,10,185a3c1c-5633-46dd-880a-aac0984882d1,YouthFocusedBot_22,FR,Europe/Madrid,YouthFocusedBot,2,1,6,9,10,11,38,10,2,11,6,3,384,282543452,1443,41364000,3646898,21200,20800
FR Club 32,10,33a6c81c-d216-4865-8c41-e849edb3d4c2,ConservativeBot_32,FR,Europe/Paris,ConservativeBot,2,1,16,9,11,10,37,8,9,11,6,5,352,150618331,19475,34154700,4846872,15000,13840
IT Club 23,10,1dd5d330-5033-4d78-9a15-40cf9515cc07,LadderGrinderBot_23,IT,Europe/Amsterdam,LadderGrinderBot,2,1,7,11,10,9,42,8,11,11,8,4,350,157190133,15955,34158300,5116890,15000,13600
NL Club 25,10,863fa920-eb66-4f3e-9ecb-23ee5b0a2147,NewManagerBot_25,NL,Europe/Berlin,NewManagerBot,2,1,9,11,10,9,42,6,12,15,8,4,386,88978332,13774,23296800,6218536,15000,13580
PL Club 26,10,5d3c393f-1ca7-47d3-b02a-8030bcdc94e0,ConservativeBot_26,PL,Europe/Paris,ConservativeBot,2,1,10,10,11,9,39,9,9,12,9,7,364,192187651,23095,34180500,5114057,15000,10400
PT Club 20,10,edbe36bf-fd58-4a0d-b72b-68f37df6b422,ConservativeBot_20,PT,Europe/Paris,ConservativeBot,2,1,4,11,9,10,43,9,10,10,5,6,364,176814439,20150,34158600,6766265,15000,15220
PT Club 30,10,dbe26a47-ec47-4643-b078-b42e47d3a6f2,SocialBot_30,PT,Europe/Warsaw,SocialBot,2,1,14,29,0,1,88,8,8,8,7,5,386,195168895,30884,34165200,5294513,15000,12000
AT Club 37,10,f29e975d-d8a4-4a62-bac9-541f0a0eee01,NewManagerBot_37,AT,Europe/Berlin,NewManagerBot,2,2,5,11,11,8,41,7,7,10,8,6,350,119255866,22059,26956500,6071891,15000,11600
AT Club 47,10,02a87f4b-ab4e-4d03-adad-d678d2cd0302,LadderGrinderBot_47,AT,Europe/Amsterdam,LadderGrinderBot,2,2,15,11,12,7,40,9,8,12,6,4,365,196295170,18587,34127100,4826518,15000,14260
BE Club 39,10,5b313a53-4c83-4183-96af-4e8ccc3c50c7,AggressiveTraderBot_39,BE,Europe/Rome,AggressiveTraderBot,2,2,7,12,9,9,45,7,4,13,4,7,352,136276044,1848,26906100,8030536,22500,22500
CH Club 38,10,31941f34-7841-48e8-973c-b0e59838e222,ConservativeBot_38,CH,Europe/Paris,ConservativeBot,2,2,6,11,11,8,41,13,12,16,3,4,364,280713538,14920,48533100,9042573,15000,14380
CH Club 48,10,9b82d563-ce08-4538-b6a6-dd19a3c97e1f,SocialBot_48,CH,Europe/Warsaw,SocialBot,2,2,16,12,11,7,43,4,11,14,6,4,362,74504310,19961,16053600,5674219,15000,11400
DE Club 41,10,a9e0c83a-53da-4ac0-ad7c-4b0e2fa6e163,LadderGrinderBot_41,DE,Europe/Amsterdam,LadderGrinderBot,2,2,9,12,10,8,44,9,10,12,5,10,352,174293560,16294,34157100,6189641,15000,12800
ES Club 34,10,087b9ae0-6fdc-4b3e-81b5-64958689d718,YouthFocusedBot_34,ES,Europe/Madrid,YouthFocusedBot,2,2,2,11,8,11,44,10,5,12,5,3,378,211583216,442,37743300,3793551,21400,22000
ES Club 44,10,e457cf23-a7cb-44b3-bbbd-ab1129f58ec0,ConservativeBot_44,ES,Europe/Paris,ConservativeBot,2,2,12,8,16,6,30,3,8,8,6,6,346,67028577,22862,16108200,7192537,15000,11600
FR Club 42,10,260b1adc-d0aa-49cf-b19c-4409f159460e,SocialBot_42,FR,Europe/Warsaw,SocialBot,2,2,10,10,12,8,38,7,11,11,5,7,366,134052012,31990,26921700,3812438,15000,12000
IT Club 33,10,9f6f161f-95b7-42b7-a258-cbd0543c61a9,AggressiveTraderBot_33,IT,Europe/Rome,AggressiveTraderBot,2,2,1,8,11,11,35,11,4,13,11,5,383,203941667,1656,41394000,7078261,22400,20200
IT Club 43,10,2b214729-72c6-4386-a05d-dac6be575cb8,NewManagerBot_43,IT,Europe/Berlin,NewManagerBot,2,2,11,16,8,6,54,9,11,15,8,8,375,202272582,22473,34141800,7466880,15000,11200
NL Club 35,10,87ce9b67-bc5f-4cb2-9656-11581972cd0a,LadderGrinderBot_35,NL,Europe/Amsterdam,LadderGrinderBot,2,2,3,14,6,10,52,9,10,11,6,8,371,222794323,15513,37781400,5622702,15000,14420
NL Club 45,10,f67abc68-4b09-45f1-91ae-bcb6b15c902a,AggressiveTraderBot_45,NL,Europe/Rome,AggressiveTraderBot,2,2,13,12,12,6,42,10,5,13,9,6,384,215348437,457,37774200,8736976,22500,22400
PL Club 36,10,5f83f8c6-af3b-4f93-b480-3977c07226b5,SocialBot_36,PL,Europe/Warsaw,SocialBot,2,2,4,6,14,10,28,7,10,13,8,5,370,151459733,18257,26913900,4103298,15000,15420
PL Club 46,10,359bd3ac-434f-4bf2-a012-cf5d2d9032fc,YouthFocusedBot_46,PL,Europe/Madrid,YouthFocusedBot,2,2,14,12,12,6,42,11,4,13,6,8,367,235167038,1139,41367600,4593832,21500,21000
PT Club 40,10,a9d1c5ae-7500-4899-9ce5-188751e92bc0,YouthFocusedBot_40,PT,Europe/Madrid,YouthFocusedBot,2,2,8,9,12,9,36,8,6,8,7,5,367,232694290,1477,34173300,4713985,21600,20300
AT Club 57,10,46b265df-173c-47d2-8e1e-dfe693aabbe0,AggressiveTraderBot_57,AT,Europe/Rome,AggressiveTraderBot,3,1,9,27,0,3,84,10,5,13,10,6,385,121597387,249,29403900,6188190,22600,23300
BE Club 49,10,2c532bab-68f4-4c5a-b143-45b6c8d83211,NewManagerBot_49,BE,Europe/Berlin,NewManagerBot,3,1,1,12,10,8,44,7,11,11,9,7,370,120348743,20053,23799600,4681529,15000,13600
BE Club 59,10,af4fb2d5-fa95-41fb-b8af-a0eb7c4197fb,LadderGrinderBot_59,BE,Europe/Amsterdam,LadderGrinderBot,3,1,11,0,27,3,3,9,8,10,5,8,351,147444113,17117,26582700,4774254,15000,17260
CH Club 58,10,7354403b-add9-4e68-a3ae-80e453c9493b,YouthFocusedBot_58,CH,Europe/Madrid,YouthFocusedBot,3,1,10,0,27,3,3,10,2,10,8,4,354,147596610,1130,29400600,5532414,22100,21100
DE Club 51,10,c6d5d63d-05a8-4ebb-8969-d9270762f9ac,AggressiveTraderBot_51,DE,Europe/Rome,AggressiveTraderBot,3,1,3,13,9,8,47,10,3,10,8,6,382,147146086,1618,32221800,6618796,22200,20800
DE Club 61,10,88f1b614-18d5-454f-ab33-76193c96e9c1,NewManagerBot_61,DE,Europe/Berlin,NewManagerBot,3,1,13,11,10,9,42,9,8,11,5,9,385,160591879,19994,29394900,3749129,15000,16260
ES Club 54,10,3ed722fb-ea9c-41e3-9890-64b5f1d065cb,SocialBot_54,ES,Europe/Warsaw,SocialBot,3,1,6,4,13,13,25,10,10,12,8,4,358,169616597,17758,32193300,4679240,15000,13420
ES Club 64,10,dcb92066-7a8e-4464-b2f5-ebd51d22b141,YouthFocusedBot_64,ES,Europe/Madrid,YouthFocusedBot,3,1,16,10,11,9,39,6,2,12,5,3,359,122907737,442,20918100,3439727,22000,22600
FR Club 52,10,b2fb41be-b58a-4b22-a390-f8e6bd3e1862,YouthFocusedBot_52,FR,Europe/Madrid,YouthFocusedBot,3,1,4,9,13,8,35,3,4,11,5,6,359,48279598,1979,12516300,3775548,21400,19500
FR Club 62,10,825c13ba-7e2b-4973-88d6-4ca4b036764d,ConservativeBot_62,FR,Europe/Paris,ConservativeBot,3,1,14,10,11,9,39,7,13,14,11,7,374,108980146,20948,23785200,4347533,15000,10600
IT Club 53,10,cc36e2b6-1fc0-4d7e-9c3b-0fc18fb1be20,LadderGrinderBot_53,IT,Europe/Amsterdam,LadderGrinderBot,3,1,5,13,4,13,52,9,8,10,7,5,373,152390819,19898,26585400,7469643,15000,13800
IT Club 63,10,9f919296-3581-42e0-a49f-158ddd554818,AggressiveTraderBot_63,IT,Europe/Rome,AggressiveTraderBot,3,1,15,11,10,9,42,8,5,11,7,5,371,106588654,175,23766300,8655958,22400,22500
NL Club 55,10,d88f6c05-bc9f-4f15-a898-8586cf76721d,NewManagerBot_55,NL,Europe/Berlin,NewManagerBot,3,1,7,12,8,10,46,8,8,8,6,6,379,127922401,20996,23788800,5435487,15000,15660
PL Club 56,10,3577bce9-59e5-4412-ab6b-1e1679b4251c,ConservativeBot_56,PL,Europe/Paris,ConservativeBot,3,1,8,8,12,10,34,8,10,10,7,3,386,135170440,16833,26584500,7319365,15000,15620
PT Club 50,10,e59f2d7c-ec78-46f7-8ecb-9e36a7f7d221,ConservativeBot_50,PT,Europe/Paris,ConservativeBot,3,1,2,10,12,8,38,9,9,9,7,7,380,167352720,20788,26610000,3725107,15000,14440
PT Club 60,10,3858852e-63b3-4a7e-b87f-39f1b842af70,SocialBot_60,PT,Europe/Warsaw,SocialBot,3,1,12,27,0,3,84,6,9,14,9,4,386,69399449,18806,18132300,5218653,15000,13840
AT Club 67,10,ee9f963f-858c-46e5-96ab-dc0e12e5628b,NewManagerBot_67,AT,Europe/Berlin,NewManagerBot,3,2,3,10,9,11,41,9,12,15,7,4,353,161855823,14493,26544000,4235835,15000,15380
AT Club 77,10,303dcc52-a238-4f31-a460-2cfc8a3af71f,LadderGrinderBot_77,AT,Europe/Amsterdam,LadderGrinderBot,3,2,13,3,18,9,18,10,11,15,8,9,355,157215541,11459,32185200,4199812,15000,13800
BE Club 69,10,134d33c8-e2dd-4d15-86bc-8222b7392d2d,AggressiveTraderBot_69,BE,Europe/Rome,AggressiveTraderBot,3,2,5,0,26,4,4,11,6,14,8,8,351,154730970,743,32063200,11658256,22100,22600
BE Club 79,10,78197d87-aa04-4f1e-b3fd-52a6eb74d8cd,NewManagerBot_79,BE,Europe/Berlin,NewManagerBot,3,2,15,8,12,10,34,9,13,13,7,5,375,127167545,18671,26566500,5763106,15000,13560
CH Club 68,10,97e0d4a2-4b6e-42f4-9597-e7a030c6d709,ConservativeBot_68,CH,Europe/Paris,ConservativeBot,3,2,4,9,10,11,38,7,10,13,9,8,359,116385123,18673,23777100,3343995,15000,12400
CH Club 78,10,b1b9e616-5acc-4dd8-b611-e55cb44189a2,SocialBot_78,CH,Europe/Warsaw,SocialBot,3,2,14,18,3,9,63,10,7,13,3,9,382,169457972,33222,32179800,4973997,15000,10400
DE Club 71,10,7c458915-8e83-42b8-93c3-9c87ca01f053,LadderGrinderBot_71,DE,Europe/Amsterdam,LadderGrinderBot,3,2,7,7,13,10,31,9,11,11,8,6,388,147159714,11760,26586600,3918501,15000,14800
ES Club 74,10,0f1755f5-458e-4abc-9e65-fb68a876d176,ConservativeBot_74,ES,Europe/Paris,ConservativeBot,3,2,10,9,13,8,35,7,9,10,5,7,387,112598724,21563,20955000,6025447,15000,13200
FR Club 72,10,097bbfea-3583-49a7-8998-464b288da9f6,SocialBot_72,FR,Europe/Warsaw,SocialBot,3,2,8,13,7,10,49,10,12,12,9,10,372,153986794,21590,29413200,4439094,15000,10400
IT Club 73,10,b3813095-e065-4e5d-92cf-24cf68c5c976,NewManagerBot_73,IT,Europe/Berlin,NewManagerBot,3,2,9,13,9,8,47,10,10,12,8,6,381,130120601,21850,29394600,7185635,15000,11200
NL Club 65,10,c17afd47-ce14-4754-9441-36ddb100e92e,LadderGrinderBot_65,NL,Europe/Amsterdam,LadderGrinderBot,3,2,1,11,6,13,46,9,9,10,6,8,371,145702901,19773,26594400,5895168,15000,13000
NL Club 75,10,37e480f2-8818-436e-b65b-9719795f9a20,AggressiveTraderBot_75,NL,Europe/Rome,AggressiveTraderBot,3,2,11,12,13,5,41,10,2,13,9,6,357,168177913,489,32199300,5974275,22300,22700
PL Club 66,10,1ffc700f-df07-4cb3-9160-c002853d225d,SocialBot_66,PL,Europe/Warsaw,SocialBot,3,2,2,6,11,13,31,9,9,10,7,6,367,160165557,26048,29401500,4540544,15000,14040
PL Club 76,10,b23385df-b985-4223-966b-add6e40c4be3,YouthFocusedBot_76,PL,Europe/Madrid,YouthFocusedBot,3,2,12,13,12,5,44,7,6,11,6,6,370,115860746,-47,23763300,5579669,21800,22700
PT Club 70,10,fdeb42be-2d98-4817-947d-eccd1ee9099a,YouthFocusedBot_70,PT,Europe/Madrid,YouthFocusedBot,3,2,6,26,0,4,82,8,6,9,9,4,384,168793869,-69,26604600,4904936,21800,22500
PT Club 80,10,44926543-0b06-49c2-91a1-5fafc287f8a7,ConservativeBot_80,PT,Europe/Paris,ConservativeBot,3,2,16,12,8,10,46,12,12,12,9,6,360,212511983,13076,35025900,5658064,15000,13980
AT Club 87,10,2f971dd6-c49a-485d-a73e-15fac9f7acd5,AggressiveTraderBot_87,AT,Europe/Rome,AggressiveTraderBot,3,3,7,9,7,14,41,10,3,11,7,8,383,160789113,835,29406600,9091395,22100,23300
BE Club 89,10,ede53099-d1e3-440c-9a6e-4495ec33968a,LadderGrinderBot_89,BE,Europe/Amsterdam,LadderGrinderBot,3,3,9,12,7,11,47,6,9,9,4,6,387,112116935,17138,20953500,5980003,15000,15440
CH Club 88,10,a72bb731-f3c7-4261-9ba2-8799e372245b,YouthFocusedBot_88,CH,Europe/Madrid,YouthFocusedBot,3,3,8,7,9,14,35,7,2,9,6,4,372,103747505,522,23761200,4263447,21400,22300
DE Club 81,10,b9db7abf-c9f8-47b8-94a5-8890b3ba7080,AggressiveTraderBot_81,DE,Europe/Rome,AggressiveTraderBot,3,3,1,10,8,12,42,10,6,11,7,8,360,144868813,509,29391000,6130492,22000,21600
DE Club 91,10,74592459-a7bb-4a79-9434-accb444c9ab0,NewManagerBot_91,DE,Europe/Berlin,NewManagerBot,3,3,11,27,0,3,84,8,8,9,7,7,385,165931130,22667,26594400,3784219,15000,11000
ES Club 84,10,5b65d8a2-6044-457f-826f-6063f988c48b,SocialBot_84,ES,Europe/Warsaw,SocialBot,3,3,4,8,9,13,37,8,10,10,8,5,382,161153947,18214,26597100,4498628,15000,15420
ES Club 94,10,7cc7d05c-edfd-47bb-8f42-12cd8431ba5e,YouthFocusedBot_94,ES,Europe/Madrid,YouthFocusedBot,3,3,14,12,11,7,43,8,6,9,8,9,362,111182873,1488,23799900,5727639,21500,20300
FR Club 82,10,cbc044f2-2f89-425b-96a1-e137bdefe31f,YouthFocusedBot_82,FR,Europe/Madrid,YouthFocusedBot,3,3,2,8,10,12,36,10,4,11,5,4,362,138695282,968,29372400,5632612,21600,21100
FR Club 92,10,2d92d7ee-ce39-4bc5-aa23-2ca1043b3e8d,ConservativeBot_92,FR,Europe/Paris,ConservativeBot,3,3,12,0,27,3,3,8,9,9,9,6,347,119355796,22079,23794500,4858827,15000,14200
IT Club 83,10,de645a93-8bad-4e63-a444-7e0719816b72,LadderGrinderBot_83,IT,Europe/Amsterdam,LadderGrinderBot,3,3,3,9,8,13,40,5,12,13,4,6,367,76713702,13234,18108900,5281135,15000,14580
IT Club 93,10,75078879-532f-4145-bdba-11805f8bce9f,AggressiveTraderBot_93,IT,Europe/Rome,AggressiveTraderBot,3,3,13,11,12,7,40,1,3,10,3,3,386,-567246,1490,6863400,5860566,16400,16800
NL Club 85,10,84408bb9-0db2-4086-b1e8-c98e015aaa12,NewManagerBot_85,NL,Europe/Berlin,NewManagerBot,3,3,5,9,13,8,35,9,12,12,8,8,370,128850303,18756,26588100,5846168,15000,12000
NL Club 95,10,66572111-2ff4-451b-9150-8a7f66ca32c7,LadderGrinderBot_95,NL,Europe/Amsterdam,LadderGrinderBot,3,3,15,0,26,4,4,8,8,8,8,6,353,155393785,20578,26613600,3384184,15000,12600
PL Club 86,10,1a741654-624a-4807-9b41-9645185d7c8b,ConservativeBot_86,PL,Europe/Paris,ConservativeBot,3,3,6,13,9,8,47,7,11,11,10,7,358,93834010,20067,23800200,4061928,15000,13200
PL Club 96,10,23205a97-05fe-4e5b-bb68-2f34abd36882,SocialBot_96,PL,Europe/Warsaw,SocialBot,3,3,16,26,0,4,82,9,10,10,6,9,384,123564962,30576,26583300,6882660,15000,11000
PT Club 90,10,9fd8eec7-4860-48c6-9b0f-d3ac317b965f,SocialBot_90,PT,Europe/Warsaw,SocialBot,3,3,10,7,12,11,32,10,9,10,6,8,364,153782725,30401,29410500,5777926,15000,13640
AT Club 7,11,3fe71a77-ecd2-4016-8a30-7b61616f87fb,NewManagerBot_7,AT,Europe/Berlin,NewManagerBot,1,1,7,8,11,11,35,8,10,10,4,8,412,280340706,18001,43540500,3616612,15000,16020
BE Club 9,11,433e9f94-2ea8-4276-bda5-1567aaada803,AggressiveTraderBot_9,BE,Europe/Rome,AggressiveTraderBot,1,1,9,29,0,1,88,9,5,11,4,5,414,287695115,88,48138000,7813983,22100,22900
CH Club 8,11,a360fffe-4f47-404b-a3ce-1e8521ab5084,ConservativeBot_8,CH,Europe/Paris,ConservativeBot,1,1,8,11,8,11,44,9,10,14,12,5,392,341763388,22547,48176700,5132206,15000,12600
DE Club 1,11,60342169-5b3d-4aef-a3fc-5cde7cb4a190,NewManagerBot_1,DE,Europe/Berlin,NewManagerBot,1,1,1,10,11,9,39,10,12,12,10,5,412,333735035,20874,52782900,5519932,15000,14580
DE Club 11,11,7a7dbd68-0978-4127-9bef-08f32a1d90fe,LadderGrinderBot_11,DE,Europe/Amsterdam,LadderGrinderBot,1,1,11,9,12,9,36,7,11,11,7,7,396,232184460,20394,38949000,3838929,15000,12600
ES Club 14,11,bcb572ec-b227-4b21-87fc-2bc32b09815b,ConservativeBot_14,ES,Europe/Paris,ConservativeBot,1,1,14,3,21,6,15,5,10,12,7,6,376,209305619,18929,29714100,6388573,15000,11800
ES Club 4,11,0970c318-8891-49d6-ac02-b6edad04f998,YouthFocusedBot_4,ES,Europe/Madrid,YouthFocusedBot,1,1,4,28,0,2,86,7,6,10,9,7,407,178709613,2009,34377300,4610922,21800,20700
FR Club 12,11,7eab1a8a-57da-4f2e-aec6-4b1f409934ce,SocialBot_12,FR,Europe/Warsaw,SocialBot,1,1,12,12,9,9,45,8,13,14,10,5,409,314760509,26730,38945700,5991039,15000,9800
FR Club 2,11,105972e2-d768-4707-8113-6fdf60c3daeb,ConservativeBot_2,FR,Europe/Paris,ConservativeBot,1,1,2,11,10,9,42,10,12,12,8,6,388,360318326,17323,48163800,5142791,15000,15780
IT Club 13,11,4317646c-6307-4300-84a5-ea5b873fbfbe,NewManagerBot_13,IT,Europe/Berlin,NewManagerBot,1,1,13,21,3,6,69,13,13,14,3,8,401,417354243,20810,61943100,5335087,15000,15160
IT Club 3,11,456e6fc4-9583-4d82-b452-d4ae350e3db3,AggressiveTraderBot_3,IT,Europe/Rome,AggressiveTraderBot,1,1,3,0,28,2,2,6,5,11,11,4,375,142107426,61,29749500,7324600,22200,22300
NL Club 15,11,7043d0a7-7c0b-4f62-89e3-e5468cee589e,AggressiveTraderBot_15,NL,Europe/Rome,AggressiveTraderBot,1,1,15,9,11,10,37,8,3,13,5,9,403,276279836,1044,43533600,9234575,22300,23100
NL Club 5,11,90c20855-d6a3-4cc7-8e1c-bae8c83e2fe8,LadderGrinderBot_5,NL,Europe/Amsterdam,LadderGrinderBot,1,1,5,0,24,6,6,8,10,10,7,6,376,267782390,16911,38959500,2881020,15000,16420
PL Club 16,11,fbaa9901-0416-4c09-bf29-d0fab0c6c3e2,YouthFocusedBot_16,PL,Europe/Madrid,YouthFocusedBot,1,1,16,11,9,10,43,8,2,13,7,10,390,238295625,1221,38947500,4962253,21800,21700
PL Club 6,11,db770079-4c31-418e-9a47-fab14deb99b1,SocialBot_6,PL,Europe/Warsaw,SocialBot,1,1,6,24,0,6,78,14,11,14,4,6,419,428802582,25764,66554100,5320600,15000,12000
PT Club 10,11,8646e00d-cc1a-405a-893f-a7b6e8772589,YouthFocusedBot_10,PT,Europe/Madrid,YouthFocusedBot,1,1,10,0,29,1,1,10,2,12,9,10,376,329718946,290,48193500,5070628,21800,21700
AT Club 17,11,ac0ae0c3-4ed2-4c3f-a536-d98ea02a0b63,LadderGrinderBot_17,AT,Europe/Amsterdam,LadderGrinderBot,2,1,1,12,5,13,49,6,13,13,7,5,396,132170389,15751,23300100,6531113,15000,15160
AT Club 27,11,65f642c8-f5d4-44a3-8c30-3a77f89d7ac6,AggressiveTraderBot_27,AT,Europe/Rome,AggressiveTraderBot,2,1,11,12,9,9,45,10,2,12,5,7,402,241964372,16,41361900,8476363,22100,22200
BE Club 19,11,bd9174d6-0714-47ce-badc-ede9a0274f98,NewManagerBot_19,BE,Europe/Berlin,NewManagerBot,2,1,3,15,7,8,53,10,10,10,9,8,376,242261644,21697,41418900,5136628,15000,13420
BE Club 29,11,93299a02-7fe5-4512-993f-a82d97300fba,LadderGrinderBot_29,BE,Europe/Amsterdam,LadderGrinderBot,2,1,13,0,27,3,3,9,11,11,9,4,385,170314753,16577,34167000,5218935,15000,14600
CH Club 18,11,9378a293-7e4e-469c-ab5c-d78e5992cc30,SocialBot_18,CH,Europe/Warsaw,SocialBot,2,1,2,5,12,13,28,9,10,10,8,9,376,174472388,28474,34183800,5744959,15000,14420
CH Club 28,11,3afc330a-01a3-4c7e-bc16-9138bb74fa9d,YouthFocusedBot_28,CH,Europe/Madrid,YouthFocusedBot,2,1,12,9,12,9,36,10,4,11,9,5,386,308808011,1536,41392800,7067153,21900,21800
DE Club 21,11,0705089d-244c-4e90-ac5b-b67716cd4df3,AggressiveTraderBot_21,DE,Europe/Rome,AggressiveTraderBot,2,1,5,5,14,11,26,5,5,8,7,6,395,115011334,1248,23342700,7619910,22200,20500
DE Club 31,11,b534052b-42a5-4dad-a4c7-978503f663c1,NewManagerBot_31,DE,Europe/Berlin,NewManagerBot,2,1,15,9,12,9,36,7,12,12,9,8,379,246996825,16936,30571800,3579744,15000,13180
ES Club 24,11,c6ba20b0-4256-45a5-93b0-eaad25da20d8,SocialBot_24,ES,Europe/Warsaw,SocialBot,2,1,8,7,11,12,33,9,11,11,5,8,381,253124011,33552,37761300,6167104,15000,12000
FR Club 22,11,185a3c1c-5633-46dd-880a-aac0984882d1,YouthFocusedBot_22,FR,Europe/Madrid,YouthFocusedBot,2,1,6,14,5,11,53,11,2,12,7,3,414,320507911,1443,41364600,3400141,21400,21400
FR Club 32,11,33a6c81c-d216-4865-8c41-e849edb3d4c2,ConservativeBot_32,FR,Europe/Paris,ConservativeBot,2,1,16,12,9,9,45,9,10,11,7,6,382,180847707,21455,34147200,3917824,15000,13020
IT Club 23,11,1dd5d330-5033-4d78-9a15-40cf9515cc07,LadderGrinderBot_23,IT,Europe/Amsterdam,LadderGrinderBot,2,1,7,11,7,12,45,8,11,11,9,4,380,186896673,20755,34158900,4452360,15000,10200
NL Club 25,11,863fa920-eb66-4f3e-9ecb-23ee5b0a2147,NewManagerBot_25,NL,Europe/Berlin,NewManagerBot,2,1,9,8,7,15,39,7,13,15,8,5,416,111306610,14014,26902500,4574222,15000,14760
PL Club 26,11,5d3c393f-1ca7-47d3-b02a-8030bcdc94e0,ConservativeBot_26,PL,Europe/Paris,ConservativeBot,2,1,10,7,8,15,36,9,10,13,10,7,394,225075873,23875,37786200,4897978,15000,14220
PT Club 20,11,edbe36bf-fd58-4a0d-b72b-68f37df6b422,ConservativeBot_20,PT,Europe/Paris,ConservativeBot,2,1,4,7,15,8,29,9,10,10,5,6,394,208682861,22350,37764300,5895878,15000,12800
PT Club 30,11,dbe26a47-ec47-4643-b078-b42e47d3a6f2,SocialBot_30,PT,Europe/Warsaw,SocialBot,2,1,14,27,0,3,84,8,8,8,7,5,416,224802929,34684,34177800,4543766,15000,11200
AT Club 37,11,f29e975d-d8a4-4a62-bac9-541f0a0eee01,NewManagerBot_37,AT,Europe/Berlin,NewManagerBot,2,2,5,11,11,8,41,8,7,10,8,6,380,143564659,23859,30562200,6253407,15000,13200
AT Club 47,11,02a87f4b-ab4e-4d03-adad-d678d2cd0302,LadderGrinderBot_47,AT,Europe/Amsterdam,LadderGrinderBot,2,2,15,11,10,9,42,10,9,12,6,4,395,228332236,17347,37748400,5711334,15000,16240
BE Club 39,11,5b313a53-4c83-4183-96af-4e8ccc3c50c7,AggressiveTraderBot_39,BE,Europe/Rome,AggressiveTraderBot,2,2,7,10,12,8,38,7,4,14,4,7,382,160734902,148,30511800,6052942,21800,23500
CH Club 38,11,31941f34-7841-48e8-973c-b0e59838e222,ConservativeBot_38,CH,Europe/Paris,ConservativeBot,2,2,6,11,11,8,41,14,13,17,3,5,394,326276669,14960,52146900,6583769,15000,14960
CH Club 48,11,9b82d563-ce08-4538-b6a6-dd19a3c97e1f,SocialBot_48,CH,Europe/Warsaw,SocialBot,2,2,16,10,11,9,39,4,12,15,6,5,392,91646910,21581,19667400,2524800,15000,13380
DE Club 41,11,a9e0c83a-53da-4ac0-ad7c-4b0e2fa6e163,LadderGrinderBot_41,DE,Europe/Amsterdam,LadderGrinderBot,2,2,9,11,8,11,44,9,11,13,6,11,382,205948683,16294,37767300,6112177,15000,15000
ES Club 34,11,087b9ae0-6fdc-4b3e-81b5-64958689d718,YouthFocusedBot_34,ES,Europe/Madrid,YouthFocusedBot,2,2,2,11,10,9,42,11,5,13,6,3,408,247891205,142,41349000,5041011,21800,22100
ES Club 44,11,e457cf23-a7cb-44b3-bbbd-ab1129f58ec0,ConservativeBot_44,ES,Europe/Paris,ConservativeBot,2,2,12,3,21,6,15,3,8,8,6,7,376,79910704,25862,16108200,3226073,15000,12000
FR Club 42,11,260b1adc-d0aa-49cf-b19c-4409f159460e,SocialBot_42,FR,Europe/Warsaw,SocialBot,2,2,10,8,11,11,35,8,12,12,6,7,396,159384000,34210,30534900,5202912,15000,12780
IT Club 33,11,9f6f161f-95b7-42b7-a258-cbd0543c61a9,AggressiveTraderBot_33,IT,Europe/Rome,AggressiveTraderBot,2,2,1,10,11,9,39,11,4,14,12,5,413,242355471,556,45012300,6598496,22400,23500
IT Club 43,11,2b214729-72c6-4386-a05d-dac6be575cb8,NewManagerBot_43,IT,Europe/Berlin,NewManagerBot,2,2,11,21,3,6,69,9,12,16,8,8,405,236018693,20493,37760100,4013989,15000,16980
NL Club 35,11,87ce9b67-bc5f-4cb2-9656-11581972cd0a,LadderGrinderBot_35,NL,Europe/Amsterdam,LadderGrinderBot,2,2,3,11,11,8,41,9,11,12,7,9,401,255260487,16313,37773900,5307736,15000,14200
NL Club 45,11,f67abc68-4b09-45f1-91ae-bcb6b15c902a,AggressiveTraderBot_45,NL,Europe/Rome,AggressiveTraderBot,2,2,13,14,6,10,52,11,5,13,10,6,414,249463352,-643,41387400,7272485,22200,23300
PL Club 36,11,5f83f8c6-af3b-4f93-b480-3977c07226b5,SocialBot_36,PL,Europe/Warsaw,SocialBot,2,2,4,11,11,8,41,7,11,13,9,5,400,178003525,19457,30535200,3991408,15000,13800
PL Club 46,11,359bd3ac-434f-4bf2-a012-cf5d2d9032fc,YouthFocusedBot_46,PL,Europe/Madrid,YouthFocusedBot,2,2,14,6,14,10,28,11,4,13,7,8,397,273227427,239,44985300,6924911,21800,22700
PT Club 40,11,a9d1c5ae-7500-4899-9ce5-188751e92bc0,YouthFocusedBot_40,PT,Europe/Madrid,YouthFocusedBot,2,2,8,12,10,8,44,9,6,9,7,5,397,262525280,1077,34177800,4346810,21300,21700
AT Club 57,11,46b265df-173c-47d2-8e1e-dfe693aabbe0,AggressiveTraderBot_57,AT,Europe/Rome,AggressiveTraderBot,3,1,9,25,0,5,80,10,5,13,10,6,415,147655246,1549,32215500,6157641,21800,20500
BE Club 49,11,2c532bab-68f4-4c5a-b143-45b6c8d83211,NewManagerBot_49,BE,Europe/Berlin,NewManagerBot,3,1,1,12,8,10,46,8,11,12,9,7,400,137952443,24053,23792100,6188400,15000,11000
BE Club 59,11,af4fb2d5-fa95-41fb-b8af-a0eb7c4197fb,LadderGrinderBot_59,BE,Europe/Amsterdam,LadderGrinderBot,3,1,11,0,25,5,5,9,9,11,5,8,381,172386148,17277,29394900,4452865,15000,14840
CH Club 58,11,7354403b-add9-4e68-a3ae-80e453c9493b,YouthFocusedBot_58,CH,Europe/Madrid,YouthFocusedBot,3,1,10,0,25,5,5,11,2,11,8,4,384,175042109,630,32090300,4644801,21600,22100
DE Club 51,11,c6d5d63d-05a8-4ebb-8969-d9270762f9ac,AggressiveTraderBot_51,DE,Europe/Rome,AggressiveTraderBot,3,1,3,10,10,10,40,10,3,10,9,6,412,171317606,1218,32221800,8050280,22600,23000
DE Club 61,11,88f1b614-18d5-454f-ab33-76193c96e9c1,NewManagerBot_61,DE,Europe/Berlin,NewManagerBot,3,1,13,11,13,6,39,9,9,11,6,9,415,186658095,21754,29391900,3325684,15000,13240
ES Club 54,11,3ed722fb-ea9c-41e3-9890-64b5f1d065cb,SocialBot_54,ES,Europe/Warsaw,SocialBot,3,1,6,10,11,9,39,11,10,12,9,5,388,194123237,21158,32197800,7691160,15000,11600
ES Club 64,11,dcb92066-7a8e-4464-b2f5-ebd51d22b141,YouthFocusedBot_64,ES,Europe/Madrid,YouthFocusedBot,3,1,16,5,12,13,28,6,2,12,5,3,389,138414264,1742,20922600,5416073,21800,20500
FR Club 52,11,b2fb41be-b58a-4b22-a390-f8e6bd3e1862,YouthFocusedBot_52,FR,Europe/Madrid,YouthFocusedBot,3,1,4,10,10,10,40,4,4,11,6,6,389,55033615,179,12508800,5754783,21700,23500
FR Club 62,11,825c13ba-7e2b-4973-88d6-4ca4b036764d,ConservativeBot_62,FR,Europe/Paris,ConservativeBot,3,1,14,13,11,6,45,8,14,15,11,8,404,128761560,21808,23785800,4004386,15000,14140
IT Club 53,11,cc36e2b6-1fc0-4d7e-9c3b-0fc18fb1be20,LadderGrinderBot_53,IT,Europe/Amsterdam,LadderGrinderBot,3,1,5,11,10,9,42,10,9,11,7,6,403,176750116,19058,29397600,5038303,15000,15840
IT Club 63,11,9f919296-3581-42e0-a49f-158ddd554818,AggressiveTraderBot_63,IT,Europe/Rome,AggressiveTraderBot,3,1,15,12,5,13,49,9,5,12,8,5,401,124497869,575,26578500,8669285,22300,21900
NL Club 55,11,d88f6c05-bc9f-4f15-a898-8586cf76721d,NewManagerBot_55,NL,Europe/Berlin,NewManagerBot,3,1,7,7,15,8,29,8,8,8,7,7,409,147200388,23996,26597400,7319413,15000,12000
PL Club 56,11,3577bce9-59e5-4412-ab6b-1e1679b4251c,ConservativeBot_56,PL,Europe/Paris,ConservativeBot,3,1,8,15,7,8,53,8,11,11,8,4,416,156132395,17233,26577000,5615045,15000,14600
PT Club 50,11,e59f2d7c-ec78-46f7-8ecb-9e36a7f7d221,ConservativeBot_50,PT,Europe/Paris,ConservativeBot,3,1,2,8,12,10,34,9,9,9,7,7,410,191411020,23588,29414100,5355800,15000,12200
PT Club 60,11,3858852e-63b3-4a7e-b87f-39f1b842af70,SocialBot_60,PT,Europe/Warsaw,SocialBot,3,1,12,25,0,5,80,7,9,15,9,4,416,86588355,21806,20944500,3755594,15000,12000
AT Club 67,11,ee9f963f-858c-46e5-96ab-dc0e12e5628b,NewManagerBot_67,AT,Europe/Berlin,NewManagerBot,3,2,3,11,7,12,45,10,13,16,8,4,383,184585934,15333,29355600,6625489,15000,14160
AT Club 77,11,303dcc52-a238-4f31-a460-2cfc8a3af71f,LadderGrinderBot_77,AT,Europe/Amsterdam,LadderGrinderBot,3,2,13,3,19,8,17,10,12,15,9,9,385,184445217,11679,32162800,4933124,15000,14780
BE Club 69,11,134d33c8-e2dd-4d15-86bc-8222b7392d2d,AggressiveTraderBot_69,BE,Europe/Rome,AggressiveTraderBot,3,2,5,0,26,4,4,11,6,14,8,8,381,184064007,143,34575400,5242363,22100,22700
BE Club 79,11,78197d87-aa04-4f1e-b3fd-52a6eb74d8cd,NewManagerBot_79,BE,Europe/Berlin,NewManagerBot,3,2,15,8,10,12,36,10,13,13,7,5,405,152475579,21271,29375100,4067066,15000,12400
CH Club 68,11,97e0d4a2-4b6e-42f4-9597-e7a030c6d709,ConservativeBot_68,CH,Europe/Paris,ConservativeBot,3,2,4,7,11,12,33,8,10,13,10,8,389,135493317,22673,23781600,4673406,15000,11000
CH Club 78,11,b1b9e616-5acc-4dd8-b611-e55cb44189a2,SocialBot_78,CH,Europe/Warsaw,SocialBot,3,2,14,19,3,8,65,10,8,13,4,10,412,198754043,33962,32172300,2876229,15000,14260
DE Club 71,11,7c458915-8e83-42b8-93c3-9c87ca01f053,LadderGrinderBot_71,DE,Europe/Amsterdam,LadderGrinderBot,3,2,7,9,13,8,35,9,11,11,9,6,418,169596221,15960,29402700,6966193,15000,10800
ES Club 74,11,0f1755f5-458e-4abc-9e65-fb68a876d176,ConservativeBot_74,ES,Europe/Paris,ConservativeBot,3,2,10,8,11,11,35,8,10,11,6,7,417,131509223,22343,23767200,4856701,15000,14220
FR Club 72,11,097bbfea-3583-49a7-8998-464b288da9f6,SocialBot_72,FR,Europe/Warsaw,SocialBot,3,2,8,13,9,8,47,11,13,13,9,10,402,180507559,20830,32232900,5712135,15000,15760
IT Club 73,11,b3813095-e065-4e5d-92cf-24cf68c5c976,NewManagerBot_73,IT,Europe/Berlin,NewManagerBot,3,2,9,11,8,11,44,10,10,12,9,6,411,156987055,23650,32206800,5340346,15000,13200
NL Club 65,11,c17afd47-ce14-4754-9441-36ddb100e92e,LadderGrinderBot_65,NL,Europe/Amsterdam,LadderGrinderBot,3,2,1,13,10,7,46,10,10,10,6,8,401,170862503,16753,29403000,4243398,15000,18020
NL Club 75,11,37e480f2-8818-436e-b65b-9719795f9a20,AggressiveTraderBot_75,NL,Europe/Rome,AggressiveTraderBot,3,2,11,14,5,11,53,10,2,14,9,6,387,192227758,1089,32207400,8157555,22200,21600
PL Club 66,11,1ffc700f-df07-4cb3-9160-c002853d225d,SocialBot_66,PL,Europe/Warsaw,SocialBot,3,2,2,10,13,7,37,9,9,11,7,6,397,185904617,30848,29402100,3663040,15000,10200
PL Club 76,11,b23385df-b985-4223-966b-add6e40c4be3,YouthFocusedBot_76,PL,Europe/Madrid,YouthFocusedBot,3,2,12,5,14,11,26,8,6,11,6,6,400,135324262,1653,23763300,4299784,21800,20100
PT Club 70,11,fdeb42be-2d98-4817-947d-eccd1ee9099a,YouthFocusedBot_70,PT,Europe/Madrid,YouthFocusedBot,3,2,6,26,0,4,82,8,6,10,10,5,414,189650022,1031,26605200,5749047,21800,20700
PT Club 80,11,44926543-0b06-49c2-91a1-5fafc287f8a7,ConservativeBot_80,PT,Europe/Paris,ConservativeBot,3,2,16,10,8,12,42,13,13,13,10,6,390,243977818,11916,37838100,6372265,15000,16160
AT Club 87,11,2f971dd6-c49a-485d-a73e-15fac9f7acd5,AggressiveTraderBot_87,AT,Europe/Rome,AggressiveTraderBot,3,3,7,11,11,8,41,10,3,11,7,8,413,184594776,535,32215200,8409537,22000,22300
BE Club 89,11,ede53099-d1e3-440c-9a6e-4495ec33968a,LadderGrinderBot_89,BE,Europe/Amsterdam,LadderGrinderBot,3,3,9,9,15,6,33,6,9,9,4,7,417,127342052,21338,20950500,5725383,15000,10800
CH Club 88,11,a72bb731-f3c7-4261-9ba2-8799e372245b,YouthFocusedBot_88,CH,Europe/Madrid,YouthFocusedBot,3,3,8,11,11,8,41,7,2,9,6,4,402,123064272,522,23769300,4452533,21400,21400
DE Club 81,11,b9db7abf-c9f8-47b8-94a5-8890b3ba7080,AggressiveTraderBot_81,DE,Europe/Rome,AggressiveTraderBot,3,3,1,10,13,7,37,10,6,11,8,9,390,168388376,909,32215200,8695637,22300,21900
DE Club 91,11,74592459-a7bb-4a79-9434-accb444c9ab0,NewManagerBot_91,DE,Europe/Berlin,NewManagerBot,3,3,11,29,0,1,88,8,9,10,8,8,415,186719725,21627,26602500,5813905,15000,16040
ES Club 84,11,5b65d8a2-6044-457f-826f-6063f988c48b,SocialBot_84,ES,Europe/Warsaw,SocialBot,3,3,4,5,17,8,23,9,11,11,9,6,412,184184894,19214,26594100,3563153,15000,14000
ES Club 94,11,7cc7d05c-edfd-47bb-8f42-12cd8431ba5e,YouthFocusedBot_94,ES,Europe/Madrid,YouthFocusedBot,3,3,14,9,10,11,38,9,6,10,8,10,392,129844225,-212,26619600,7958248,21700,23400
FR Club 82,11,cbc044f2-2f89-425b-96a1-e137bdefe31f,YouthFocusedBot_82,FR,Europe/Madrid,YouthFocusedBot,3,3,2,13,10,7,46,11,4,12,5,5,392,165161012,468,32181000,5715270,21700,22200
FR Club 92,11,2d92d7ee-ce39-4bc5-aa23-2ca1043b3e8d,ConservativeBot_92,FR,Europe/Paris,ConservativeBot,3,3,12,0,29,1,1,8,9,9,9,6,377,143032165,24879,26614200,2937831,15000,12200
IT Club 83,11,de645a93-8bad-4e63-a444-7e0719816b72,LadderGrinderBot_83,IT,Europe/Amsterdam,LadderGrinderBot,3,3,3,17,5,8,59,6,13,14,4,6,397,91505922,14274,18108900,3316680,15000,13960
IT Club 93,11,75078879-532f-4145-bdba-11805f8bce9f,AggressiveTraderBot_93,IT,Europe/Rome,AggressiveTraderBot,3,3,13,10,9,11,41,1,3,10,3,3,416,-2889810,1990,6863400,9185964,18300,17800
NL Club 85,11,84408bb9-0db2-4086-b1e8-c98e015aaa12,NewManagerBot_85,NL,Europe/Berlin,NewManagerBot,3,3,5,11,9,10,43,9,12,12,8,8,400,154726878,23356,29404200,3527625,15000,10400
NL Club 95,11,66572111-2ff4-451b-9150-8a7f66ca32c7,LadderGrinderBot_95,NL,Europe/Amsterdam,LadderGrinderBot,3,3,15,0,28,2,2,8,8,8,8,7,383,178970481,21378,26613600,3036904,15000,14200
PL Club 86,11,1a741654-624a-4807-9b41-9645185d7c8b,ConservativeBot_86,PL,Europe/Paris,ConservativeBot,3,3,6,9,11,10,37,8,12,12,11,8,388,113455913,20687,23800200,4178297,15000,14380
PL Club 96,11,23205a97-05fe-4e5b-bb68-2f34abd36882,SocialBot_96,PL,Europe/Warsaw,SocialBot,3,3,16,28,0,2,86,10,10,10,7,9,414,147931605,35376,29407500,5040857,15000,10200
PT Club 90,11,9fd8eec7-4860-48c6-9b0f-d3ac317b965f,SocialBot_90,PT,Europe/Warsaw,SocialBot,3,3,10,15,9,6,51,10,10,10,7,8,394,182776642,31181,32214600,3220683,15000,14220
AT Club 7,12,3fe71a77-ecd2-4016-8a30-7b61616f87fb,NewManagerBot_7,AT,Europe/Berlin,NewManagerBot,1,1,7,9,7,14,41,8,10,10,5,8,442,317728107,21601,43548600,6161199,15000,11400
BE Club 9,12,433e9f94-2ea8-4276-bda5-1567aaada803,AggressiveTraderBot_9,BE,Europe/Rome,AggressiveTraderBot,1,1,9,25,0,5,80,10,5,12,5,5,444,328593545,-212,48135000,7236570,22200,22500
CH Club 8,12,a360fffe-4f47-404b-a3ce-1e8521ab5084,ConservativeBot_8,CH,Europe/Paris,ConservativeBot,1,1,8,7,9,14,35,9,11,14,13,5,422,385016636,23347,48177300,4924052,15000,14200
DE Club 1,12,60342169-5b3d-4aef-a3fc-5cde7cb4a190,NewManagerBot_1,DE,Europe/Berlin,NewManagerBot,1,1,1,10,10,10,40,11,13,13,11,5,442,380880182,19914,52783500,5638353,15000,15960
DE Club 11,12,7a7dbd68-0978-4127-9bef-08f32a1d90fe,LadderGrinderBot_11,DE,Europe/Amsterdam,LadderGrinderBot,1,1,11,9,9,12,39,8,11,11,7,8,426,265783309,21194,38953500,5354651,15000,14200
ES Club 14,12,bcb572ec-b227-4b21-87fc-2bc32b09815b,ConservativeBot_14,ES,Europe/Paris,ConservativeBot,1,1,14,2,25,3,9,6,11,13,7,7,406,232604551,19129,29726700,6427768,15000,14800
ES Club 4,12,0970c318-8891-49d6-ac02-b6edad04f998,YouthFocusedBot_4,ES,Europe/Madrid,YouthFocusedBot,1,1,4,27,0,3,84,8,6,10,9,8,437,212985006,209,38977200,4701807,21600,23400
FR Club 12,12,7eab1a8a-57da-4f2e-aec6-4b1f409934ce,SocialBot_12,FR,Europe/Warsaw,SocialBot,1,1,12,9,9,12,39,9,14,14,11,5,439,353315212,27590,43553700,4998997,15000,14140
FR Club 2,12,105972e2-d768-4707-8113-6fdf60c3daeb,ConservativeBot_2,FR,Europe/Paris,ConservativeBot,1,1,2,10,10,10,40,11,12,12,8,7,418,407297007,20123,52771800,5793119,15000,12200
IT Club 13,12,4317646c-6307-4300-84a5-ea5b873fbfbe,NewManagerBot_13,IT,Europe/Berlin,NewManagerBot,1,1,13,25,2,3,78,13,13,15,3,9,431,478098912,21610,66547500,5802831,15000,14200
IT Club 3,12,456e6fc4-9583-4d82-b452-d4ae350e3db3,AggressiveTraderBot_3,IT,Europe/Rome,AggressiveTraderBot,1,1,3,0,27,3,3,7,5,12,11,4,405,170563396,1361,34365000,5909030,22400,21100
NL Club 15,12,7043d0a7-7c0b-4f62-89e3-e5468cee589e,AggressiveTraderBot_15,NL,Europe/Rome,AggressiveTraderBot,1,1,15,9,9,12,39,9,3,14,5,9,433,313255225,1444,43538700,6563311,22200,21800
NL Club 5,12,90c20855-d6a3-4cc7-8e1c-bae8c83e2fe8,LadderGrinderBot_5,NL,Europe/Amsterdam,LadderGrinderBot,1,1,5,0,25,5,5,9,10,11,7,6,406,306325209,19911,43563900,5021081,15000,12000
PL Club 16,12,fbaa9901-0416-4c09-bf29-d0fab0c6c3e2,YouthFocusedBot_16,PL,Europe/Madrid,YouthFocusedBot,1,1,16,9,9,12,39,8,2,13,7,10,420,278101018,121,43559400,3754007,21700,22800
PL Club 6,12,db770079-4c31-418e-9a47-fab14deb99b1,SocialBot_6,PL,Europe/Warsaw,SocialBot,1,1,6,25,0,5,80,14,11,15,5,7,449,495102621,28564,71154000,4853961,15000,12200
PT Club 10,12,8646e00d-cc1a-405a-893f-a7b6e8772589,YouthFocusedBot_10,PT,Europe/Madrid,YouthFocusedBot,1,1,10,0,25,5,5,11,2,12,10,10,406,374790988,1190,52797900,7725858,21700,20800
AT Club 17,12,ac0ae0c3-4ed2-4c3f-a536-d98ea02a0b63,LadderGrinderBot_17,AT,Europe/Amsterdam,LadderGrinderBot,2,1,1,5,12,13,28,7,14,14,7,6,426,152154034,15611,26913900,6930255,15000,15140
AT Club 27,12,65f642c8-f5d4-44a3-8c30-3a77f89d7ac6,AggressiveTraderBot_27,AT,Europe/Rome,AggressiveTraderBot,2,1,11,11,7,12,45,10,2,13,5,7,432,275663951,1116,41367000,7667421,22100,21000
BE Club 19,12,bd9174d6-0714-47ce-badc-ede9a0274f98,NewManagerBot_19,BE,Europe/Berlin,NewManagerBot,2,1,3,11,9,10,43,10,10,10,9,9,406,278799937,25897,41418900,4880607,15000,10800
BE Club 29,12,93299a02-7fe5-4512-993f-a82d97300fba,LadderGrinderBot_29,BE,Europe/Amsterdam,LadderGrinderBot,2,1,13,0,26,4,4,9,12,12,10,4,415,203215017,16397,37780200,4879936,15000,15180
CH Club 18,12,9378a293-7e4e-469c-ab5c-d78e5992cc30,SocialBot_18,CH,Europe/Warsaw,SocialBot,2,1,2,12,5,13,49,10,11,11,8,10,406,206076129,29274,37802100,6198359,15000,14200
CH Club 28,12,3afc330a-01a3-4c7e-bc16-9138bb74fa9d,YouthFocusedBot_28,CH,Europe/Madrid,YouthFocusedBot,2,1,12,7,11,12,33,10,4,12,9,5,416,347120019,1636,41397900,3085892,21200,21100
DE Club 21,12,0705089d-244c-4e90-ac5b-b67716cd4df3,AggressiveTraderBot_21,DE,Europe/Rome,AggressiveTraderBot,2,1,5,9,15,6,33,6,5,9,7,7,425,131166739,148,23342700,7187295,22500,23600
DE Club 31,12,b534052b-42a5-4dad-a4c7-978503f663c1,NewManagerBot_31,DE,Europe/Berlin,NewManagerBot,2,1,15,13,9,8,47,8,12,12,9,8,409,272377285,20136,30564300,5183840,15000,11800
ES Club 24,12,c6ba20b0-4256-45a5-93b0-eaad25da20d8,SocialBot_24,ES,Europe/Warsaw,SocialBot,2,1,8,10,8,12,42,9,12,12,5,9,411,284939768,34772,37765800,5950043,15000,13780
FR Club 22,12,185a3c1c-5633-46dd-880a-aac0984882d1,YouthFocusedBot_22,FR,Europe/Madrid,YouthFocusedBot,2,1,6,15,9,6,51,11,2,12,7,4,444,363488294,343,44978400,1998017,21900,23000
FR Club 32,12,33a6c81c-d216-4865-8c41-e849edb3d4c2,ConservativeBot_32,FR,Europe/Paris,ConservativeBot,2,1,16,9,13,8,35,10,11,12,8,7,412,213669207,22055,37773000,4951500,15000,14400
IT Club 23,12,1dd5d330-5033-4d78-9a15-40cf9515cc07,LadderGrinderBot_23,IT,Europe/Amsterdam,LadderGrinderBot,2,1,7,8,10,12,36,8,11,11,10,5,410,214688978,21755,34167000,6374695,15000,14000
NL Club 25,12,863fa920-eb66-4f3e-9ecb-23ee5b0a2147,NewManagerBot_25,NL,Europe/Berlin,NewManagerBot,2,1,9,10,10,10,40,8,13,15,8,5,446,137360749,17014,30520200,4466061,15000,12000
PL Club 26,12,5d3c393f-1ca7-47d3-b02a-8030bcdc94e0,ConservativeBot_26,PL,Europe/Paris,ConservativeBot,2,1,10,10,10,10,40,10,10,13,10,7,424,259214604,26675,37786800,3648069,15000,12200
PT Club 20,12,edbe36bf-fd58-4a0d-b72b-68f37df6b422,ConservativeBot_20,PT,Europe/Paris,ConservativeBot,2,1,4,9,11,10,37,10,10,10,5,7,424,240760474,24750,37764300,5686687,15000,12600
PT Club 30,12,dbe26a47-ec47-4643-b078-b42e47d3a6f2,SocialBot_30,PT,Europe/Warsaw,SocialBot,2,1,14,26,0,4,82,8,8,9,8,6,446,251736139,37684,34177800,7244590,15000,12000
AT Club 37,12,f29e975d-d8a4-4a62-bac9-541f0a0eee01,NewManagerBot_37,AT,Europe/Berlin,NewManagerBot,2,2,5,8,10,12,36,8,8,11,8,7,410,172656142,22599,34175400,5083917,15000,16260
AT Club 47,12,02a87f4b-ab4e-4d03-adad-d678d2cd0302,LadderGrinderBot_47,AT,Europe/Amsterdam,LadderGrinderBot,2,2,15,11,9,10,43,10,10,12,7,5,425,266631137,17927,41361600,3062699,15000,14420
BE Club 39,12,5b313a53-4c83-4183-96af-4e8ccc3c50c7,AggressiveTraderBot_39,BE,Europe/Rome,AggressiveTraderBot,2,2,7,15,7,8,53,8,4,15,4,8,412,184629491,248,30504300,6609711,22600,22500
CH Club 38,12,31941f34-7841-48e8-973c-b0e59838e222,ConservativeBot_38,CH,Europe/Paris,ConservativeBot,2,2,6,10,8,12,42,14,14,17,3,6,424,378761226,15220,55757100,3272543,15000,14740
CH Club 48,12,9b82d563-ce08-4538-b6a6-dd19a3c97e1f,SocialBot_48,CH,Europe/Warsaw,SocialBot,2,2,16,9,11,10,37,5,13,16,7,6,422,105399224,20821,19664400,5912086,15000,15760
DE Club 41,12,a9e0c83a-53da-4ac0-ad7c-4b0e2fa6e163,LadderGrinderBot_41,DE,Europe/Amsterdam,LadderGrinderBot,2,2,9,10,8,12,42,10,12,14,7,12,412,238786899,13914,37772400,4934184,15000,17380
ES Club 34,12,087b9ae0-6fdc-4b3e-81b5-64958689d718,YouthFocusedBot_34,ES,Europe/Madrid,YouthFocusedBot,2,2,2,11,11,8,41,12,5,13,6,4,438,286520067,842,44962800,6333938,21900,21200
ES Club 44,12,e457cf23-a7cb-44b3-bbbd-ab1129f58ec0,ConservativeBot_44,ES,Europe/Paris,ConservativeBot,2,2,12,5,18,7,22,4,8,8,6,7,406,89950158,27662,16112700,6073246,15000,13200
FR Club 42,12,260b1adc-d0aa-49cf-b19c-4409f159460e,SocialBot_42,FR,Europe/Warsaw,SocialBot,2,2,10,8,10,12,36,9,13,13,6,8,426,189901740,34450,34148700,3630960,15000,14760
IT Club 33,12,9f6f161f-95b7-42b7-a258-cbd0543c61a9,AggressiveTraderBot_33,IT,Europe/Rome,AggressiveTraderBot,2,2,1,11,11,8,41,12,4,14,13,5,443,278830941,1556,45012900,8537430,22500,21500
IT Club 43,12,2b214729-72c6-4386-a05d-dac6be575cb8,NewManagerBot_43,IT,Europe/Berlin,NewManagerBot,2,2,11,18,5,7,61,9,13,16,8,8,435,269578052,19333,37752600,4193241,15000,16160
NL Club 35,12,87ce9b67-bc5f-4cb2-9656-11581972cd0a,LadderGrinderBot_35,NL,Europe/Amsterdam,LadderGrinderBot,2,2,3,8,11,11,35,10,12,12,7,10,431,290755415,17133,37779000,2284072,15000,14180
NL Club 45,12,f67abc68-4b09-45f1-91ae-bcb6b15c902a,AggressiveTraderBot_45,NL,Europe/Rome,AggressiveTraderBot,2,2,13,8,12,10,34,12,5,14,10,6,444,287418079,1057,45008700,7053973,23000,21300
PL Club 36,12,5f83f8c6-af3b-4f93-b480-3977c07226b5,SocialBot_36,PL,Europe/Warsaw,SocialBot,2,2,4,11,8,11,44,8,11,14,10,5,430,203072021,23257,30543300,5474804,15000,11200
PL Club 46,12,359bd3ac-434f-4bf2-a012-cf5d2d9032fc,YouthFocusedBot_46,PL,Europe/Madrid,YouthFocusedBot,2,2,14,12,8,10,46,11,4,14,8,9,427,312539637,439,44993400,5681190,22100,21900
PT Club 40,12,a9d1c5ae-7500-4899-9ce5-188751e92bc0,YouthFocusedBot_40,PT,Europe/Madrid,YouthFocusedBot,2,2,8,7,15,8,29,9,6,9,8,6,427,294694242,477,37783500,5614538,21600,22200
AT Club 57,12,46b265df-173c-47d2-8e1e-dfe693aabbe0,AggressiveTraderBot_57,AT,Europe/Rome,AggressiveTraderBot,3,1,9,29,0,1,88,11,5,14,10,6,445,173671435,1449,32215500,6199311,22600,22700
BE Club 49,12,2c532bab-68f4-4c5a-b143-45b6c8d83211,NewManagerBot_49,BE,Europe/Berlin,NewManagerBot,3,1,1,14,12,4,46,9,12,13,10,7,430,159374200,23273,26596200,5174443,15000,15780
BE Club 59,12,af4fb2d5-fa95-41fb-b8af-a0eb7c4197fb,LadderGrinderBot_59,BE,Europe/Amsterdam,LadderGrinderBot,3,1,11,0,25,5,5,10,10,12,6,8,411,197233946,16457,29387400,4539602,15000,15820
CH Club 58,12,7354403b-add9-4e68-a3ae-80e453c9493b,YouthFocusedBot_58,CH,Europe/Madrid,YouthFocusedBot,3,1,10,0,29,1,1,11,2,11,8,5,414,207191238,1230,34483900,2334771,21700,21100
DE Club 51,12,c6d5d63d-05a8-4ebb-8969-d9270762f9ac,AggressiveTraderBot_51,DE,Europe/Rome,AggressiveTraderBot,3,1,3,10,11,9,39,10,3,10,10,6,442,194681503,1518,32229900,8866003,22300,22000
DE Club 61,12,88f1b614-18d5-454f-ab33-76193c96e9c1,NewManagerBot_61,DE,Europe/Berlin,NewManagerBot,3,1,13,9,13,8,35,10,10,12,6,10,445,211211468,22534,29400000,4846627,15000,14220
ES Club 54,12,3ed722fb-ea9c-41e3-9890-64b5f1d065cb,SocialBot_54,ES,Europe/Warsaw,SocialBot,3,1,6,10,14,6,36,12,11,12,9,5,418,223665746,20358,35022000,5479491,15000,15800
ES Club 64,12,dcb92066-7a8e-4464-b2f5-ebd51d22b141,YouthFocusedBot_64,ES,Europe/Madrid,YouthFocusedBot,3,1,16,8,14,8,32,6,2,13,6,3,419,155844007,642,20922600,3492857,21900,23000
FR Club 52,12,b2fb41be-b58a-4b22-a390-f8e6bd3e1862,YouthFocusedBot_52,FR,Europe/Madrid,YouthFocusedBot,3,1,4,11,10,9,42,5,4,12,6,6,419,65081261,779,15328500,5280854,22000,21400
FR Club 62,12,825c13ba-7e2b-4973-88d6-4ca4b036764d,ConservativeBot_62,FR,Europe/Paris,ConservativeBot,3,1,14,13,9,8,47,9,14,15,11,9,434,148506594,24208,26594400,6849366,15000,12600
IT Club 53,12,cc36e2b6-1fc0-4d7e-9c3b-0fc18fb1be20,LadderGrinderBot_53,IT,Europe/Amsterdam,LadderGrinderBot,3,1,5,14,10,6,48,10,10,12,7,7,433,204166287,18238,32206200,4790029,15000,15820
IT Club 63,12,9f919296-3581-42e0-a49f-158ddd554818,AggressiveTraderBot_63,IT,Europe/Rome,AggressiveTraderBot,3,1,15,14,8,8,50,10,5,12,8,6,431,144313992,475,29390700,9574577,22600,22700
NL Club 55,12,d88f6c05-bc9f-4f15-a898-8586cf76721d,NewManagerBot_55,NL,Europe/Berlin,NewManagerBot,3,1,7,8,13,9,33,8,9,9,8,8,439,171273008,24356,26610000,2537380,15000,14640
PL Club 56,12,3577bce9-59e5-4412-ab6b-1e1679b4251c,ConservativeBot_56,PL,Europe/Paris,ConservativeBot,3,1,8,13,8,9,48,8,11,11,8,4,446,177663992,18633,26582100,5050503,15000,13600
PT Club 50,12,e59f2d7c-ec78-46f7-8ecb-9e36a7f7d221,ConservativeBot_50,PT,Europe/Paris,ConservativeBot,3,1,2,12,14,4,40,10,10,10,7,7,440,214688191,22768,29414100,6136929,15000,15820
PT Club 60,12,3858852e-63b3-4a7e-b87f-39f1b842af70,SocialBot_60,PT,Europe/Warsaw,SocialBot,3,1,12,25,0,5,80,8,10,15,9,5,446,103873718,23186,23748600,6463237,15000,13620
AT Club 67,12,ee9f963f-858c-46e5-96ab-dc0e12e5628b,NewManagerBot_67,AT,Europe/Berlin,NewManagerBot,3,2,3,11,11,8,41,11,14,17,8,4,413,209458282,13393,32167800,7295452,15000,16940
AT Club 77,12,303dcc52-a238-4f31-a460-2cfc8a3af71f,LadderGrinderBot_77,AT,Europe/Amsterdam,LadderGrinderBot,3,2,13,3,11,16,25,11,13,16,9,10,415,212233914,9919,32205900,4417203,15000,16760
BE Club 69,12,134d33c8-e2dd-4d15-86bc-8222b7392d2d,AggressiveTraderBot_69,BE,Europe/Rome,AggressiveTraderBot,3,2,5,0,27,3,3,11,6,14,8,8,411,208604044,-257,34479400,9939363,22200,22600
BE Club 79,12,78197d87-aa04-4f1e-b3fd-52a6eb74d8cd,NewManagerBot_79,BE,Europe/Berlin,NewManagerBot,3,2,15,10,11,9,39,10,13,13,7,5,435,180565393,25271,32186700,4096886,15000,11000
CH Club 68,12,97e0d4a2-4b6e-42f4-9597-e7a030c6d709,ConservativeBot_68,CH,Europe/Paris,ConservativeBot,3,2,4,11,11,8,41,8,10,14,10,9,419,156214253,25873,26601300,5880364,15000,11800
CH Club 78,12,b1b9e616-5acc-4dd8-b611-e55cb44189a2,SocialBot_78,CH,Europe/Warsaw,SocialBot,3,2,14,11,3,16,49,11,9,14,5,10,442,222668911,34522,32184900,8270032,15000,14440
DE Club 71,12,7c458915-8e83-42b8-93c3-9c87ca01f053,LadderGrinderBot_71,DE,Europe/Amsterdam,LadderGrinderBot,3,2,7,8,10,12,36,9,11,11,9,7,448,194351528,18760,29410800,4655493,15000,12200
ES Club 74,12,0f1755f5-458e-4abc-9e65-fb68a876d176,ConservativeBot_74,ES,Europe/Paris,ConservativeBot,3,2,10,11,9,10,43,9,11,11,7,7,447,152394443,23143,26579400,5694180,15000,14200
FR Club 72,12,097bbfea-3583-49a7-8998-464b288da9f6,SocialBot_72,FR,Europe/Warsaw,SocialBot,3,2,8,10,8,12,42,12,13,13,9,10,432,209107627,24630,35037000,6436932,15000,11200
IT Club 73,12,b3813095-e065-4e5d-92cf-24cf68c5c976,NewManagerBot_73,IT,Europe/Berlin,NewManagerBot,3,2,9,9,11,10,37,10,11,12,9,6,441,184580078,23450,32214900,4621877,15000,15200
NL Club 65,12,c17afd47-ce14-4754-9441-36ddb100e92e,LadderGrinderBot_65,NL,Europe/Amsterdam,LadderGrinderBot,3,2,1,11,9,10,43,10,10,10,6,9,431,197943626,20953,32214600,5133477,15000,10800
NL Club 75,12,37e480f2-8818-436e-b65b-9719795f9a20,AggressiveTraderBot_75,NL,Europe/Rome,AggressiveTraderBot,3,2,11,13,7,10,49,11,2,15,10,7,417,217356777,89,32199900,7070881,22100,23100
PL Club 66,12,1ffc700f-df07-4cb3-9160-c002853d225d,SocialBot_66,PL,Europe/Warsaw,SocialBot,3,2,2,9,11,10,37,10,9,11,8,7,427,209315541,33048,29394600,5983676,15000,12800
PL Club 76,12,b23385df-b985-4223-966b-add6e40c4be3,YouthFocusedBot_76,PL,Europe/Madrid,YouthFocusedBot,3,2,12,7,13,10,31,9,6,11,7,7,430,157664845,253,26574900,4234317,22100,23500
PT Club 70,12,fdeb42be-2d98-4817-947d-eccd1ee9099a,YouthFocusedBot_70,PT,Europe/Madrid,YouthFocusedBot,3,2,6,27,0,3,84,9,6,10,10,5,444,210984692,331,26610300,5275630,21300,22000
PT Club 80,12,44926543-0b06-49c2-91a1-5fafc287f8a7,ConservativeBot_80,PT,Europe/Paris,ConservativeBot,3,2,16,11,10,9,42,13,13,13,11,7,420,276849668,13916,39862800,6990950,15000,13000
AT Club 87,12,2f971dd6-c49a-485d-a73e-15fac9f7acd5,AggressiveTraderBot_87,AT,Europe/Rome,AggressiveTraderBot,3,3,7,10,13,7,37,10,3,11,8,8,443,211192717,335,32215200,5617259,21800,22000
BE Club 89,12,ede53099-d1e3-440c-9a6e-4495ec33968a,LadderGrinderBot_89,BE,Europe/Amsterdam,LadderGrinderBot,3,3,9,12,13,5,41,7,9,9,5,8,447,143382545,22538,20955000,4914507,15000,13800
CH Club 88,12,a72bb731-f3c7-4261-9ba2-8799e372245b,YouthFocusedBot_88,CH,Europe/Madrid,YouthFocusedBot,3,3,8,13,10,7,46,7,2,9,6,4,432,141095873,1222,23769300,5737699,21300,20600
DE Club 81,12,b9db7abf-c9f8-47b8-94a5-8890b3ba7080,AggressiveTraderBot_81,DE,Europe/Rome,AggressiveTraderBot,3,3,1,15,5,10,55,11,6,11,9,10,420,194278656,509,32227800,6337520,22300,22700
DE Club 91,12,74592459-a7bb-4a79-9434-accb444c9ab0,NewManagerBot_91,DE,Europe/Berlin,NewManagerBot,3,3,11,27,0,3,84,8,10,11,8,8,445,205797878,22207,26607600,7529447,15000,14420
ES Club 84,12,5b65d8a2-6044-457f-826f-6063f988c48b,SocialBot_84,ES,Europe/Warsaw,SocialBot,3,3,4,12,11,7,43,10,11,11,10,7,442,207495231,21614,29410800,6100463,15000,12600
ES Club 94,12,7cc7d05c-edfd-47bb-8f42-12cd8431ba5e,YouthFocusedBot_94,ES,Europe/Madrid,YouthFocusedBot,3,3,14,12,11,7,43,10,6,10,9,10,422,152043584,1288,29428200,7228841,22100,20600
FR Club 82,12,cbc044f2-2f89-425b-96a1-e137bdefe31f,YouthFocusedBot_82,FR,Europe/Madrid,YouthFocusedBot,3,3,2,5,15,10,25,12,4,13,6,5,422,195707464,1068,34989600,4443148,21900,21300
FR Club 92,12,2d92d7ee-ce39-4bc5-aa23-2ca1043b3e8d,ConservativeBot_92,FR,Europe/Paris,ConservativeBot,3,3,12,0,27,3,3,9,10,10,10,7,407,163462141,24459,26614200,6184224,15000,15420
IT Club 83,12,de645a93-8bad-4e63-a444-7e0719816b72,LadderGrinderBot_83,IT,Europe/Amsterdam,LadderGrinderBot,3,3,3,11,12,7,40,6,13,15,4,7,427,107440170,16474,20913000,4978752,15000,12800
IT Club 93,12,75078879-532f-4145-bdba-11805f8bce9f,AggressiveTraderBot_93,IT,Europe/Rome,AggressiveTraderBot,3,3,13,11,12,7,40,1,4,10,3,3,446,-1910153,1450,6863400,5883743,15000,15540
NL Club 85,12,84408bb9-0db2-4086-b1e8-c98e015aaa12,NewManagerBot_85,NL,Europe/Berlin,NewManagerBot,3,3,5,7,12,11,32,10,12,12,9,9,430,178664219,26556,29404200,5466859,15000,11800
NL Club 95,12,66572111-2ff4-451b-9150-8a7f66ca32c7,LadderGrinderBot_95,NL,Europe/Amsterdam,LadderGrinderBot,3,3,15,0,28,2,2,8,9,9,9,8,413,199743012,19338,26618100,5845569,15000,17040
PL Club 86,12,1a741654-624a-4807-9b41-9645185d7c8b,ConservativeBot_86,PL,Europe/Paris,ConservativeBot,3,3,6,12,7,11,47,8,13,13,11,9,418,136520107,20927,26616900,3552706,15000,14760
PL Club 96,12,23205a97-05fe-4e5b-bb68-2f34abd36882,SocialBot_96,PL,Europe/Warsaw,SocialBot,3,3,16,28,0,2,86,10,10,10,7,10,444,174358611,38376,32227200,5800194,15000,12000
PT Club 90,12,9fd8eec7-4860-48c6-9b0f-d3ac317b965f,SocialBot_90,PT,Europe/Warsaw,SocialBot,3,3,10,13,12,5,44,10,10,10,8,9,424,210500110,33981,32222700,4499232,15000,12200
AT Club 7,13,3fe71a77-ecd2-4016-8a30-7b61616f87fb,NewManagerBot_7,AT,Europe/Berlin,NewManagerBot,1,1,7,5,13,12,27,9,10,10,6,9,472,358060206,25601,43556700,3224601,15000,11000
BE Club 9,13,433e9f94-2ea8-4276-bda5-1567aaada803,AggressiveTraderBot_9,BE,Europe/Rome,AggressiveTraderBot,1,1,9,26,0,4,82,11,5,12,5,5,474,372919280,788,52743000,8417265,22000,21000
CH Club 8,13,a360fffe-4f47-404b-a3ce-1e8521ab5084,ConservativeBot_8,CH,Europe/Paris,ConservativeBot,1,1,8,13,5,12,51,9,11,15,14,5,452,426470717,26747,48185400,6731319,15000,11600
DE Club 1,13,60342169-5b3d-4aef-a3fc-5cde7cb4a190,NewManagerBot_1,DE,Europe/Berlin,NewManagerBot,1,1,1,9,11,10,37,11,13,14,12,5,472,434091972,23714,57391500,4179710,15000,11200
DE Club 11,13,7a7dbd68-0978-4127-9bef-08f32a1d90fe,LadderGrinderBot_11,DE,Europe/Amsterdam,LadderGrinderBot,1,1,11,8,10,12,36,9,11,11,7,9,456,303647523,22994,43565400,5701186,15000,13200
ES Club 14,13,bcb572ec-b227-4b21-87fc-2bc32b09815b,ConservativeBot_14,ES,Europe/Paris,ConservativeBot,1,1,14,4,17,9,21,6,11,13,8,8,436,259051358,19329,34331100,7884293,15000,14800
ES Club 4,13,0970c318-8891-49d6-ac02-b6edad04f998,YouthFocusedBot_4,ES,Europe/Madrid,YouthFocusedBot,1,1,4,27,0,3,84,8,6,10,10,8,467,252664089,1409,43589100,3910017,21700,20500
FR Club 12,13,7eab1a8a-57da-4f2e-aec6-4b1f409934ce,SocialBot_12,FR,Europe/Warsaw,SocialBot,1,1,12,10,8,12,42,10,14,15,11,5,469,396217947,31190,48169200,5266465,15000,11400
FR Club 2,13,105972e2-d768-4707-8113-6fdf60c3daeb,ConservativeBot_2,FR,Europe/Paris,ConservativeBot,1,1,2,11,9,10,43,12,12,12,9,8,448,457588124,21923,57383700,7092583,15000,13200
IT Club 13,13,4317646c-6307-4300-84a5-ea5b873fbfbe,NewManagerBot_13,IT,Europe/Berlin,NewManagerBot,1,1,13,17,4,9,60,14,14,15,3,9,461,539060626,20270,66544500,5582786,15000,16340
IT Club 3,13,456e6fc4-9583-4d82-b452-d4ae350e3db3,AggressiveTraderBot_3,IT,Europe/Rome,AggressiveTraderBot,1,1,3,0,27,3,3,8,5,12,11,5,435,202595660,461,38964900,6932636,22000,22900
NL Club 15,13,7043d0a7-7c0b-4f62-89e3-e5468cee589e,AggressiveTraderBot_15,NL,Europe/Rome,AggressiveTraderBot,1,1,15,9,9,12,39,10,3,15,6,9,463,352690510,244,48138600,8703315,21800,23000
NL Club 5,13,90c20855-d6a3-4cc7-8e1c-bae8c83e2fe8,LadderGrinderBot_5,NL,Europe/Amsterdam,LadderGrinderBot,1,1,5,0,25,5,5,10,11,11,7,6,436,350532738,21111,48163800,3956271,15000,13800
PL Club 16,13,fbaa9901-0416-4c09-bf29-d0fab0c6c3e2,YouthFocusedBot_16,PL,Europe/Madrid,YouthFocusedBot,1,1,16,9,9,12,39,9,2,13,7,10,450,317383632,1721,43559400,4276786,21700,20100
PL Club 6,13,db770079-4c31-418e-9a47-fab14deb99b1,SocialBot_6,PL,Europe/Warsaw,SocialBot,1,1,6,25,0,5,80,15,12,16,6,8,479,561140483,29384,71159100,5121238,15000,14180
PT Club 10,13,8646e00d-cc1a-405a-893f-a7b6e8772589,YouthFocusedBot_10,PT,Europe/Madrid,YouthFocusedBot,1,1,10,0,26,4,4,12,2,12,10,10,436,427418705,1290,57413400,4785683,21600,21500
AT Club 17,13,ac0ae0c3-4ed2-4c3f-a536-d98ea02a0b63,LadderGrinderBot_17,AT,Europe/Amsterdam,LadderGrinderBot,2,1,1,9,11,10,37,8,14,15,8,7,456,179281270,19611,30524100,3396864,15000,11000
AT Club 27,13,65f642c8-f5d4-44a3-8c30-3a77f89d7ac6,AggressiveTraderBot_27,AT,Europe/Rome,AggressiveTraderBot,2,1,11,6,10,14,32,10,2,13,5,7,462,309510591,416,41359500,7512860,22600,23300
BE Club 19,13,bd9174d6-0714-47ce-badc-ede9a0274f98,NewManagerBot_19,BE,Europe/Berlin,NewManagerBot,2,1,3,9,10,11,38,10,10,10,10,9,436,313753156,27697,41423400,6470181,15000,13200
BE Club 29,13,93299a02-7fe5-4512-993f-a82d97300fba,LadderGrinderBot_29,BE,Europe/Amsterdam,LadderGrinderBot,2,1,13,0,26,4,4,9,13,13,10,4,445,235062477,16437,37780800,5933340,15000,14960
CH Club 18,13,9378a293-7e4e-469c-ab5c-d78e5992cc30,SocialBot_18,CH,Europe/Warsaw,SocialBot,2,1,2,11,9,10,43,10,12,12,9,10,436,242449277,28294,41412300,5039152,15000,15980
CH Club 28,13,3afc330a-01a3-4c7e-bc16-9138bb74fa9d,YouthFocusedBot_28,CH,Europe/Madrid,YouthFocusedBot,2,1,12,10,6,14,44,10,4,12,9,6,446,384306820,1136,41390400,4203599,21600,22100
DE Club 21,13,0705089d-244c-4e90-ac5b-b67716cd4df3,AggressiveTraderBot_21,DE,Europe/Rome,AggressiveTraderBot,2,1,5,13,10,7,46,7,5,9,7,8,455,152063855,948,26952900,6055784,22400,21600
DE Club 31,13,b534052b-42a5-4dad-a4c7-978503f663c1,NewManagerBot_31,DE,Europe/Berlin,NewManagerBot,2,1,15,11,11,8,41,9,13,13,10,8,439,299958137,20776,34177500,6596648,15000,14360
ES Club 24,13,c6ba20b0-4256-45a5-93b0-eaad25da20d8,SocialBot_24,ES,Europe/Warsaw,SocialBot,2,1,8,6,11,13,31,10,12,12,5,9,441,318852038,39972,37762800,3850530,15000,9800
FR Club 22,13,185a3c1c-5633-46dd-880a-aac0984882d1,YouthFocusedBot_22,FR,Europe/Madrid,YouthFocusedBot,2,1,6,10,13,7,37,11,2,13,7,4,474,405070653,1843,44982900,3400541,21200,19700
FR Club 32,13,33a6c81c-d216-4865-8c41-e849edb3d4c2,ConservativeBot_32,FR,Europe/Paris,ConservativeBot,2,1,16,11,11,8,41,10,11,12,9,7,442,248608946,25655,41391300,6451561,15000,11400
IT Club 23,13,1dd5d330-5033-4d78-9a15-40cf9515cc07,LadderGrinderBot_23,IT,Europe/Amsterdam,LadderGrinderBot,2,1,7,11,6,13,46,9,11,11,11,5,440,244325273,23555,34179600,4543305,15000,13200
NL Club 25,13,863fa920-eb66-4f3e-9ecb-23ee5b0a2147,NewManagerBot_25,NL,Europe/Berlin,NewManagerBot,2,1,9,13,7,10,49,8,14,15,9,5,476,166464104,17474,34133400,5030045,15000,14540
PL Club 26,13,5d3c393f-1ca7-47d3-b02a-8030bcdc94e0,ConservativeBot_26,PL,Europe/Paris,ConservativeBot,2,1,10,7,13,10,31,10,11,14,11,7,454,294083144,26275,41400000,6531460,15000,15400
PT Club 20,13,edbe36bf-fd58-4a0d-b72b-68f37df6b422,ConservativeBot_20,PT,Europe/Paris,ConservativeBot,2,1,4,10,9,11,41,10,11,11,5,8,454,274222564,25350,41382000,7919910,15000,14400
PT Club 30,13,dbe26a47-ec47-4643-b078-b42e47d3a6f2,SocialBot_30,PT,Europe/Warsaw,SocialBot,2,1,14,26,0,4,82,9,8,9,9,6,476,279295625,41284,34182900,6623414,15000,11400
AT Club 37,13,f29e975d-d8a4-4a62-bac9-541f0a0eee01,NewManagerBot_37,AT,Europe/Berlin,NewManagerBot,2,2,5,10,9,11,41,9,9,12,9,7,440,200556622,23159,34172400,6271920,15000,14440
AT Club 47,13,02a87f4b-ab4e-4d03-adad-d678d2cd0302,LadderGrinderBot_47,AT,Europe/Amsterdam,LadderGrinderBot,2,2,15,12,6,12,48,11,11,13,8,6,455,303088899,17727,41374200,4916438,15000,15200
BE Club 39,13,5b313a53-4c83-4183-96af-4e8ccc3c50c7,AggressiveTraderBot_39,BE,Europe/Rome,AggressiveTraderBot,2,2,7,13,7,10,49,9,4,15,4,9,442,214014371,148,34114500,4729620,22500,22600
CH Club 38,13,31941f34-7841-48e8-973c-b0e59838e222,ConservativeBot_38,CH,Europe/Paris,ConservativeBot,2,2,6,9,10,11,38,14,15,17,4,7,454,430152608,14900,55761600,4370218,15000,15320
CH Club 48,13,9b82d563-ce08-4538-b6a6-dd19a3c97e1f,SocialBot_48,CH,Europe/Warsaw,SocialBot,2,2,16,6,12,12,30,6,13,17,7,6,452,122508103,24621,23282700,6173821,15000,11200
DE Club 41,13,a9e0c83a-53da-4ac0-ad7c-4b0e2fa6e163,LadderGrinderBot_41,DE,Europe/Amsterdam,LadderGrinderBot,2,2,9,11,7,12,45,10,13,15,7,12,442,275073915,13354,41390700,5103684,15000,15560
ES Club 34,13,087b9ae0-6fdc-4b3e-81b5-64958689d718,YouthFocusedBot_34,ES,Europe/Madrid,YouthFocusedBot,2,2,2,11,11,8,41,12,5,13,7,5,468,328863262,1942,48580500,6237305,21400,20300
ES Club 44,13,e457cf23-a7cb-44b3-bbbd-ab1129f58ec0,ConservativeBot_44,ES,Europe/Paris,ConservativeBot,2,2,12,5,20,5,20,4,8,8,6,7,436,105234192,31862,19725900,4441866,15000,10800
FR Club 42,13,260b1adc-d0aa-49cf-b19c-4409f159460e,SocialBot_42,FR,Europe/Warsaw,SocialBot,2,2,10,7,11,12,33,10,14,14,6,9,456,222621277,35110,37758900,5039363,15000,14340
IT Club 33,13,9f6f161f-95b7-42b7-a258-cbd0543c61a9,AggressiveTraderBot_33,IT,Europe/Rome,AggressiveTraderBot,2,2,1,11,11,8,41,12,4,14,13,6,473,320811447,656,48634200,6653694,22300,23200
IT Club 43,13,2b214729-72c6-4386-a05d-dac6be575cb8,NewManagerBot_43,IT,Europe/Berlin,NewManagerBot,2,2,11,20,5,5,65,9,14,16,9,9,465,302567316,16793,37752600,4763336,15000,17540
NL Club 35,13,87ce9b67-bc5f-4cb2-9656-11581972cd0a,LadderGrinderBot_35,NL,Europe/Amsterdam,LadderGrinderBot,2,2,3,11,12,7,40,11,12,12,8,11,461,326387903,20533,41396700,5764212,15000,11600
NL Club 45,13,f67abc68-4b09-45f1-91ae-bcb6b15c902a,AggressiveTraderBot_45,NL,Europe/Rome,AggressiveTraderBot,2,2,13,8,13,9,33,13,5,15,10,6,474,328106220,-43,48614400,7926259,22500,23600
PL Club 36,13,5f83f8c6-af3b-4f93-b480-3977c07226b5,SocialBot_36,PL,Europe/Warsaw,SocialBot,2,2,4,12,11,7,43,9,12,14,10,5,460,231933022,23677,34157100,5296099,15000,14580
PL Club 46,13,359bd3ac-434f-4bf2-a012-cf5d2d9032fc,YouthFocusedBot_46,PL,Europe/Madrid,YouthFocusedBot,2,2,14,13,8,9,48,12,4,15,8,9,457,352250949,839,44998500,5287188,22000,21600
PT Club 40,13,a9d1c5ae-7500-4899-9ce5-188751e92bc0,YouthFocusedBot_40,PT,Europe/Madrid,YouthFocusedBot,2,2,8,7,13,10,31,9,6,9,8,7,457,327468802,477,37796100,5021540,21900,21900
AT Club 57,13,46b265df-173c-47d2-8e1e-dfe693aabbe0,AggressiveTraderBot_57,AT,Europe/Rome,AggressiveTraderBot,3,1,9,29,0,1,88,12,5,15,11,6,475,198396634,349,35019600,10294401,22000,23100
BE Club 49,13,2c532bab-68f4-4c5a-b143-45b6c8d83211,NewManagerBot_49,BE,Europe/Berlin,NewManagerBot,3,1,1,12,7,11,47,10,13,14,10,7,460,182209937,22313,29408400,6572663,15000,15960
BE Club 59,13,af4fb2d5-fa95-41fb-b8af-a0eb7c4197fb,LadderGrinderBot_59,BE,Europe/Amsterdam,LadderGrinderBot,3,1,11,0,28,2,2,10,11,12,6,8,441,224582428,17657,32057100,4708618,15000,13800
CH Club 58,13,7354403b-add9-4e68-a3ae-80e453c9493b,YouthFocusedBot_58,CH,Europe/Madrid,YouthFocusedBot,3,1,10,0,29,1,1,12,2,12,9,5,444,236196354,530,34488400,5483284,21800,22500
DE Club 51,13,c6d5d63d-05a8-4ebb-8969-d9270762f9ac,AggressiveTraderBot_51,DE,Europe/Rome,AggressiveTraderBot,3,1,3,10,10,10,40,10,3,10,10,7,472,219776331,1118,32238000,7143172,22100,22500
DE Club 61,13,88f1b614-18d5-454f-ab33-76193c96e9c1,NewManagerBot_61,DE,Europe/Berlin,NewManagerBot,3,1,13,12,9,9,45,10,11,12,6,11,475,239560421,23334,32208600,3859647,15000,14200
ES Club 54,13,3ed722fb-ea9c-41e3-9890-64b5f1d065cb,SocialBot_54,ES,Europe/Warsaw,SocialBot,3,1,6,7,18,5,26,13,11,13,10,6,448,254608511,21958,37686600,6743835,15000,13400
ES Club 64,13,dcb92066-7a8e-4464-b2f5-ebd51d22b141,YouthFocusedBot_64,ES,Europe/Madrid,YouthFocusedBot,3,1,16,10,10,10,40,6,2,14,7,3,449,171905666,1642,20923200,4861541,21900,20900
FR Club 52,13,b2fb41be-b58a-4b22-a390-f8e6bd3e1862,YouthFocusedBot_52,FR,Europe/Madrid,YouthFocusedBot,3,1,4,10,10,10,40,5,4,13,6,6,449,79395067,1679,18132600,3818794,21600,20700
FR Club 62,13,825c13ba-7e2b-4973-88d6-4ca4b036764d,ConservativeBot_62,FR,Europe/Paris,ConservativeBot,3,1,14,9,12,9,36,9,15,15,11,9,464,172328813,24488,29410500,5588281,15000,14720
IT Club 53,13,cc36e2b6-1fc0-4d7e-9c3b-0fc18fb1be20,LadderGrinderBot_53,IT,Europe/Amsterdam,LadderGrinderBot,3,1,5,18,7,5,59,11,11,12,8,7,463,231422494,18038,32203200,4946993,15000,15200
IT Club 63,13,9f919296-3581-42e0-a49f-158ddd554818,AggressiveTraderBot_63,IT,Europe/Rome,AggressiveTraderBot,3,1,15,10,10,10,40,10,5,12,8,7,461,169940151,1375,32206800,6580641,22600,21700
NL Club 55,13,d88f6c05-bc9f-4f15-a898-8586cf76721d,NewManagerBot_55,NL,Europe/Berlin,NewManagerBot,3,1,7,11,10,9,42,9,9,9,8,8,469,194005794,28356,26615100,3882314,15000,11000
PL Club 56,13,3577bce9-59e5-4412-ab6b-1e1679b4251c,ConservativeBot_56,PL,Europe/Paris,ConservativeBot,3,1,8,10,11,9,39,8,12,12,9,4,476,199475208,19253,26582100,4770884,15000,14380
PT Club 50,13,e59f2d7c-ec78-46f7-8ecb-9e36a7f7d221,ConservativeBot_50,PT,Europe/Paris,ConservativeBot,3,1,2,7,12,11,32,10,10,10,8,7,470,244207732,26368,32218200,2698659,15000,11400
PT Club 60,13,3858852e-63b3-4a7e-b87f-39f1b842af70,SocialBot_60,PT,Europe/Warsaw,SocialBot,3,1,12,28,0,2,86,9,11,16,10,5,476,123860810,22986,26564700,6577608,15000,15200
AT Club 67,13,ee9f963f-858c-46e5-96ab-dc0e12e5628b,NewManagerBot_67,AT,Europe/Berlin,NewManagerBot,3,2,3,10,10,10,40,12,14,17,9,4,443,240111995,14993,34971900,4318187,15000,13400
AT Club 77,13,303dcc52-a238-4f31-a460-2cfc8a3af71f,LadderGrinderBot_77,AT,Europe/Amsterdam,LadderGrinderBot,3,2,13,2,17,11,17,11,14,17,10,11,445,240118936,8979,34773000,6887978,15000,15940
BE Club 69,13,134d33c8-e2dd-4d15-86bc-8222b7392d2d,AggressiveTraderBot_69,BE,Europe/Rome,AggressiveTraderBot,3,2,5,0,22,8,8,11,6,14,8,9,441,234070445,143,34573400,9106999,22700,22300
BE Club 79,13,78197d87-aa04-4f1e-b3fd-52a6eb74d8cd,NewManagerBot_79,BE,Europe/Berlin,NewManagerBot,3,2,15,8,9,13,37,11,14,14,7,5,465,208618031,24931,32186700,4134062,15000,15340
CH Club 68,13,97e0d4a2-4b6e-42f4-9597-e7a030c6d709,ConservativeBot_68,CH,Europe/Paris,ConservativeBot,3,2,4,10,10,10,40,8,10,15,11,10,449,177986963,30673,26598300,4825590,15000,10200
CH Club 78,13,b1b9e616-5acc-4dd8-b611-e55cb44189a2,SocialBot_78,CH,Europe/Warsaw,SocialBot,3,2,14,17,2,11,62,12,10,15,5,11,472,250251312,36102,34997100,7414699,15000,13420
DE Club 71,13,7c458915-8e83-42b8-93c3-9c87ca01f053,LadderGrinderBot_71,DE,Europe/Amsterdam,LadderGrinderBot,3,2,7,15,5,10,55,9,12,12,10,8,478,218756031,18980,29415300,5010797,15000,14780
ES Club 74,13,0f1755f5-458e-4abc-9e65-fb68a876d176,ConservativeBot_74,ES,Europe/Paris,ConservativeBot,3,2,10,10,8,12,42,10,11,11,8,7,477,176402971,23743,29399100,5390572,15000,14400
FR Club 72,13,097bbfea-3583-49a7-8998-464b288da9f6,SocialBot_72,FR,Europe/Warsaw,SocialBot,3,2,8,5,15,10,25,12,13,13,10,10,462,243293248,26230,37823100,3637479,15000,13400
IT Club 73,13,b3813095-e065-4e5d-92cf-24cf68c5c976,NewManagerBot_73,IT,Europe/Berlin,NewManagerBot,3,2,9,8,10,12,36,11,12,13,10,7,471,211926244,24270,32214900,4868734,15000,14180
NL Club 65,13,c17afd47-ce14-4754-9441-36ddb100e92e,LadderGrinderBot_65,NL,Europe/Amsterdam,LadderGrinderBot,3,2,1,10,7,13,43,11,11,11,7,9,461,225605629,18753,32219100,4557097,15000,17200
NL Club 75,13,37e480f2-8818-436e-b65b-9719795f9a20,AggressiveTraderBot_75,NL,Europe/Rome,AggressiveTraderBot,3,2,11,5,12,13,28,11,2,16,10,7,447,244636271,889,35016600,7737106,22100,21300
PL Club 66,13,1ffc700f-df07-4cb3-9160-c002853d225d,SocialBot_66,PL,Europe/Warsaw,SocialBot,3,2,2,7,10,13,34,11,10,11,8,7,457,237338393,35228,32218800,4195948,15000,12820
PL Club 76,13,b23385df-b985-4223-966b-add6e40c4be3,YouthFocusedBot_76,PL,Europe/Madrid,YouthFocusedBot,3,2,12,12,5,13,49,10,6,11,8,7,460,181735347,1153,29399100,5328598,21700,20800
PT Club 70,13,fdeb42be-2d98-4817-947d-eccd1ee9099a,YouthFocusedBot_70,PT,Europe/Madrid,YouthFocusedBot,3,2,6,22,0,8,74,9,6,11,11,5,474,236942104,-169,29421900,3464488,21400,21900
PT Club 80,13,44926543-0b06-49c2-91a1-5fafc287f8a7,ConservativeBot_80,PT,Europe/Paris,ConservativeBot,3,2,16,9,8,13,40,13,13,13,12,8,450,313134737,18116,39875400,3590331,15000,10800
AT Club 87,13,2f971dd6-c49a-485d-a73e-15fac9f7acd5,AggressiveTraderBot_87,AT,Europe/Rome,AggressiveTraderBot,3,3,7,14,8,8,50,11,3,11,8,9,473,236182383,835,32223300,7233634,22200,21700
BE Club 89,13,ede53099-d1e3-440c-9a6e-4495ec33968a,LadderGrinderBot_89,BE,Europe/Amsterdam,LadderGrinderBot,3,3,9,9,9,12,39,8,9,9,6,8,477,162105181,22538,23779200,5056564,15000,15000
CH Club 88,13,a72bb731-f3c7-4261-9ba2-8799e372245b,YouthFocusedBot_88,CH,Europe/Madrid,YouthFocusedBot,3,3,8,8,14,8,32,7,2,9,7,4,462,158619553,522,23769300,6245620,21800,22500
DE Club 81,13,b9db7abf-c9f8-47b8-94a5-8890b3ba7080,AggressiveTraderBot_81,DE,Europe/Rome,AggressiveTraderBot,3,3,1,13,6,11,50,11,6,12,10,11,450,218813374,409,35052000,10517282,21800,21900
DE Club 91,13,74592459-a7bb-4a79-9434-accb444c9ab0,NewManagerBot_91,DE,Europe/Berlin,NewManagerBot,3,3,11,27,0,3,84,8,10,12,9,9,475,223233969,24407,26600100,9164009,15000,12800
ES Club 84,13,5b65d8a2-6044-457f-826f-6063f988c48b,SocialBot_84,ES,Europe/Warsaw,SocialBot,3,3,4,12,9,9,45,11,11,11,10,8,472,235304076,25014,32235000,4426155,15000,11600
ES Club 94,13,7cc7d05c-edfd-47bb-8f42-12cd8431ba5e,YouthFocusedBot_94,ES,Europe/Madrid,YouthFocusedBot,3,3,14,11,13,6,39,11,6,11,9,11,452,177355960,2088,32247900,6935524,21500,20700
FR Club 82,13,cbc044f2-2f89-425b-96a1-e137bdefe31f,YouthFocusedBot_82,FR,Europe/Madrid,YouthFocusedBot,3,3,2,6,13,11,29,13,4,14,6,6,452,226876053,868,37801800,6633211,21900,22100
FR Club 92,13,2d92d7ee-ce39-4bc5-aa23-2ca1043b3e8d,ConservativeBot_92,FR,Europe/Paris,ConservativeBot,3,3,12,0,27,3,3,9,11,11,11,8,437,187982553,25259,29430900,4910488,15000,14200
IT Club 83,13,de645a93-8bad-4e63-a444-7e0719816b72,LadderGrinderBot_83,IT,Europe/Amsterdam,LadderGrinderBot,3,3,3,9,12,9,36,6,14,16,4,8,457,124011540,17934,20910000,4338630,15000,13540
IT Club 93,13,75078879-532f-4145-bdba-11805f8bce9f,AggressiveTraderBot_93,IT,Europe/Rome,AggressiveTraderBot,3,3,13,13,11,6,45,1,4,10,3,3,476,-110364,250,6863400,5063611,20400,21600
NL Club 85,13,84408bb9-0db2-4086-b1e8-c98e015aaa12,NewManagerBot_85,NL,Europe/Berlin,NewManagerBot,3,3,5,9,14,7,34,10,12,12,9,9,460,207077297,28556,32228400,3815322,15000,13000
NL Club 95,13,66572111-2ff4-451b-9150-8a7f66ca32c7,LadderGrinderBot_95,NL,Europe/Amsterdam,LadderGrinderBot,3,3,15,0,28,2,2,8,9,9,9,8,443,221238222,22538,26623200,5127990,15000,11800
PL Club 86,13,1a741654-624a-4807-9b41-9645185d7c8b,ConservativeBot_86,PL,Europe/Paris,ConservativeBot,3,3,6,14,9,7,49,8,14,14,12,10,448,160006970,21187,26613900,3127037,15000,14740
PL Club 96,13,23205a97-05fe-4e5b-bb68-2f34abd36882,SocialBot_96,PL,Europe/Warsaw,SocialBot,3,3,16,28,0,2,86,11,11,11,8,10,474,200891435,37176,32231700,5698876,15000,16200
PT Club 90,13,9fd8eec7-4860-48c6-9b0f-d3ac317b965f,SocialBot_90,PT,Europe/Warsaw,SocialBot,3,3,10,9,9,12,39,11,11,11,8,10,454,236868869,34181,32235300,5866541,15000,14800
AT Club 7,14,3fe71a77-ecd2-4016-8a30-7b61616f87fb,NewManagerBot_7,AT,Europe/Berlin,NewManagerBot,1,1,7,8,12,10,34,10,10,10,6,10,502,401464193,28401,48176700,4772713,15000,12200
BE Club 9,14,433e9f94-2ea8-4276-bda5-1567aaada803,AggressiveTraderBot_9,BE,Europe/Rome,AggressiveTraderBot,1,1,9,27,0,3,84,11,5,12,6,5,504,421020867,188,57350400,9248813,22500,23100
CH Club 8,14,a360fffe-4f47-404b-a3ce-1e8521ab5084,ConservativeBot_8,CH,Europe/Paris,ConservativeBot,1,1,8,12,8,10,46,10,12,16,15,5,482,464992958,26367,48186000,9663759,15000,15380
DE Club 1,14,60342169-5b3d-4aef-a3fc-5cde7cb4a190,NewManagerBot_1,DE,Europe/Berlin,NewManagerBot,1,1,1,9,11,10,37,12,14,14,12,5,502,486600489,24174,57392100,4883583,15000,14540
DE Club 11,14,7a7dbd68-0978-4127-9bef-08f32a1d90fe,LadderGrinderBot_11,DE,Europe/Amsterdam,LadderGrinderBot,1,1,11,12,12,6,42,10,12,12,7,9,486,347565375,20414,48177300,4259448,15000,17580
ES Club 14,14,bcb572ec-b227-4b21-87fc-2bc32b09815b,ConservativeBot_14,ES,Europe/Paris,ConservativeBot,1,1,14,2,22,6,12,6,12,13,9,8,466,288036570,21349,34343700,5358488,15000,12980
ES Club 4,14,0970c318-8891-49d6-ac02-b6edad04f998,YouthFocusedBot_4,ES,Europe/Madrid,YouthFocusedBot,1,1,4,27,0,3,84,9,6,11,10,8,497,291533233,1609,43597200,4728056,21700,21500
FR Club 12,14,7eab1a8a-57da-4f2e-aec6-4b1f409934ce,SocialBot_12,FR,Europe/Warsaw,SocialBot,1,1,12,12,12,6,42,11,15,16,11,5,499,444919511,30270,52769100,4067536,15000,15920
FR Club 2,14,105972e2-d768-4707-8113-6fdf60c3daeb,ConservativeBot_2,FR,Europe/Paris,ConservativeBot,1,1,2,11,9,10,43,12,12,12,9,8,478,515671562,24923,62003700,3920262,15000,12000
IT Club 13,14,4317646c-6307-4300-84a5-ea5b873fbfbe,NewManagerBot_13,IT,Europe/Berlin,NewManagerBot,1,1,13,22,2,6,72,14,15,16,3,9,491,604585384,19750,71151900,5627142,15000,15520
IT Club 3,14,456e6fc4-9583-4d82-b452-d4ae350e3db3,AggressiveTraderBot_3,IT,Europe/Rome,AggressiveTraderBot,1,1,3,0,27,3,3,9,5,13,11,6,465,239855576,761,43576800,6316884,22400,22100
NL Club 15,14,7043d0a7-7c0b-4f62-89e3-e5468cee589e,AggressiveTraderBot_15,NL,Europe/Rome,AggressiveTraderBot,1,1,15,14,7,9,51,11,3,16,6,10,493,399699625,844,52746600,5737485,22200,21600
NL Club 5,14,90c20855-d6a3-4cc7-8e1c-bae8c83e2fe8,LadderGrinderBot_5,NL,Europe/Amsterdam,LadderGrinderBot,1,1,5,0,28,2,2,11,12,12,7,7,466,398244084,20131,52771200,5059854,15000,15980
PL Club 16,14,fbaa9901-0416-4c09-bf29-d0fab0c6c3e2,YouthFocusedBot_16,PL,Europe/Madrid,YouthFocusedBot,1,1,16,7,14,9,30,9,2,14,7,10,480,358342623,421,48166800,7207809,21800,23100
PL Club 6,14,db770079-4c31-418e-9a47-fab14deb99b1,SocialBot_6,PL,Europe/Warsaw,SocialBot,1,1,6,28,0,2,86,15,13,16,7,8,509,630150122,29824,75771600,6761961,15000,14560
PT Club 10,14,8646e00d-cc1a-405a-893f-a7b6e8772589,YouthFocusedBot_10,PT,Europe/Madrid,YouthFocusedBot,1,1,10,0,27,3,3,12,2,13,10,11,466,481682698,90,62020800,7756807,21600,22800
AT Club 17,14,ac0ae0c3-4ed2-4c3f-a536-d98ea02a0b63,LadderGrinderBot_17,AT,Europe/Amsterdam,LadderGrinderBot,2,1,1,11,8,11,44,9,15,16,8,7,486,208736400,19091,34142400,4687270,15000,15520
AT Club 27,14,65f642c8-f5d4-44a3-8c30-3a77f89d7ac6,AggressiveTraderBot_27,AT,Europe/Rome,AggressiveTraderBot,2,1,11,13,12,5,44,10,2,14,6,7,492,344436220,1616,41359500,6433871,21700,20500
BE Club 19,14,bd9174d6-0714-47ce-badc-ede9a0274f98,NewManagerBot_19,BE,Europe/Berlin,NewManagerBot,2,1,3,11,9,10,43,10,10,11,11,9,466,350096418,28897,41431500,5088238,15000,13800
BE Club 29,14,93299a02-7fe5-4512-993f-a82d97300fba,LadderGrinderBot_29,BE,Europe/Amsterdam,LadderGrinderBot,2,1,13,0,27,3,3,10,14,14,11,4,475,266849506,17497,37773300,5986271,15000,13940
CH Club 18,14,9378a293-7e4e-469c-ab5c-d78e5992cc30,SocialBot_18,CH,Europe/Warsaw,SocialBot,2,1,2,8,11,11,35,10,12,12,9,10,466,278730547,29694,41412900,5131630,15000,13600
CH Club 28,14,3afc330a-01a3-4c7e-bc16-9138bb74fa9d,YouthFocusedBot_28,CH,Europe/Madrid,YouthFocusedBot,2,1,12,12,13,5,41,11,4,12,9,7,476,417763599,936,41394900,7938121,21400,21600
DE Club 21,14,0705089d-244c-4e90-ac5b-b67716cd4df3,AggressiveTraderBot_21,DE,Europe/Rome,AggressiveTraderBot,2,1,5,12,5,13,49,7,5,10,7,8,485,178456748,648,30570600,4177707,22200,22500
DE Club 31,14,b534052b-42a5-4dad-a4c7-978503f663c1,NewManagerBot_31,DE,Europe/Berlin,NewManagerBot,2,1,15,17,10,3,54,9,13,13,10,9,469,333218305,22976,37791300,4531132,15000,12800
ES Club 24,14,c6ba20b0-4256-45a5-93b0-eaad25da20d8,SocialBot_24,ES,Europe/Warsaw,SocialBot,2,1,8,7,9,14,35,10,13,13,5,9,471,355721406,41812,41376000,4506632,15000,13160
FR Club 22,14,185a3c1c-5633-46dd-880a-aac0984882d1,YouthFocusedBot_22,FR,Europe/Madrid,YouthFocusedBot,2,1,6,5,12,13,28,11,2,14,8,4,504,445386682,943,44975400,4659371,21900,22800
FR Club 32,14,33a6c81c-d216-4865-8c41-e849edb3d4c2,ConservativeBot_32,FR,Europe/Paris,ConservativeBot,2,1,16,10,17,3,33,11,12,13,10,8,472,284028930,26475,41399400,5979416,15000,14180
IT Club 23,14,1dd5d330-5033-4d78-9a15-40cf9515cc07,LadderGrinderBot_23,IT,Europe/Amsterdam,LadderGrinderBot,2,1,7,9,7,14,41,9,11,11,11,6,470,276414015,23955,37800900,5712158,15000,14600
NL Club 25,14,863fa920-eb66-4f3e-9ecb-23ee5b0a2147,NewManagerBot_25,NL,Europe/Berlin,NewManagerBot,2,1,9,14,6,10,52,8,14,16,10,5,506,197891820,19674,34141500,2713784,15000,12800
PL Club 26,14,5d3c393f-1ca7-47d3-b02a-8030bcdc94e0,ConservativeBot_26,PL,Europe/Paris,ConservativeBot,2,1,10,6,14,10,28,11,12,14,11,7,484,329922711,27295,41400600,5561033,15000,13980
PT Club 20,14,edbe36bf-fd58-4a0d-b72b-68f37df6b422,ConservativeBot_20,PT,Europe/Paris,ConservativeBot,2,1,4,9,11,10,37,10,12,12,6,8,484,310792635,25370,41379000,4808929,15000,14980
PT Club 30,14,dbe26a47-ec47-4643-b078-b42e47d3a6f2,SocialBot_30,PT,Europe/Warsaw,SocialBot,2,1,14,27,0,3,84,9,8,9,9,6,506,313298661,44284,37804200,3801164,15000,12000
AT Club 37,14,f29e975d-d8a4-4a62-bac9-541f0a0eee01,NewManagerBot_37,AT,Europe/Berlin,NewManagerBot,2,2,5,9,9,12,39,9,10,13,9,7,470,231330330,21939,37786200,7012492,15000,16220
AT Club 47,14,02a87f4b-ab4e-4d03-adad-d678d2cd0302,LadderGrinderBot_47,AT,Europe/Amsterdam,LadderGrinderBot,2,2,15,7,14,9,30,12,12,14,8,7,485,342876174,18547,44992500,5205225,15000,14180
BE Club 39,14,5b313a53-4c83-4183-96af-4e8ccc3c50c7,AggressiveTraderBot_39,BE,Europe/Rome,AggressiveTraderBot,2,2,7,9,11,10,37,9,4,15,5,9,472,244355287,848,37732200,7391284,22100,21400
CH Club 38,14,31941f34-7841-48e8-973c-b0e59838e222,ConservativeBot_38,CH,Europe/Paris,ConservativeBot,2,2,6,9,9,12,39,15,15,17,5,8,484,480912543,16300,55774200,5014265,15000,13600
CH Club 48,14,9b82d563-ce08-4538-b6a6-dd19a3c97e1f,SocialBot_48,CH,Europe/Warsaw,SocialBot,2,2,16,14,7,9,51,6,14,18,7,6,482,144615341,24681,26888400,4781162,15000,14940
DE Club 41,14,a9e0c83a-53da-4ac0-ad7c-4b0e2fa6e163,LadderGrinderBot_41,DE,Europe/Amsterdam,LadderGrinderBot,2,2,9,11,8,11,44,11,14,16,7,12,472,310887180,13414,41383200,5569935,15000,14940
ES Club 34,14,087b9ae0-6fdc-4b3e-81b5-64958689d718,YouthFocusedBot_34,ES,Europe/Madrid,YouthFocusedBot,2,2,2,10,14,6,36,12,5,14,7,5,498,372782890,542,48593100,4673472,21700,23100
ES Club 44,14,e457cf23-a7cb-44b3-bbbd-ab1129f58ec0,ConservativeBot_44,ES,Europe/Paris,ConservativeBot,2,2,12,7,17,6,27,5,9,9,7,7,466,120021096,33822,19725900,4938996,15000,13040
FR Club 42,14,260b1adc-d0aa-49cf-b19c-4409f159460e,SocialBot_42,FR,Europe/Warsaw,SocialBot,2,2,10,8,11,11,35,11,14,15,6,10,486,259960046,39710,41369100,4030331,15000,10400
IT Club 33,14,9f6f161f-95b7-42b7-a258-cbd0543c61a9,AggressiveTraderBot_33,IT,Europe/Rome,AggressiveTraderBot,2,2,1,14,10,6,48,13,4,15,13,7,503,361230599,456,48638700,8219548,22300,22500
IT Club 43,14,2b214729-72c6-4386-a05d-dac6be575cb8,NewManagerBot_43,IT,Europe/Berlin,NewManagerBot,2,2,11,17,7,6,57,10,14,16,9,9,495,335778320,19193,37765200,4554196,15000,12600
NL Club 35,14,87ce9b67-bc5f-4cb2-9656-11581972cd0a,LadderGrinderBot_35,NL,Europe/Amsterdam,LadderGrinderBot,2,2,3,9,11,10,37,11,12,13,8,11,491,362164712,24133,45022500,9245691,15000,11400
NL Club 45,14,f67abc68-4b09-45f1-91ae-bcb6b15c902a,AggressiveTraderBot_45,NL,Europe/Rome,AggressiveTraderBot,2,2,13,7,12,11,32,14,5,16,10,6,504,373520350,1857,52220100,6805970,22200,20300
PL Club 36,14,5f83f8c6-af3b-4f93-b480-3977c07226b5,SocialBot_36,PL,Europe/Warsaw,SocialBot,2,2,4,11,9,10,43,9,12,15,10,5,490,262926204,27277,37770300,6777118,15000,11400
PL Club 46,14,359bd3ac-434f-4bf2-a012-cf5d2d9032fc,YouthFocusedBot_46,PL,Europe/Madrid,YouthFocusedBot,2,2,14,12,7,11,47,13,4,16,8,10,487,395898868,439,48604200,4956281,21800,22200
PT Club 40,14,a9d1c5ae-7500-4899-9ce5-188751e92bc0,YouthFocusedBot_40,PT,Europe/Madrid,YouthFocusedBot,2,2,8,11,9,10,43,9,6,9,8,7,487,361146005,977,37800600,4123397,21800,21300
AT Club 57,14,46b265df-173c-47d2-8e1e-dfe693aabbe0,AggressiveTraderBot_57,AT,Europe/Rome,AggressiveTraderBot,3,1,9,29,0,1,88,13,5,15,11,6,505,230733830,849,37831800,5494604,22400,21900
BE Club 49,14,2c532bab-68f4-4c5a-b143-45b6c8d83211,NewManagerBot_49,BE,Europe/Berlin,NewManagerBot,3,1,1,9,12,9,36,10,13,14,11,7,490,210186863,27113,32212500,4235574,15000,10200
BE Club 59,14,af4fb2d5-fa95-41fb-b8af-a0eb7c4197fb,LadderGrinderBot_59,BE,Europe/Amsterdam,LadderGrinderBot,3,1,11,0,26,4,4,10,12,13,6,9,471,252251895,16677,32057100,4387633,15000,15980
CH Club 58,14,7354403b-add9-4e68-a3ae-80e453c9493b,YouthFocusedBot_58,CH,Europe/Madrid,YouthFocusedBot,3,1,10,0,29,1,1,12,2,12,9,5,474,269179892,-170,36855600,3872062,21500,22200
DE Club 51,14,c6d5d63d-05a8-4ebb-8969-d9270762f9ac,AggressiveTraderBot_51,DE,Europe/Rome,AggressiveTraderBot,3,1,3,10,9,11,41,10,3,10,10,7,502,244838245,1618,32242500,7180586,22500,22000
DE Club 61,14,88f1b614-18d5-454f-ab33-76193c96e9c1,NewManagerBot_61,DE,Europe/Berlin,NewManagerBot,3,1,13,9,8,13,40,10,11,13,6,11,505,266735680,25334,32213100,5037841,15000,13000
ES Club 54,14,3ed722fb-ea9c-41e3-9890-64b5f1d065cb,SocialBot_54,ES,Europe/Warsaw,SocialBot,3,1,6,10,8,12,42,13,12,13,10,6,478,289812609,21978,39862800,4658702,15000,14980
ES Club 64,14,dcb92066-7a8e-4464-b2f5-ebd51d22b141,YouthFocusedBot_64,ES,Europe/Madrid,YouthFocusedBot,3,1,16,10,8,12,42,6,2,14,8,4,479,187815794,1042,20923800,5013672,22400,23000
FR Club 52,14,b2fb41be-b58a-4b22-a390-f8e6bd3e1862,YouthFocusedBot_52,FR,Europe/Madrid,YouthFocusedBot,3,1,4,9,10,11,38,5,4,14,6,6,479,93395149,2079,18125100,4125018,21400,21000
FR Club 62,14,825c13ba-7e2b-4973-88d6-4ca4b036764d,ConservativeBot_62,FR,Europe/Paris,ConservativeBot,3,1,14,8,9,13,37,10,15,16,12,9,494,195521786,28288,29410500,6217527,15000,11200
IT Club 53,14,cc36e2b6-1fc0-4d7e-9c3b-0fc18fb1be20,LadderGrinderBot_53,IT,Europe/Amsterdam,LadderGrinderBot,3,1,5,8,10,12,36,11,12,13,9,8,493,261059265,18658,35022900,5386129,15000,14380
IT Club 63,14,9f919296-3581-42e0-a49f-158ddd554818,AggressiveTraderBot_63,IT,Europe/Rome,AggressiveTraderBot,3,1,15,8,10,12,36,11,5,13,8,7,491,193624853,875,32211300,8526598,22600,23100
NL Club 55,14,d88f6c05-bc9f-4f15-a898-8586cf76721d,NewManagerBot_55,NL,Europe/Berlin,NewManagerBot,3,1,7,8,3,19,43,9,9,9,9,8,499,218779971,28956,29426700,4652523,15000,14400
PL Club 56,14,3577bce9-59e5-4412-ab6b-1e1679b4251c,ConservativeBot_56,PL,Europe/Paris,ConservativeBot,3,1,8,3,8,19,28,9,12,12,9,4,506,220893024,23453,26582700,5164884,15000,10800
PT Club 50,14,e59f2d7c-ec78-46f7-8ecb-9e36a7f7d221,ConservativeBot_50,PT,Europe/Paris,ConservativeBot,3,1,2,12,9,9,45,11,11,11,9,7,500,272232342,24968,32226300,4201690,15000,16400
PT Club 60,14,3858852e-63b3-4a7e-b87f-39f1b842af70,SocialBot_60,PT,Europe/Warsaw,SocialBot,3,1,12,26,0,4,82,9,12,17,11,6,506,145832503,22206,29376900,7405207,15000,15780
AT Club 67,14,ee9f963f-858c-46e5-96ab-dc0e12e5628b,NewManagerBot_67,AT,Europe/Berlin,NewManagerBot,3,2,3,14,6,10,52,13,14,17,9,5,473,273671186,18993,37791600,4232409,15000,11000
AT Club 77,14,303dcc52-a238-4f31-a460-2cfc8a3af71f,LadderGrinderBot_77,AT,Europe/Amsterdam,LadderGrinderBot,3,2,13,3,16,11,20,12,15,17,10,11,475,271664297,8659,34977600,3432239,15000,15320
BE Club 69,14,134d33c8-e2dd-4d15-86bc-8222b7392d2d,AggressiveTraderBot_69,BE,Europe/Rome,AggressiveTraderBot,3,2,5,0,27,3,3,11,6,14,9,9,471,260782279,1543,34547900,7836066,22700,21300
BE Club 79,14,78197d87-aa04-4f1e-b3fd-52a6eb74d8cd,NewManagerBot_79,BE,Europe/Berlin,NewManagerBot,3,2,15,9,12,9,36,12,14,15,7,5,495,236158498,27331,34990800,7450333,15000,12600
CH Club 68,14,97e0d4a2-4b6e-42f4-9597-e7a030c6d709,ConservativeBot_68,CH,Europe/Paris,ConservativeBot,3,2,4,6,14,10,28,9,11,15,12,11,479,198306874,30073,26603400,6283489,15000,15600
CH Club 78,14,b1b9e616-5acc-4dd8-b611-e55cb44189a2,SocialBot_78,CH,Europe/Warsaw,SocialBot,3,2,14,16,3,11,59,13,10,16,6,11,502,281530231,39502,37805700,6526781,15000,11600
DE Club 71,14,7c458915-8e83-42b8-93c3-9c87ca01f053,LadderGrinderBot_71,DE,Europe/Amsterdam,LadderGrinderBot,3,2,7,9,9,12,39,10,12,12,11,8,508,241026360,21180,29420400,7150071,15000,12800
ES Club 74,14,0f1755f5-458e-4abc-9e65-fb68a876d176,ConservativeBot_74,ES,Europe/Paris,ConservativeBot,3,2,10,10,15,5,35,10,11,11,8,8,507,204646814,25543,32218800,3974957,15000,13200
FR Club 72,14,097bbfea-3583-49a7-8998-464b288da9f6,SocialBot_72,FR,Europe/Warsaw,SocialBot,3,2,8,9,9,12,39,12,14,14,10,11,492,277102199,27290,37856700,4047749,15000,13940
IT Club 73,14,b3813095-e065-4e5d-92cf-24cf68c5c976,NewManagerBot_73,IT,Europe/Berlin,NewManagerBot,3,2,9,15,10,5,50,12,12,14,11,7,501,240992970,27070,35031600,5964874,15000,12200
NL Club 65,14,c17afd47-ce14-4754-9441-36ddb100e92e,LadderGrinderBot_65,NL,Europe/Amsterdam,LadderGrinderBot,3,2,1,11,6,13,46,12,12,12,7,10,491,254091456,19373,35031300,6545473,15000,14380
NL Club 75,14,37e480f2-8818-436e-b65b-9719795f9a20,AggressiveTraderBot_75,NL,Europe/Rome,AggressiveTraderBot,3,2,11,8,10,12,36,11,2,17,10,7,477,271759002,89,35009100,7886369,22500,23300
PL Club 66,14,1ffc700f-df07-4cb3-9160-c002853d225d,SocialBot_66,PL,Europe/Warsaw,SocialBot,3,2,2,6,11,13,31,12,11,12,8,8,487,267977727,33428,35030400,4391066,15000,16800
PL Club 76,14,b23385df-b985-4223-966b-add6e40c4be3,YouthFocusedBot_76,PL,Europe/Madrid,YouthFocusedBot,3,2,12,10,8,12,42,11,6,12,9,7,490,208322629,1853,32218800,5631518,21800,21100
PT Club 70,14,fdeb42be-2d98-4817-947d-eccd1ee9099a,YouthFocusedBot_70,PT,Europe/Madrid,YouthFocusedBot,3,2,6,27,0,3,84,10,6,12,11,6,504,260998478,2031,29422500,5366126,21700,19500
PT Club 80,14,44926543-0b06-49c2-91a1-5fafc287f8a7,ConservativeBot_80,PT,Europe/Paris,ConservativeBot,3,2,16,12,9,9,45,13,13,13,13,8,480,348544614,22916,39888000,4478123,15000,10200
AT Club 87,14,2f971dd6-c49a-485d-a73e-15fac9f7acd5,AggressiveTraderBot_87,AT,Europe/Rome,AggressiveTraderBot,3,3,7,12,8,10,46,11,3,11,9,9,503,265195627,1035,35039400,6026156,22100,21900
BE Club 89,14,ede53099-d1e3-440c-9a6e-4495ec33968a,LadderGrinderBot_89,BE,Europe/Amsterdam,LadderGrinderBot,3,3,9,10,10,10,40,9,9,9,6,8,507,183758197,23938,26598900,4945884,15000,13600
CH Club 88,14,a72bb731-f3c7-4261-9ba2-8799e372245b,YouthFocusedBot_88,CH,Europe/Madrid,YouthFocusedBot,3,3,8,8,12,10,34,7,2,10,7,4,492,178214771,1122,23777400,4182182,21800,21200
DE Club 81,14,b9db7abf-c9f8-47b8-94a5-8890b3ba7080,AggressiveTraderBot_81,DE,Europe/Rome,AggressiveTraderBot,3,3,1,7,13,10,31,11,6,13,11,11,480,246847600,909,35057100,7022874,22600,22100
DE Club 91,14,74592459-a7bb-4a79-9434-accb444c9ab0,NewManagerBot_91,DE,Europe/Berlin,NewManagerBot,3,3,11,26,0,4,82,9,10,12,9,9,505,244563053,27407,26605200,5276116,15000,12000
ES Club 84,14,5b65d8a2-6044-457f-826f-6063f988c48b,SocialBot_84,ES,Europe/Warsaw,SocialBot,3,3,4,12,9,9,45,11,11,11,10,8,502,263553702,27614,35051100,6801474,15000,12400
ES Club 94,14,7cc7d05c-edfd-47bb-8f42-12cd8431ba5e,YouthFocusedBot_94,ES,Europe/Madrid,YouthFocusedBot,3,3,14,9,12,9,36,11,6,12,9,12,482,206347761,-112,35056500,6064699,22400,24600
FR Club 82,14,cbc044f2-2f89-425b-96a1-e137bdefe31f,YouthFocusedBot_82,FR,Europe/Madrid,YouthFocusedBot,3,3,2,13,7,10,49,13,4,15,6,6,482,261260654,-432,39822900,5438299,21500,22800
FR Club 92,14,2d92d7ee-ce39-4bc5-aa23-2ca1043b3e8d,ConservativeBot_92,FR,Europe/Paris,ConservativeBot,3,3,12,0,26,4,4,10,11,11,11,9,467,212633261,28859,29436000,4785292,15000,11400
IT Club 83,14,de645a93-8bad-4e63-a444-7e0719816b72,LadderGrinderBot_83,IT,Europe/Amsterdam,LadderGrinderBot,3,3,3,9,12,9,36,6,15,17,4,8,487,141175377,16814,20907000,3743163,15000,16120
IT Club 93,14,75078879-532f-4145-bdba-11805f8bce9f,AggressiveTraderBot_93,IT,Europe/Rome,AggressiveTraderBot,3,3,13,12,9,9,45,1,4,10,3,3,506,-640738,2050,6863400,7393774,21300,19500
NL Club 85,14,84408bb9-0db2-4086-b1e8-c98e015aaa12,NewManagerBot_85,NL,Europe/Berlin,NewManagerBot,3,3,5,8,7,15,39,11,12,12,9,9,490,234567762,29556,32228400,4737935,15000,14000
NL Club 95,14,66572111-2ff4-451b-9150-8a7f66ca32c7,LadderGrinderBot_95,NL,Europe/Amsterdam,LadderGrinderBot,3,3,15,0,26,4,4,8,9,9,9,8,473,242841425,24338,26623200,5019997,15000,13200
PL Club 86,14,1a741654-624a-4807-9b41-9645185d7c8b,ConservativeBot_86,PL,Europe/Paris,ConservativeBot,3,3,6,7,8,15,36,9,14,14,13,10,478,182381009,24387,26619000,4244961,15000,11800
PL Club 96,14,23205a97-05fe-4e5b-bb68-2f34abd36882,SocialBot_96,PL,Europe/Warsaw,SocialBot,3,3,16,26,0,4,82,12,11,12,9,10,504,232623975,41976,35043900,3311360,15000,10200
PT Club 90,14,9fd8eec7-4860-48c6-9b0f-d3ac317b965f,SocialBot_90,PT,Europe/Warsaw,SocialBot,3,3,10,10,10,10,40,11,11,11,9,10,484,268251376,37781,35043900,3661393,15000,11400
AT Club 7,15,3fe71a77-ecd2-4016-8a30-7b61616f87fb,NewManagerBot_7,AT,Europe/Berlin,NewManagerBot,1,1,7,6,7,17,35,11,11,11,7,10,532,447419558,27401,52788600,6833235,15000,16000
BE Club 9,15,433e9f94-2ea8-4276-bda5-1567aaada803,AggressiveTraderBot_9,BE,Europe/Rome,AggressiveTraderBot,1,1,9,29,0,1,88,12,5,12,7,5,534,469893910,688,57358500,8485457,22500,22000
CH Club 8,15,a360fffe-4f47-404b-a3ce-1e8521ab5084,ConservativeBot_8,CH,Europe/Paris,ConservativeBot,1,1,8,7,6,17,38,11,13,16,16,5,512,511828544,22607,52794000,5958414,15000,18760
DE Club 1,15,60342169-5b3d-4aef-a3fc-5cde7cb4a190,NewManagerBot_1,DE,Europe/Berlin,NewManagerBot,1,1,1,11,6,13,46,13,15,15,13,5,532,543906545,23854,61999500,4693444,15000,15320
DE Club 11,15,7a7dbd68-0978-4127-9bef-08f32a1d90fe,LadderGrinderBot_11,DE,Europe/Amsterdam,LadderGrinderBot,1,1,11,6,13,11,29,11,12,13,8,9,516,394667306,24414,52777200,5675269,15000,11000
ES Club 14,15,bcb572ec-b227-4b21-87fc-2bc32b09815b,ConservativeBot_14,ES,Europe/Paris,ConservativeBot,1,1,14,3,20,7,16,7,13,14,10,9,496,316322764,21189,34351800,6065606,15000,15160
ES Club 4,15,0970c318-8891-49d6-ac02-b6edad04f998,YouthFocusedBot_4,ES,Europe/Madrid,YouthFocusedBot,1,1,4,28,0,2,86,9,6,12,10,9,527,335146037,1009,48197100,4584296,21600,22200
FR Club 12,15,7eab1a8a-57da-4f2e-aec6-4b1f409934ce,SocialBot_12,FR,Europe/Warsaw,SocialBot,1,1,12,13,6,11,50,11,15,16,11,6,529,496902802,32670,57369000,5385709,15000,12600
FR Club 2,15,105972e2-d768-4707-8113-6fdf60c3daeb,ConservativeBot_2,FR,Europe/Paris,ConservativeBot,1,1,2,6,11,13,31,12,12,12,9,8,508,574408964,29123,62003700,3266298,15000,10800
IT Club 13,15,4317646c-6307-4300-84a5-ea5b873fbfbe,NewManagerBot_13,IT,Europe/Berlin,NewManagerBot,1,1,13,20,3,7,67,14,15,16,4,10,521,671244833,24150,71144400,4484951,15000,10600
IT Club 3,15,456e6fc4-9583-4d82-b452-d4ae350e3db3,AggressiveTraderBot_3,IT,Europe/Rome,AggressiveTraderBot,1,1,3,0,28,2,2,10,5,14,11,6,495,279662256,1861,48181200,8374520,22300,21200
NL Club 15,15,7043d0a7-7c0b-4f62-89e3-e5468cee589e,AggressiveTraderBot_15,NL,Europe/Rome,AggressiveTraderBot,1,1,15,12,9,9,45,12,3,16,7,10,523,451053741,244,57351000,5996884,22100,22700
NL Club 5,15,90c20855-d6a3-4cc7-8e1c-bae8c83e2fe8,LadderGrinderBot_5,NL,Europe/Amsterdam,LadderGrinderBot,1,1,5,0,27,3,3,12,12,12,8,8,496,449396797,23731,57375600,6222887,15000,11400
PL Club 16,15,fbaa9901-0416-4c09-bf29-d0fab0c6c3e2,YouthFocusedBot_16,PL,Europe/Madrid,YouthFocusedBot,1,1,16,9,12,9,36,9,2,14,8,10,510,402657303,1621,48159300,3844620,21800,20600
PL Club 6,15,db770079-4c31-418e-9a47-fab14deb99b1,SocialBot_6,PL,Europe/Warsaw,SocialBot,1,1,6,27,0,3,84,16,14,16,8,8,539,698330693,28084,75779700,7599129,15000,16740
PT Club 10,15,8646e00d-cc1a-405a-893f-a7b6e8772589,YouthFocusedBot_10,PT,Europe/Madrid,YouthFocusedBot,1,1,10,0,29,1,1,12,2,14,10,11,496,537271978,1090,62017800,6428520,21700,20700
AT Club 17,15,ac0ae0c3-4ed2-4c3f-a536-d98ea02a0b63,LadderGrinderBot_17,AT,Europe/Amsterdam,LadderGrinderBot,2,1,1,8,12,10,34,10,15,17,8,7,516,241511122,23691,37748100,4973378,15000,10400
AT Club 27,15,65f642c8-f5d4-44a3-8c30-3a77f89d7ac6,AggressiveTraderBot_27,AT,Europe/Rome,AggressiveTraderBot,2,1,11,12,8,10,46,10,2,15,7,7,522,378713828,416,41360100,7082492,22700,23900
BE Club 19,15,bd9174d6-0714-47ce-badc-ede9a0274f98,NewManagerBot_19,BE,Europe/Berlin,NewManagerBot,2,1,3,11,13,6,39,10,11,11,11,9,496,388230608,28497,41432100,3297910,15000,15400
BE Club 29,15,93299a02-7fe5-4512-993f-a82d97300fba,LadderGrinderBot_29,BE,Europe/Amsterdam,LadderGrinderBot,2,1,13,0,26,4,4,11,14,14,11,5,505,304561739,20297,41387100,3674867,15000,12200
CH Club 18,15,9378a293-7e4e-469c-ab5c-d78e5992cc30,SocialBot_18,CH,Europe/Warsaw,SocialBot,2,1,2,12,8,10,46,11,13,13,9,11,496,314895211,29334,41412900,5248236,15000,15360
CH Club 28,15,3afc330a-01a3-4c7e-bc16-9138bb74fa9d,YouthFocusedBot_28,CH,Europe/Madrid,YouthFocusedBot,2,1,12,8,12,10,34,12,4,12,10,7,506,460326328,1536,45012600,2449871,21300,20700
DE Club 21,15,0705089d-244c-4e90-ac5b-b67716cd4df3,AggressiveTraderBot_21,DE,Europe/Rome,AggressiveTraderBot,2,1,5,9,10,11,38,7,5,11,7,8,515,201427536,548,30563100,7592312,22400,22500
DE Club 31,15,b534052b-42a5-4dad-a4c7-978503f663c1,NewManagerBot_31,DE,Europe/Berlin,NewManagerBot,2,1,15,8,14,8,32,10,13,13,11,9,499,365661949,23776,37795800,5352156,15000,14200
ES Club 24,15,c6ba20b0-4256-45a5-93b0-eaad25da20d8,SocialBot_24,ES,Europe/Warsaw,SocialBot,2,1,8,10,11,9,39,11,13,13,6,10,501,391232698,44812,41368500,5857208,15000,12000
FR Club 22,15,185a3c1c-5633-46dd-880a-aac0984882d1,YouthFocusedBot_22,FR,Europe/Madrid,YouthFocusedBot,2,1,6,10,9,11,41,12,2,15,8,5,534,486289414,1443,44976000,4073268,21700,21200
FR Club 32,15,33a6c81c-d216-4865-8c41-e849edb3d4c2,ConservativeBot_32,FR,Europe/Paris,ConservativeBot,2,1,16,14,8,8,50,12,13,14,11,9,502,322913471,25715,45017700,6133159,15000,15760
IT Club 23,15,1dd5d330-5033-4d78-9a15-40cf9515cc07,LadderGrinderBot_23,IT,Europe/Amsterdam,LadderGrinderBot,2,1,7,11,10,9,42,10,12,12,12,6,500,308896276,23375,37805400,5323139,15000,15580
NL Club 25,15,863fa920-eb66-4f3e-9ecb-23ee5b0a2147,NewManagerBot_25,NL,Europe/Berlin,NewManagerBot,2,1,9,10,7,13,43,9,14,16,11,6,536,225208142,23074,34142100,6825778,15000,11600
PL Club 26,15,5d3c393f-1ca7-47d3-b02a-8030bcdc94e0,ConservativeBot_26,PL,Europe/Paris,ConservativeBot,2,1,10,7,10,13,34,12,13,14,11,7,514,370586898,26935,45013800,4349613,15000,15360
PT Club 20,15,edbe36bf-fd58-4a0d-b72b-68f37df6b422,ConservativeBot_20,PT,Europe/Paris,ConservativeBot,2,1,4,13,11,6,45,11,13,13,7,8,514,348276525,24410,41379600,3895710,15000,15960
PT Club 30,15,dbe26a47-ec47-4643-b078-b42e47d3a6f2,SocialBot_30,PT,Europe/Warsaw,SocialBot,2,1,14,26,0,4,82,9,9,9,9,7,536,346114055,43844,37804200,4988806,15000,15440
AT Club 37,15,f29e975d-d8a4-4a62-bac9-541f0a0eee01,NewManagerBot_37,AT,Europe/Berlin,NewManagerBot,2,2,5,14,10,6,48,10,10,14,9,7,500,263737883,25139,37778700,5371147,15000,11800
AT Club 47,15,02a87f4b-ab4e-4d03-adad-d678d2cd0302,LadderGrinderBot_47,AT,Europe/Amsterdam,LadderGrinderBot,2,2,15,9,10,11,38,12,13,15,9,7,515,385641287,19187,48602700,5837587,15000,14360
BE Club 39,15,5b313a53-4c83-4183-96af-4e8ccc3c50c7,AggressiveTraderBot_39,BE,Europe/Rome,AggressiveTraderBot,2,2,7,16,8,6,54,9,4,16,6,10,502,273130939,648,37740300,8964648,22100,22300
CH Club 38,15,31941f34-7841-48e8-973c-b0e59838e222,ConservativeBot_38,CH,Europe/Paris,ConservativeBot,2,2,6,10,14,6,36,16,16,18,5,8,514,537360263,14000,59197500,2749780,15000,17300
CH Club 48,15,9b82d563-ce08-4538-b6a6-dd19a3c97e1f,SocialBot_48,CH,Europe/Warsaw,SocialBot,2,2,16,10,9,11,41,6,15,19,7,7,512,165775464,23961,26880900,5720777,15000,15720
DE Club 41,15,a9e0c83a-53da-4ac0-ad7c-4b0e2fa6e163,LadderGrinderBot_41,DE,Europe/Amsterdam,LadderGrinderBot,2,2,9,5,10,15,30,11,15,16,7,13,502,349420953,13494,44988900,6455127,15000,14920
ES Club 34,15,087b9ae0-6fdc-4b3e-81b5-64958689d718,YouthFocusedBot_34,ES,Europe/Madrid,YouthFocusedBot,2,2,2,9,9,12,39,12,5,14,8,5,528,417532709,1442,48585600,3835781,21500,20600
ES Club 44,15,e457cf23-a7cb-44b3-bbbd-ab1129f58ec0,ConservativeBot_44,ES,Europe/Paris,ConservativeBot,2,2,12,2,19,9,15,5,9,9,7,8,496,139291274,37622,23339700,4069522,15000,11200
FR Club 42,15,260b1adc-d0aa-49cf-b19c-4409f159460e,SocialBot_42,FR,Europe/Warsaw,SocialBot,2,2,10,10,5,15,45,12,15,15,7,11,516,298978989,38790,44979300,5960357,15000,15920
IT Club 33,15,9f6f161f-95b7-42b7-a258-cbd0543c61a9,AggressiveTraderBot_33,IT,Europe/Rome,AggressiveTraderBot,2,2,1,9,9,12,39,13,4,16,14,8,533,403641267,456,52248900,9838232,21900,21900
IT Club 43,15,2b214729-72c6-4386-a05d-dac6be575cb8,NewManagerBot_43,IT,Europe/Berlin,NewManagerBot,2,2,11,19,2,9,66,10,15,17,10,10,525,370337993,18673,41378400,6818727,15000,15520
NL Club 35,15,87ce9b67-bc5f-4cb2-9656-11581972cd0a,LadderGrinderBot_35,NL,Europe/Amsterdam,LadderGrinderBot,2,2,3,13,6,11,50,12,12,14,9,12,521,403329614,24733,45015000,3850098,15000,14400
NL Club 45,15,f67abc68-4b09-45f1-91ae-bcb6b15c902a,AggressiveTraderBot_45,NL,Europe/Rome,AggressiveTraderBot,2,2,13,9,11,10,37,14,5,17,10,6,534,420030263,2057,55825800,9315887,22300,22100
PL Club 36,15,5f83f8c6-af3b-4f93-b480-3977c07226b5,SocialBot_36,PL,Europe/Warsaw,SocialBot,2,2,4,6,13,11,29,9,12,15,10,6,520,296064409,29277,37762800,4624595,15000,13000
PL Club 46,15,359bd3ac-434f-4bf2-a012-cf5d2d9032fc,YouthFocusedBot_46,PL,Europe/Madrid,YouthFocusedBot,2,2,14,11,9,10,43,14,4,16,8,10,517,442921613,1139,52214400,5191655,21800,21100
PT Club 40,15,a9d1c5ae-7500-4899-9ce5-188751e92bc0,YouthFocusedBot_40,PT,Europe/Madrid,YouthFocusedBot,2,2,8,8,16,6,30,10,6,10,9,8,517,395216888,-23,37800600,3729717,21900,22900
AT Club 57,15,46b265df-173c-47d2-8e1e-dfe693aabbe0,AggressiveTraderBot_57,AT,Europe/Rome,AggressiveTraderBot,3,1,9,26,0,4,82,14,5,16,11,6,535,263827846,249,39855900,6761884,22300,22900
BE Club 49,15,2c532bab-68f4-4c5a-b143-45b6c8d83211,NewManagerBot_49,BE,Europe/Berlin,NewManagerBot,3,1,1,11,9,10,43,10,14,15,12,8,520,235090549,26173,32220600,7316914,15000,15940
BE Club 59,15,af4fb2d5-fa95-41fb-b8af-a0eb7c4197fb,LadderGrinderBot_59,BE,Europe/Amsterdam,LadderGrinderBot,3,1,11,0,27,3,3,11,13,14,7,9,501,279131401,17117,32044100,5164594,15000,14560
CH Club 58,15,7354403b-add9-4e68-a3ae-80e453c9493b,YouthFocusedBot_58,CH,Europe/Madrid,YouthFocusedBot,3,1,10,0,26,4,4,13,2,13,10,6,504,300517232,1230,36969600,5632260,21800,20400
DE Club 51,15,c6d5d63d-05a8-4ebb-8969-d9270762f9ac,AggressiveTraderBot_51,DE,Europe/Rome,AggressiveTraderBot,3,1,3,15,9,6,51,10,3,10,10,8,532,268537214,1118,32242500,8543531,22100,22600
DE Club 61,15,88f1b614-18d5-454f-ab33-76193c96e9c1,NewManagerBot_61,DE,Europe/Berlin,NewManagerBot,3,1,13,9,7,14,41,11,11,14,6,11,535,292021281,28334,32205600,6919999,15000,12000
ES Club 54,15,3ed722fb-ea9c-41e3-9890-64b5f1d065cb,SocialBot_54,ES,Europe/Warsaw,SocialBot,3,1,6,12,11,7,43,13,12,13,11,7,508,326643995,25378,39862800,3031414,15000,11600
ES Club 64,15,dcb92066-7a8e-4464-b2f5-ebd51d22b141,YouthFocusedBot_64,ES,Europe/Madrid,YouthFocusedBot,3,1,16,6,12,12,30,6,2,15,9,5,509,203242692,642,20936400,5509502,21700,22100
FR Club 52,15,b2fb41be-b58a-4b22-a390-f8e6bd3e1862,YouthFocusedBot_52,FR,Europe/Madrid,YouthFocusedBot,3,1,4,9,15,6,33,6,4,14,7,7,509,106597519,-121,18117600,4915230,21900,24100
FR Club 62,15,825c13ba-7e2b-4973-88d6-4ca4b036764d,ConservativeBot_62,FR,Europe/Paris,ConservativeBot,3,1,14,7,9,14,35,10,15,17,12,10,524,222569039,31488,32222700,5175447,15000,11800
IT Club 53,15,cc36e2b6-1fc0-4d7e-9c3b-0fc18fb1be20,LadderGrinderBot_53,IT,Europe/Amsterdam,LadderGrinderBot,3,1,5,11,12,7,40,11,13,14,10,8,523,289487297,16498,35028000,6599968,15000,17160
IT Club 63,15,9f919296-3581-42e0-a49f-158ddd554818,AggressiveTraderBot_63,IT,Europe/Rome,AggressiveTraderBot,3,1,15,12,6,12,48,12,5,14,9,8,521,218906579,275,35015400,9733674,22300,22900
NL Club 55,15,d88f6c05-bc9f-4f15-a898-8586cf76721d,NewManagerBot_55,NL,Europe/Berlin,NewManagerBot,3,1,7,10,10,10,40,9,10,10,10,9,529,243363424,27736,29434800,4851347,15000,16220
PL Club 56,15,3577bce9-59e5-4412-ab6b-1e1679b4251c,ConservativeBot_56,PL,Europe/Paris,ConservativeBot,3,1,8,10,10,10,40,10,12,12,9,4,536,245612461,28253,29394300,4674863,15000,10200
PT Club 50,15,e59f2d7c-ec78-46f7-8ecb-9e36a7f7d221,ConservativeBot_50,PT,Europe/Paris,ConservativeBot,3,1,2,9,11,10,37,12,11,12,9,7,530,298640736,26168,35038500,8630106,15000,13800
PT Club 60,15,3858852e-63b3-4a7e-b87f-39f1b842af70,SocialBot_60,PT,Europe/Warsaw,SocialBot,3,1,12,27,0,3,84,9,12,17,12,6,536,169974153,25006,29382000,5240350,15000,12200
AT Club 67,15,ee9f963f-858c-46e5-96ab-dc0e12e5628b,NewManagerBot_67,AT,Europe/Berlin,NewManagerBot,3,2,3,11,10,9,42,14,15,18,10,6,503,307237925,19473,39820200,6253461,15000,14520
AT Club 77,15,303dcc52-a238-4f31-a460-2cfc8a3af71f,LadderGrinderBot_77,AT,Europe/Amsterdam,LadderGrinderBot,3,2,13,7,13,10,31,12,16,18,10,12,505,305207548,7759,37831200,4287949,15000,15900
BE Club 69,15,134d33c8-e2dd-4d15-86bc-8222b7392d2d,AggressiveTraderBot_69,BE,Europe/Rome,AggressiveTraderBot,3,2,5,0,28,2,2,11,6,14,10,9,501,289717440,843,34524000,5588839,21600,22300
BE Club 79,15,78197d87-aa04-4f1e-b3fd-52a6eb74d8cd,NewManagerBot_79,BE,Europe/Berlin,NewManagerBot,3,2,15,7,9,14,35,13,15,16,8,6,525,267361806,26811,37794900,6591592,15000,15520
CH Club 68,15,97e0d4a2-4b6e-42f4-9597-e7a030c6d709,ConservativeBot_68,CH,Europe/Paris,ConservativeBot,3,2,4,10,11,9,39,9,12,16,13,12,509,223588298,30293,29427600,4146176,15000,14780
CH Club 78,15,b1b9e616-5acc-4dd8-b611-e55cb44189a2,SocialBot_78,CH,Europe/Warsaw,SocialBot,3,2,14,13,7,10,49,13,11,17,6,11,532,315843634,38902,39830400,5516997,15000,15600
DE Club 71,15,7c458915-8e83-42b8-93c3-9c87ca01f053,LadderGrinderBot_71,DE,Europe/Amsterdam,LadderGrinderBot,3,2,7,9,12,9,36,11,13,13,11,8,538,266101349,21420,32240100,7165111,15000,14760
ES Club 74,15,0f1755f5-458e-4abc-9e65-fb68a876d176,ConservativeBot_74,ES,Europe/Paris,ConservativeBot,3,2,10,9,8,13,40,11,12,12,9,9,537,230317595,25763,32223300,6552519,15000,14780
FR Club 72,15,097bbfea-3583-49a7-8998-464b288da9f6,SocialBot_72,FR,Europe/Warsaw,SocialBot,3,2,8,12,9,9,45,12,14,14,10,12,522,309137983,30290,37853700,5817916,15000,12000
IT Club 73,15,b3813095-e065-4e5d-92cf-24cf68c5c976,NewManagerBot_73,IT,Europe/Berlin,NewManagerBot,3,2,9,8,9,13,37,13,13,15,11,8,531,272206081,26110,37843800,6630689,15000,15960
NL Club 65,15,c17afd47-ce14-4754-9441-36ddb100e92e,LadderGrinderBot_65,NL,Europe/Amsterdam,LadderGrinderBot,3,2,1,13,10,7,46,12,12,12,8,10,521,286121251,23573,37839900,5810105,15000,10800
NL Club 75,15,37e480f2-8818-436e-b65b-9719795f9a20,AggressiveTraderBot_75,NL,Europe/Rome,AggressiveTraderBot,3,2,11,9,9,12,39,11,2,17,10,7,507,299206330,989,35001600,7554272,22400,21500
PL Club 66,15,1ffc700f-df07-4cb3-9160-c002853d225d,SocialBot_66,PL,Europe/Warsaw,SocialBot,3,2,2,10,13,7,37,12,12,12,8,9,517,301329170,33048,37839000,4487557,15000,15380
PL Club 76,15,b23385df-b985-4223-966b-add6e40c4be3,YouthFocusedBot_76,PL,Europe/Madrid,YouthFocusedBot,3,2,12,9,9,12,39,12,6,12,10,7,520,239933344,453,35031000,3420285,21800,23200
PT Club 70,15,fdeb42be-2d98-4817-947d-eccd1ee9099a,YouthFocusedBot_70,PT,Europe/Madrid,YouthFocusedBot,3,2,6,28,0,2,86,11,6,13,11,6,534,287499139,231,32231100,5730439,22000,23800
PT Club 80,15,44926543-0b06-49c2-91a1-5fafc287f8a7,ConservativeBot_80,PT,Europe/Paris,ConservativeBot,3,2,16,9,7,14,41,14,14,14,13,8,510,383894795,21576,39896100,4545919,15000,16340
AT Club 87,15,2f971dd6-c49a-485d-a73e-15fac9f7acd5,AggressiveTraderBot_87,AT,Europe/Rome,AggressiveTraderBot,3,3,7,10,5,15,45,11,3,12,9,9,533,294736796,1335,35047500,5506331,22200,21900
BE Club 89,15,ede53099-d1e3-440c-9a6e-4495ec33968a,LadderGrinderBot_89,BE,Europe/Amsterdam,LadderGrinderBot,3,3,9,12,6,12,48,9,9,9,7,8,537,209450546,26138,29410500,3718151,15000,12800
CH Club 88,15,a72bb731-f3c7-4261-9ba2-8799e372245b,YouthFocusedBot_88,CH,Europe/Madrid,YouthFocusedBot,3,3,8,5,10,15,30,8,2,11,8,4,522,195537921,22,23769900,6446750,21800,22900
DE Club 81,15,b9db7abf-c9f8-47b8-94a5-8890b3ba7080,AggressiveTraderBot_81,DE,Europe/Rome,AggressiveTraderBot,3,3,1,13,7,10,49,11,6,13,12,11,510,275119805,409,35057700,6785495,22400,22900
DE Club 91,15,74592459-a7bb-4a79-9434-accb444c9ab0,NewManagerBot_91,DE,Europe/Berlin,NewManagerBot,3,3,11,30,0,0,90,9,10,13,10,9,535,268765212,30407,29416800,5214641,15000,12000
ES Club 84,15,5b65d8a2-6044-457f-826f-6063f988c48b,SocialBot_84,ES,Europe/Warsaw,SocialBot,3,3,4,9,11,10,37,11,11,11,11,9,532,293930498,32214,35051100,4674304,15000,10400
ES Club 94,15,7cc7d05c-edfd-47bb-8f42-12cd8431ba5e,YouthFocusedBot_94,ES,Europe/Madrid,YouthFocusedBot,3,3,14,8,12,10,34,12,6,13,10,13,512,236808385,1688,35053500,4592876,21700,19900
FR Club 82,15,cbc044f2-2f89-425b-96a1-e137bdefe31f,YouthFocusedBot_82,FR,Europe/Madrid,YouthFocusedBot,3,3,2,7,13,10,31,13,4,16,7,7,512,296863753,2068,39792400,4189301,21500,19000
FR Club 92,15,2d92d7ee-ce39-4bc5-aa23-2ca1043b3e8d,ConservativeBot_92,FR,Europe/Paris,ConservativeBot,3,3,12,0,30,0,0,11,12,12,12,9,497,238648656,28279,32099600,6084205,15000,15580
IT Club 83,15,de645a93-8bad-4e63-a444-7e0719816b72,LadderGrinderBot_83,IT,Europe/Amsterdam,LadderGrinderBot,3,3,3,11,9,10,43,7,15,18,4,8,517,156116096,19814,20899500,5958781,15000,12000
IT Club 93,15,75078879-532f-4145-bdba-11805f8bce9f,AggressiveTraderBot_93,IT,Europe/Rome,AggressiveTraderBot,3,3,13,12,8,10,46,1,4,10,3,3,536,-1089380,2250,6863400,7312042,17800,17600
NL Club 85,15,84408bb9-0db2-4086-b1e8-c98e015aaa12,NewManagerBot_85,NL,Europe/Berlin,NewManagerBot,3,3,5,12,8,10,46,12,13,13,9,9,520,264021235,25996,35040000,5586527,15000,18560
NL Club 95,15,66572111-2ff4-451b-9150-8a7f66ca32c7,LadderGrinderBot_95,NL,Europe/Amsterdam,LadderGrinderBot,3,3,15,0,29,1,1,8,9,9,9,9,503,266241218,26938,26623200,3223407,15000,12400
PL Club 86,15,1a741654-624a-4807-9b41-9645185d7c8b,ConservativeBot_86,PL,Europe/Paris,ConservativeBot,3,3,6,8,12,10,34,10,14,15,14,11,508,207605434,28387,29438700,4214275,15000,11000
PL Club 96,15,23205a97-05fe-4e5b-bb68-2f34abd36882,SocialBot_96,PL,Europe/Warsaw,SocialBot,3,3,16,29,0,1,88,12,12,12,10,10,534,264565035,43196,37856100,5915040,15000,13780
PT Club 90,15,9fd8eec7-4860-48c6-9b0f-d3ac317b965f,SocialBot_90,PT,Europe/Warsaw,SocialBot,3,3,10,6,12,12,30,11,12,12,10,10,514,295431130,38401,35052000,7872246,15000,14380
AT Club 7,16,3fe71a77-ecd2-4016-8a30-7b61616f87fb,NewManagerBot_7,AT,Europe/Berlin,NewManagerBot,1,1,7,11,10,9,42,11,11,11,8,10,562,500304047,28201,57396600,4512111,15000,14200
BE Club 9,16,433e9f94-2ea8-4276-bda5-1567aaada803,AggressiveTraderBot_9,BE,Europe/Rome,AggressiveTraderBot,1,1,9,27,0,3,84,12,5,12,8,5,564,527986685,688,61974000,3881225,21700,21700
CH Club 8,16,a360fffe-4f47-404b-a3ce-1e8521ab5084,ConservativeBot_8,CH,Europe/Paris,ConservativeBot,1,1,8,10,11,9,39,11,14,17,17,5,542,562908885,22067,57409500,6329159,15000,15540
DE Club 1,16,60342169-5b3d-4aef-a3fc-5cde7cb4a190,NewManagerBot_1,DE,Europe/Berlin,NewManagerBot,1,1,1,9,7,14,41,13,16,16,14,5,562,605290678,23354,66607500,5223367,15000,15500
DE Club 11,16,7a7dbd68-0978-4127-9bef-08f32a1d90fe,LadderGrinderBot_11,DE,Europe/Amsterdam,LadderGrinderBot,1,1,11,10,10,10,40,11,13,14,9,9,546,447294021,21654,57385200,4758485,15000,17760
ES Club 14,16,bcb572ec-b227-4b21-87fc-2bc32b09815b,ConservativeBot_14,ES,Europe/Paris,ConservativeBot,1,1,14,2,22,6,12,7,14,14,11,9,526,352466460,21249,38964300,2820604,15000,14940
ES Club 4,16,0970c318-8891-49d6-ac02-b6edad04f998,YouthFocusedBot_4,ES,Europe/Madrid,YouthFocusedBot,1,1,4,26,0,4,82,10,6,13,10,10,557,377052612,1809,48194100,6287525,21900,21100
FR Club 12,16,7eab1a8a-57da-4f2e-aec6-4b1f409934ce,SocialBot_12,FR,Europe/Warsaw,SocialBot,1,1,12,10,10,10,40,12,16,17,11,7,559,549248563,32170,57373500,5027739,15000,15500
FR Club 2,16,105972e2-d768-4707-8113-6fdf60c3daeb,ConservativeBot_2,FR,Europe/Paris,ConservativeBot,1,1,2,7,9,14,35,12,13,13,10,8,538,631531473,29963,62003700,4881191,15000,14160
IT Club 13,16,4317646c-6307-4300-84a5-ea5b873fbfbe,NewManagerBot_13,IT,Europe/Berlin,NewManagerBot,1,1,13,22,2,6,72,14,16,16,5,11,551,737431001,23650,71157000,4970832,15000,15500
IT Club 3,16,456e6fc4-9583-4d82-b452-d4ae350e3db3,AggressiveTraderBot_3,IT,Europe/Rome,AggressiveTraderBot,1,1,3,0,26,4,4,10,5,14,12,7,525,325878139,361,52781100,6565217,22300,23800
NL Club 15,16,7043d0a7-7c0b-4f62-89e3-e5468cee589e,AggressiveTraderBot_15,NL,Europe/Rome,AggressiveTraderBot,1,1,15,12,10,8,44,13,3,17,8,10,553,504362201,544,61966500,8658040,22500,22200
NL Club 5,16,90c20855-d6a3-4cc7-8e1c-bae8c83e2fe8,LadderGrinderBot_5,NL,Europe/Amsterdam,LadderGrinderBot,1,1,5,0,29,1,1,12,13,13,9,8,526,507403495,25171,61995600,3988902,15000,13560
PL Club 16,16,fbaa9901-0416-4c09-bf29-d0fab0c6c3e2,YouthFocusedBot_16,PL,Europe/Madrid,YouthFocusedBot,1,1,16,10,12,8,38,9,2,14,9,10,540,447489890,121,48167400,3334813,21700,23200
PL Club 6,16,db770079-4c31-418e-9a47-fab14deb99b1,SocialBot_6,PL,Europe/Warsaw,SocialBot,1,1,6,29,0,1,88,16,15,17,8,9,569,770092455,26164,80395200,8633438,15000,16920
PT Club 10,16,8646e00d-cc1a-405a-893f-a7b6e8772589,YouthFocusedBot_10,PT,Europe/Madrid,YouthFocusedBot,1,1,10,0,27,3,3,13,2,14,10,12,526,593542465,1690,62010300,5739813,22100,21500
AT Club 17,16,ac0ae0c3-4ed2-4c3f-a536-d98ea02a0b63,LadderGrinderBot_17,AT,Europe/Amsterdam,LadderGrinderBot,2,1,1,8,9,13,37,10,16,17,8,7,546,278159099,22391,41353800,4705823,15000,16300
AT Club 27,16,65f642c8-f5d4-44a3-8c30-3a77f89d7ac6,AggressiveTraderBot_27,AT,Europe/Rome,AggressiveTraderBot,2,1,11,11,8,11,44,10,2,15,7,7,552,413785512,616,41360700,6289016,21800,21600
BE Club 19,16,bd9174d6-0714-47ce-badc-ede9a0274f98,NewManagerBot_19,BE,Europe/Berlin,NewManagerBot,2,1,3,14,10,6,48,10,11,11,11,10,526,427085972,30697,41432100,2576736,15000,12800
BE Club 29,16,93299a02-7fe5-4512-993f-a82d97300fba,LadderGrinderBot_29,BE,Europe/Amsterdam,LadderGrinderBot,2,1,13,0,28,2,2,11,15,15,11,5,535,345269184,20777,45004800,4297355,15000,14520
CH Club 18,16,9378a293-7e4e-469c-ab5c-d78e5992cc30,SocialBot_18,CH,Europe/Warsaw,SocialBot,2,1,2,9,8,13,40,11,14,14,9,11,526,356367046,27194,45023100,3551265,15000,17140
CH Club 28,16,3afc330a-01a3-4c7e-bc16-9138bb74fa9d,YouthFocusedBot_28,CH,Europe/Madrid,YouthFocusedBot,2,1,12,8,11,11,35,13,4,13,10,8,536,503560504,336,48633900,5399724,22000,23200
DE Club 21,16,0705089d-244c-4e90-ac5b-b67716cd4df3,AggressiveTraderBot_21,DE,Europe/Rome,AggressiveTraderBot,2,1,5,7,11,12,33,8,5,12,8,8,545,224779257,1848,30555600,7203879,22400,21100
DE Club 31,16,b534052b-42a5-4dad-a4c7-978503f663c1,NewManagerBot_31,DE,Europe/Berlin,NewManagerBot,2,1,15,8,13,9,33,11,13,13,12,9,529,402162770,27176,41417100,4916279,15000,11600
ES Club 24,16,c6ba20b0-4256-45a5-93b0-eaad25da20d8,SocialBot_24,ES,Europe/Warsaw,SocialBot,2,1,8,10,9,11,41,11,13,13,6,11,531,431579150,49012,44994300,4647848,15000,10800
FR Club 22,16,185a3c1c-5633-46dd-880a-aac0984882d1,YouthFocusedBot_22,FR,Europe/Madrid,YouthFocusedBot,2,1,6,11,7,12,45,13,2,15,8,5,564,529581643,943,48586200,5293971,21800,22300
FR Club 32,16,33a6c81c-d216-4865-8c41-e849edb3d4c2,ConservativeBot_32,FR,Europe/Paris,ConservativeBot,2,1,16,13,8,9,48,12,14,14,12,9,532,364883034,24175,48636000,6666437,15000,16540
IT Club 23,16,1dd5d330-5033-4d78-9a15-40cf9515cc07,LadderGrinderBot_23,IT,Europe/Amsterdam,LadderGrinderBot,2,1,7,9,10,11,38,10,12,12,12,6,530,345327845,26375,41419200,4987631,15000,12000
NL Club 25,16,863fa920-eb66-4f3e-9ecb-23ee5b0a2147,NewManagerBot_25,NL,Europe/Berlin,NewManagerBot,2,1,9,11,12,7,40,9,14,17,12,6,566,258760926,27074,37767900,4215116,15000,11000
PL Club 26,16,5d3c393f-1ca7-47d3-b02a-8030bcdc94e0,ConservativeBot_26,PL,Europe/Paris,ConservativeBot,2,1,10,12,11,7,43,13,14,15,11,8,544,413532046,27195,48627000,5681852,15000,14740
PT Club 20,16,edbe36bf-fd58-4a0d-b72b-68f37df6b422,ConservativeBot_20,PT,Europe/Paris,ConservativeBot,2,1,4,10,14,6,36,11,14,14,7,8,544,387884104,24270,44993400,5385821,15000,15140
PT Club 30,16,dbe26a47-ec47-4643-b078-b42e47d3a6f2,SocialBot_30,PT,Europe/Warsaw,SocialBot,2,1,14,28,0,2,86,9,9,9,9,8,566,376180769,46644,37808700,7741986,15000,12200
AT Club 37,16,f29e975d-d8a4-4a62-bac9-541f0a0eee01,NewManagerBot_37,AT,Europe/Berlin,NewManagerBot,2,2,5,11,13,6,39,11,10,14,9,7,530,302319942,28939,41384400,2802341,15000,11200
AT Club 47,16,02a87f4b-ab4e-4d03-adad-d678d2cd0302,LadderGrinderBot_47,AT,Europe/Amsterdam,LadderGrinderBot,2,2,15,7,13,10,31,12,14,16,9,7,545,431832097,19047,48603300,2412490,15000,15140
BE Club 39,16,5b313a53-4c83-4183-96af-4e8ccc3c50c7,AggressiveTraderBot_39,BE,Europe/Rome,AggressiveTraderBot,2,2,7,10,8,12,42,10,4,17,7,10,532,303521769,1148,37745400,7354570,22500,22000
CH Club 38,16,31941f34-7841-48e8-973c-b0e59838e222,ConservativeBot_38,CH,Europe/Paris,ConservativeBot,2,2,6,13,11,6,45,17,16,19,6,8,544,593135632,18000,61385700,5610331,15000,11000
CH Club 48,16,9b82d563-ce08-4538-b6a6-dd19a3c97e1f,SocialBot_48,CH,Europe/Warsaw,SocialBot,2,2,16,13,7,10,49,7,16,20,7,8,542,187530216,24061,26877900,5123148,15000,14900
DE Club 41,16,a9e0c83a-53da-4ac0-ad7c-4b0e2fa6e163,LadderGrinderBot_41,DE,Europe/Amsterdam,LadderGrinderBot,2,2,9,14,12,4,46,12,16,16,7,13,532,390207585,13994,44993400,4206768,15000,14500
ES Club 34,16,087b9ae0-6fdc-4b3e-81b5-64958689d718,YouthFocusedBot_34,ES,Europe/Madrid,YouthFocusedBot,2,2,2,12,9,9,45,13,5,14,9,5,558,458487563,1142,48593700,7638846,21800,22100
ES Club 44,16,e457cf23-a7cb-44b3-bbbd-ab1129f58ec0,ConservativeBot_44,ES,Europe/Paris,ConservativeBot,2,2,12,5,21,4,19,6,9,9,7,8,526,157402901,40022,23344200,5232573,15000,12600
FR Club 42,16,260b1adc-d0aa-49cf-b19c-4409f159460e,SocialBot_42,FR,Europe/Warsaw,SocialBot,2,2,10,12,14,4,40,12,15,15,8,11,546,342054002,41990,48605100,5530087,15000,11800
IT Club 33,16,9f6f161f-95b7-42b7-a258-cbd0543c61a9,AggressiveTraderBot_33,IT,Europe/Rome,AggressiveTraderBot,2,2,1,9,12,9,36,13,4,16,15,8,563,449732644,1056,52254000,6162623,22200,21600
IT Club 43,16,2b214729-72c6-4386-a05d-dac6be575cb8,NewManagerBot_43,IT,Europe/Berlin,NewManagerBot,2,2,11,21,5,4,67,11,16,17,11,10,555,408589757,18573,41383500,3131736,15000,15100
NL Club 35,16,87ce9b67-bc5f-4cb2-9656-11581972cd0a,LadderGrinderBot_35,NL,Europe/Amsterdam,LadderGrinderBot,2,2,3,10,11,9,39,12,13,15,10,13,551,446386311,23773,48633300,5576603,15000,15960
NL Club 45,16,f67abc68-4b09-45f1-91ae-bcb6b15c902a,AggressiveTraderBot_45,NL,Europe/Rome,AggressiveTraderBot,2,2,13,9,11,10,37,15,5,17,11,6,564,467318844,1657,55818300,8529719,22300,22700
PL Club 36,16,5f83f8c6-af3b-4f93-b480-3977c07226b5,SocialBot_36,PL,Europe/Warsaw,SocialBot,2,2,4,11,10,9,42,9,13,15,11,6,550,330212610,29517,37767300,3619099,15000,14760
PL Club 46,16,359bd3ac-434f-4bf2-a012-cf5d2d9032fc,YouthFocusedBot_46,PL,Europe/Madrid,YouthFocusedBot,2,2,14,11,9,10,43,15,4,17,9,10,547,493575806,1139,55827600,5173407,21500,21500
PT Club 40,16,a9d1c5ae-7500-4899-9ce5-188751e92bc0,YouthFocusedBot_40,PT,Europe/Madrid,YouthFocusedBot,2,2,8,8,10,12,36,10,6,10,9,9,547,431563892,77,41418900,5071896,21400,21300
AT Club 57,16,46b265df-173c-47d2-8e1e-dfe693aabbe0,AggressiveTraderBot_57,AT,Europe/Rome,AggressiveTraderBot,3,1,9,27,0,3,84,15,5,16,12,7,565,297539719,1849,40589100,6877227,22300,20700
BE Club 49,16,2c532bab-68f4-4c5a-b143-45b6c8d83211,NewManagerBot_49,BE,Europe/Berlin,NewManagerBot,3,1,1,12,10,8,44,10,14,15,13,9,550,262473590,29173,32225700,4842659,15000,12000
BE Club 59,16,af4fb2d5-fa95-41fb-b8af-a0eb7c4197fb,LadderGrinderBot_59,BE,Europe/Amsterdam,LadderGrinderBot,3,1,11,0,28,2,2,12,13,15,7,10,531,307895953,19717,34475800,5711248,15000,12400
CH Club 58,16,7354403b-add9-4e68-a3ae-80e453c9493b,YouthFocusedBot_58,CH,Europe/Madrid,YouthFocusedBot,3,1,10,0,27,3,3,13,2,13,10,6,534,333221750,730,38405300,5700782,21800,22300
DE Club 51,16,c6d5d63d-05a8-4ebb-8969-d9270762f9ac,AggressiveTraderBot_51,DE,Europe/Rome,AggressiveTraderBot,3,1,3,9,7,14,41,10,3,10,10,8,562,296911356,-482,32247000,3872858,22300,23900
DE Club 61,16,88f1b614-18d5-454f-ab33-76193c96e9c1,NewManagerBot_61,DE,Europe/Berlin,NewManagerBot,3,1,13,12,7,11,47,11,12,15,7,12,565,320548398,27554,35009700,6482583,15000,15780
ES Club 54,16,3ed722fb-ea9c-41e3-9890-64b5f1d065cb,SocialBot_54,ES,Europe/Warsaw,SocialBot,3,1,6,10,14,6,36,14,13,14,12,7,538,361551950,24818,39875400,4967445,15000,15560
ES Club 64,16,dcb92066-7a8e-4464-b2f5-ebd51d22b141,YouthFocusedBot_64,ES,Europe/Madrid,YouthFocusedBot,3,1,16,11,9,10,43,6,2,15,9,6,539,221650485,1842,20941500,2533707,21500,20300
FR Club 52,16,b2fb41be-b58a-4b22-a390-f8e6bd3e1862,YouthFocusedBot_52,FR,Europe/Madrid,YouthFocusedBot,3,1,4,7,9,14,35,7,4,15,7,7,539,120805252,479,20941800,6734067,21900,21300
FR Club 62,16,825c13ba-7e2b-4973-88d6-4ca4b036764d,ConservativeBot_62,FR,Europe/Paris,ConservativeBot,3,1,14,7,12,11,32,11,15,17,12,10,554,249731316,35488,32219700,5057423,15000,11000
IT Club 53,16,cc36e2b6-1fc0-4d7e-9c3b-0fc18fb1be20,LadderGrinderBot_53,IT,Europe/Amsterdam,LadderGrinderBot,3,1,5,14,10,6,48,11,13,15,10,8,553,321110787,20498,35028600,3405110,15000,11000
IT Club 63,16,9f919296-3581-42e0-a49f-158ddd554818,AggressiveTraderBot_63,IT,Europe/Rome,AggressiveTraderBot,3,1,15,9,11,10,37,13,5,15,9,9,551,248817576,875,37832100,7921103,22100,21500
NL Club 55,16,d88f6c05-bc9f-4f15-a898-8586cf76721d,NewManagerBot_55,NL,Europe/Berlin,NewManagerBot,3,1,7,12,8,10,46,10,11,11,11,9,559,268381262,27736,29439900,4422062,15000,15000
PL Club 56,16,3577bce9-59e5-4412-ab6b-1e1679b4251c,ConservativeBot_56,PL,Europe/Paris,ConservativeBot,3,1,8,8,12,10,34,10,13,13,10,4,566,272088352,29093,32205900,5730009,15000,14160
PT Club 50,16,e59f2d7c-ec78-46f7-8ecb-9e36a7f7d221,ConservativeBot_50,PT,Europe/Paris,ConservativeBot,3,1,2,10,12,8,38,12,11,12,10,7,560,332059740,29568,37842600,4423596,15000,11600
PT Club 60,16,3858852e-63b3-4a7e-b87f-39f1b842af70,SocialBot_60,PT,Europe/Warsaw,SocialBot,3,1,12,28,0,2,86,9,12,18,13,7,566,192456946,27806,29390100,6907307,15000,12200
AT Club 67,16,ee9f963f-858c-46e5-96ab-dc0e12e5628b,NewManagerBot_67,AT,Europe/Berlin,NewManagerBot,3,2,3,11,10,9,42,14,16,19,11,6,533,341518494,17973,40566000,6285431,15000,16500
AT Club 77,16,303dcc52-a238-4f31-a460-2cfc8a3af71f,LadderGrinderBot_77,AT,Europe/Amsterdam,LadderGrinderBot,3,2,13,5,14,11,26,12,17,18,11,12,535,333720677,5679,37798200,9285071,15000,17080
BE Club 69,16,134d33c8-e2dd-4d15-86bc-8222b7392d2d,AggressiveTraderBot_69,BE,Europe/Rome,AggressiveTraderBot,3,2,5,0,25,5,5,12,6,15,11,9,531,318203828,343,34596100,6109712,22000,22500
BE Club 79,16,78197d87-aa04-4f1e-b3fd-52a6eb74d8cd,NewManagerBot_79,BE,Europe/Berlin,NewManagerBot,3,2,15,10,10,10,40,13,15,17,9,7,555,302315919,30611,39824100,4869987,15000,11200
CH Club 68,16,97e0d4a2-4b6e-42f4-9597-e7a030c6d709,ConservativeBot_68,CH,Europe/Paris,ConservativeBot,3,2,4,10,11,9,39,10,12,16,14,12,539,245370720,33693,29432700,7650278,15000,11600
CH Club 78,16,b1b9e616-5acc-4dd8-b611-e55cb44189a2,SocialBot_78,CH,Europe/Warsaw,SocialBot,3,2,14,14,5,11,53,13,12,17,6,11,562,350674486,38322,39822900,4992048,15000,15580
DE Club 71,16,7c458915-8e83-42b8-93c3-9c87ca01f053,LadderGrinderBot_71,DE,Europe/Amsterdam,LadderGrinderBot,3,2,7,15,9,6,51,11,14,14,12,8,568,295037872,20480,35044200,6107677,15000,15940
ES Club 74,16,0f1755f5-458e-4abc-9e65-fb68a876d176,ConservativeBot_74,ES,Europe/Paris,ConservativeBot,3,2,10,11,10,9,42,12,13,13,9,9,567,260044232,25403,35040000,5313363,15000,15360
FR Club 72,16,097bbfea-3583-49a7-8998-464b288da9f6,SocialBot_72,FR,Europe/Warsaw,SocialBot,3,2,8,9,15,6,33,13,14,14,10,13,552,343380132,32690,37858200,3616051,15000,12600
IT Club 73,16,b3813095-e065-4e5d-92cf-24cf68c5c976,NewManagerBot_73,IT,Europe/Berlin,NewManagerBot,3,2,9,10,11,9,39,14,14,16,11,8,561,308343291,26370,39864900,3727690,15000,14740
NL Club 65,16,c17afd47-ce14-4754-9441-36ddb100e92e,LadderGrinderBot_65,NL,Europe/Amsterdam,LadderGrinderBot,3,2,1,17,6,7,58,13,13,13,9,10,551,320443356,22413,37848000,3525895,15000,16160
NL Club 75,16,37e480f2-8818-436e-b65b-9719795f9a20,AggressiveTraderBot_75,NL,Europe/Rome,AggressiveTraderBot,3,2,11,11,12,7,40,12,2,18,10,7,537,325837323,1889,35001600,8370607,21900,21000
PL Club 66,16,1ffc700f-df07-4cb3-9160-c002853d225d,SocialBot_66,PL,Europe/Warsaw,SocialBot,3,2,2,6,17,7,25,12,12,12,8,9,547,334558293,35448,37807500,4578377,15000,12600
PL Club 76,16,b23385df-b985-4223-966b-add6e40c4be3,YouthFocusedBot_76,PL,Europe/Madrid,YouthFocusedBot,3,2,12,12,11,7,43,12,6,12,11,7,550,276207506,1353,37850700,1576538,21600,20700
PT Club 70,16,fdeb42be-2d98-4817-947d-eccd1ee9099a,YouthFocusedBot_70,PT,Europe/Madrid,YouthFocusedBot,3,2,6,25,0,5,80,12,6,14,12,7,564,317545079,331,35035200,4989260,21600,21500
PT Club 80,16,44926543-0b06-49c2-91a1-5fafc287f8a7,ConservativeBot_80,PT,Europe/Paris,ConservativeBot,3,2,16,10,10,10,40,15,15,15,14,9,540,419330192,22856,40629300,5193903,15000,13720
AT Club 87,16,2f971dd6-c49a-485d-a73e-15fac9f7acd5,AggressiveTraderBot_87,AT,Europe/Rome,AggressiveTraderBot,3,3,7,14,12,4,46,11,3,12,10,9,563,322946618,1435,35040000,6830178,22600,22500
BE Club 89,16,ede53099-d1e3-440c-9a6e-4495ec33968a,LadderGrinderBot_89,BE,Europe/Amsterdam,LadderGrinderBot,3,3,9,13,8,9,48,9,10,10,7,8,567,233941223,24918,29418600,4927923,15000,16220
CH Club 88,16,a72bb731-f3c7-4261-9ba2-8799e372245b,YouthFocusedBot_88,CH,Europe/Madrid,YouthFocusedBot,3,3,8,12,14,4,40,8,2,11,8,5,552,218221020,522,26582100,3899001,21600,21100
DE Club 81,16,b9db7abf-c9f8-47b8-94a5-8890b3ba7080,AggressiveTraderBot_81,DE,Europe/Rome,AggressiveTraderBot,3,3,1,8,14,8,32,11,6,14,12,12,540,303774446,809,35065800,6411159,22400,22000
DE Club 91,16,74592459-a7bb-4a79-9434-accb444c9ab0,NewManagerBot_91,DE,Europe/Berlin,NewManagerBot,3,3,11,24,0,6,78,10,11,13,10,10,565,292435644,26407,29417400,5746968,15000,19000
ES Club 84,16,5b65d8a2-6044-457f-826f-6063f988c48b,SocialBot_84,ES,Europe/Warsaw,SocialBot,3,3,4,11,8,11,44,11,11,11,11,9,562,324707941,35014,35063700,4286257,15000,12200
ES Club 94,16,7cc7d05c-edfd-47bb-8f42-12cd8431ba5e,YouthFocusedBot_94,ES,Europe/Madrid,YouthFocusedBot,3,3,14,7,11,12,33,12,6,14,11,13,542,266716781,2088,37870200,7961804,21900,21500
FR Club 82,16,cbc044f2-2f89-425b-96a1-e137bdefe31f,YouthFocusedBot_82,FR,Europe/Madrid,YouthFocusedBot,3,3,2,14,8,8,50,14,4,16,7,7,542,333682524,1868,39820500,3001729,21800,22000
FR Club 92,16,2d92d7ee-ce39-4bc5-aa23-2ca1043b3e8d,ConservativeBot_92,FR,Europe/Paris,ConservativeBot,3,3,12,0,24,6,6,12,13,13,12,9,527,269290532,28919,34659300,4017424,15000,14360
IT Club 83,16,de645a93-8bad-4e63-a444-7e0719816b72,LadderGrinderBot_83,IT,Europe/Amsterdam,LadderGrinderBot,3,3,3,8,11,11,35,7,16,19,4,9,547,176868558,19114,23703600,2951138,15000,15700
IT Club 93,16,75078879-532f-4145-bdba-11805f8bce9f,AggressiveTraderBot_93,IT,Europe/Rome,AggressiveTraderBot,3,3,13,11,7,12,45,1,4,10,3,3,566,-4426474,2450,6863400,10200494,15600,15400
NL Club 85,16,84408bb9-0db2-4086-b1e8-c98e015aaa12,NewManagerBot_85,NL,Europe/Berlin,NewManagerBot,3,3,5,11,8,11,44,12,13,13,9,10,550,297753960,27796,37844100,4111375,15000,13200
NL Club 95,16,66572111-2ff4-451b-9150-8a7f66ca32c7,LadderGrinderBot_95,NL,Europe/Amsterdam,LadderGrinderBot,3,3,15,0,27,3,3,9,10,10,10,9,533,286564401,24918,26627700,6304517,15000,17020
PL Club 86,16,1a741654-624a-4807-9b41-9645185d7c8b,ConservativeBot_86,PL,Europe/Paris,ConservativeBot,3,3,6,8,11,11,35,10,15,16,14,11,538,233043662,27467,32255400,6817172,15000,15920
PL Club 96,16,23205a97-05fe-4e5b-bb68-2f34abd36882,SocialBot_96,PL,Europe/Warsaw,SocialBot,3,3,16,27,0,3,84,12,12,12,11,10,564,296853495,46996,37864200,5575740,15000,11200
PT Club 90,16,9fd8eec7-4860-48c6-9b0f-d3ac317b965f,SocialBot_90,PT,Europe/Warsaw,SocialBot,3,3,10,8,13,9,33,11,12,12,10,11,544,327795390,42601,35052600,2688340,15000,10800
AT Club 7,17,3fe71a77-ecd2-4016-8a30-7b61616f87fb,NewManagerBot_7,AT,Europe/Berlin,NewManagerBot,1,1,7,10,9,11,41,12,11,12,8,11,592,550742581,29801,57404700,6966166,15000,13400
BE Club 9,17,433e9f94-2ea8-4276-bda5-1567aaada803,AggressiveTraderBot_9,BE,Europe/Rome,AggressiveTraderBot,1,1,9,28,0,2,86,12,5,13,8,5,594,585138247,188,61982100,4830538,21900,22400
CH Club 8,17,a360fffe-4f47-404b-a3ce-1e8521ab5084,ConservativeBot_8,CH,Europe/Paris,ConservativeBot,1,1,8,9,10,11,38,12,14,17,17,6,572,613343665,23667,57410100,6975320,15000,13400
DE Club 1,17,60342169-5b3d-4aef-a3fc-5cde7cb4a190,NewManagerBot_1,DE,Europe/Berlin,NewManagerBot,1,1,1,10,13,7,37,14,17,17,15,6,592,666742389,23274,66608100,5156389,15000,15080
DE Club 11,17,7a7dbd68-0978-4127-9bef-08f32a1d90fe,LadderGrinderBot_11,DE,Europe/Amsterdam,LadderGrinderBot,1,1,11,10,13,7,37,12,14,14,9,10,576,499798666,21114,57385800,4881155,15000,15540
ES Club 14,17,bcb572ec-b227-4b21-87fc-2bc32b09815b,ConservativeBot_14,ES,Europe/Paris,ConservativeBot,1,1,14,3,23,4,13,8,14,14,12,9,556,385965616,23849,38972400,5473244,15000,12400
ES Club 4,17,0970c318-8891-49d6-ac02-b6edad04f998,YouthFocusedBot_4,ES,Europe/Madrid,YouthFocusedBot,1,1,4,27,0,3,84,10,6,13,11,11,587,425503686,-291,52798500,4347426,21900,24000
FR Club 12,17,7eab1a8a-57da-4f2e-aec6-4b1f409934ce,SocialBot_12,FR,Europe/Warsaw,SocialBot,1,1,12,13,10,7,46,12,17,17,12,8,589,606165294,31090,61977900,5061169,15000,16080
FR Club 2,17,105972e2-d768-4707-8113-6fdf60c3daeb,ConservativeBot_2,FR,Europe/Paris,ConservativeBot,1,1,2,13,10,7,46,13,13,13,11,8,568,687791738,32963,62004300,5744035,15000,12000
IT Club 13,17,4317646c-6307-4300-84a5-ea5b873fbfbe,NewManagerBot_13,IT,Europe/Berlin,NewManagerBot,1,1,13,23,3,4,73,14,16,17,6,12,581,804839295,28250,71169600,3761306,15000,10400
IT Club 3,17,456e6fc4-9583-4d82-b452-d4ae350e3db3,AggressiveTraderBot_3,IT,Europe/Rome,AggressiveTraderBot,1,1,3,0,27,3,3,10,5,14,13,8,555,370785778,-139,52793700,7886061,22000,22500
NL Club 15,17,7043d0a7-7c0b-4f62-89e3-e5468cee589e,AggressiveTraderBot_15,NL,Europe/Rome,AggressiveTraderBot,1,1,15,15,6,9,54,13,3,18,8,10,583,561822323,1744,66574500,9114378,22100,20900
NL Club 5,17,90c20855-d6a3-4cc7-8e1c-bae8c83e2fe8,LadderGrinderBot_5,NL,Europe/Amsterdam,LadderGrinderBot,1,1,5,0,28,2,2,13,14,14,10,9,556,566434294,23831,61996200,2965401,15000,16340
PL Club 16,17,fbaa9901-0416-4c09-bf29-d0fab0c6c3e2,YouthFocusedBot_16,PL,Europe/Madrid,YouthFocusedBot,1,1,16,6,15,9,27,10,2,15,10,11,570,490693574,1521,48175500,4971816,22100,20700
PL Club 6,17,db770079-4c31-418e-9a47-fab14deb99b1,SocialBot_6,PL,Europe/Warsaw,SocialBot,1,1,6,28,0,2,86,16,15,18,8,9,599,845799896,27764,80392200,4684759,15000,13400
PT Club 10,17,8646e00d-cc1a-405a-893f-a7b6e8772589,YouthFocusedBot_10,PT,Europe/Madrid,YouthFocusedBot,1,1,10,0,28,2,2,13,2,15,10,12,556,655045484,1790,66622200,5119181,21800,21700
AT Club 17,17,ac0ae0c3-4ed2-4c3f-a536-d98ea02a0b63,LadderGrinderBot_17,AT,Europe/Amsterdam,LadderGrinderBot,2,1,1,14,12,4,46,11,17,18,8,7,576,314141784,22911,41353800,5371115,15000,14480
AT Club 27,17,65f642c8-f5d4-44a3-8c30-3a77f89d7ac6,AggressiveTraderBot_27,AT,Europe/Rome,AggressiveTraderBot,2,1,11,7,14,9,30,11,2,16,7,8,582,444980193,1116,41360700,10166019,22600,22100
BE Club 19,17,bd9174d6-0714-47ce-badc-ede9a0274f98,NewManagerBot_19,BE,Europe/Berlin,NewManagerBot,2,1,3,11,10,9,42,11,11,11,11,10,556,464052888,32097,41436600,4469684,15000,13600
BE Club 29,17,93299a02-7fe5-4512-993f-a82d97300fba,LadderGrinderBot_29,BE,Europe/Amsterdam,LadderGrinderBot,2,1,13,0,29,1,1,12,16,16,11,6,565,383593053,20677,44997300,6673431,15000,15100
CH Club 18,17,9378a293-7e4e-469c-ab5c-d78e5992cc30,SocialBot_18,CH,Europe/Warsaw,SocialBot,2,1,2,12,14,4,40,11,14,15,9,12,556,396891341,31194,45015600,4491305,15000,11000
CH Club 28,17,3afc330a-01a3-4c7e-bc16-9138bb74fa9d,YouthFocusedBot_28,CH,Europe/Madrid,YouthFocusedBot,2,1,12,14,7,9,51,13,4,13,11,9,566,550385415,1736,52244100,5419189,21900,20500
DE Club 21,17,0705089d-244c-4e90-ac5b-b67716cd4df3,AggressiveTraderBot_21,DE,Europe/Rome,AggressiveTraderBot,2,1,5,8,10,12,36,9,5,13,8,9,575,254408026,1148,34169400,4540631,22200,22900
DE Club 31,17,b534052b-42a5-4dad-a4c7-978503f663c1,NewManagerBot_31,DE,Europe/Berlin,NewManagerBot,2,1,15,8,12,10,34,11,13,13,12,9,559,441180014,30576,45038400,6021156,15000,11600
ES Club 24,17,c6ba20b0-4256-45a5-93b0-eaad25da20d8,SocialBot_24,ES,Europe/Warsaw,SocialBot,2,1,8,10,10,10,40,12,13,13,6,12,561,471780784,54012,44998800,4797166,15000,10000
FR Club 22,17,185a3c1c-5633-46dd-880a-aac0984882d1,YouthFocusedBot_22,FR,Europe/Madrid,YouthFocusedBot,2,1,6,10,8,12,42,13,2,15,9,6,594,576750716,1943,52199400,5030327,22100,21100
FR Club 32,17,33a6c81c-d216-4865-8c41-e849edb3d4c2,ConservativeBot_32,FR,Europe/Paris,ConservativeBot,2,1,16,12,8,10,46,13,14,15,13,9,562,405756512,28375,48644100,7770622,15000,10800
IT Club 23,17,1dd5d330-5033-4d78-9a15-40cf9515cc07,LadderGrinderBot_23,IT,Europe/Amsterdam,LadderGrinderBot,2,1,7,10,10,10,40,10,12,12,12,7,560,383905948,27975,41419200,2841097,15000,13400
NL Club 25,17,863fa920-eb66-4f3e-9ecb-23ee5b0a2147,NewManagerBot_25,NL,Europe/Berlin,NewManagerBot,2,1,9,9,12,9,36,9,15,17,12,7,596,290893865,27754,37768500,5635561,15000,14320
PL Club 26,17,5d3c393f-1ca7-47d3-b02a-8030bcdc94e0,ConservativeBot_26,PL,Europe/Paris,ConservativeBot,2,1,10,12,9,9,45,14,15,16,11,8,574,459738060,27475,52237200,6031186,15000,14720
PT Club 20,17,edbe36bf-fd58-4a0d-b72b-68f37df6b422,ConservativeBot_20,PT,Europe/Paris,ConservativeBot,2,1,4,10,11,9,39,12,14,14,7,8,574,428108524,26070,44985900,4761480,15000,13200
PT Club 30,17,dbe26a47-ec47-4643-b078-b42e47d3a6f2,SocialBot_30,PT,Europe/Warsaw,SocialBot,2,1,14,29,0,1,88,9,9,9,9,8,596,406824800,49844,37813200,7169169,15000,11800
AT Club 37,17,f29e975d-d8a4-4a62-bac9-541f0a0eee01,NewManagerBot_37,AT,Europe/Berlin,NewManagerBot,2,2,5,8,7,15,39,11,10,14,9,8,560,342172949,31939,44997600,5144593,15000,12000
AT Club 47,17,02a87f4b-ab4e-4d03-adad-d678d2cd0302,LadderGrinderBot_47,AT,Europe/Amsterdam,LadderGrinderBot,2,2,15,14,8,8,50,13,14,16,9,7,575,475306744,22247,48595800,5121153,15000,11800
BE Club 39,17,5b313a53-4c83-4183-96af-4e8ccc3c50c7,AggressiveTraderBot_39,BE,Europe/Rome,AggressiveTraderBot,2,2,7,12,12,6,42,11,4,18,8,10,562,338325701,1148,41359200,6555268,22100,22100
CH Club 38,17,31941f34-7841-48e8-973c-b0e59838e222,ConservativeBot_38,CH,Europe/Paris,ConservativeBot,2,2,6,7,8,15,36,18,17,20,6,8,574,650379074,18120,62450100,5206658,15000,14880
CH Club 48,17,9b82d563-ce08-4538-b6a6-dd19a3c97e1f,SocialBot_48,CH,Europe/Warsaw,SocialBot,2,2,16,8,14,8,32,7,16,20,7,9,572,214430995,28061,30488100,3587321,15000,11000
DE Club 41,17,a9e0c83a-53da-4ac0-ad7c-4b0e2fa6e163,LadderGrinderBot_41,DE,Europe/Amsterdam,LadderGrinderBot,2,2,9,9,8,13,40,13,16,16,8,14,562,433477482,16194,48606600,5336703,15000,12800
ES Club 34,17,087b9ae0-6fdc-4b3e-81b5-64958689d718,YouthFocusedBot_34,ES,Europe/Madrid,YouthFocusedBot,2,2,2,5,18,7,22,14,5,14,10,6,588,506439491,1742,52215000,4263072,21700,21100
ES Club 44,17,e457cf23-a7cb-44b3-bbbd-ab1129f58ec0,ConservativeBot_44,ES,Europe/Paris,ConservativeBot,2,2,12,1,26,3,6,6,9,10,7,8,556,178894938,44622,26957400,5465363,15000,10400
FR Club 42,17,260b1adc-d0aa-49cf-b19c-4409f159460e,SocialBot_42,FR,Europe/Warsaw,SocialBot,2,2,10,8,9,13,37,12,15,15,8,11,576,386072219,44990,48613200,4594983,15000,12000
IT Club 33,17,9f6f161f-95b7-42b7-a258-cbd0543c61a9,AggressiveTraderBot_33,IT,Europe/Rome,AggressiveTraderBot,2,2,1,18,5,7,61,14,4,17,15,9,593,493371941,556,52262100,8622803,22100,22600
IT Club 43,17,2b214729-72c6-4386-a05d-dac6be575cb8,NewManagerBot_43,IT,Europe/Berlin,NewManagerBot,2,2,11,26,1,3,81,12,16,17,11,10,585,449626420,22773,45004800,3968137,15000,10800
NL Club 35,17,87ce9b67-bc5f-4cb2-9656-11581972cd0a,LadderGrinderBot_35,NL,Europe/Amsterdam,LadderGrinderBot,2,2,3,10,10,10,40,12,13,16,11,14,581,487545622,28173,48638400,7479089,15000,10600
NL Club 45,17,f67abc68-4b09-45f1-91ae-bcb6b15c902a,AggressiveTraderBot_45,NL,Europe/Rome,AggressiveTraderBot,2,2,13,12,8,10,46,15,5,17,11,6,594,523259939,457,59237100,3296005,22300,23500
PL Club 36,17,5f83f8c6-af3b-4f93-b480-3977c07226b5,SocialBot_36,PL,Europe/Warsaw,SocialBot,2,2,4,10,10,10,40,9,14,16,12,6,580,362215131,27177,37775400,5772879,15000,17340
PL Club 46,17,359bd3ac-434f-4bf2-a012-cf5d2d9032fc,YouthFocusedBot_46,PL,Europe/Madrid,YouthFocusedBot,2,2,14,8,12,10,34,16,4,18,10,10,577,545277410,-161,59238900,7537296,21700,23000
PT Club 40,17,a9d1c5ae-7500-4899-9ce5-188751e92bc0,YouthFocusedBot_40,PT,Europe/Madrid,YouthFocusedBot,2,2,8,12,12,6,42,10,6,10,10,9,577,468764221,1377,41423400,4223071,22100,20800
AT Club 57,17,46b265df-173c-47d2-8e1e-dfe693aabbe0,AggressiveTraderBot_57,AT,Europe/Rome,AggressiveTraderBot,3,1,9,28,0,2,86,15,5,17,12,7,595,332952276,1349,41261700,5849143,22100,22600
BE Club 49,17,2c532bab-68f4-4c5a-b143-45b6c8d83211,NewManagerBot_49,BE,Europe/Berlin,NewManagerBot,3,1,1,11,7,12,45,11,14,15,13,10,580,291212156,32173,32238300,3499734,15000,12000
BE Club 59,17,af4fb2d5-fa95-41fb-b8af-a0eb7c4197fb,LadderGrinderBot_59,BE,Europe/Amsterdam,LadderGrinderBot,3,1,11,0,24,6,6,13,14,16,7,11,561,339741818,18777,36999900,5154035,15000,15940
CH Club 58,17,7354403b-add9-4e68-a3ae-80e453c9493b,YouthFocusedBot_58,CH,Europe/Madrid,YouthFocusedBot,3,1,10,0,28,2,2,13,2,14,10,6,564,367713477,1630,38451300,3959573,21800,20900
DE Club 51,17,c6d5d63d-05a8-4ebb-8969-d9270762f9ac,AggressiveTraderBot_51,DE,Europe/Rome,AggressiveTraderBot,3,1,3,14,8,8,50,10,3,11,11,8,592,322004651,918,32247000,7153705,22500,21100
DE Club 61,17,88f1b614-18d5-454f-ab33-76193c96e9c1,NewManagerBot_61,DE,Europe/Berlin,NewManagerBot,3,1,13,10,11,9,39,12,13,16,8,12,595,348319465,26794,35014800,7243733,15000,15760
ES Club 54,17,3ed722fb-ea9c-41e3-9890-64b5f1d065cb,SocialBot_54,ES,Europe/Warsaw,SocialBot,3,1,6,7,12,11,32,14,13,15,12,8,568,396493901,28818,40591700,5649749,15000,11000
ES Club 64,17,dcb92066-7a8e-4464-b2f5-ebd51d22b141,YouthFocusedBot_64,ES,Europe/Madrid,YouthFocusedBot,3,1,16,16,8,6,54,6,2,15,9,6,569,238643111,-158,20946000,3953374,21800,23800
FR Club 52,17,b2fb41be-b58a-4b22-a390-f8e6bd3e1862,YouthFocusedBot_52,FR,Europe/Madrid,YouthFocusedBot,3,1,4,8,14,8,32,8,4,15,8,7,569,139126428,779,23745900,5424724,21700,21400
FR Club 62,17,825c13ba-7e2b-4973-88d6-4ca4b036764d,ConservativeBot_62,FR,Europe/Paris,ConservativeBot,3,1,14,11,10,9,42,12,16,18,12,10,584,279516167,34188,35031300,5246449,15000,16300
IT Club 53,17,cc36e2b6-1fc0-4d7e-9c3b-0fc18fb1be20,LadderGrinderBot_53,IT,Europe/Amsterdam,LadderGrinderBot,3,1,5,12,7,11,47,11,14,16,11,8,583,352864019,20358,35021100,3267868,15000,15140
IT Club 63,17,9f919296-3581-42e0-a49f-158ddd554818,AggressiveTraderBot_63,IT,Europe/Rome,AggressiveTraderBot,3,1,15,8,16,6,30,14,5,16,9,10,581,281391786,675,39763700,7189490,22100,22300
NL Club 55,17,d88f6c05-bc9f-4f15-a898-8586cf76721d,NewManagerBot_55,NL,Europe/Berlin,NewManagerBot,3,1,7,11,8,11,44,11,12,12,12,9,589,296364295,28956,32252100,4269067,15000,13780
PL Club 56,17,3577bce9-59e5-4412-ab6b-1e1679b4251c,ConservativeBot_56,PL,Europe/Paris,ConservativeBot,3,1,8,8,11,11,35,11,14,14,10,4,596,297786329,29153,32206500,6508523,15000,14940
PT Club 50,17,e59f2d7c-ec78-46f7-8ecb-9e36a7f7d221,ConservativeBot_50,PT,Europe/Paris,ConservativeBot,3,1,2,7,11,12,33,12,12,13,10,8,590,366217437,30588,37850700,3693003,15000,13980
PT Club 60,17,3858852e-63b3-4a7e-b87f-39f1b842af70,SocialBot_60,PT,Europe/Warsaw,SocialBot,3,1,12,24,0,6,78,10,13,19,14,8,596,218312838,27646,29395200,3539308,15000,15160
AT Club 67,17,ee9f963f-858c-46e5-96ab-dc0e12e5628b,NewManagerBot_67,AT,Europe/Berlin,NewManagerBot,3,2,3,12,3,15,51,14,17,20,11,7,563,377119944,18693,40566600,4965150,15000,14280
AT Club 77,17,303dcc52-a238-4f31-a460-2cfc8a3af71f,LadderGrinderBot_77,AT,Europe/Amsterdam,LadderGrinderBot,3,2,13,1,13,16,19,13,18,18,12,13,565,364604485,4019,37707300,6823492,15000,16660
BE Club 69,17,134d33c8-e2dd-4d15-86bc-8222b7392d2d,AggressiveTraderBot_69,BE,Europe/Rome,AggressiveTraderBot,3,2,5,0,27,3,3,12,6,16,11,9,561,344661041,543,36874800,10417587,22700,22500
BE Club 79,17,78197d87-aa04-4f1e-b3fd-52a6eb74d8cd,NewManagerBot_79,BE,Europe/Berlin,NewManagerBot,3,2,15,7,12,11,32,13,15,18,9,8,585,338350525,32011,39829200,3794594,15000,13600
CH Club 68,17,97e0d4a2-4b6e-42f4-9597-e7a030c6d709,ConservativeBot_68,CH,Europe/Paris,ConservativeBot,3,2,4,3,12,15,24,10,12,16,15,13,569,271585592,36693,32252400,6037528,15000,12000
CH Club 78,17,b1b9e616-5acc-4dd8-b611-e55cb44189a2,SocialBot_78,CH,Europe/Warsaw,SocialBot,3,2,14,13,1,16,55,13,13,18,7,11,592,385892009,38362,39822900,4605377,15000,14960
DE Club 71,17,7c458915-8e83-42b8-93c3-9c87ca01f053,LadderGrinderBot_71,DE,Europe/Amsterdam,LadderGrinderBot,3,2,7,10,10,10,40,12,14,15,13,8,598,325889105,24680,35044800,4193567,15000,10800
ES Club 74,17,0f1755f5-458e-4abc-9e65-fb68a876d176,ConservativeBot_74,ES,Europe/Paris,ConservativeBot,3,2,10,10,12,8,38,12,14,14,10,9,597,291811408,23863,37844100,6076924,15000,16540
FR Club 72,17,097bbfea-3583-49a7-8998-464b288da9f6,SocialBot_72,FR,Europe/Warsaw,SocialBot,3,2,8,10,10,10,40,13,14,14,11,13,582,378354895,36690,39886800,4912037,15000,11000
IT Club 73,17,b3813095-e065-4e5d-92cf-24cf68c5c976,NewManagerBot_73,IT,Europe/Berlin,NewManagerBot,3,2,9,12,10,8,44,15,15,16,11,9,591,343056283,25650,40597600,5884608,15000,15720
NL Club 65,17,c17afd47-ce14-4754-9441-36ddb100e92e,LadderGrinderBot_65,NL,Europe/Amsterdam,LadderGrinderBot,3,2,1,11,6,13,46,13,13,13,10,11,581,356123263,25813,39872700,4192793,15000,11600
NL Club 75,17,37e480f2-8818-436e-b65b-9719795f9a20,AggressiveTraderBot_75,NL,Europe/Rome,AggressiveTraderBot,3,2,11,9,7,14,41,12,2,18,10,8,567,355384854,1089,37805700,8258169,22800,23600
PL Club 66,17,1ffc700f-df07-4cb3-9160-c002853d225d,SocialBot_66,PL,Europe/Warsaw,SocialBot,3,2,2,6,11,13,31,13,13,13,8,9,577,366009352,36288,37843500,6392441,15000,14160
PL Club 76,17,b23385df-b985-4223-966b-add6e40c4be3,YouthFocusedBot_76,PL,Europe/Madrid,YouthFocusedBot,3,2,12,7,9,14,35,13,6,13,12,7,580,310341847,153,37858800,3724459,22000,23200
PT Club 70,17,fdeb42be-2d98-4817-947d-eccd1ee9099a,YouthFocusedBot_70,PT,Europe/Madrid,YouthFocusedBot,3,2,6,27,0,3,84,13,6,14,12,8,594,349757773,-169,37851900,5639206,21600,22100
PT Club 80,17,44926543-0b06-49c2-91a1-5fafc287f8a7,ConservativeBot_80,PT,Europe/Paris,ConservativeBot,3,2,16,12,7,11,47,16,15,16,15,9,570,453073198,27256,41264400,7521394,15000,10600
AT Club 87,17,2f971dd6-c49a-485d-a73e-15fac9f7acd5,AggressiveTraderBot_87,AT,Europe/Rome,AggressiveTraderBot,3,3,7,13,5,12,51,12,3,13,10,10,593,351993373,1235,35048100,6001345,22100,22300
BE Club 89,17,ede53099-d1e3-440c-9a6e-4495ec33968a,LadderGrinderBot_89,BE,Europe/Amsterdam,LadderGrinderBot,3,3,9,8,8,14,38,9,11,11,8,8,597,258391376,23518,29411100,4960947,15000,16400
CH Club 88,17,a72bb731-f3c7-4261-9ba2-8799e372245b,YouthFocusedBot_88,CH,Europe/Madrid,YouthFocusedBot,3,3,8,5,13,12,27,8,2,12,8,6,582,240710103,922,26586600,4097517,21500,21100
DE Club 81,17,b9db7abf-c9f8-47b8-94a5-8890b3ba7080,AggressiveTraderBot_81,DE,Europe/Rome,AggressiveTraderBot,3,3,1,11,8,11,44,12,6,15,13,12,570,331003138,1709,35062800,7834108,22100,21200
DE Club 91,17,74592459-a7bb-4a79-9434-accb444c9ab0,NewManagerBot_91,DE,Europe/Berlin,NewManagerBot,3,3,11,29,0,1,88,10,11,13,11,10,595,320873726,31007,32233500,3795418,15000,10400
ES Club 84,17,5b65d8a2-6044-457f-826f-6063f988c48b,SocialBot_84,ES,Europe/Warsaw,SocialBot,3,3,4,15,5,10,55,11,11,11,11,9,592,354600644,38214,35063700,5170997,15000,11800
ES Club 94,17,7cc7d05c-edfd-47bb-8f42-12cd8431ba5e,YouthFocusedBot_94,ES,Europe/Madrid,YouthFocusedBot,3,3,14,12,9,9,45,13,6,15,11,14,572,300408598,888,37870800,4178983,22400,23600
FR Club 82,17,cbc044f2-2f89-425b-96a1-e137bdefe31f,YouthFocusedBot_82,FR,Europe/Madrid,YouthFocusedBot,3,3,2,8,11,11,35,14,4,17,8,8,572,368405265,68,40531200,5808459,21600,23400
FR Club 92,17,2d92d7ee-ce39-4bc5-aa23-2ca1043b3e8d,ConservativeBot_92,FR,Europe/Paris,ConservativeBot,3,3,12,0,29,1,1,12,14,14,13,9,557,301165065,29779,36890400,5015867,15000,14140
IT Club 83,17,de645a93-8bad-4e63-a444-7e0719816b72,LadderGrinderBot_83,IT,Europe/Amsterdam,LadderGrinderBot,3,3,3,5,15,10,25,8,16,20,4,10,577,196311502,21714,23700600,4257656,15000,12400
IT Club 93,17,75078879-532f-4145-bdba-11805f8bce9f,AggressiveTraderBot_93,IT,Europe/Rome,AggressiveTraderBot,3,3,13,9,12,9,36,1,5,10,3,3,596,-3791788,1130,6863400,6228714,15000,16320
NL Club 85,17,84408bb9-0db2-4086-b1e8-c98e015aaa12,NewManagerBot_85,NL,Europe/Berlin,NewManagerBot,3,3,5,9,7,14,41,13,13,13,9,10,580,330008202,29996,37848600,5594358,15000,12800
NL Club 95,17,66572111-2ff4-451b-9150-8a7f66ca32c7,LadderGrinderBot_95,NL,Europe/Amsterdam,LadderGrinderBot,3,3,15,0,23,7,7,10,11,11,11,9,563,309717161,24518,29439900,6287140,15000,15400
PL Club 86,17,1a741654-624a-4807-9b41-9645185d7c8b,ConservativeBot_86,PL,Europe/Paris,ConservativeBot,3,3,6,7,9,14,35,11,16,16,14,11,568,261978399,26967,32247900,3313163,15000,15500
PL Club 96,17,23205a97-05fe-4e5b-bb68-2f34abd36882,SocialBot_96,PL,Europe/Warsaw,SocialBot,3,3,16,23,0,7,76,12,12,12,12,10,594,329154159,50196,37872300,5571636,15000,11800
PT Club 90,17,9fd8eec7-4860-48c6-9b0f-d3ac317b965f,SocialBot_90,PT,Europe/Warsaw,SocialBot,3,3,10,8,8,14,38,11,12,12,11,11,574,358516241,47401,35057100,4336249,15000,10200
AT Club 7,18,3fe71a77-ecd2-4016-8a30-7b61616f87fb,NewManagerBot_7,AT,Europe/Berlin,NewManagerBot,1,1,7,8,10,12,36,12,12,12,8,11,622,609717803,29821,62009100,3033878,15000,14980
BE Club 9,18,433e9f94-2ea8-4276-bda5-1567aaada803,AggressiveTraderBot_9,BE,Europe/Rome,AggressiveTraderBot,1,1,9,26,0,4,82,13,5,14,8,6,624,639770153,88,61974600,7342694,22200,22300
CH Club 8,18,a360fffe-4f47-404b-a3ce-1e8521ab5084,ConservativeBot_8,CH,Europe/Paris,ConservativeBot,1,1,8,10,8,12,42,13,15,17,17,7,602,671581839,24147,62022000,3783826,15000,14520
DE Club 1,18,60342169-5b3d-4aef-a3fc-5cde7cb4a190,NewManagerBot_1,DE,Europe/Berlin,NewManagerBot,1,1,1,13,9,8,47,15,17,17,15,6,622,732794143,24874,71220600,5168846,15000,13400
DE Club 11,18,7a7dbd68-0978-4127-9bef-08f32a1d90fe,LadderGrinderBot_11,DE,Europe/Amsterdam,LadderGrinderBot,1,1,11,13,11,6,45,12,14,14,10,10,606,555074153,25714,61997700,6722213,15000,10400
ES Club 14,18,bcb572ec-b227-4b21-87fc-2bc32b09815b,ConservativeBot_14,ES,Europe/Paris,ConservativeBot,1,1,14,3,21,6,15,9,14,14,12,9,586,425862487,26649,43587900,3691029,15000,12200
ES Club 4,18,0970c318-8891-49d6-ac02-b6edad04f998,YouthFocusedBot_4,ES,Europe/Madrid,YouthFocusedBot,1,1,4,26,0,4,82,11,6,14,12,12,617,472352957,-491,52811100,5961829,22000,22200
FR Club 12,18,7eab1a8a-57da-4f2e-aec6-4b1f409934ce,SocialBot_12,FR,Europe/Warsaw,SocialBot,1,1,12,11,13,6,39,12,18,18,13,8,619,662367013,30230,61990500,5788781,15000,15860
FR Club 2,18,105972e2-d768-4707-8113-6fdf60c3daeb,ConservativeBot_2,FR,Europe/Paris,ConservativeBot,1,1,2,9,13,8,35,14,14,14,11,9,598,747998360,33423,66619800,6413178,15000,14540
IT Club 13,18,4317646c-6307-4300-84a5-ea5b873fbfbe,NewManagerBot_13,IT,Europe/Berlin,NewManagerBot,1,1,13,21,3,6,69,15,16,18,6,13,611,868947421,32050,71174700,7066574,15000,11200
IT Club 3,18,456e6fc4-9583-4d82-b452-d4ae350e3db3,AggressiveTraderBot_3,IT,Europe/Rome,AggressiveTraderBot,1,1,3,0,26,4,4,10,5,15,14,9,585,416796228,1261,52806300,6795850,22500,21100
NL Club 15,18,7043d0a7-7c0b-4f62-89e3-e5468cee589e,AggressiveTraderBot_15,NL,Europe/Rome,AggressiveTraderBot,1,1,15,12,10,8,44,14,3,19,8,10,613,620500725,1444,66567000,7888598,22800,23100
NL Club 5,18,90c20855-d6a3-4cc7-8e1c-bae8c83e2fe8,LadderGrinderBot_5,NL,Europe/Amsterdam,LadderGrinderBot,1,1,5,0,28,2,2,13,14,14,10,9,586,628450615,28031,66608700,4592379,15000,10800
PL Club 16,18,fbaa9901-0416-4c09-bf29-d0fab0c6c3e2,YouthFocusedBot_16,PL,Europe/Madrid,YouthFocusedBot,1,1,16,10,12,8,38,10,2,16,11,11,600,536941803,2021,52788000,6539771,21600,21100
PL Club 6,18,db770079-4c31-418e-9a47-fab14deb99b1,SocialBot_6,PL,Europe/Warsaw,SocialBot,1,1,6,28,0,2,86,17,15,19,8,9,629,921972322,30564,80384700,4212274,15000,12200
PT Club 10,18,8646e00d-cc1a-405a-893f-a7b6e8772589,YouthFocusedBot_10,PT,Europe/Madrid,YouthFocusedBot,1,1,10,0,26,4,4,14,2,16,10,13,586,715386689,290,66614700,6273495,21900,23400
AT Club 17,18,ac0ae0c3-4ed2-4c3f-a536-d98ea02a0b63,LadderGrinderBot_17,AT,Europe/Amsterdam,LadderGrinderBot,2,1,1,9,11,10,37,12,17,18,8,7,606,354680294,26911,44959500,4420990,15000,11000
AT Club 27,18,65f642c8-f5d4-44a3-8c30-3a77f89d7ac6,AggressiveTraderBot_27,AT,Europe/Rome,AggressiveTraderBot,2,1,11,14,8,8,50,11,2,16,7,9,612,481690346,216,44970900,8260747,22400,23300
BE Club 19,18,bd9174d6-0714-47ce-badc-ede9a0274f98,NewManagerBot_19,BE,Europe/Berlin,NewManagerBot,2,1,3,5,10,15,30,11,12,12,11,11,586,504919885,28917,45049800,4182803,15000,18180
BE Club 29,18,93299a02-7fe5-4512-993f-a82d97300fba,LadderGrinderBot_29,BE,Europe/Amsterdam,LadderGrinderBot,2,1,13,0,27,3,3,13,17,17,11,7,595,427056138,20197,48607500,5144415,15000,15480
CH Club 18,18,9378a293-7e4e-469c-ab5c-d78e5992cc30,SocialBot_18,CH,Europe/Warsaw,SocialBot,2,1,2,11,9,10,43,12,15,15,10,12,586,437633753,31074,45012600,4270188,15000,15120
CH Club 28,18,3afc330a-01a3-4c7e-bc16-9138bb74fa9d,YouthFocusedBot_28,CH,Europe/Madrid,YouthFocusedBot,2,1,12,8,14,8,32,13,4,13,11,9,596,596358755,-264,52256700,6283360,22000,24000
DE Club 21,18,0705089d-244c-4e90-ac5b-b67716cd4df3,AggressiveTraderBot_21,DE,Europe/Rome,AggressiveTraderBot,2,1,5,8,14,8,32,10,5,13,9,10,605,281696778,248,37779600,10490848,22200,23100
DE Club 31,18,b534052b-42a5-4dad-a4c7-978503f663c1,NewManagerBot_31,DE,Europe/Berlin,NewManagerBot,2,1,15,14,7,9,51,11,14,14,12,9,589,480063076,30636,45038400,6155338,15000,14940
ES Club 24,18,c6ba20b0-4256-45a5-93b0-eaad25da20d8,SocialBot_24,ES,Europe/Warsaw,SocialBot,2,1,8,11,9,10,43,12,14,14,7,13,591,516200545,51872,48616500,4196739,15000,17140
FR Club 22,18,185a3c1c-5633-46dd-880a-aac0984882d1,YouthFocusedBot_22,FR,Europe/Madrid,YouthFocusedBot,2,1,6,14,8,8,50,14,2,16,9,7,624,622627093,1243,52212000,6335623,21800,22500
FR Club 32,18,33a6c81c-d216-4865-8c41-e849edb3d4c2,ConservativeBot_32,FR,Europe/Paris,ConservativeBot,2,1,16,7,14,9,30,13,15,16,14,9,592,452478404,28055,52257900,5536008,15000,15320
IT Club 23,18,1dd5d330-5033-4d78-9a15-40cf9515cc07,LadderGrinderBot_23,IT,Europe/Amsterdam,LadderGrinderBot,2,1,7,9,11,10,37,10,12,13,12,7,590,421077663,28975,41423700,4251985,15000,14000
NL Club 25,18,863fa920-eb66-4f3e-9ecb-23ee5b0a2147,NewManagerBot_25,NL,Europe/Berlin,NewManagerBot,2,1,9,7,11,12,33,9,15,18,13,8,626,325424506,29954,37773000,3242359,15000,12800
PL Club 26,18,5d3c393f-1ca7-47d3-b02a-8030bcdc94e0,ConservativeBot_26,PL,Europe/Paris,ConservativeBot,2,1,10,11,7,12,45,15,16,16,11,8,604,510410834,25175,55842900,5170126,15000,17300
PT Club 20,18,edbe36bf-fd58-4a0d-b72b-68f37df6b422,ConservativeBot_20,PT,Europe/Paris,ConservativeBot,2,1,4,10,5,15,45,13,15,15,7,9,604,473028065,24550,48599100,3679559,15000,16520
PT Club 30,18,dbe26a47-ec47-4643-b078-b42e47d3a6f2,SocialBot_30,PT,Europe/Warsaw,SocialBot,2,1,14,27,0,3,84,9,9,9,9,8,626,441649020,51844,37813200,2988980,15000,13000
AT Club 37,18,f29e975d-d8a4-4a62-bac9-541f0a0eee01,NewManagerBot_37,AT,Europe/Berlin,NewManagerBot,2,2,5,9,10,11,38,12,11,14,9,8,590,378847248,30539,45002100,8327801,15000,16400
AT Club 47,18,02a87f4b-ab4e-4d03-adad-d678d2cd0302,LadderGrinderBot_47,AT,Europe/Amsterdam,LadderGrinderBot,2,2,15,10,12,8,38,14,14,17,10,7,605,522187091,23847,52209000,5328653,15000,13400
BE Club 39,18,5b313a53-4c83-4183-96af-4e8ccc3c50c7,AggressiveTraderBot_39,BE,Europe/Rome,AggressiveTraderBot,2,2,7,8,14,8,32,12,4,19,8,10,592,373006748,548,44973000,10291953,22700,23300
CH Club 38,18,31941f34-7841-48e8-973c-b0e59838e222,ConservativeBot_38,CH,Europe/Paris,ConservativeBot,2,2,6,10,9,11,41,18,18,20,7,9,604,707074449,15460,63300600,6605225,15000,17660
CH Club 48,18,9b82d563-ce08-4538-b6a6-dd19a3c97e1f,SocialBot_48,CH,Europe/Warsaw,SocialBot,2,2,16,12,10,8,44,7,17,20,8,9,602,239831719,27581,30492600,5091876,15000,15480
DE Club 41,18,a9e0c83a-53da-4ac0-ad7c-4b0e2fa6e163,LadderGrinderBot_41,DE,Europe/Amsterdam,LadderGrinderBot,2,2,9,10,9,11,41,14,17,17,9,14,592,479873851,14914,52232400,5836031,15000,16280
ES Club 34,18,087b9ae0-6fdc-4b3e-81b5-64958689d718,YouthFocusedBot_34,ES,Europe/Madrid,YouthFocusedBot,2,2,2,8,7,15,39,14,5,15,11,7,618,557527296,942,55840800,4752995,21500,22300
ES Club 44,18,e457cf23-a7cb-44b3-bbbd-ab1129f58ec0,ConservativeBot_44,ES,Europe/Paris,ConservativeBot,2,2,12,5,18,7,22,6,9,11,7,8,586,202419879,47022,26949900,3424959,15000,12600
FR Club 42,18,260b1adc-d0aa-49cf-b19c-4409f159460e,SocialBot_42,FR,Europe/Warsaw,SocialBot,2,2,10,9,10,11,38,12,15,15,8,12,606,428933873,49990,48613200,5751546,15000,10000
IT Club 33,18,9f6f161f-95b7-42b7-a258-cbd0543c61a9,AggressiveTraderBot_33,IT,Europe/Rome,AggressiveTraderBot,2,2,1,7,8,15,36,15,4,18,16,10,623,541544981,656,55872300,7699260,22400,22300
IT Club 43,18,2b214729-72c6-4386-a05d-dac6be575cb8,NewManagerBot_43,IT,Europe/Berlin,NewManagerBot,2,2,11,18,5,7,61,13,17,18,12,11,615,491934182,23093,48618000,6310238,15000,14680
NL Club 35,18,87ce9b67-bc5f-4cb2-9656-11581972cd0a,LadderGrinderBot_35,NL,Europe/Amsterdam,LadderGrinderBot,2,2,3,12,9,9,45,12,13,16,12,14,611,532940627,28773,48643500,3248495,15000,14400
NL Club 45,18,f67abc68-4b09-45f1-91ae-bcb6b15c902a,AggressiveTraderBot_45,NL,Europe/Rome,AggressiveTraderBot,2,2,13,7,11,12,33,15,5,18,12,6,624,575927103,-143,59237100,6569936,22000,22600
PL Club 36,18,5f83f8c6-af3b-4f93-b480-3977c07226b5,SocialBot_36,PL,Europe/Warsaw,SocialBot,2,2,4,9,12,9,36,10,15,16,12,7,610,395589512,28057,37776000,4401619,15000,14120
PL Club 46,18,359bd3ac-434f-4bf2-a012-cf5d2d9032fc,YouthFocusedBot_46,PL,Europe/Madrid,YouthFocusedBot,2,2,14,11,7,12,45,17,4,19,11,10,607,597939795,1539,61435200,8772815,22100,20400
PT Club 40,18,a9d1c5ae-7500-4899-9ce5-188751e92bc0,YouthFocusedBot_40,PT,Europe/Madrid,YouthFocusedBot,2,2,8,14,8,8,50,10,6,10,10,9,607,504300361,777,41431500,5895360,21900,22500
AT Club 57,18,46b265df-173c-47d2-8e1e-dfe693aabbe0,AggressiveTraderBot_57,AT,Europe/Rome,AggressiveTraderBot,3,1,9,27,0,3,84,16,5,18,12,8,625,366160417,349,41254200,8046059,22200,23200
BE Club 49,18,2c532bab-68f4-4c5a-b143-45b6c8d83211,NewManagerBot_49,BE,Europe/Berlin,NewManagerBot,3,1,1,8,10,12,36,11,14,16,13,11,610,321343230,34373,35054400,4923326,15000,12800
BE Club 59,18,af4fb2d5-fa95-41fb-b8af-a0eb7c4197fb,LadderGrinderBot_59,BE,Europe/Amsterdam,LadderGrinderBot,3,1,11,0,29,1,1,14,14,16,7,11,591,371706901,21177,38427000,6461917,15000,12600
CH Club 58,18,7354403b-add9-4e68-a3ae-80e453c9493b,YouthFocusedBot_58,CH,Europe/Madrid,YouthFocusedBot,3,1,10,0,27,3,3,14,2,15,11,6,594,400167389,730,38487800,6033888,21900,22800
DE Club 51,18,c6d5d63d-05a8-4ebb-8969-d9270762f9ac,AggressiveTraderBot_51,DE,Europe/Rome,AggressiveTraderBot,3,1,3,10,13,7,37,11,3,11,11,8,622,347877671,218,32247600,6374580,21800,22500
DE Club 61,18,88f1b614-18d5-454f-ab33-76193c96e9c1,NewManagerBot_61,DE,Europe/Berlin,NewManagerBot,3,1,13,13,9,8,47,12,14,17,8,12,625,380660615,26654,37827000,5485850,15000,15140
ES Club 54,18,3ed722fb-ea9c-41e3-9890-64b5f1d065cb,SocialBot_54,ES,Europe/Warsaw,SocialBot,3,1,6,11,10,9,42,15,14,15,13,8,598,433153751,28478,40613700,3953850,15000,15340
ES Club 64,18,dcb92066-7a8e-4464-b2f5-ebd51d22b141,YouthFocusedBot_64,ES,Europe/Madrid,YouthFocusedBot,3,1,16,11,7,12,45,7,2,16,9,6,599,253299908,642,20946000,6289203,21800,21000
FR Club 52,18,b2fb41be-b58a-4b22-a390-f8e6bd3e1862,YouthFocusedBot_52,FR,Europe/Madrid,YouthFocusedBot,3,1,4,13,10,7,46,8,4,15,8,7,599,160599370,1479,26565600,5092658,21900,21200
FR Club 62,18,825c13ba-7e2b-4973-88d6-4ca4b036764d,ConservativeBot_62,FR,Europe/Paris,ConservativeBot,3,1,14,9,13,8,35,13,17,18,12,10,614,312177329,34308,37835400,5174238,15000,14880
IT Club 53,18,cc36e2b6-1fc0-4d7e-9c3b-0fc18fb1be20,LadderGrinderBot_53,IT,Europe/Amsterdam,LadderGrinderBot,3,1,5,10,11,9,39,12,15,17,12,9,613,381406454,19038,35021700,6479265,15000,16320
IT Club 63,18,9f919296-3581-42e0-a49f-158ddd554818,AggressiveTraderBot_63,IT,Europe/Rome,AggressiveTraderBot,3,1,15,7,11,12,33,14,5,17,9,10,611,315684878,1375,40443900,6150808,22200,21500
NL Club 55,18,d88f6c05-bc9f-4f15-a898-8586cf76721d,NewManagerBot_55,NL,Europe/Berlin,NewManagerBot,3,1,7,5,10,15,30,12,13,13,13,9,619,326779116,28796,35064300,4649479,15000,15160
PL Club 56,18,3577bce9-59e5-4412-ab6b-1e1679b4251c,ConservativeBot_56,PL,Europe/Paris,ConservativeBot,3,1,8,10,5,15,45,12,14,14,10,5,626,328510388,31353,35010600,4286541,15000,12800
PT Club 50,18,e59f2d7c-ec78-46f7-8ecb-9e36a7f7d221,ConservativeBot_50,PT,Europe/Paris,ConservativeBot,3,1,2,10,8,12,42,12,12,13,10,8,620,400057561,34188,37847700,4007576,15000,11400
PT Club 60,18,3858852e-63b3-4a7e-b87f-39f1b842af70,SocialBot_60,PT,Europe/Warsaw,SocialBot,3,1,12,29,0,1,88,10,14,19,15,8,626,247637215,27506,32211900,2887523,15000,15140
AT Club 67,18,ee9f963f-858c-46e5-96ab-dc0e12e5628b,NewManagerBot_67,AT,Europe/Berlin,NewManagerBot,3,2,3,11,12,7,40,14,17,20,11,8,593,413630515,20893,40563600,4053029,15000,12800
AT Club 77,18,303dcc52-a238-4f31-a460-2cfc8a3af71f,LadderGrinderBot_77,AT,Europe/Amsterdam,LadderGrinderBot,3,2,13,3,16,11,20,13,18,19,12,14,595,397804506,8819,39276500,6076479,15000,10200
BE Club 69,18,134d33c8-e2dd-4d15-86bc-8222b7392d2d,AggressiveTraderBot_69,BE,Europe/Rome,AggressiveTraderBot,3,2,5,0,28,2,2,13,6,16,11,10,591,374053739,243,36913800,7521102,21800,22100
BE Club 79,18,78197d87-aa04-4f1e-b3fd-52a6eb74d8cd,NewManagerBot_79,BE,Europe/Berlin,NewManagerBot,3,2,15,11,6,13,46,14,16,19,9,9,615,373053923,30111,39826200,5122802,15000,16900
CH Club 68,18,97e0d4a2-4b6e-42f4-9597-e7a030c6d709,ConservativeBot_68,CH,Europe/Paris,ConservativeBot,3,2,4,12,11,7,43,10,13,17,15,14,599,299884363,36933,32265000,3966229,15000,14760
CH Club 78,18,b1b9e616-5acc-4dd8-b611-e55cb44189a2,SocialBot_78,CH,Europe/Warsaw,SocialBot,3,2,14,16,3,11,59,14,13,18,8,12,622,421422235,42162,39823500,4293274,15000,11200
DE Club 71,18,7c458915-8e83-42b8-93c3-9c87ca01f053,LadderGrinderBot_71,DE,Europe/Amsterdam,LadderGrinderBot,3,2,7,15,5,10,55,13,14,15,14,8,628,357245013,28280,37857000,6501092,15000,11400
ES Club 74,18,0f1755f5-458e-4abc-9e65-fb68a876d176,ConservativeBot_74,ES,Europe/Paris,ConservativeBot,3,2,10,7,9,14,35,13,14,14,10,10,627,323970020,27863,37844700,5686088,15000,11000
FR Club 72,18,097bbfea-3583-49a7-8998-464b288da9f6,SocialBot_72,FR,Europe/Warsaw,SocialBot,3,2,8,5,15,10,25,13,14,14,11,13,612,412427790,40290,39759400,5686505,15000,11400
IT Club 73,18,b3813095-e065-4e5d-92cf-24cf68c5c976,NewManagerBot_73,IT,Europe/Berlin,NewManagerBot,3,2,9,9,7,14,41,16,16,17,11,9,621,379370104,25950,41067600,4753779,15000,14700
NL Club 65,18,c17afd47-ce14-4754-9441-36ddb100e92e,LadderGrinderBot_65,NL,Europe/Amsterdam,LadderGrinderBot,3,2,1,8,14,8,32,13,13,13,10,11,611,391925791,29413,39883300,4080772,15000,11400
NL Club 75,18,37e480f2-8818-436e-b65b-9719795f9a20,AggressiveTraderBot_75,NL,Europe/Rome,AggressiveTraderBot,3,2,11,12,10,8,44,13,2,18,11,8,597,386802549,1989,37810200,6392505,22300,21400
PL Club 66,18,1ffc700f-df07-4cb3-9160-c002853d225d,SocialBot_66,PL,Europe/Warsaw,SocialBot,3,2,2,14,8,8,50,13,13,13,8,10,607,400284253,38888,39860100,5585199,15000,12400
PL Club 76,18,b23385df-b985-4223-966b-add6e40c4be3,YouthFocusedBot_76,PL,Europe/Madrid,YouthFocusedBot,3,2,12,10,12,8,38,13,6,14,12,7,610,347032256,953,39883500,3193091,21900,21100
PT Club 70,18,fdeb42be-2d98-4817-947d-eccd1ee9099a,YouthFocusedBot_70,PT,Europe/Madrid,YouthFocusedBot,3,2,6,28,0,2,86,14,6,15,13,9,624,383661841,-69,39880500,5976432,21600,21500
PT Club 80,18,44926543-0b06-49c2-91a1-5fafc287f8a7,ConservativeBot_80,PT,Europe/Paris,ConservativeBot,3,2,16,6,11,13,31,16,16,16,16,9,600,488970347,24556,40777500,4880351,15000,17700
AT Club 87,18,2f971dd6-c49a-485d-a73e-15fac9f7acd5,AggressiveTraderBot_87,AT,Europe/Rome,AggressiveTraderBot,3,3,7,9,9,12,39,12,3,13,10,11,623,384089857,835,37856700,5760216,21900,22300
BE Club 89,18,ede53099-d1e3-440c-9a6e-4495ec33968a,LadderGrinderBot_89,BE,Europe/Amsterdam,LadderGrinderBot,3,3,9,6,13,11,29,10,12,12,9,9,627,281963673,24138,29411700,5839403,15000,14380
CH Club 88,18,a72bb731-f3c7-4261-9ba2-8799e372245b,YouthFocusedBot_88,CH,Europe/Madrid,YouthFocusedBot,3,3,8,9,9,12,39,9,2,13,8,6,612,262422422,2022,26583600,4871281,21600,20500
DE Club 81,18,b9db7abf-c9f8-47b8-94a5-8890b3ba7080,AggressiveTraderBot_81,DE,Europe/Rome,AggressiveTraderBot,3,3,1,8,11,11,35,13,6,16,13,12,600,365218602,709,37875000,3659536,22100,23100
DE Club 91,18,74592459-a7bb-4a79-9434-accb444c9ab0,NewManagerBot_91,DE,Europe/Berlin,NewManagerBot,3,3,11,26,0,4,82,10,11,13,11,11,625,349499313,34007,32241600,3616013,15000,12000
ES Club 84,18,5b65d8a2-6044-457f-826f-6063f988c48b,SocialBot_84,ES,Europe/Warsaw,SocialBot,3,3,4,9,9,12,39,12,12,12,12,10,622,384005364,39034,35063700,5658980,15000,14180
ES Club 94,18,7cc7d05c-edfd-47bb-8f42-12cd8431ba5e,YouthFocusedBot_94,ES,Europe/Madrid,YouthFocusedBot,3,3,14,14,10,6,48,13,6,15,11,15,602,335196835,688,39891900,5103663,21800,22000
FR Club 82,18,cbc044f2-2f89-425b-96a1-e137bdefe31f,YouthFocusedBot_82,FR,Europe/Madrid,YouthFocusedBot,3,3,2,11,8,11,44,15,4,17,9,8,602,404599133,468,40566300,4372432,22000,21600
FR Club 92,18,2d92d7ee-ce39-4bc5-aa23-2ca1043b3e8d,ConservativeBot_92,FR,Europe/Paris,ConservativeBot,3,3,12,0,26,4,4,13,15,15,13,9,587,332027008,27859,36936000,6074057,15000,16920
IT Club 83,18,de645a93-8bad-4e63-a444-7e0719816b72,LadderGrinderBot_83,IT,Europe/Amsterdam,LadderGrinderBot,3,3,3,9,9,12,39,8,17,20,5,10,607,216819049,21234,26509200,6001653,15000,15480
IT Club 93,18,75078879-532f-4145-bdba-11805f8bce9f,AggressiveTraderBot_93,IT,Europe/Rome,AggressiveTraderBot,3,3,13,10,14,6,36,1,5,10,3,3,626,-3559498,2330,6863400,6631110,17000,15800
NL Club 85,18,84408bb9-0db2-4086-b1e8-c98e015aaa12,NewManagerBot_85,NL,Europe/Berlin,NewManagerBot,3,3,5,14,9,7,49,14,14,14,9,10,610,365702569,30056,39872700,4178333,15000,14940
NL Club 95,18,66572111-2ff4-451b-9150-8a7f66ca32c7,LadderGrinderBot_95,NL,Europe/Amsterdam,LadderGrinderBot,3,3,15,0,28,2,2,11,12,12,11,9,593,336124335,25738,32119600,5712426,15000,13780
PL Club 86,18,1a741654-624a-4807-9b41-9645185d7c8b,ConservativeBot_86,PL,Europe/Paris,ConservativeBot,3,3,6,9,14,7,34,11,16,16,14,11,598,293569302,31967,35059500,3468597,15000,10000
PL Club 96,18,23205a97-05fe-4e5b-bb68-2f34abd36882,SocialBot_96,PL,Europe/Warsaw,SocialBot,3,3,16,28,0,2,86,12,12,12,12,11,624,361459505,52796,37880400,5575054,15000,12400
PT Club 90,18,9fd8eec7-4860-48c6-9b0f-d3ac317b965f,SocialBot_90,PT,Europe/Warsaw,SocialBot,3,3,10,13,6,11,50,12,12,12,11,11,604,388221598,51601,35065200,5359843,15000,10800
AT Club 7,19,3fe71a77-ecd2-4016-8a30-7b61616f87fb,NewManagerBot_7,AT,Europe/Berlin,NewManagerBot,1,1,7,10,8,12,42,12,13,13,8,11,652,667606539,29261,62009100,4120364,15000,15560
BE Club 9,19,433e9f94-2ea8-4276-bda5-1567aaada803,AggressiveTraderBot_9,BE,Europe/Rome,AggressiveTraderBot,1,1,9,26,0,4,82,13,5,14,8,6,654,701975249,688,66579000,4373904,22400,21800
CH Club 8,19,a360fffe-4f47-404b-a3ce-1e8521ab5084,ConservativeBot_8,CH,Europe/Paris,ConservativeBot,1,1,8,8,10,12,36,13,16,17,17,8,632,734090071,24047,66633900,4125668,15000,15100
DE Club 1,19,60342169-5b3d-4aef-a3fc-5cde7cb4a190,NewManagerBot_1,DE,Europe/Berlin,NewManagerBot,1,1,1,14,6,10,52,16,17,17,16,6,652,802447999,28274,75828000,6174144,15000,11600
DE Club 11,19,7a7dbd68-0978-4127-9bef-08f32a1d90fe,LadderGrinderBot_11,DE,Europe/Amsterdam,LadderGrinderBot,1,1,11,7,12,11,32,13,14,15,10,10,636,609607562,28114,62005800,7472391,15000,12600
ES Club 14,19,bcb572ec-b227-4b21-87fc-2bc32b09815b,ConservativeBot_14,ES,Europe/Paris,ConservativeBot,1,1,14,5,14,11,26,9,14,15,12,9,616,467103860,29449,48195300,6953927,15000,12200
ES Club 4,19,0970c318-8891-49d6-ac02-b6edad04f998,YouthFocusedBot_4,ES,Europe/Madrid,YouthFocusedBot,1,1,4,29,0,1,88,12,6,15,12,12,647,524154353,409,57423600,5622204,21600,20700
FR Club 12,19,7eab1a8a-57da-4f2e-aec6-4b1f409934ce,SocialBot_12,FR,Europe/Warsaw,SocialBot,1,1,12,12,7,11,47,13,18,18,13,9,649,718244671,34430,61991100,6113442,15000,10800
FR Club 2,19,105972e2-d768-4707-8113-6fdf60c3daeb,ConservativeBot_2,FR,Europe/Paris,ConservativeBot,1,1,2,6,14,10,28,15,15,15,12,10,628,812011787,32303,71224200,7210773,15000,16120
IT Club 13,19,4317646c-6307-4300-84a5-ea5b873fbfbe,NewManagerBot_13,IT,Europe/Berlin,NewManagerBot,1,1,13,14,5,11,53,15,17,18,7,14,641,937255949,30970,75779100,7470572,15000,16080
IT Club 3,19,456e6fc4-9583-4d82-b452-d4ae350e3db3,AggressiveTraderBot_3,IT,Europe/Rome,AggressiveTraderBot,1,1,3,0,29,1,1,11,5,15,14,10,615,464023657,361,52811400,5583971,22100,23000
NL Club 15,19,7043d0a7-7c0b-4f62-89e3-e5468cee589e,AggressiveTraderBot_15,NL,Europe/Rome,AggressiveTraderBot,1,1,15,11,6,13,46,15,3,20,8,10,643,684590409,1244,71166900,7077216,22300,22500
NL Club 5,19,90c20855-d6a3-4cc7-8e1c-bae8c83e2fe8,LadderGrinderBot_5,NL,Europe/Amsterdam,LadderGrinderBot,1,1,5,0,26,4,4,14,14,14,11,10,616,691463613,30031,66608700,3595702,15000,13000
PL Club 16,19,fbaa9901-0416-4c09-bf29-d0fab0c6c3e2,YouthFocusedBot_16,PL,Europe/Madrid,YouthFocusedBot,1,1,16,6,11,13,31,10,2,16,11,11,630,585350158,221,52788600,4380245,21700,23500
PL Club 6,19,db770079-4c31-418e-9a47-fab14deb99b1,SocialBot_6,PL,Europe/Warsaw,SocialBot,1,1,6,26,0,4,82,18,16,19,8,9,659,1001331299,30264,84984600,5625623,15000,15300
PT Club 10,19,8646e00d-cc1a-405a-893f-a7b6e8772589,YouthFocusedBot_10,PT,Europe/Madrid,YouthFocusedBot,1,1,10,0,26,4,4,15,2,17,10,13,616,782499575,-410,71219100,4106214,22100,22800
AT Club 17,19,ac0ae0c3-4ed2-4c3f-a536-d98ea02a0b63,LadderGrinderBot_17,AT,Europe/Amsterdam,LadderGrinderBot,2,1,1,9,10,11,38,12,18,19,8,8,636,398387115,26451,48572700,4865879,15000,15460
AT Club 27,19,65f642c8-f5d4-44a3-8c30-3a77f89d7ac6,AggressiveTraderBot_27,AT,Europe/Rome,AggressiveTraderBot,2,1,11,11,7,12,45,12,2,17,8,10,642,523107091,416,44975400,3558655,22900,22700
BE Club 19,19,bd9174d6-0714-47ce-badc-ede9a0274f98,NewManagerBot_19,BE,Europe/Berlin,NewManagerBot,2,1,3,13,10,7,46,11,12,12,12,11,616,546084407,31917,45046800,3882278,15000,12000
BE Club 29,19,93299a02-7fe5-4512-993f-a82d97300fba,LadderGrinderBot_29,BE,Europe/Amsterdam,LadderGrinderBot,2,1,13,0,27,3,3,13,17,17,11,7,625,475537768,23597,52217700,3736070,15000,11600
CH Club 18,19,9378a293-7e4e-469c-ab5c-d78e5992cc30,SocialBot_18,CH,Europe/Warsaw,SocialBot,2,1,2,10,9,11,41,13,15,16,10,13,616,480836395,33674,48633900,5431258,15000,12400
CH Club 28,19,3afc330a-01a3-4c7e-bc16-9138bb74fa9d,YouthFocusedBot_28,CH,Europe/Madrid,YouthFocusedBot,2,1,12,7,11,12,33,14,4,14,12,9,626,639983072,336,52256700,8632383,21800,21200
DE Club 21,19,0705089d-244c-4e90-ac5b-b67716cd4df3,AggressiveTraderBot_21,DE,Europe/Rome,AggressiveTraderBot,2,1,5,8,12,10,34,10,5,14,10,10,635,315545284,1548,41405400,7556894,22600,21300
DE Club 31,19,b534052b-42a5-4dad-a4c7-978503f663c1,NewManagerBot_31,DE,Europe/Berlin,NewManagerBot,2,1,15,5,9,16,31,12,14,14,13,9,619,519428614,33236,45030900,5665362,15000,12400
ES Club 24,19,c6ba20b0-4256-45a5-93b0-eaad25da20d8,SocialBot_24,ES,Europe/Warsaw,SocialBot,2,1,8,11,9,10,43,13,15,15,8,13,621,559581214,50552,48621600,5240931,15000,16320
FR Club 22,19,185a3c1c-5633-46dd-880a-aac0984882d1,YouthFocusedBot_22,FR,Europe/Madrid,YouthFocusedBot,2,1,6,12,8,10,46,15,2,17,9,7,654,673189387,743,55822200,5259906,22000,22500
FR Club 32,19,33a6c81c-d216-4865-8c41-e849edb3d4c2,ConservativeBot_32,FR,Europe/Paris,ConservativeBot,2,1,16,9,5,16,43,13,15,16,14,9,622,498462617,29455,52258500,6274287,15000,13600
IT Club 23,19,1dd5d330-5033-4d78-9a15-40cf9515cc07,LadderGrinderBot_23,IT,Europe/Amsterdam,LadderGrinderBot,2,1,7,9,11,10,37,11,12,14,12,7,620,457848349,30775,41416200,4645514,15000,13200
NL Club 25,19,863fa920-eb66-4f3e-9ecb-23ee5b0a2147,NewManagerBot_25,NL,Europe/Berlin,NewManagerBot,2,1,9,11,9,10,43,10,15,19,13,8,656,357501694,30154,37778100,5700912,15000,14800
PL Club 26,19,5d3c393f-1ca7-47d3-b02a-8030bcdc94e0,ConservativeBot_26,PL,Europe/Paris,ConservativeBot,2,1,10,9,11,10,37,15,16,16,12,8,634,564273235,29175,59253600,5391199,15000,11000
PT Club 20,19,edbe36bf-fd58-4a0d-b72b-68f37df6b422,ConservativeBot_20,PT,Europe/Paris,ConservativeBot,2,1,4,10,13,7,37,14,16,16,7,9,634,521412387,23250,52209300,3824978,15000,16300
PT Club 30,19,dbe26a47-ec47-4643-b078-b42e47d3a6f2,SocialBot_30,PT,Europe/Warsaw,SocialBot,2,1,14,27,0,3,84,10,9,10,10,9,656,476227753,54644,37813200,3234467,15000,12200
AT Club 37,19,f29e975d-d8a4-4a62-bac9-541f0a0eee01,NewManagerBot_37,AT,Europe/Berlin,NewManagerBot,2,2,5,6,11,13,31,12,12,14,10,8,620,422248979,29559,48615300,5213569,15000,15980
AT Club 47,19,02a87f4b-ab4e-4d03-adad-d678d2cd0302,LadderGrinderBot_47,AT,Europe/Amsterdam,LadderGrinderBot,2,2,15,10,8,12,42,14,15,18,10,7,635,574293444,24127,55822800,3716447,15000,14720
BE Club 39,19,5b313a53-4c83-4183-96af-4e8ccc3c50c7,AggressiveTraderBot_39,BE,Europe/Rome,AggressiveTraderBot,2,2,7,15,11,4,49,12,4,19,8,11,622,414786702,1348,48578700,6798746,22100,21300
CH Club 38,19,31941f34-7841-48e8-973c-b0e59838e222,ConservativeBot_38,CH,Europe/Paris,ConservativeBot,2,2,6,11,6,13,46,19,19,20,8,9,634,766508210,15820,63313200,3879439,15000,14640
CH Club 48,19,9b82d563-ce08-4538-b6a6-dd19a3c97e1f,SocialBot_48,CH,Europe/Warsaw,SocialBot,2,2,16,8,10,12,36,8,17,20,8,9,632,265292940,28981,30500700,5039479,15000,13600
DE Club 41,19,a9e0c83a-53da-4ac0-ad7c-4b0e2fa6e163,LadderGrinderBot_41,DE,Europe/Amsterdam,LadderGrinderBot,2,2,9,12,13,5,41,15,17,17,9,14,622,529923522,18714,55846200,5796529,15000,11200
ES Club 34,19,087b9ae0-6fdc-4b3e-81b5-64958689d718,YouthFocusedBot_34,ES,Europe/Madrid,YouthFocusedBot,2,2,2,7,8,15,36,14,5,15,11,8,648,608450441,942,55845900,4922755,21900,21900
ES Club 44,19,e457cf23-a7cb-44b3-bbbd-ab1129f58ec0,ConservativeBot_44,ES,Europe/Paris,ConservativeBot,2,2,12,2,22,6,12,7,10,12,7,8,616,224714360,47402,26942400,4647919,15000,14620
FR Club 42,19,260b1adc-d0aa-49cf-b19c-4409f159460e,SocialBot_42,FR,Europe/Warsaw,SocialBot,2,2,10,13,12,5,44,13,16,16,9,13,636,474189239,49890,48617700,3362334,15000,15100
IT Club 33,19,9f6f161f-95b7-42b7-a258-cbd0543c61a9,AggressiveTraderBot_33,IT,Europe/Rome,AggressiveTraderBot,2,2,1,8,7,15,39,16,4,18,16,11,653,590283259,1156,59288100,10549822,22800,22300
IT Club 43,19,2b214729-72c6-4386-a05d-dac6be575cb8,NewManagerBot_43,IT,Europe/Berlin,NewManagerBot,2,2,11,22,2,6,72,14,18,19,13,11,645,539069964,22633,52236300,5100518,15000,15460
NL Club 35,19,87ce9b67-bc5f-4cb2-9656-11581972cd0a,LadderGrinderBot_35,NL,Europe/Amsterdam,LadderGrinderBot,2,2,3,8,11,11,35,12,14,17,12,15,641,574558512,27033,48651600,7033715,15000,16740
NL Club 45,19,f67abc68-4b09-45f1-91ae-bcb6b15c902a,AggressiveTraderBot_45,NL,Europe/Rome,AggressiveTraderBot,2,2,13,12,9,9,45,16,5,19,13,7,654,626726413,1257,59237700,8438390,22500,21100
PL Club 36,19,5f83f8c6-af3b-4f93-b480-3977c07226b5,SocialBot_36,PL,Europe/Warsaw,SocialBot,2,2,4,11,8,11,44,11,15,17,12,8,640,430519406,31657,41393700,6463806,15000,11400
PL Club 46,19,359bd3ac-434f-4bf2-a012-cf5d2d9032fc,YouthFocusedBot_46,PL,Europe/Madrid,YouthFocusedBot,2,2,14,9,12,9,36,18,4,19,11,10,637,654249698,639,62499600,6189697,21400,22300
PT Club 40,19,a9d1c5ae-7500-4899-9ce5-188751e92bc0,YouthFocusedBot_40,PT,Europe/Madrid,YouthFocusedBot,2,2,8,11,15,4,37,10,6,10,10,9,637,541716917,277,41431500,4014944,21600,22100
AT Club 57,19,46b265df-173c-47d2-8e1e-dfe693aabbe0,AggressiveTraderBot_57,AT,Europe/Rome,AggressiveTraderBot,3,1,9,24,0,6,78,17,5,19,12,8,655,399987059,49,41860700,8034058,22100,22400
BE Club 49,19,2c532bab-68f4-4c5a-b143-45b6c8d83211,NewManagerBot_49,BE,Europe/Berlin,NewManagerBot,3,1,1,12,9,9,45,11,14,16,14,12,640,354200613,35373,35051400,2194017,15000,14000
BE Club 59,19,af4fb2d5-fa95-41fb-b8af-a0eb7c4197fb,LadderGrinderBot_59,BE,Europe/Amsterdam,LadderGrinderBot,3,1,11,0,26,4,4,15,14,17,7,11,621,405067967,25577,38690200,5329134,15000,10600
CH Club 58,19,7354403b-add9-4e68-a3ae-80e453c9493b,YouthFocusedBot_58,CH,Europe/Madrid,YouthFocusedBot,3,1,10,0,24,6,6,14,2,15,11,7,624,432198803,1230,38821100,6789686,21800,21300
DE Club 51,19,c6d5d63d-05a8-4ebb-8969-d9270762f9ac,AggressiveTraderBot_51,DE,Europe/Rome,AggressiveTraderBot,3,1,3,13,8,9,48,11,3,11,11,9,652,375812765,1118,35059200,7124106,22100,21200
DE Club 61,19,88f1b614-18d5-454f-ab33-76193c96e9c1,NewManagerBot_61,DE,Europe/Berlin,NewManagerBot,3,1,13,10,7,13,43,12,14,17,9,12,655,414634109,29654,37819500,3846006,15000,12000
ES Club 54,19,3ed722fb-ea9c-41e3-9890-64b5f1d065cb,SocialBot_54,ES,Europe/Warsaw,SocialBot,3,1,6,9,9,12,39,15,14,15,14,8,628,469591893,33278,41229300,4791158,15000,10200
ES Club 64,19,dcb92066-7a8e-4464-b2f5-ebd51d22b141,YouthFocusedBot_64,ES,Europe/Madrid,YouthFocusedBot,3,1,16,10,12,8,38,7,2,17,9,6,629,270040685,1542,23750100,7009323,21800,20900
FR Club 52,19,b2fb41be-b58a-4b22-a390-f8e6bd3e1862,YouthFocusedBot_52,FR,Europe/Madrid,YouthFocusedBot,3,1,4,8,13,9,33,9,4,16,9,7,629,179498105,379,26565600,7666865,21800,22900
FR Club 62,19,825c13ba-7e2b-4973-88d6-4ca4b036764d,ConservativeBot_62,FR,Europe/Paris,ConservativeBot,3,1,14,7,10,13,34,13,18,18,12,10,644,347233871,33448,39859500,4802958,15000,15860
IT Club 53,19,cc36e2b6-1fc0-4d7e-9c3b-0fc18fb1be20,LadderGrinderBot_53,IT,Europe/Amsterdam,LadderGrinderBot,3,1,5,9,9,12,39,13,16,18,12,9,643,413864054,19138,37838400,5380800,15000,14900
IT Club 63,19,9f919296-3581-42e0-a49f-158ddd554818,AggressiveTraderBot_63,IT,Europe/Rome,AggressiveTraderBot,3,1,15,12,10,8,44,14,5,18,9,11,641,348212178,875,40582900,8055600,22400,22900
NL Club 55,19,d88f6c05-bc9f-4f15-a898-8586cf76721d,NewManagerBot_55,NL,Europe/Berlin,NewManagerBot,3,1,7,10,9,11,41,13,13,13,13,9,649,361100714,32996,37876500,3554902,15000,10800
PL Club 56,19,3577bce9-59e5-4412-ab6b-1e1679b4251c,ConservativeBot_56,PL,Europe/Paris,ConservativeBot,3,1,8,9,10,11,38,13,15,15,10,5,656,362651236,30833,37826700,3685852,15000,15520
PT Club 50,19,e59f2d7c-ec78-46f7-8ecb-9e36a7f7d221,ConservativeBot_50,PT,Europe/Paris,ConservativeBot,3,1,2,9,12,9,36,13,13,13,11,8,650,435107483,32028,37847700,2797778,15000,17160
PT Club 60,19,3858852e-63b3-4a7e-b87f-39f1b842af70,SocialBot_60,PT,Europe/Warsaw,SocialBot,3,1,12,26,0,4,82,10,15,20,16,9,656,274271515,27586,32220000,5585700,15000,14920
AT Club 67,19,ee9f963f-858c-46e5-96ab-dc0e12e5628b,NewManagerBot_67,AT,Europe/Berlin,NewManagerBot,3,2,3,11,9,10,43,14,18,20,12,9,623,449199302,19233,40566100,4997313,15000,16660
AT Club 77,19,303dcc52-a238-4f31-a460-2cfc8a3af71f,LadderGrinderBot_77,AT,Europe/Amsterdam,LadderGrinderBot,3,2,13,1,17,12,15,14,19,19,13,14,625,429769338,7979,39154500,7189668,15000,15840
BE Club 69,19,134d33c8-e2dd-4d15-86bc-8222b7392d2d,AggressiveTraderBot_69,BE,Europe/Rome,AggressiveTraderBot,3,2,5,0,26,4,4,13,6,16,11,11,621,404570742,843,38606900,8089897,22600,22000
BE Club 79,19,78197d87-aa04-4f1e-b3fd-52a6eb74d8cd,NewManagerBot_79,BE,Europe/Berlin,NewManagerBot,3,2,15,10,11,9,39,14,17,19,10,9,645,409437798,29431,40562900,4179025,15000,15680
CH Club 68,19,97e0d4a2-4b6e-42f4-9597-e7a030c6d709,ConservativeBot_68,CH,Europe/Paris,ConservativeBot,3,2,4,9,11,10,37,11,14,17,15,14,629,326569685,36393,32262000,5576678,15000,15540
CH Club 78,19,b1b9e616-5acc-4dd8-b611-e55cb44189a2,SocialBot_78,CH,Europe/Warsaw,SocialBot,3,2,14,17,1,12,63,14,13,18,9,12,652,457820978,45962,40576800,4178057,15000,11200
DE Club 71,19,7c458915-8e83-42b8-93c3-9c87ca01f053,LadderGrinderBot_71,DE,Europe/Amsterdam,LadderGrinderBot,3,2,7,12,6,12,48,14,15,15,15,8,658,393021460,26760,39889200,4112753,15000,16520
ES Club 74,19,0f1755f5-458e-4abc-9e65-fb68a876d176,ConservativeBot_74,ES,Europe/Paris,ConservativeBot,3,2,10,16,6,8,56,14,15,15,10,10,657,358835967,27143,39873300,5007353,15000,15720
FR Club 72,19,097bbfea-3583-49a7-8998-464b288da9f6,SocialBot_72,FR,Europe/Warsaw,SocialBot,3,2,8,6,12,12,30,14,15,15,12,14,642,445622103,39570,39891900,6697587,15000,15720
IT Club 73,19,b3813095-e065-4e5d-92cf-24cf68c5c976,NewManagerBot_73,IT,Europe/Berlin,NewManagerBot,3,2,9,6,16,8,26,16,17,18,12,9,651,415041933,23670,40190100,4518271,15000,17280
NL Club 65,19,c17afd47-ce14-4754-9441-36ddb100e92e,LadderGrinderBot_65,NL,Europe/Amsterdam,LadderGrinderBot,3,2,1,10,11,9,39,13,13,13,11,11,641,428491387,30613,39885300,3319704,15000,13800
NL Club 75,19,37e480f2-8818-436e-b65b-9719795f9a20,AggressiveTraderBot_75,NL,Europe/Rome,AggressiveTraderBot,3,2,11,10,6,14,44,14,2,18,12,9,627,420087340,289,39842400,6557609,22200,23900
PL Club 66,19,1ffc700f-df07-4cb3-9160-c002853d225d,SocialBot_66,PL,Europe/Warsaw,SocialBot,3,2,2,11,10,9,42,14,14,14,8,10,637,437112053,38348,39864600,3036800,15000,15540
PL Club 76,19,b23385df-b985-4223-966b-add6e40c4be3,YouthFocusedBot_76,PL,Europe/Madrid,YouthFocusedBot,3,2,12,6,10,14,32,13,6,15,12,7,640,380739182,753,39876000,6169074,21600,21800
PT Club 70,19,fdeb42be-2d98-4817-947d-eccd1ee9099a,YouthFocusedBot_70,PT,Europe/Madrid,YouthFocusedBot,3,2,6,26,0,4,82,15,6,15,14,10,654,420024944,1331,40626300,4263197,21700,20300
PT Club 80,19,44926543-0b06-49c2-91a1-5fafc287f8a7,ConservativeBot_80,PT,Europe/Paris,ConservativeBot,3,2,16,11,10,9,42,16,16,17,16,9,630,526193953,26556,41354600,4130994,15000,13000
AT Club 87,19,2f971dd6-c49a-485d-a73e-15fac9f7acd5,AggressiveTraderBot_87,AT,Europe/Rome,AggressiveTraderBot,3,3,7,10,12,8,38,13,3,14,11,11,653,415997068,335,37861200,5953989,22000,22500
BE Club 89,19,ede53099-d1e3-440c-9a6e-4495ec33968a,LadderGrinderBot_89,BE,Europe/Amsterdam,LadderGrinderBot,3,3,9,9,11,10,37,11,13,13,9,9,657,309473666,24378,32228400,4718407,15000,14760
CH Club 88,19,a72bb731-f3c7-4261-9ba2-8799e372245b,YouthFocusedBot_88,CH,Europe/Madrid,YouthFocusedBot,3,3,8,12,10,8,44,10,2,14,8,7,642,285569751,522,29387700,6240371,21500,23000
DE Club 81,19,b9db7abf-c9f8-47b8-94a5-8890b3ba7080,AggressiveTraderBot_81,DE,Europe/Rome,AggressiveTraderBot,3,3,1,13,10,7,46,13,6,16,13,12,630,399918017,409,39891600,5192185,22000,22300
DE Club 91,19,74592459-a7bb-4a79-9434-accb444c9ab0,NewManagerBot_91,DE,Europe/Berlin,NewManagerBot,3,3,11,27,0,3,84,10,12,14,12,12,655,376980415,31827,32246100,4764998,15000,17180
ES Club 84,19,5b65d8a2-6044-457f-826f-6063f988c48b,SocialBot_84,ES,Europe/Warsaw,SocialBot,3,3,4,17,4,9,60,12,12,12,12,10,652,417033012,43234,37880400,4852752,15000,10800
ES Club 94,19,7cc7d05c-edfd-47bb-8f42-12cd8431ba5e,YouthFocusedBot_94,ES,Europe/Madrid,YouthFocusedBot,3,3,14,11,10,9,42,14,6,15,11,15,632,371101870,1988,39896400,3991365,21600,20300
FR Club 82,19,cbc044f2-2f89-425b-96a1-e137bdefe31f,YouthFocusedBot_82,FR,Europe/Madrid,YouthFocusedBot,3,3,2,10,13,7,37,16,4,17,10,8,632,439512336,1468,40656900,5743697,21500,20500
FR Club 92,19,2d92d7ee-ce39-4bc5-aa23-2ca1043b3e8d,ConservativeBot_92,FR,Europe/Paris,ConservativeBot,3,3,12,0,27,3,3,14,15,15,14,9,617,364865488,32259,38474100,5635620,15000,10600
IT Club 83,19,de645a93-8bad-4e63-a444-7e0719816b72,LadderGrinderBot_83,IT,Europe/Amsterdam,LadderGrinderBot,3,3,3,4,17,9,21,8,18,20,6,10,637,239350775,21574,26517300,3985574,15000,14660
IT Club 93,19,75078879-532f-4145-bdba-11805f8bce9f,AggressiveTraderBot_93,IT,Europe/Rome,AggressiveTraderBot,3,3,13,10,11,9,39,1,5,10,3,3,656,-3223151,2430,6863400,6527053,16100,16000
NL Club 85,19,84408bb9-0db2-4086-b1e8-c98e015aaa12,NewManagerBot_85,NL,Europe/Berlin,NewManagerBot,3,3,5,8,14,8,32,14,14,14,10,11,640,401637288,34256,40341900,4407181,15000,10800
NL Club 95,19,66572111-2ff4-451b-9150-8a7f66ca32c7,LadderGrinderBot_95,NL,Europe/Amsterdam,LadderGrinderBot,3,3,15,0,27,3,3,12,13,13,11,10,623,365148243,25378,34577700,5553792,15000,15360
PL Club 86,19,1a741654-624a-4807-9b41-9645185d7c8b,ConservativeBot_86,PL,Europe/Paris,ConservativeBot,3,3,6,14,8,8,50,11,16,16,14,11,628,322166610,34767,35059500,6462192,15000,12200
PL Club 96,19,23205a97-05fe-4e5b-bb68-2f34abd36882,SocialBot_96,PL,Europe/Warsaw,SocialBot,3,3,16,27,0,3,84,12,12,12,12,12,654,394310319,56396,37884900,5034086,15000,11400
PT Club 90,19,9fd8eec7-4860-48c6-9b0f-d3ac317b965f,SocialBot_90,PT,Europe/Warsaw,SocialBot,3,3,10,11,9,10,43,12,12,12,11,11,634,419553743,53601,37876800,6544655,15000,13000
AT Club 7,20,3fe71a77-ecd2-4016-8a30-7b61616f87fb,NewManagerBot_7,AT,Europe/Berlin,NewManagerBot,1,1,7,9,11,10,37,13,13,13,8,12,682,725771348,33861,62001600,3836791,15000,10400
BE Club 9,20,433e9f94-2ea8-4276-bda5-1567aaada803,AggressiveTraderBot_9,BE,Europe/Rome,AggressiveTraderBot,1,1,9,22,0,8,74,13,5,15,8,6,684,763831280,1588,66579000,4722969,22100,21200
CH Club 8,20,a360fffe-4f47-404b-a3ce-1e8521ab5084,ConservativeBot_8,CH,Europe/Paris,ConservativeBot,1,1,8,11,9,10,43,13,16,18,17,9,662,795161067,28247,66638400,5567404,15000,10800
DE Club 1,20,60342169-5b3d-4aef-a3fc-5cde7cb4a190,NewManagerBot_1,DE,Europe/Berlin,NewManagerBot,1,1,1,6,14,10,28,16,17,17,17,7,682,878004546,31074,80443500,4886953,15000,12200
DE Club 11,20,7a7dbd68-0978-4127-9bef-08f32a1d90fe,LadderGrinderBot_11,DE,Europe/Amsterdam,LadderGrinderBot,1,1,11,7,10,13,34,14,15,16,11,11,666,670987582,27594,66605700,5225680,15000,15520
ES Club 14,20,bcb572ec-b227-4b21-87fc-2bc32b09815b,ConservativeBot_14,ES,Europe/Paris,ConservativeBot,1,1,14,2,23,5,11,9,15,15,12,9,646,509790420,29329,48187800,5501240,15000,15120
ES Club 4,20,0970c318-8891-49d6-ac02-b6edad04f998,YouthFocusedBot_4,ES,Europe/Madrid,YouthFocusedBot,1,1,4,27,0,3,84,13,6,15,13,12,677,578550413,609,62023500,7627440,21400,21200
FR Club 12,20,7eab1a8a-57da-4f2e-aec6-4b1f409934ce,SocialBot_12,FR,Europe/Warsaw,SocialBot,1,1,12,10,7,13,43,14,19,19,14,9,679,778584043,32390,66603000,6263628,15000,17040
FR Club 2,20,105972e2-d768-4707-8113-6fdf60c3daeb,ConservativeBot_2,FR,Europe/Paris,ConservativeBot,1,1,2,14,6,10,52,16,16,16,12,10,658,883727552,30203,75836700,4120935,15000,17100
IT Club 13,20,4317646c-6307-4300-84a5-ea5b873fbfbe,NewManagerBot_13,IT,Europe/Berlin,NewManagerBot,1,1,13,23,2,5,74,15,18,18,7,14,671,1007349164,30710,75791700,5698485,15000,15260
IT Club 3,20,456e6fc4-9583-4d82-b452-d4ae350e3db3,AggressiveTraderBot_3,IT,Europe/Rome,AggressiveTraderBot,1,1,3,0,27,3,3,11,5,16,14,11,645,515539450,661,57423300,5907507,22100,21800
NL Club 15,20,7043d0a7-7c0b-4f62-89e3-e5468cee589e,AggressiveTraderBot_15,NL,Europe/Rome,AggressiveTraderBot,1,1,15,9,6,15,42,16,3,20,8,10,673,750696326,-156,75766800,9660883,22500,23900
NL Club 5,20,90c20855-d6a3-4cc7-8e1c-bae8c83e2fe8,LadderGrinderBot_5,NL,Europe/Amsterdam,LadderGrinderBot,1,1,5,0,26,4,4,14,15,15,12,11,646,757685332,28911,71228700,5006981,15000,16120
PL Club 16,20,fbaa9901-0416-4c09-bf29-d0fab0c6c3e2,YouthFocusedBot_16,PL,Europe/Madrid,YouthFocusedBot,1,1,16,6,9,15,33,11,2,16,12,12,660,632818823,221,52788600,5319935,22200,22200
PL Club 6,20,db770079-4c31-418e-9a47-fab14deb99b1,SocialBot_6,PL,Europe/Warsaw,SocialBot,1,1,6,26,0,4,82,18,17,20,9,10,689,1086312647,29384,89592000,4610652,15000,15880
PT Club 10,20,8646e00d-cc1a-405a-893f-a7b6e8772589,YouthFocusedBot_10,PT,Europe/Madrid,YouthFocusedBot,1,1,10,0,22,8,8,15,2,18,10,14,646,853194101,1390,75819000,5124474,21300,19500
AT Club 17,20,ac0ae0c3-4ed2-4c3f-a536-d98ea02a0b63,LadderGrinderBot_17,AT,Europe/Amsterdam,LadderGrinderBot,2,1,1,11,7,12,45,12,19,20,8,8,666,441879114,25011,48569700,5077701,15000,16440
AT Club 27,20,65f642c8-f5d4-44a3-8c30-3a77f89d7ac6,AggressiveTraderBot_27,AT,Europe/Rome,AggressiveTraderBot,2,1,11,11,11,8,41,13,2,18,8,10,672,565185860,1416,48593700,6514931,22300,21300
BE Club 19,20,bd9174d6-0714-47ce-badc-ede9a0274f98,NewManagerBot_19,BE,Europe/Berlin,NewManagerBot,2,1,3,11,13,6,39,11,12,12,12,11,646,587355458,35517,45054900,3783849,15000,11400
BE Club 29,20,93299a02-7fe5-4512-993f-a82d97300fba,LadderGrinderBot_29,BE,Europe/Amsterdam,LadderGrinderBot,2,1,13,0,27,3,3,14,17,18,11,7,655,522570462,27397,52217700,5185006,15000,11200
CH Club 18,20,9378a293-7e4e-469c-ab5c-d78e5992cc30,SocialBot_18,CH,Europe/Warsaw,SocialBot,2,1,2,7,11,12,33,13,16,17,10,13,646,529157660,33174,52244100,3922835,15000,15500
CH Club 28,20,3afc330a-01a3-4c7e-bc16-9138bb74fa9d,YouthFocusedBot_28,CH,Europe/Madrid,YouthFocusedBot,2,1,12,11,11,8,41,14,4,15,13,9,656,689449919,36,55870500,6403653,21800,22100
DE Club 21,20,0705089d-244c-4e90-ac5b-b67716cd4df3,AggressiveTraderBot_21,DE,Europe/Rome,AggressiveTraderBot,2,1,5,7,11,12,33,11,5,14,11,10,665,350125316,1448,41406000,6825968,22100,22200
DE Club 31,20,b534052b-42a5-4dad-a4c7-978503f663c1,NewManagerBot_31,DE,Europe/Berlin,NewManagerBot,2,1,15,8,10,12,36,12,14,15,13,10,649,563432180,36236,48652200,4648634,15000,12000
ES Club 24,20,c6ba20b0-4256-45a5-93b0-eaad25da20d8,SocialBot_24,ES,Europe/Warsaw,SocialBot,2,1,8,10,7,13,43,14,15,16,9,13,651,607061453,53152,52235400,4755161,15000,12400
FR Club 22,20,185a3c1c-5633-46dd-880a-aac0984882d1,YouthFocusedBot_22,FR,Europe/Madrid,YouthFocusedBot,2,1,6,11,7,12,45,16,2,18,10,7,684,728960565,1343,59225400,3454222,21800,21200
FR Club 32,20,33a6c81c-d216-4865-8c41-e849edb3d4c2,ConservativeBot_32,FR,Europe/Paris,ConservativeBot,2,1,16,10,8,12,42,14,15,17,14,9,652,543183092,31255,52258500,7538025,15000,13200
IT Club 23,20,1dd5d330-5033-4d78-9a15-40cf9515cc07,LadderGrinderBot_23,IT,Europe/Amsterdam,LadderGrinderBot,2,1,7,7,10,13,34,12,13,14,12,7,650,500300445,29815,45021900,2569804,15000,15960
NL Club 25,20,863fa920-eb66-4f3e-9ecb-23ee5b0a2147,NewManagerBot_25,NL,Europe/Berlin,NewManagerBot,2,1,9,13,8,9,48,11,16,20,14,9,686,393155487,27654,41383800,5730007,15000,17500
PL Club 26,20,5d3c393f-1ca7-47d3-b02a-8030bcdc94e0,ConservativeBot_26,PL,Europe/Paris,ConservativeBot,2,1,10,8,13,9,33,16,17,17,13,8,664,617199804,29295,59261700,6335131,15000,14880
PT Club 20,20,edbe36bf-fd58-4a0d-b72b-68f37df6b422,ConservativeBot_20,PT,Europe/Paris,ConservativeBot,2,1,4,13,11,6,45,15,17,17,7,9,664,571954973,21970,55815000,5272414,15000,16280
PT Club 30,20,dbe26a47-ec47-4643-b078-b42e47d3a6f2,SocialBot_30,PT,Europe/Warsaw,SocialBot,2,1,14,27,0,3,84,11,10,11,11,9,686,513546749,53424,41431500,4112504,15000,16220
AT Club 37,20,f29e975d-d8a4-4a62-bac9-541f0a0eee01,NewManagerBot_37,AT,Europe/Berlin,NewManagerBot,2,2,5,8,12,10,34,13,12,15,11,9,650,464532661,33159,48623400,6339718,15000,11400
AT Club 47,20,02a87f4b-ab4e-4d03-adad-d678d2cd0302,LadderGrinderBot_47,AT,Europe/Amsterdam,LadderGrinderBot,2,2,15,9,10,11,38,14,15,18,11,7,665,626674848,26927,55815300,3433896,15000,12200
BE Club 39,20,5b313a53-4c83-4183-96af-4e8ccc3c50c7,AggressiveTraderBot_39,BE,Europe/Rome,AggressiveTraderBot,2,2,7,12,9,9,45,13,4,19,8,12,652,454718601,648,48583200,8651301,22400,23100
CH Club 38,20,31941f34-7841-48e8-973c-b0e59838e222,ConservativeBot_38,CH,Europe/Paris,ConservativeBot,2,2,6,12,8,10,46,20,20,20,8,10,664,824744933,13000,64179300,5942577,15000,17820
CH Club 48,20,9b82d563-ce08-4538-b6a6-dd19a3c97e1f,SocialBot_48,CH,Europe/Warsaw,SocialBot,2,2,16,10,9,11,41,9,18,20,9,9,662,293051428,28721,34113900,6355412,15000,15260
DE Club 41,20,a9e0c83a-53da-4ac0-ad7c-4b0e2fa6e163,LadderGrinderBot_41,DE,Europe/Amsterdam,LadderGrinderBot,2,2,9,9,11,10,37,15,18,18,9,14,652,584140389,18454,59256900,5040033,15000,15260
ES Club 34,20,087b9ae0-6fdc-4b3e-81b5-64958689d718,YouthFocusedBot_34,ES,Europe/Madrid,YouthFocusedBot,2,2,2,10,5,15,45,14,5,15,12,8,678,658761574,1342,55850400,5539267,21600,21200
ES Club 44,20,e457cf23-a7cb-44b3-bbbd-ab1129f58ec0,ConservativeBot_44,ES,Europe/Paris,ConservativeBot,2,2,12,2,19,9,15,8,11,13,8,8,646,250099569,47802,30548100,5162891,15000,14600
FR Club 42,20,260b1adc-d0aa-49cf-b19c-4409f159460e,SocialBot_42,FR,Europe/Warsaw,SocialBot,2,2,10,11,9,10,43,14,16,16,10,13,666,522780440,55290,52236000,3644799,15000,9600
IT Club 33,20,9f6f161f-95b7-42b7-a258-cbd0543c61a9,AggressiveTraderBot_33,IT,Europe/Rome,AggressiveTraderBot,2,2,1,5,10,15,30,16,4,19,17,11,683,644477593,-144,61488300,7293966,22600,23900
IT Club 43,20,2b214729-72c6-4386-a05d-dac6be575cb8,NewManagerBot_43,IT,Europe/Berlin,NewManagerBot,2,2,11,19,2,9,66,14,18,19,14,11,675,591142982,26233,55850100,3777082,15000,11400
NL Club 35,20,87ce9b67-bc5f-4cb2-9656-11581972cd0a,LadderGrinderBot_35,NL,Europe/Amsterdam,LadderGrinderBot,2,2,3,6,12,12,30,12,15,18,12,15,671,616902254,27513,48648600,6304858,15000,14520
NL Club 45,20,f67abc68-4b09-45f1-91ae-bcb6b15c902a,AggressiveTraderBot_45,NL,Europe/Rome,AggressiveTraderBot,2,2,13,14,7,9,51,17,5,19,13,8,684,681593075,857,61438500,6571838,22600,23000
PL Club 36,20,5f83f8c6-af3b-4f93-b480-3977c07226b5,SocialBot_36,PL,Europe/Warsaw,SocialBot,2,2,4,12,6,12,48,12,16,17,13,9,670,470123531,31957,45003900,5399775,15000,14700
PL Club 46,20,359bd3ac-434f-4bf2-a012-cf5d2d9032fc,YouthFocusedBot_46,PL,Europe/Madrid,YouthFocusedBot,2,2,14,7,14,9,30,19,4,19,12,11,667,713055938,739,63219800,4413560,21600,21500
PT Club 40,20,a9d1c5ae-7500-4899-9ce5-188751e92bc0,YouthFocusedBot_40,PT,Europe/Madrid,YouthFocusedBot,2,2,8,9,12,9,36,11,6,11,10,9,667,578271469,-123,41431500,4876948,21600,22000
AT Club 57,20,46b265df-173c-47d2-8e1e-dfe693aabbe0,AggressiveTraderBot_57,AT,Europe/Rome,AggressiveTraderBot,3,1,9,27,0,3,84,18,5,20,13,9,685,433006992,1849,42456200,9436267,22400,20600
BE Club 49,20,2c532bab-68f4-4c5a-b143-45b6c8d83211,NewManagerBot_49,BE,Europe/Berlin,NewManagerBot,3,1,1,14,9,7,49,12,15,16,14,12,670,380149901,32453,35064000,9114712,15000,17920
BE Club 59,20,af4fb2d5-fa95-41fb-b8af-a0eb7c4197fb,LadderGrinderBot_59,BE,Europe/Amsterdam,LadderGrinderBot,3,1,11,0,27,3,3,15,15,18,8,11,651,437381861,25857,38569200,6255306,15000,14720
CH Club 58,20,7354403b-add9-4e68-a3ae-80e453c9493b,YouthFocusedBot_58,CH,Europe/Madrid,YouthFocusedBot,3,1,10,0,27,3,3,15,2,16,11,7,654,463041689,1730,38577100,7734214,21300,20800
DE Club 51,20,c6d5d63d-05a8-4ebb-8969-d9270762f9ac,AggressiveTraderBot_51,DE,Europe/Rome,AggressiveTraderBot,3,1,3,11,11,8,41,12,3,12,11,10,682,399882078,1518,35063700,10994387,22500,22100
DE Club 61,20,88f1b614-18d5-454f-ab33-76193c96e9c1,NewManagerBot_61,DE,Europe/Berlin,NewManagerBot,3,1,13,8,12,10,34,13,14,18,9,13,685,445818010,33254,37827600,6643699,15000,11400
ES Club 54,20,3ed722fb-ea9c-41e3-9890-64b5f1d065cb,SocialBot_54,ES,Europe/Warsaw,SocialBot,3,1,6,13,10,7,46,15,14,15,14,8,658,506606372,34678,41259900,4245421,15000,13600
ES Club 64,20,dcb92066-7a8e-4464-b2f5-ebd51d22b141,YouthFocusedBot_64,ES,Europe/Madrid,YouthFocusedBot,3,1,16,11,12,7,40,7,2,18,10,6,659,288185899,142,23742600,5597386,21800,23200
FR Club 52,20,b2fb41be-b58a-4b22-a390-f8e6bd3e1862,YouthFocusedBot_52,FR,Europe/Madrid,YouthFocusedBot,3,1,4,11,11,8,41,10,4,17,9,7,659,203546906,1479,29377800,5328999,21700,20600
FR Club 62,20,825c13ba-7e2b-4973-88d6-4ca4b036764d,ConservativeBot_62,FR,Europe/Paris,ConservativeBot,3,1,14,12,8,10,46,14,18,18,13,10,674,384040826,37848,39859500,3052545,15000,10600
IT Club 53,20,cc36e2b6-1fc0-4d7e-9c3b-0fc18fb1be20,LadderGrinderBot_53,IT,Europe/Amsterdam,LadderGrinderBot,3,1,5,10,13,7,37,14,17,18,13,10,673,448556386,19458,39850000,5157668,15000,14680
IT Club 63,20,9f919296-3581-42e0-a49f-158ddd554818,AggressiveTraderBot_63,IT,Europe/Rome,AggressiveTraderBot,3,1,15,12,11,7,43,14,5,19,9,11,671,381963855,775,40580400,6828723,22400,22500
NL Club 55,20,d88f6c05-bc9f-4f15-a898-8586cf76721d,NewManagerBot_55,NL,Europe/Berlin,NewManagerBot,3,1,7,11,12,7,40,13,13,14,13,9,679,395873584,35796,39900600,5127730,15000,12200
PL Club 56,20,3577bce9-59e5-4412-ab6b-1e1679b4251c,ConservativeBot_56,PL,Europe/Paris,ConservativeBot,3,1,8,12,11,7,43,13,16,16,11,6,686,398355333,30133,39843300,4139203,15000,15700
PT Club 50,20,e59f2d7c-ec78-46f7-8ecb-9e36a7f7d221,ConservativeBot_50,PT,Europe/Paris,ConservativeBot,3,1,2,9,14,7,34,14,13,14,11,8,680,467437796,35028,39852400,7522087,15000,12000
PT Club 60,20,3858852e-63b3-4a7e-b87f-39f1b842af70,SocialBot_60,PT,Europe/Warsaw,SocialBot,3,1,12,27,0,3,84,11,16,20,17,10,686,299254577,25486,32225100,7242038,15000,17100
AT Club 67,20,ee9f963f-858c-46e5-96ab-dc0e12e5628b,NewManagerBot_67,AT,Europe/Berlin,NewManagerBot,3,2,3,8,11,11,35,14,19,20,12,10,653,485633447,17193,40571700,4137555,15000,17040
AT Club 77,20,303dcc52-a238-4f31-a460-2cfc8a3af71f,LadderGrinderBot_77,AT,Europe/Amsterdam,LadderGrinderBot,3,2,13,6,15,9,27,14,19,19,14,15,655,465531336,11979,39968800,4206802,15000,11000
BE Club 69,20,134d33c8-e2dd-4d15-86bc-8222b7392d2d,AggressiveTraderBot_69,BE,Europe/Rome,AggressiveTraderBot,3,2,5,0,26,4,4,14,6,16,12,12,651,435951483,1743,38390900,7010159,22400,21500
BE Club 79,20,78197d87-aa04-4f1e-b3fd-52a6eb74d8cd,NewManagerBot_79,BE,Europe/Berlin,NewManagerBot,3,2,15,16,9,5,53,14,18,19,11,9,675,444419787,29371,40572000,5590011,15000,15060
CH Club 68,20,97e0d4a2-4b6e-42f4-9597-e7a030c6d709,ConservativeBot_68,CH,Europe/Paris,ConservativeBot,3,2,4,11,8,11,44,11,14,18,15,14,659,357547683,40193,35073600,4095602,15000,11200
CH Club 78,20,b1b9e616-5acc-4dd8-b611-e55cb44189a2,SocialBot_78,CH,Europe/Warsaw,SocialBot,3,2,14,15,6,9,54,14,13,18,9,13,682,493091129,47762,40584900,5314749,15000,13200
DE Club 71,20,7c458915-8e83-42b8-93c3-9c87ca01f053,LadderGrinderBot_71,DE,Europe/Amsterdam,LadderGrinderBot,3,2,7,9,11,10,37,15,15,15,15,8,688,430293156,29960,40636000,3364304,15000,11800
ES Club 74,20,0f1755f5-458e-4abc-9e65-fb68a876d176,ConservativeBot_74,ES,Europe/Paris,ConservativeBot,3,2,10,10,11,9,39,15,15,15,11,10,687,394984576,29743,40606500,4457891,15000,12400
FR Club 72,20,097bbfea-3583-49a7-8998-464b288da9f6,SocialBot_72,FR,Europe/Warsaw,SocialBot,3,2,8,11,9,10,43,14,16,16,12,14,672,481655094,37870,40640700,4607709,15000,16700
IT Club 73,20,b3813095-e065-4e5d-92cf-24cf68c5c976,NewManagerBot_73,IT,Europe/Berlin,NewManagerBot,3,2,9,11,10,9,42,17,18,19,13,10,681,447809974,23610,41405700,8637659,15000,15060
NL Club 65,20,c17afd47-ce14-4754-9441-36ddb100e92e,LadderGrinderBot_65,NL,Europe/Amsterdam,LadderGrinderBot,3,2,1,12,12,6,42,13,13,13,12,12,671,464765992,31213,39893400,3618795,15000,14400
NL Club 75,20,37e480f2-8818-436e-b65b-9719795f9a20,AggressiveTraderBot_75,NL,Europe/Rome,AggressiveTraderBot,3,2,11,12,12,6,42,15,2,19,12,9,657,454817736,589,40594700,5864304,22300,22000
PL Club 66,20,1ffc700f-df07-4cb3-9160-c002853d225d,SocialBot_66,PL,Europe/Warsaw,SocialBot,3,2,2,12,12,6,42,15,15,15,8,11,667,474736872,38628,40586300,2961481,15000,14720
PL Club 76,20,b23385df-b985-4223-966b-add6e40c4be3,YouthFocusedBot_76,PL,Europe/Madrid,YouthFocusedBot,3,2,12,12,12,6,42,13,6,15,13,7,670,414861866,1753,39868500,5745816,21900,20900
PT Club 70,20,fdeb42be-2d98-4817-947d-eccd1ee9099a,YouthFocusedBot_70,PT,Europe/Madrid,YouthFocusedBot,3,2,6,26,0,4,82,15,6,16,15,10,684,455330874,631,41298900,5992970,21600,22300
PT Club 80,20,44926543-0b06-49c2-91a1-5fafc287f8a7,ConservativeBot_80,PT,Europe/Paris,ConservativeBot,3,2,16,9,16,5,32,17,17,17,16,9,660,560790631,25676,40733100,6136422,15000,15880
AT Club 87,20,2f971dd6-c49a-485d-a73e-15fac9f7acd5,AggressiveTraderBot_87,AT,Europe/Rome,AggressiveTraderBot,3,3,7,11,3,16,49,14,3,15,11,11,683,446853828,1035,39885900,9029140,22100,21400
BE Club 89,20,ede53099-d1e3-440c-9a6e-4495ec33968a,LadderGrinderBot_89,BE,Europe/Amsterdam,LadderGrinderBot,3,3,9,8,9,13,37,11,13,13,10,9,687,337551104,27778,35032500,6955062,15000,11600
CH Club 88,20,a72bb731-f3c7-4261-9ba2-8799e372245b,YouthFocusedBot_88,CH,Europe/Madrid,YouthFocusedBot,3,3,8,3,11,16,25,11,2,14,8,7,672,315144746,522,32196300,2621305,21600,21600
DE Club 81,20,b9db7abf-c9f8-47b8-94a5-8890b3ba7080,AggressiveTraderBot_81,DE,Europe/Rome,AggressiveTraderBot,3,3,1,15,9,6,51,14,6,16,13,13,660,432463872,209,39891600,7345745,22400,22600
DE Club 91,20,74592459-a7bb-4a79-9434-accb444c9ab0,NewManagerBot_91,DE,Europe/Berlin,NewManagerBot,3,3,11,25,0,5,80,11,12,14,12,13,685,403437580,33827,32251200,5794035,15000,13000
ES Club 84,20,5b65d8a2-6044-457f-826f-6063f988c48b,SocialBot_84,ES,Europe/Warsaw,SocialBot,3,3,4,13,7,10,49,12,12,12,12,10,682,450535795,48034,37880400,4377617,15000,10200
ES Club 94,20,7cc7d05c-edfd-47bb-8f42-12cd8431ba5e,YouthFocusedBot_94,ES,Europe/Madrid,YouthFocusedBot,3,3,14,9,11,10,37,14,6,16,11,15,662,404921621,988,40619600,6799849,21600,22600
FR Club 82,20,cbc044f2-2f89-425b-96a1-e137bdefe31f,YouthFocusedBot_82,FR,Europe/Madrid,YouthFocusedBot,3,3,2,9,15,6,33,17,4,17,10,8,662,476254342,668,40065000,3322994,21800,22600
FR Club 92,20,2d92d7ee-ce39-4bc5-aa23-2ca1043b3e8d,ConservativeBot_92,FR,Europe/Paris,ConservativeBot,3,3,12,0,25,5,5,15,15,15,15,9,647,398576468,35059,38813400,5102420,15000,12200
IT Club 83,20,de645a93-8bad-4e63-a444-7e0719816b72,LadderGrinderBot_83,IT,Europe/Amsterdam,LadderGrinderBot,3,3,3,7,13,10,31,8,19,20,6,11,667,262470083,20934,26525400,3406092,15000,15640
IT Club 93,20,75078879-532f-4145-bdba-11805f8bce9f,AggressiveTraderBot_93,IT,Europe/Rome,AggressiveTraderBot,3,3,13,11,9,10,43,1,6,10,3,3,686,-3615950,630,6863400,7256199,15500,17300
NL Club 85,20,84408bb9-0db2-4086-b1e8-c98e015aaa12,NewManagerBot_85,NL,Europe/Berlin,NewManagerBot,3,3,5,7,13,10,31,14,14,14,10,11,670,435462241,36056,40312500,6487547,15000,13200
NL Club 95,20,66572111-2ff4-451b-9150-8a7f66ca32c7,LadderGrinderBot_95,NL,Europe/Amsterdam,LadderGrinderBot,3,3,15,0,26,4,4,13,13,13,11,10,653,397276351,28178,36985800,4857692,15000,12200
PL Club 86,20,1a741654-624a-4807-9b41-9645185d7c8b,ConservativeBot_86,PL,Europe/Paris,ConservativeBot,3,3,6,13,7,10,49,12,16,16,15,11,658,352499430,39167,35059500,4726680,15000,10600
PL Club 96,20,23205a97-05fe-4e5b-bb68-2f34abd36882,SocialBot_96,PL,Europe/Warsaw,SocialBot,3,3,16,26,0,4,82,13,13,13,13,12,684,425454763,55036,37889400,6744956,15000,16360
PT Club 90,20,9fd8eec7-4860-48c6-9b0f-d3ac317b965f,SocialBot_90,PT,Europe/Warsaw,SocialBot,3,3,10,9,8,13,40,12,12,12,11,11,664,453886499,57401,37876800,3544044,15000,11200
