team_name,season,bot_id,manager_name,country_iso,time_zone,persona,tier,group,position,season_wins,season_losses,season_draws,season_points,stadium_level,vip_seats,sit_seats,stand_seats,training_center_level,office_level,fan_shop_level,parking_level,team_strength,money_balance,stars_balance,money_in,money_out,stars_in,stars_out
AT Club 7,1,786c663b-ff16-4c41-bb24-56c96612ccef,NewManagerBot_7,AT,Europe/Berlin,NewManagerBot,1,1,7,12,5,13,49,3,590,7750,9600,4,7,2,1,84,13339028,6453,20493900,7329435,15000,13120
BE Club 9,1,5e5b36ee-67dc-47c6-b0e2-65c5eb2315d1,AggressiveTraderBot_9,BE,Europe/Rome,AggressiveTraderBot,1,1,9,10,8,12,42,1,330,4250,5200,5,7,2,3,76,5254790,1188,11280600,6184271,22400,26400
CH Club 8,1,b027d720-ee06-4f8c-924d-112b01c3dc75,ConservativeBot_8,CH,Europe/Paris,ConservativeBot,1,1,8,5,12,13,28,2,460,6000,7400,5,7,3,2,81,11120613,5312,15899100,4936446,15000,14300
DE Club 1,1,c4352b81-1f7e-499c-89c0-9cba713e88d6,NewManagerBot_1,DE,Europe/Berlin,NewManagerBot,1,1,1,12,9,9,45,1,330,4250,5200,4,6,2,3,116,8207691,7326,11295600,3238915,15000,12720
DE Club 11,1,a3d40f57-d6ad-4b1a-b7de-2b0475cada0d,LadderGrinderBot_11,DE,Europe/Amsterdam,LadderGrinderBot,1,1,11,6,11,13,31,4,720,9500,11800,4,6,3,1,105,20057714,4341,25116900,5200695,15000,16520
ES Club 14,1,8b3acb80-1554-4a27-aa02-46fb3057deae,ConservativeBot_14,ES,Europe/Paris,ConservativeBot,1,1,14,8,7,15,39,3,590,7750,9600,6,8,4,3,118,14321844,9332,20504100,6346792,15000,11000
ES Club 4,1,85120ad2-7fa3-4217-8604-f29bf87884d3,YouthFocusedBot_4,ES,Europe/Madrid,YouthFocusedBot,1,1,4,7,14,9,30,4,720,9500,11800,2,7,1,1,85,18511902,1113,25093200,6741516,21500,25900
FR Club 12,1,c637d677-633e-4315-a0a6-f26a3751e2f8,SocialBot_12,FR,Europe/Warsaw,SocialBot,1,1,12,11,6,13,46,1,330,4250,5200,6,7,3,3,90,5155202,8345,11288700,6274062,15000,11000
FR Club 2,1,d7d3e20a-8306-409e-b6de-ae08adecd752,ConservativeBot_2,FR,Europe/Paris,ConservativeBot,1,1,2,9,12,9,36,1,330,4250,5200,4,9,3,3,98,5951775,6644,11281200,5452646,15000,12400
IT Club 13,1,4b5d9e92-69e7-4e2a-827d-96be5393e740,NewManagerBot_13,IT,Europe/Berlin,NewManagerBot,1,1,13,7,8,15,36,3,590,7750,9600,2,8,4,3,118,13107949,6597,20504100,7565015,15000,14200
IT Club 3,1,e5fadf32-ef6f-4b8b-9eb5-5dc8ad48463d,AggressiveTraderBot_3,IT,Europe/Rome,AggressiveTraderBot,1,1,3,14,7,9,51,2,460,6000,7400,5,5,1,2,76,11761835,130,15897900,4311864,21700,26300
NL Club 15,1,66ae8f2e-8ac4-4b98-8460-ffeaeb99340d,AggressiveTraderBot_15,NL,Europe/Rome,AggressiveTraderBot,1,1,15,11,12,7,40,1,330,4250,5200,5,6,1,2,95,1735473,1017,11275500,9680356,22100,26000
NL Club 5,1,a662f6ad-98fd-4a61-aaea-a0dc2437d9ea,LadderGrinderBot_5,NL,Europe/Amsterdam,LadderGrinderBot,1,1,5,25,0,5,80,2,460,6000,7400,6,5,2,2,116,13941665,7586,15906000,2136639,15000,12200
PL Club 16,1,b5bc0bf1-1de2-4d3d-b4b7-a4f62f93a9d6,YouthFocusedBot_16,PL,Europe/Madrid,YouthFocusedBot,1,1,16,12,11,7,43,3,590,7750,9600,4,6,2,1,118,16000439,-259,20493900,4668288,21300,26700
PL Club 6,1,ccb109de-ae0a-4c61-8908-682679edb582,SocialBot_6,PL,Europe/Warsaw,SocialBot,1,1,6,0,25,5,5,3,590,7750,9600,4,5,1,2,76,15740718,9157,20505300,4923894,15000,11800
PT Club 10,1,32c764f6-e8ba-4537-8e82-630aedd6593d,YouthFocusedBot_10,PT,Europe/Madrid,YouthFocusedBot,1,1,10,8,10,12,36,3,590,7750,9600,6,6,1,4,88,15277995,1142,20499300,5397355,21300,24900
AT Club 17,1,7f52514d-1425-4197-b719-69243e46b753,LadderGrinderBot_17,AT,Europe/Amsterdam,LadderGrinderBot,2,1,1,8,8,14,38,2,460,6000,7400,3,5,1,3,96,7750555,7207,12471000,4875673,15000,13140
AT Club 27,1,7603bc01-2726-424b-bcc5-6a07d8f22a39,AggressiveTraderBot_27,AT,Europe/Rome,AggressiveTraderBot,2,1,11,13,11,6,45,3,590,7750,9600,3,6,4,1,88,9827259,404,16092000,6429409,21700,26600
BE Club 19,1,ae8c2222-89be-4d68-896d-d63a3ce6914a,NewManagerBot_19,BE,Europe/Berlin,NewManagerBot,2,1,3,14,8,8,50,1,330,4250,5200,6,5,4,3,95,3842131,9230,8882100,5210758,15000,11200
BE Club 29,1,cabd4b9e-d4ce-4811-af3e-1ccf7e3c7954,LadderGrinderBot_29,BE,Europe/Amsterdam,LadderGrinderBot,2,1,13,8,9,13,37,3,590,7750,9600,2,8,2,4,110,9955780,6482,16066800,6245044,15000,13560
CH Club 18,1,62619cd8-64ad-40dc-9339-cb65538bc836,SocialBot_18,CH,Europe/Warsaw,SocialBot,2,1,2,8,8,14,38,3,590,7750,9600,3,8,2,1,114,11024630,6854,16053300,5185781,15000,12400
CH Club 28,1,ae2c9e5a-e2f0-40bb-a7b6-ec45eff6959f,YouthFocusedBot_28,CH,Europe/Madrid,YouthFocusedBot,2,1,12,11,13,6,39,2,460,6000,7400,5,5,1,3,75,7468432,698,12471000,5164260,21600,25300
DE Club 21,1,00f6fdb6-a2a1-40b2-a8dc-bbbfd111ed89,AggressiveTraderBot_21,DE,Europe/Rome,AggressiveTraderBot,2,1,5,13,10,7,46,3,590,7750,9600,3,5,1,1,108,9916769,1208,16075200,6305205,21800,24700
DE Club 31,1,6ad35c8c-cfdc-47d9-81ec-da8f25a09138,NewManagerBot_31,DE,Europe/Berlin,NewManagerBot,2,1,15,10,11,9,39,4,720,9500,11800,6,4,4,2,105,15127393,6024,19717200,4724193,15000,13200
ES Club 24,1,9e342374-8609-4a0e-8b3c-38f074072dfd,SocialBot_24,ES,Europe/Warsaw,SocialBot,2,1,8,9,10,11,38,1,330,4250,5200,3,6,2,2,77,3712214,8441,8853900,5275412,15000,11740
FR Club 22,1,673d69b5-669c-4786-9e06-d7aa63e589c6,YouthFocusedBot_22,FR,Europe/Madrid,YouthFocusedBot,2,1,6,10,13,7,37,1,330,4250,5200,6,5,2,1,87,6367901,699,8849400,2633309,21500,25100
FR Club 32,1,a908df90-2ca1-4aeb-90e5-14f9f8ec6ee9,ConservativeBot_32,FR,Europe/Paris,ConservativeBot,2,1,16,11,10,9,42,1,330,4250,5200,3,6,4,2,90,5449928,7769,8862600,3584106,15000,12140
IT Club 23,1,36b04951-ec86-4657-8847-b76a079db506,LadderGrinderBot_23,IT,Europe/Amsterdam,LadderGrinderBot,2,1,7,10,9,11,41,2,460,6000,7400,6,6,3,4,97,7480968,7613,12476700,5133068,15000,12400
NL Club 25,1,199d0dcf-02ce-4689-b524-4045b4b27001,NewManagerBot_25,NL,Europe/Berlin,NewManagerBot,2,1,9,10,5,15,45,1,330,4250,5200,6,6,3,2,79,4003609,6223,8854500,5009317,15000,13800
PL Club 26,1,2feac2a4-af37-4a38-83a4-381b3f97cf44,ConservativeBot_26,PL,Europe/Paris,ConservativeBot,2,1,10,5,10,15,30,4,720,9500,11800,4,8,1,1,95,14218948,7050,19665900,5619416,15000,13920
PT Club 20,1,5d15ac60-92b2-45c6-b41c-5320a627c958,ConservativeBot_20,PT,Europe/Paris,ConservativeBot,2,1,4,8,14,8,32,4,720,9500,11800,4,6,3,3,94,15962613,6076,19706100,3903283,15000,13320
PT Club 30,1,f62dc6ea-9823-4457-8131-87240bfd98eb,SocialBot_30,PT,Europe/Warsaw,SocialBot,2,1,14,9,8,13,40,3,590,7750,9600,4,7,2,1,115,9822069,6126,16068300,6387424,15000,12920
AT Club 37,1,b4a15045-0c9a-452e-995c-64c484d7be8a,NewManagerBot_37,AT,Europe/Berlin,NewManagerBot,2,2,5,7,7,16,37,1,330,4250,5200,6,5,2,1,82,4758393,8706,8856900,4271229,15000,11800
AT Club 47,1,3d798a50-1e8e-4633-b4e3-e034e3f3f967,LadderGrinderBot_47,AT,Europe/Amsterdam,LadderGrinderBot,2,2,15,12,7,11,47,3,590,7750,9600,2,9,3,3,106,12587713,6248,16070400,3613670,15000,14360
BE Club 39,1,bc3e1ffa-a7c5-4453-a010-a40c2e5624a4,AggressiveTraderBot_39,BE,Europe/Rome,AggressiveTraderBot,2,2,7,30,0,0,90,4,720,9500,11800,2,5,4,1,119,12943902,1615,19705200,6893386,22400,25400
CH Club 38,1,b06d0a6d-4efe-4488-b02e-6030ffbe434a,ConservativeBot_38,CH,Europe/Paris,ConservativeBot,2,2,6,7,7,16,37,2,460,6000,7400,3,9,1,1,78,7372052,5569,12432000,5200380,15000,14740
CH Club 48,1,5f2451f2-0668-4b60-98fc-bd64c9e6ae9c,SocialBot_48,CH,Europe/Warsaw,SocialBot,2,2,16,7,12,11,32,4,720,9500,11800,6,8,1,4,82,14524548,8511,19671900,5273481,15000,11000
DE Club 41,1,3dc92206-3813-4c42-9ab2-03e6bc0cb5f0,LadderGrinderBot_41,DE,Europe/Amsterdam,LadderGrinderBot,2,2,9,13,6,11,50,4,720,9500,11800,4,7,1,1,95,17087033,6984,19665900,2699925,15000,12720
ES Club 34,1,0f61cad3-969a-447b-b191-bcce5268cb56,YouthFocusedBot_34,ES,Europe/Madrid,YouthFocusedBot,2,2,2,28,0,2,86,3,590,7750,9600,2,8,2,1,109,13073272,1303,16053300,3153003,21700,24500
ES Club 44,1,2de1f101-2294-4ec7-bfa3-c5bdbaca453d,ConservativeBot_44,ES,Europe/Paris,ConservativeBot,2,2,12,8,13,9,33,2,460,6000,7400,6,8,1,3,108,6652846,8894,12441000,5908291,15000,11800
FR Club 42,1,17eab328-3e2a-4417-8362-83c387f0a589,SocialBot_42,FR,Europe/Warsaw,SocialBot,2,2,10,6,13,11,29,1,330,4250,5200,4,7,3,2,92,2836225,7562,8854500,6142859,15000,13120
IT Club 33,1,71dde067-d909-45a0-9bb0-df18d90431ec,AggressiveTraderBot_33,IT,Europe/Rome,AggressiveTraderBot,2,2,1,0,28,2,2,3,590,7750,9600,4,5,1,1,76,9113023,-97,16067700,7109047,22200,27100
IT Club 43,1,5e5ccef4-48ac-4d30-9573-c00f09609456,NewManagerBot_43,IT,Europe/Berlin,NewManagerBot,2,2,11,13,8,9,48,2,460,6000,7400,2,8,4,4,105,9321380,7011,12469800,3293077,15000,13560
NL Club 35,1,574d2ace-d632-4ab4-8fa2-97312a573816,LadderGrinderBot_35,NL,Europe/Amsterdam,LadderGrinderBot,2,2,3,14,5,11,53,2,460,6000,7400,3,5,2,2,88,8965629,6951,12467100,3676717,15000,13540
NL Club 45,1,163c7072-c34e-4c0d-9f40-7b8e9a45647a,AggressiveTraderBot_45,NL,Europe/Rome,AggressiveTraderBot,2,2,13,0,27,3,3,3,590,7750,9600,4,5,4,4,78,9389355,359,16105500,6878099,22100,27100
PL Club 36,1,bb4788ca-e910-463c-b118-fbeac8715be0,SocialBot_36,PL,Europe/Warsaw,SocialBot,2,2,4,5,14,11,26,2,460,6000,7400,4,7,1,1,107,7170219,8458,12439500,5401485,15000,11000
PL Club 46,1,a7bbebd6-3fec-4035-b689-71f25c252a5c,YouthFocusedBot_46,PL,Europe/Madrid,YouthFocusedBot,2,2,14,27,0,3,84,1,330,4250,5200,5,8,1,3,114,2448132,745,8835300,6531582,21500,24900
PT Club 40,1,90bbdc53-2250-451e-b664-bde75ab9f11a,YouthFocusedBot_40,PT,Europe/Madrid,YouthFocusedBot,2,2,8,0,30,0,0,4,720,9500,11800,4,6,3,3,76,14900061,1113,19706100,4968119,21800,26300
AT Club 57,1,cdcabf4f-833f-48bf-845c-863511efb2a4,AggressiveTraderBot_57,AT,Europe/Rome,AggressiveTraderBot,2,3,9,11,7,12,45,3,590,7750,9600,3,7,4,4,100,10052390,444,16090500,6216205,21800,25400
BE Club 49,1,835ead42-51b0-46e8-aa8c-69f7496fc677,NewManagerBot_49,BE,Europe/Berlin,NewManagerBot,2,3,1,10,12,8,38,4,720,9500,11800,4,6,3,1,95,15999892,6680,19697100,3828231,15000,13320
BE Club 59,1,3ce2d0b5-9834-4f9d-aca0-2d05a4acfa32,LadderGrinderBot_59,BE,Europe/Amsterdam,LadderGrinderBot,2,3,11,24,0,6,78,2,460,6000,7400,2,5,1,3,118,8954671,8892,12463500,3666968,15000,11560
CH Club 58,1,8ec3792b-7f3a-4055-ba8b-3e90217e5a4e,YouthFocusedBot_58,CH,Europe/Madrid,YouthFocusedBot,2,3,10,7,11,12,33,3,590,7750,9600,5,7,3,4,78,11094091,1209,16082400,5155504,21300,25200
DE Club 51,1,348cf306-9bd1-412e-a9f9-2271d6198998,AggressiveTraderBot_51,DE,Europe/Rome,AggressiveTraderBot,2,3,3,14,6,10,52,4,720,9500,11800,3,8,1,1,109,13612994,1849,19658400,6172741,22100,25100
DE Club 61,1,ab2e3ad3-cf83-422e-8ff6-9df1784e3d15,NewManagerBot_61,DE,Europe/Berlin,NewManagerBot,2,3,13,26,0,4,82,4,720,9500,11800,3,7,4,2,115,13969324,7313,19694700,5867988,15000,13140
ES Club 54,1,6c8267d4-9ca5-4085-ba61-1012fc29b3bb,SocialBot_54,ES,Europe/Warsaw,SocialBot,2,3,6,6,11,13,31,2,460,6000,7400,6,8,4,1,86,7602895,3751,12463800,4981792,15000,15280
ES Club 64,1,20ac27c2-f80e-4cfd-8f92-415bb8148245,YouthFocusedBot_64,ES,Europe/Madrid,YouthFocusedBot,2,3,16,11,14,5,38,1,330,4250,5200,6,6,4,2,109,6823113,1477,8862600,2176221,21400,25300
FR Club 52,1,64c2c870-4cd1-4757-a3a5-44b6c9811f67,YouthFocusedBot_52,FR,Europe/Madrid,YouthFocusedBot,2,3,4,6,14,10,28,1,330,4250,5200,6,5,3,4,95,2803344,374,8871000,6244038,21500,26300
FR Club 62,1,f24edcd9-ec85-45dc-a843-7ffe73560a01,ConservativeBot_62,FR,Europe/Paris,ConservativeBot,2,3,14,0,26,4,4,2,460,6000,7400,5,5,3,1,79,7346537,7099,12478200,5260157,15000,12800
IT Club 53,1,d62fac56-1029-4f52-96f0-afda254d62bd,LadderGrinderBot_53,IT,Europe/Amsterdam,LadderGrinderBot,2,3,5,11,6,13,46,4,720,9500,11800,3,7,3,3,108,12966103,5840,19698600,6861131,15000,13400
IT Club 63,1,e40c8e5f-6802-45ea-a6ba-f4d271c91904,AggressiveTraderBot_63,IT,Europe/Rome,AggressiveTraderBot,2,3,15,14,11,5,47,3,590,7750,9600,4,7,4,2,117,8615155,883,16089000,7631125,21900,25400
NL Club 55,1,d599d6f9-83d6-4dd5-aa33-26c62bc02dbb,NewManagerBot_55,NL,Europe/Berlin,NewManagerBot,2,3,7,11,11,8,41,3,590,7750,9600,6,8,3,2,94,9723235,5178,16073400,6501919,15000,14280
PL Club 56,1,bf2c47e6-76b3-42cd-b86e-a8e479e60804,ConservativeBot_56,PL,Europe/Paris,ConservativeBot,2,3,8,11,11,8,41,3,590,7750,9600,2,4,2,3,84,11818954,7230,16092300,4396558,15000,12560
PT Club 50,1,c8deae6a-242d-46ce-800d-5a4390ba8fc3,ConservativeBot_50,PT,Europe/Paris,ConservativeBot,2,3,2,12,10,8,44,1,330,4250,5200,2,4,2,2,79,7718458,6176,8861400,1308555,15000,13960
PT Club 60,1,60f577ef-d7cb-43ee-9c2b-5c18844d2f03,SocialBot_60,PT,Europe/Warsaw,SocialBot,2,3,12,0,24,6,6,2,460,6000,7400,2,8,2,4,75,5258134,7835,12461100,7367320,15000,12800
AT Club 67,1,611ce365-1847-4d8e-8c43-9d9c8dd1fb74,NewManagerBot_67,AT,Europe/Berlin,NewManagerBot,2,4,3,10,7,13,43,2,460,6000,7400,5,6,4,3,97,6598840,6088,12480300,6027908,15000,14300
AT Club 77,1,a09cbe08-d33b-492c-8eac-8a985fe5293b,LadderGrinderBot_77,AT,Europe/Amsterdam,LadderGrinderBot,2,4,13,10,12,8,38,3,590,7750,9600,2,5,2,4,99,12224512,8037,16089300,3996443,15000,12360
BE Club 69,1,4a4ce3d8-58ff-45ab-876c-0acc4458bd2e,AggressiveTraderBot_69,BE,Europe/Rome,AggressiveTraderBot,2,4,5,16,4,10,58,1,330,4250,5200,6,5,3,3,109,2665204,967,8874000,6367501,22100,26700
BE Club 79,1,050eab06-a8b8-44b4-b7bd-978fb2972ef7,NewManagerBot_79,BE,Europe/Berlin,NewManagerBot,2,4,15,6,7,17,35,2,460,6000,7400,2,9,3,1,90,5233905,7974,12448200,7368231,15000,11400
CH Club 68,1,fb90b587-dadf-49bd-9ace-7d8da42b9389,ConservativeBot_68,CH,Europe/Paris,ConservativeBot,2,4,4,7,10,13,34,3,590,7750,9600,3,4,3,3,82,12308050,7487,16100400,3912682,15000,12340
CH Club 78,1,60be413e-022e-4268-8258-e2194f43454e,SocialBot_78,CH,Europe/Warsaw,SocialBot,2,4,14,12,10,8,44,4,720,9500,11800,4,8,1,4,113,17671316,9125,19671900,2147316,15000,11200
DE Club 71,1,2c4a53fa-60af-49ce-a743-ec79a51856ba,LadderGrinderBot_71,DE,Europe/Amsterdam,LadderGrinderBot,2,4,7,9,8,13,40,2,460,6000,7400,3,8,4,1,84,5933801,4815,12463800,6680770,15000,14940
ES Club 74,1,40cc7e01-3f6b-473e-b0f3-785115d6b7d5,ConservativeBot_74,ES,Europe/Paris,ConservativeBot,2,4,10,14,6,10,52,4,720,9500,11800,3,7,3,4,97,15683117,7941,19703100,4178828,15000,11600
FR Club 72,1,6eb1e349-53a1-43a2-82a9-8bcd0ced166c,SocialBot_72,FR,Europe/Warsaw,SocialBot,2,4,8,8,9,13,37,3,590,7750,9600,5,5,2,2,101,10929374,9484,16087800,5315418,15000,10800
IT Club 73,1,a5c71d17-12f8-4cdd-a0e0-181abab6a3e1,NewManagerBot_73,IT,Europe/Berlin,NewManagerBot,2,4,9,6,14,10,28,3,590,7750,9600,6,6,1,1,93,11192856,6594,16060200,5034817,15000,14400
NL Club 65,1,e1c26246-8404-4632-9dab-aade113a28eb,LadderGrinderBot_65,NL,Europe/Amsterdam,LadderGrinderBot,2,4,1,28,0,2,86,1,330,4250,5200,6,4,1,3,110,5288454,9221,8857800,3742143,15000,11400
NL Club 75,1,d745c013-0091-4430-ba89-8e45aa15aec5,AggressiveTraderBot_75,NL,Europe/Rome,AggressiveTraderBot,2,4,11,7,16,7,28,4,720,9500,11800,5,6,1,4,105,12707788,1725,19686900,7157243,22300,26500
PL Club 66,1,046ea3ba-9a18-466f-82c9-69395045c2ad,SocialBot_66,PL,Europe/Warsaw,SocialBot,2,4,2,0,28,2,2,3,590,7750,9600,4,6,2,1,79,11594565,6889,16075800,4658254,15000,12920
PL Club 76,1,ce73b2b1-9524-46ff-87e0-ee5423995657,YouthFocusedBot_76,PL,Europe/Madrid,YouthFocusedBot,2,4,12,16,7,7,55,4,720,9500,11800,3,5,4,4,114,14048948,1373,19726200,5838993,21700,26100
PT Club 70,1,8ed79a7e-dfc8-4dc6-b3b4-c972b561ddeb,YouthFocusedBot_70,PT,Europe/Madrid,YouthFocusedBot,2,4,6,4,16,10,22,4,720,9500,11800,3,5,1,4,81,16350271,925,19694400,3522155,21200,24300
PT Club 80,1,662d1daa-cb50-4e3d-9658-df500ce809e4,ConservativeBot_80,PT,Europe/Paris,ConservativeBot,2,4,16,7,6,17,38,3,590,7750,9600,4,8,2,1,75,11071269,6899,16060800,5126096,15000,12800
AT Club 87,1,e7ee539b-b81c-457f-a4bc-963b97e6fd1c,AggressiveTraderBot_87,AT,Europe/Rome,AggressiveTraderBot,2,5,7,13,9,8,47,2,460,6000,7400,3,6,2,4,88,6028341,61,12476100,6619132,22100,26600
BE Club 89,1,ea4a2c63-09b1-4080-9bad-21b8a4498cb5,LadderGrinderBot_89,BE,Europe/Amsterdam,LadderGrinderBot,2,5,9,12,7,11,47,2,460,6000,7400,6,9,2,1,102,8356508,6588,12440100,4247483,15000,13480
CH Club 88,1,c529d1a9-ede4-46cc-b0e1-12e2dd244af0,YouthFocusedBot_88,CH,Europe/Madrid,YouthFocusedBot,2,5,8,9,13,8,35,3,590,7750,9600,4,5,3,2,104,10682631,1676,16088400,5573955,21700,25300
DE Club 81,1,0f19654f-f97f-4671-99ff-ea4cd47d453f,AggressiveTraderBot_81,DE,Europe/Rome,AggressiveTraderBot,2,5,1,11,12,7,40,2,460,6000,7400,5,9,2,1,80,5214443,166,12440100,7402886,22300,27500
DE Club 91,1,f236e20e-c5da-4b23-b5ef-cb3cab31feae,NewManagerBot_91,DE,Europe/Berlin,NewManagerBot,2,5,11,12,10,8,44,2,460,6000,7400,6,6,2,3,97,9130341,8327,12464100,3508082,15000,12200
ES Club 84,1,dc1e25b8-c625-4f27-81da-67d2b8ba9507,SocialBot_84,ES,Europe/Warsaw,SocialBot,2,5,4,11,9,10,43,4,720,9500,11800,6,8,2,4,94,14275666,4539,19680000,5574585,15000,14680
ES Club 94,1,4aa1ccda-3a1d-4a25-a762-49aff917ed9b,YouthFocusedBot_94,ES,Europe/Madrid,YouthFocusedBot,2,5,14,12,6,12,48,3,590,7750,9600,3,6,1,3,96,11137483,1190,16069200,5086099,21300,25900
FR Club 82,1,c6df28d8-1bf8-4dde-9c82-0b6372716413,YouthFocusedBot_82,FR,Europe/Madrid,YouthFocusedBot,2,5,2,12,11,7,43,1,330,4250,5200,5,8,3,4,75,3641544,546,8848500,5333427,21800,26500
FR Club 92,1,deb7446a-622e-4d65-be4a-05788e9559f6,ConservativeBot_92,FR,Europe/Paris,ConservativeBot,2,5,12,10,12,8,38,2,460,6000,7400,3,5,2,3,114,9808350,6389,12471600,2836850,15000,13540
IT Club 83,1,3c825427-b8e4-4de6-a788-3e40683226c6,LadderGrinderBot_83,IT,Europe/Amsterdam,LadderGrinderBot,2,5,3,9,11,10,37,1,330,4250,5200,6,8,4,4,113,3241460,6595,8864100,5779639,15000,13680
IT Club 93,1,06cdf872-b9ab-4e31-bc56-7fe198747b80,AggressiveTraderBot_93,IT,Europe/Rome,AggressiveTraderBot,2,5,13,6,12,12,30,2,460,6000,7400,4,9,3,2,98,4720234,510,12452700,7866662,22100,26500
NL Club 85,1,704c9670-99e6-42ee-820e-3cf20369bec1,NewManagerBot_85,NL,Europe/Berlin,NewManagerBot,2,5,5,13,9,8,47,2,460,6000,7400,6,5,2,3,118,6797567,8882,12479100,5857529,15000,11600
NL Club 95,1,1aad108e-69ce-4f6f-8f02-db5ddf2e8e52,LadderGrinderBot_95,NL,Europe/Amsterdam,LadderGrinderBot,2,5,15,6,11,13,31,4,720,9500,11800,4,6,1,4,90,15905795,4381,19686900,3929306,15000,15120
PL Club 86,1,e1abc38d-aa6c-4f3c-b826-7fab58373e1f,ConservativeBot_86,PL,Europe/Paris,ConservativeBot,2,5,6,9,13,8,35,1,330,4250,5200,4,4,4,4,113,5982055,7710,8886600,3025468,15000,11600
PL Club 96,1,ef7a53d4-cc9a-4c20-ac9d-f7c70917fd7f,SocialBot_96,PL,Europe/Warsaw,SocialBot,2,5,16,11,6,13,46,4,720,9500,11800,6,5,4,1,108,14043567,9424,19712700,5835785,15000,10600
PT Club 90,1,abd77e3b-565e-4a11-8f39-54f034800296,SocialBot_90,PT,Europe/Warsaw,SocialBot,2,5,10,7,12,11,32,4,720,9500,11800,5,6,3,2,93,15120185,6390,19701600,4758196,15000,12700
AT Club 107,1,b8cbcad1-6155-4e67-bb28-3941ecf4f0bc,LadderGrinderBot_107,AT,Europe/Amsterdam,LadderGrinderBot,3,1,11,9,11,10,37,1,330,4250,5200,2,8,1,4,98,2301876,7724,6866700,4687064,15000,12960
AT Club 97,1,618ea146-3ba0-4ae0-b788-e4dafedba22b,NewManagerBot_97,AT,Europe/Berlin,NewManagerBot,3,1,1,6,9,15,33,2,460,6000,7400,4,8,3,3,90,4334293,7690,9697500,5534731,15000,13200
BE Club 109,1,585a27c8-a1a4-461b-8a09-9e95f6342f27,NewManagerBot_109,BE,Europe/Berlin,NewManagerBot,3,1,13,12,9,9,45,2,460,6000,7400,5,5,2,1,88,6930067,7982,9695400,2918072,15000,12000
BE Club 99,1,133ca065-3a25-49f7-9432-74ac3d3c0a4c,AggressiveTraderBot_99,BE,Europe/Rome,AggressiveTraderBot,3,1,3,8,12,10,34,3,590,7750,9600,4,4,4,2,79,7188737,501,12535200,5490312,22400,26500
CH Club 108,1,2b027f11-de59-420a-b7d0-ef5d314a04fa,SocialBot_108,CH,Europe/Warsaw,SocialBot,3,1,12,11,9,10,43,1,330,4250,5200,4,4,4,4,97,3778204,5675,6921000,3293629,15000,13600
CH Club 98,1,30333bdd-d11e-4e52-986b-c6fbd073b7a1,ConservativeBot_98,CH,Europe/Paris,ConservativeBot,3,1,2,9,6,15,42,2,460,6000,7400,4,6,1,3,94,5153565,5676,9688800,4659491,15000,14320
DE Club 101,1,2cf51899-9887-42fc-903b-967ec3d1967a,LadderGrinderBot_101,DE,Europe/Amsterdam,LadderGrinderBot,3,1,5,13,10,7,46,3,590,7750,9600,5,7,3,3,102,8135701,5716,12509100,4512814,15000,14700
DE Club 111,1,805596ae-c0b3-4c48-bba3-a6d4f8a1aa71,AggressiveTraderBot_111,DE,Europe/Rome,AggressiveTraderBot,3,1,15,10,10,10,40,3,590,7750,9600,4,7,4,4,78,4811813,426,12521700,7857079,21800,26800
ES Club 104,1,72bd9a26-2e8d-480e-923d-7596f6d7f0f4,ConservativeBot_104,ES,Europe/Paris,ConservativeBot,3,1,8,12,8,10,46,2,460,6000,7400,6,8,3,1,95,2660369,4736,9688500,7148636,15000,14680
FR Club 102,1,1057bce7-2dbd-4e33-bbce-6cd6f9e1f38b,SocialBot_102,FR,Europe/Warsaw,SocialBot,3,1,6,10,13,7,37,3,590,7750,9600,2,7,2,2,99,9094458,8996,12496500,3570653,15000,12000
FR Club 112,1,a15b6a0b-37cb-4a21-ae23-4b81fd31f3b6,YouthFocusedBot_112,FR,Europe/Madrid,YouthFocusedBot,3,1,16,10,10,10,40,2,460,6000,7400,3,7,3,1,90,7842347,113,9696000,2019652,21600,26000
IT Club 103,1,60f61091-88a8-41c4-8e14-7f15e8d04cfc,NewManagerBot_103,IT,Europe/Berlin,NewManagerBot,3,1,7,8,12,10,34,4,720,9500,11800,2,6,3,3,100,11020697,8195,15335700,4456061,15000,11000
NL Club 105,1,bee987f7-96fc-4ca3-aa1e-883868a97f56,AggressiveTraderBot_105,NL,Europe/Rome,AggressiveTraderBot,3,1,9,11,8,11,44,1,330,4250,5200,5,7,2,4,96,-775863,1448,6882300,7816732,18900,23400
PL Club 106,1,4e4c2586-f2ba-40ab-9ac3-3378ba751f49,YouthFocusedBot_106,PL,Europe/Madrid,YouthFocusedBot,3,1,10,8,11,11,35,4,720,9500,11800,3,7,1,2,92,10685087,1117,15307500,4759132,21300,24800
PT Club 100,1,8f2ff8e9-cfad-4c42-acf9-23f4ace61979,YouthFocusedBot_100,PT,Europe/Madrid,YouthFocusedBot,3,1,4,12,8,10,46,3,590,7750,9600,3,6,4,2,92,7893122,1581,12520200,4773581,21100,24100
PT Club 110,1,18c26668-2250-45ff-bd3f-841825eff91c,ConservativeBot_110,PT,Europe/Paris,ConservativeBot,3,1,14,9,12,9,36,1,330,4250,5200,5,5,2,1,104,3209723,8984,6883800,3854009,15000,11000
AT Club 117,1,e6ca718d-1ead-4b7e-a9ac-c0ca863c7f73,AggressiveTraderBot_117,AT,Europe/Rome,AggressiveTraderBot,3,2,5,13,11,6,45,2,460,6000,7400,4,9,4,4,97,1244961,577,9702600,8604909,22300,27500
AT Club 127,1,d8a4463c-3898-4480-9e43-1ed7f1346e27,NewManagerBot_127,AT,Europe/Berlin,NewManagerBot,3,2,15,11,11,8,41,3,590,7750,9600,3,8,4,4,75,9532277,8604,12521700,3149471,15000,11600
BE Club 119,1,01f3fc7b-ecc8-4da8-a134-205f5b0cc3be,LadderGrinderBot_119,BE,Europe/Amsterdam,LadderGrinderBot,3,2,7,12,11,7,43,2,460,6000,7400,6,9,1,3,94,4871913,9243,9673800,4927836,15000,11200
CH Club 118,1,7483179c-ed57-4cee-a179-14c5a6ba9c62,YouthFocusedBot_118,CH,Europe/Madrid,YouthFocusedBot,3,2,6,11,13,6,39,3,590,7750,9600,5,8,4,2,83,8133324,303,12512700,4553579,21200,26500
CH Club 128,1,bc14cf8f-78a7-4317-85fe-85b18d67f9b6,ConservativeBot_128,CH,Europe/Paris,ConservativeBot,3,2,16,11,11,8,41,3,590,7750,9600,4,4,4,3,81,7370370,8409,12539700,5343824,15000,11000
DE Club 121,1,1b250786-6d20-48be-abfc-65bb8adb920a,NewManagerBot_121,DE,Europe/Berlin,NewManagerBot,3,2,9,8,13,9,33,2,460,6000,7400,5,7,3,1,104,6479556,9358,9696000,3347284,15000,10600
ES Club 114,1,f3c2e9c0-a82f-4e00-a062-05a6ec4fb90b,SocialBot_114,ES,Europe/Warsaw,SocialBot,3,2,2,15,7,8,53,1,330,4250,5200,4,6,2,3,107,4311093,6158,6892800,2707015,15000,13520
ES Club 124,1,2ee52a8c-67ce-4898-a8c0-76a6418d21d0,YouthFocusedBot_124,ES,Europe/Madrid,YouthFocusedBot,3,2,12,10,14,6,36,3,590,7750,9600,5,9,4,1,101,6137944,-42,12500700,6534719,21600,25900
FR Club 122,1,7313cd66-e9c4-4710-a0ac-2423670ab347,ConservativeBot_122,FR,Europe/Paris,ConservativeBot,3,2,10,13,8,9,48,2,460,6000,7400,6,6,2,2,116,6002856,7804,9699900,3842599,15000,11600
IT Club 113,1,bb665cdd-dee0-487f-ace1-d75d7ebff188,LadderGrinderBot_113,IT,Europe/Amsterdam,LadderGrinderBot,3,2,1,7,15,8,29,1,330,4250,5200,3,5,2,2,113,1583461,6916,6895800,5434790,15000,12400
IT Club 123,1,abd03c1f-5074-48bf-a143-bd17d4591bea,AggressiveTraderBot_123,IT,Europe/Rome,AggressiveTraderBot,3,2,11,14,10,6,48,3,590,7750,9600,6,5,4,1,116,6199885,-161,12523200,6493628,22100,27100
NL Club 115,1,93ce46a1-63e0-4b09-9eda-9aac2e3dc1e6,NewManagerBot_115,NL,Europe/Berlin,NewManagerBot,3,2,3,24,0,6,78,1,330,4250,5200,3,5,1,4,119,2383220,6611,6896700,4691216,15000,13140
NL Club 125,1,20c0ee5d-34d1-4bc2-9c86-8e8b91513228,LadderGrinderBot_125,NL,Europe/Amsterdam,LadderGrinderBot,3,2,13,9,15,6,33,4,720,9500,11800,3,6,2,4,99,9336784,6680,15324600,6113840,15000,12340
PL Club 116,1,47e4d6c7-4684-40ef-b555-2bf2bf45480b,ConservativeBot_116,PL,Europe/Paris,ConservativeBot,3,2,4,0,24,6,6,4,720,9500,11800,3,8,2,1,77,11051389,3631,15303600,4419561,15000,15540
PL Club 126,1,6311e709-b24e-4646-bc1b-16eb6e9a704c,SocialBot_126,PL,Europe/Warsaw,SocialBot,3,2,14,15,9,6,51,3,590,7750,9600,3,8,2,3,93,4762910,8921,12501000,7862022,15000,10800
PT Club 120,1,9e07ec54-6e86-4cb6-98b1-235b6a352569,SocialBot_120,PT,Europe/Warsaw,SocialBot,3,2,8,11,12,7,40,3,590,7750,9600,4,5,3,3,87,6842055,8138,12524100,5817654,15000,12720
AT Club 137,1,a2c2667c-93d8-4cee-835d-eb187ab094d2,LadderGrinderBot_137,AT,Europe/Amsterdam,LadderGrinderBot,3,3,9,10,7,13,43,4,720,9500,11800,6,6,1,1,78,8971215,8682,15310500,6505900,15000,11800
BE Club 129,1,7cdc5c78-c824-4981-ac60-c065a701c67b,AggressiveTraderBot_129,BE,Europe/Rome,AggressiveTraderBot,3,3,1,9,11,10,37,1,330,4250,5200,4,8,4,1,97,1117410,183,6877500,5889443,22100,26400
BE Club 139,1,cbf7970c-2f1d-418a-833e-0535364ed689,NewManagerBot_139,BE,Europe/Berlin,NewManagerBot,3,3,11,22,3,5,71,1,330,4250,5200,4,8,4,2,117,2208153,6084,6882000,4796788,15000,13920
CH Club 138,1,492508a8-01fb-4638-a96f-6f75549dc1e0,SocialBot_138,CH,Europe/Warsaw,SocialBot,3,3,10,7,10,13,34,4,720,9500,11800,2,6,4,1,90,9404499,5701,15334800,6055902,15000,13560
DE Club 131,1,cfde46e7-93d7-47c5-bd87-009d21bd1d4f,LadderGrinderBot_131,DE,Europe/Amsterdam,LadderGrinderBot,3,3,3,5,13,12,27,2,460,6000,7400,4,4,3,2,117,4741740,8508,9715500,5137246,15000,12000
DE Club 141,1,7e1cd9ae-3a02-4cdd-91cf-3f233a94490c,AggressiveTraderBot_141,DE,Europe/Rome,AggressiveTraderBot,3,3,13,10,7,13,43,4,720,9500,11800,6,9,4,2,76,9889108,344,15316800,5577918,21800,26900
ES Club 134,1,5c8a1607-1688-40dc-922b-9eb09c33893d,ConservativeBot_134,ES,Europe/Paris,ConservativeBot,3,3,6,12,6,12,48,2,460,6000,7400,3,8,3,2,109,5444866,7610,9685500,4380122,15000,12740
ES Club 144,1,b58e2ae3-cb5e-4291-8508-631ece4472c7,SocialBot_144,ES,Europe/Warsaw,SocialBot,3,3,16,10,12,8,38,2,460,6000,7400,5,5,4,1,107,4629626,8147,9719100,5251566,15000,12000
FR Club 132,1,205ec8dd-1081-4b46-9932-30787b94390e,SocialBot_132,FR,Europe/Warsaw,SocialBot,3,3,4,13,5,12,51,3,590,7750,9600,3,5,3,4,118,9998485,8300,12536100,2687331,15000,11800
FR Club 142,1,60096c04-5158-4a2f-8934-81a7b1f99149,YouthFocusedBot_142,FR,Europe/Madrid,YouthFocusedBot,3,3,14,7,10,13,34,2,460,6000,7400,2,8,1,1,99,6207442,640,9672300,3630978,21400,26700
IT Club 133,1,964149c1-5c4d-4fc5-a66f-ed386181abe4,NewManagerBot_133,IT,Europe/Berlin,NewManagerBot,3,3,5,6,12,12,30,1,330,4250,5200,4,5,3,4,101,2085377,8787,6905400,4988492,15000,11400
IT Club 143,1,a76986a8-37f4-48c8-b95e-8207314d2b86,LadderGrinderBot_143,IT,Europe/Amsterdam,LadderGrinderBot,3,3,15,12,10,8,44,1,330,4250,5200,2,6,3,2,107,2432610,9343,6888900,4583039,15000,10600
NL Club 135,1,38443355-2c1c-4a4e-814d-b0fee917c753,AggressiveTraderBot_135,NL,Europe/Rome,AggressiveTraderBot,3,3,7,14,7,9,51,2,460,6000,7400,2,5,2,2,79,4845134,1893,9707400,5037176,22000,24700
PL Club 136,1,70f861f6-8a3e-42c4-8761-6ac90a75e15b,YouthFocusedBot_136,PL,Europe/Madrid,YouthFocusedBot,3,3,8,7,14,9,30,1,330,4250,5200,2,5,3,1,84,1749906,744,6891900,5272714,21400,26500
PT Club 130,1,7145701e-f8bd-42d6-9d35-945927b2a810,YouthFocusedBot_130,PT,Europe/Madrid,YouthFocusedBot,3,3,2,11,9,10,43,2,460,6000,7400,4,4,2,1,114,3943746,490,9702900,5908534,21800,26100
PT Club 140,1,9694c29c-f247-42b8-8997-0f26d442b2e2,ConservativeBot_140,PT,Europe/Paris,ConservativeBot,3,3,12,3,22,5,14,2,460,6000,7400,4,8,3,1,92,5250497,7062,9688500,4573578,15000,12320
AT Club 147,1,5aa85c20-0519-4beb-9fb9-6708f96e84af,AggressiveTraderBot_147,AT,Europe/Rome,AggressiveTraderBot,3,4,3,9,12,9,36,2,460,6000,7400,4,8,4,4,82,2051368,48,9710100,7817818,22300,27000
AT Club 157,1,f4ac4c0c-9b24-42ea-b416-093b9beedc65,NewManagerBot_157,AT,Europe/Berlin,NewManagerBot,3,4,13,9,14,7,34,3,590,7750,9600,6,5,2,4,95,9470211,7569,12528000,3207277,15000,11600
BE Club 149,1,5c2c6a66-57ac-498b-bc72-22c94ceb72c0,LadderGrinderBot_149,BE,Europe/Amsterdam,LadderGrinderBot,3,4,5,26,0,4,82,2,460,6000,7400,5,6,1,1,116,3776841,6917,9679800,6048882,15000,13300
BE Club 159,1,89fdfe3e-2d80-4f2c-802c-d017187d79e5,AggressiveTraderBot_159,BE,Europe/Rome,AggressiveTraderBot,3,4,15,13,11,6,45,4,720,9500,11800,2,5,2,2,78,10036046,760,15330600,5462635,22000,26400
CH Club 148,1,e8de3063-9c5f-45ba-a477-473c7f9d2f1f,YouthFocusedBot_148,CH,Europe/Madrid,YouthFocusedBot,3,4,4,12,9,9,45,1,330,4250,5200,3,5,4,2,87,2481413,-247,6904500,4546398,21600,26900
CH Club 158,1,dba3e857-0f27-467a-be50-c17b79e0ec65,ConservativeBot_158,CH,Europe/Paris,ConservativeBot,3,4,14,14,9,7,49,4,720,9500,11800,2,7,3,3,111,11586927,6217,15328200,3861694,15000,14560
DE Club 151,1,92e8c246-dee3-4b60-9297-90ca4f6edddc,NewManagerBot_151,DE,Europe/Berlin,NewManagerBot,3,4,7,15,8,7,52,2,460,6000,7400,5,4,1,4,81,6929536,8136,9708300,2915978,15000,12800
ES Club 154,1,628d4312-db8c-4ba9-993b-6015197c410a,YouthFocusedBot_154,ES,Europe/Madrid,YouthFocusedBot,3,4,10,11,7,12,45,1,330,4250,5200,3,4,2,2,102,2005458,1622,6895800,5038171,21300,23700
FR Club 152,1,4db15fa0-a26a-406e-8618-00b01f0dd73d,ConservativeBot_152,FR,Europe/Paris,ConservativeBot,3,4,8,8,15,7,31,1,330,4250,5200,4,6,1,3,97,2613557,6359,6884700,4407946,15000,13920
IT Club 153,1,5b71faac-8f2c-4285-b064-1e9ce698a595,AggressiveTraderBot_153,IT,Europe/Rome,AggressiveTraderBot,3,4,9,7,11,12,33,4,720,9500,11800,3,6,4,3,105,6457207,579,15343800,9009672,22200,26800
NL Club 145,1,e75ee1c8-dc6c-4103-ab66-7fab1c96e63c,NewManagerBot_145,NL,Europe/Berlin,NewManagerBot,3,4,1,8,11,11,35,3,590,7750,9600,3,6,1,4,119,6762425,5882,12512400,5926145,15000,14140
NL Club 155,1,8dd2028f-36e1-4e26-b433-e847bc872591,LadderGrinderBot_155,NL,Europe/Amsterdam,LadderGrinderBot,3,4,11,9,11,10,37,3,590,7750,9600,3,8,4,3,94,5221830,8566,12517200,7453099,15000,11400
PL Club 146,1,498d2e73-5d20-4a36-9099-e2ad585d8017,ConservativeBot_146,PL,Europe/Paris,ConservativeBot,3,4,2,11,8,11,44,3,590,7750,9600,5,7,2,2,113,7046253,5529,12496500,5626559,15000,14100
PL Club 156,1,a2e491fa-c50d-4485-ad90-4aff165f8c3b,SocialBot_156,PL,Europe/Warsaw,SocialBot,3,4,12,11,9,10,43,4,720,9500,11800,6,8,1,4,85,9795831,8809,15309000,5638923,15000,10800
PT Club 150,1,53c31711-ece7-44c8-9010-f5787b6c8a2c,SocialBot_150,PT,Europe/Warsaw,SocialBot,3,4,6,0,26,4,4,2,460,6000,7400,5,9,1,4,84,4716069,8117,9678300,5125213,15000,11000
PT Club 160,1,e6721176-f64f-47bd-9d13-860308346657,YouthFocusedBot_160,PT,Europe/Madrid,YouthFocusedBot,3,4,16,11,13,6,39,4,720,9500,11800,2,6,1,1,87,11818881,640,15303000,3604333,21400,26700
AT Club 167,1,4ff99c0f-f940-43af-b39e-85d4dbb6271e,LadderGrinderBot_167,AT,Europe/Amsterdam,LadderGrinderBot,3,5,7,14,9,7,49,2,460,6000,7400,2,5,2,1,77,5299153,7155,9702900,4575407,15000,13560
BE Club 169,1,0018448d-cc8b-4968-a965-d6ed95a5d5ee,NewManagerBot_169,BE,Europe/Berlin,NewManagerBot,3,5,9,9,11,10,37,4,720,9500,11800,2,9,3,2,86,11788956,8042,15308700,3653991,15000,12160
CH Club 168,1,973da36b-7346-4843-94cb-ed5ac76e792d,SocialBot_168,CH,Europe/Warsaw,SocialBot,3,5,8,9,14,7,34,1,330,4250,5200,3,7,1,4,94,1309626,4764,6874200,5719280,15000,14340
DE Club 161,1,724b6093-c959-483a-9e1f-31d5fecc9162,LadderGrinderBot_161,DE,Europe/Amsterdam,LadderGrinderBot,3,5,1,13,8,9,48,4,720,9500,11800,3,9,3,4,97,12754300,7143,15317700,2731025,15000,13600
DE Club 171,1,433ab017-968b-404a-9262-2ad4e76bdb9a,AggressiveTraderBot_171,DE,Europe/Rome,AggressiveTraderBot,3,5,11,9,8,13,40,4,720,9500,11800,6,7,3,3,91,9735451,422,15328200,5731972,22000,27000
ES Club 164,1,88d98b40-9de2-4940-84c2-25a611ae25a4,ConservativeBot_164,ES,Europe/Paris,ConservativeBot,3,5,4,11,10,9,42,1,330,4250,5200,3,9,1,2,83,427986,6894,6857700,6581553,15000,12800
ES Club 174,1,024ed886-a400-4f98-8f69-6de68a8dc084,SocialBot_174,ES,Europe/Warsaw,SocialBot,3,5,14,10,15,5,35,4,720,9500,11800,6,8,3,3,102,10275647,5336,15320700,5175224,15000,13680
FR Club 162,1,0be310f9-369b-454a-bdcb-0d4b0dfb486a,SocialBot_162,FR,Europe/Warsaw,SocialBot,3,5,2,8,13,9,33,1,330,4250,5200,2,5,2,3,91,3095526,7234,6900300,3971969,15000,11960
FR Club 172,1,e72f24b6-7ab5-4d0e-aa4d-2ea29b171b82,YouthFocusedBot_172,FR,Europe/Madrid,YouthFocusedBot,3,5,12,8,9,13,37,1,330,4250,5200,5,7,1,2,105,2621281,671,6872700,4380076,21400,26100
IT Club 163,1,aeebbfd9-f54e-42a8-8978-c101f9ddf84b,NewManagerBot_163,IT,Europe/Berlin,NewManagerBot,3,5,3,10,11,9,39,2,460,6000,7400,5,4,1,1,75,5847134,8564,9694800,3975913,15000,12200
IT Club 173,1,159887e1-97be-479a-9c8f-3103bf6b079a,LadderGrinderBot_173,IT,Europe/Amsterdam,LadderGrinderBot,3,5,13,15,10,5,50,1,330,4250,5200,4,8,4,4,87,1121113,8330,6898500,5914401,15000,12000
NL Club 165,1,0d46166f-1c23-4fd1-8d98-9c303ba3ca81,AggressiveTraderBot_165,NL,Europe/Rome,AggressiveTraderBot,3,5,5,12,8,10,46,3,590,7750,9600,4,6,2,4,111,4650093,1483,12520500,8005851,21900,25600
NL Club 175,1,9e2dbcff-f250-428a-a497-2579eaad4bbb,NewManagerBot_175,NL,Europe/Berlin,NewManagerBot,3,5,15,9,12,9,36,1,330,4250,5200,5,5,3,1,110,2152311,7632,6891900,4870356,15000,11400
PL Club 166,1,bf3feda8-e4cd-473c-865d-cfeac769a612,YouthFocusedBot_166,PL,Europe/Madrid,YouthFocusedBot,3,5,6,8,12,10,34,3,590,7750,9600,3,7,4,1,89,7187944,1018,12515700,5497278,21300,25500
PL Club 176,1,e09865c8-301c-4a45-b0ef-8e7b03a6cbbf,ConservativeBot_176,PL,Europe/Paris,ConservativeBot,3,5,16,12,9,9,45,1,330,4250,5200,2,5,3,3,100,2418492,5360,6908400,4663241,15000,14360
PT Club 170,1,bf2b8ed2-3e14-4913-9321-e67377c212e6,ConservativeBot_170,PT,Europe/Paris,ConservativeBot,3,5,10,11,9,10,43,1,330,4250,5200,4,5,3,2,94,3306596,6757,6896400,3736628,15000,12320
AT Club 177,1,8f9f4a3a-bea1-4316-bc6a-f39f505967c6,AggressiveTraderBot_177,AT,Europe/Rome,AggressiveTraderBot,3,6,1,8,12,10,34,2,460,6000,7400,5,4,2,1,83,1921187,1447,9702900,7903811,22500,26000
AT Club 187,1,9e41080b-0a1c-43ec-a652-ffda1c3b89b5,NewManagerBot_187,AT,Europe/Berlin,NewManagerBot,3,6,11,11,9,10,43,4,720,9500,11800,6,8,2,3,80,12310080,6449,15312600,3173662,15000,13480
BE Club 179,1,c1cebfc9-532e-40f4-82c6-9349c429bcec,LadderGrinderBot_179,BE,Europe/Amsterdam,LadderGrinderBot,3,6,3,9,15,6,33,2,460,6000,7400,6,6,3,1,112,5669829,8422,9703500,4193277,15000,10600
BE Club 189,1,4497be84-e199-4e43-ba29-5768a0e6218a,AggressiveTraderBot_189,BE,Europe/Rome,AggressiveTraderBot,3,6,13,7,14,9,30,2,460,6000,7400,2,8,4,2,81,4670069,1857,9701100,5175599,22000,25200
CH Club 178,1,49819763-2993-4393-90f8-146e24a592e6,YouthFocusedBot_178,CH,Europe/Madrid,YouthFocusedBot,3,6,2,12,8,10,46,3,590,7750,9600,2,5,2,2,98,9715979,-157,12519000,2927640,21300,25900
CH Club 188,1,0b899502-7cbb-4eb8-83eb-46db4b9bbe71,ConservativeBot_188,CH,Europe/Paris,ConservativeBot,3,6,12,9,11,10,37,1,330,4250,5200,2,6,1,3,103,869620,7573,6877200,6174839,15000,12000
DE Club 181,1,4b256b0b-459a-4a00-9bfa-0c1726044877,NewManagerBot_181,DE,Europe/Berlin,NewManagerBot,3,6,5,11,6,13,46,1,330,4250,5200,5,7,3,3,93,2770019,5504,6893400,4299950,15000,14300
DE Club 191,1,5209c0b7-1b42-498c-b8ec-2a03c187686c,LadderGrinderBot_191,DE,Europe/Amsterdam,LadderGrinderBot,3,6,15,8,14,8,32,2,460,6000,7400,4,7,4,3,88,5607821,7365,9713100,4282180,15000,11920
ES Club 184,1,9ca77454-c39b-4b59-b123-435f3a956ffd,YouthFocusedBot_184,ES,Europe/Madrid,YouthFocusedBot,3,6,8,9,10,11,38,3,590,7750,9600,4,8,1,2,112,7882751,1269,12488400,4735266,21400,24300
FR Club 182,1,18279032-98b4-4926-8ab9-164cb988f81c,ConservativeBot_182,FR,Europe/Paris,ConservativeBot,3,6,6,6,11,13,31,1,330,4250,5200,6,8,4,4,96,1925796,7722,6891000,5140239,15000,12200
FR Club 192,1,f4750b95-fc78-4c49-ba82-cc1eb1bc7b47,SocialBot_192,FR,Europe/Warsaw,SocialBot,3,6,16,14,8,8,50,1,330,4250,5200,4,8,2,2,78,1168576,5398,6873300,5857167,15000,14920
IT Club 183,1,257bb0fb-4722-43fe-ac46-ab7aacc93603,AggressiveTraderBot_183,IT,Europe/Rome,AggressiveTraderBot,3,6,7,10,9,11,41,4,720,9500,11800,3,8,3,4,111,8155594,609,15325200,7321899,22000,25400
NL Club 185,1,fcec7403-56e0-4cd8-8dd1-a8bb20d39472,LadderGrinderBot_185,NL,Europe/Amsterdam,LadderGrinderBot,3,6,9,6,10,14,32,2,460,6000,7400,4,7,3,3,107,4517188,5729,9697500,5311931,15000,14320
PL Club 186,1,80f87715-d81f-4704-9b92-0f262de5aa52,SocialBot_186,PL,Europe/Warsaw,SocialBot,3,6,10,10,6,14,44,2,460,6000,7400,4,8,3,4,108,3893314,4235,9694500,5928100,15000,14920
PT Club 180,1,ae58b792-f6ce-4937-9ec1-7798eba68e69,SocialBot_180,PT,Europe/Warsaw,SocialBot,3,6,4,15,9,6,51,2,460,6000,7400,4,7,2,4,116,4270470,9893,9701400,5580101,15000,10200
PT Club 190,1,d557eb61-328b-455a-ac12-bdf7160c3c0a,YouthFocusedBot_190,PT,Europe/Madrid,YouthFocusedBot,3,6,14,14,7,9,51,1,330,4250,5200,2,4,2,3,80,4347267,311,6900300,2679184,21600,27200
AT Club 197,1,1421dae4-4c13-4b29-b84a-e149a15de08b,LadderGrinderBot_197,AT,Europe/Amsterdam,LadderGrinderBot,3,7,5,11,12,7,40,3,590,7750,9600,4,5,4,4,91,9952316,6944,12544200,2735285,15000,13120
AT Club 207,1,7932b925-6a12-4918-b062-d38b8b5151a4,AggressiveTraderBot_207,AT,Europe/Rome,AggressiveTraderBot,3,7,15,6,17,7,25,2,460,6000,7400,6,6,3,4,114,1961510,623,9717000,7912059,22000,26700
BE Club 199,1,54ff5ad4-faa4-4031-a15c-cb2dc743bd7c,NewManagerBot_199,BE,Europe/Berlin,NewManagerBot,3,7,7,7,12,11,32,1,330,4250,5200,4,8,3,2,101,2235379,7239,6881400,4789901,15000,12520
CH Club 198,1,b12f1edc-e973-459e-9661-eb8b94f20853,SocialBot_198,CH,Europe/Warsaw,SocialBot,3,7,6,12,11,7,43,3,590,7750,9600,5,8,4,2,80,9036989,8840,12505200,3598731,15000,11800
CH Club 208,1,29f2d77f-a67c-4be4-80eb-9bdc438d93c9,YouthFocusedBot_208,CH,Europe/Madrid,YouthFocusedBot,3,7,16,17,6,7,58,1,330,4250,5200,5,5,4,3,113,1911725,407,6916500,5166853,22000,26500
DE Club 201,1,296cf1c9-5fa8-4e58-916b-b920c77a1c34,AggressiveTraderBot_201,DE,Europe/Rome,AggressiveTraderBot,3,7,9,13,7,10,49,3,590,7750,9600,5,9,2,4,102,5906685,347,12498000,6761468,21800,25500
ES Club 194,1,937a9d70-1cc0-4113-8471-2351989b0165,ConservativeBot_194,ES,Europe/Paris,ConservativeBot,3,7,2,4,19,7,19,4,720,9500,11800,3,5,3,3,79,11637375,6239,15335700,3861837,15000,13540
ES Club 204,1,f57a98e7-1fc6-400f-a6e8-570ac0ed9836,SocialBot_204,ES,Europe/Warsaw,SocialBot,3,7,12,11,14,5,38,1,330,4250,5200,4,7,3,3,83,1918339,7007,6885900,5094699,15000,13000
FR Club 202,1,04e6a2cf-e6c0-4928-a8a8-564f57062b36,YouthFocusedBot_202,FR,Europe/Madrid,YouthFocusedBot,3,7,10,7,13,10,31,1,330,4250,5200,3,6,3,2,113,2645209,209,6896400,4393192,21500,26300
IT Club 193,1,e3c5b140-56f3-4708-b136-7f7ab0a3705b,NewManagerBot_193,IT,Europe/Berlin,NewManagerBot,3,7,1,19,4,7,64,2,460,6000,7400,2,5,4,1,106,4542225,6677,9719100,5297048,15000,13160
IT Club 203,1,919dde86-2d35-43ee-8c02-e290916835de,LadderGrinderBot_203,IT,Europe/Amsterdam,LadderGrinderBot,3,7,11,14,11,5,47,4,720,9500,11800,6,6,2,2,94,11305798,8246,15315600,4131534,15000,12600
NL Club 195,1,c060f2b9-e0be-4fab-a4d5-e6864530bd71,AggressiveTraderBot_195,NL,Europe/Rome,AggressiveTraderBot,3,7,3,12,10,8,44,4,720,9500,11800,6,6,3,1,116,9989433,-121,15319200,5474181,22200,28100
NL Club 205,1,3fd072aa-fc30-4ce4-b2f3-fcef0f234790,NewManagerBot_205,NL,Europe/Berlin,NewManagerBot,3,7,13,9,12,9,36,3,590,7750,9600,3,6,4,3,94,7685041,8212,12532200,5001163,15000,11000
PL Club 196,1,4869a90a-1243-45a7-86eb-bc8d9a148363,YouthFocusedBot_196,PL,Europe/Madrid,YouthFocusedBot,3,7,4,10,12,8,38,2,460,6000,7400,3,4,1,2,105,6267823,987,9699300,3587359,21400,25700
PL Club 206,1,9db8ed72-bdb5-4b95-b4a3-dfe8098bbd70,ConservativeBot_206,PL,Europe/Paris,ConservativeBot,3,7,14,12,9,9,45,3,590,7750,9600,3,7,4,2,110,7423161,6309,12520200,5243144,15000,13800
PT Club 200,1,651ff949-50ae-45d6-8489-7560835e6a17,ConservativeBot_200,PT,Europe/Paris,ConservativeBot,3,7,8,12,7,11,47,3,590,7750,9600,3,5,3,1,104,9931820,7829,12522600,2757193,15000,11600
AT Club 217,1,e0326af1-b314-4d98-9e91-42e35aaee33d,NewManagerBot_217,AT,Europe/Berlin,NewManagerBot,3,8,9,10,9,11,41,2,460,6000,7400,3,5,3,4,117,6087858,6777,9717000,3768363,15000,13940
BE Club 209,1,ad27e825-0edb-4922-b7c0-610ff60581e4,LadderGrinderBot_209,BE,Europe/Amsterdam,LadderGrinderBot,3,8,1,22,1,7,73,2,460,6000,7400,2,6,4,2,113,6237415,8631,9708600,3624703,15000,11200
BE Club 219,1,11b113fe-aa84-4d84-868d-b16a13592b66,AggressiveTraderBot_219,BE,Europe/Rome,AggressiveTraderBot,3,8,11,9,11,10,37,2,460,6000,7400,4,6,3,4,95,3663728,1242,9709500,6221855,21900,24800
CH Club 218,1,63ef6e6c-901c-46d8-8fe3-694ec8c18275,ConservativeBot_218,CH,Europe/Paris,ConservativeBot,3,8,10,9,10,11,38,4,720,9500,11800,5,7,3,4,109,10389312,8348,15332700,5075248,15000,11200
DE Club 211,1,8d3b1a03-6e77-462d-b5cf-23e60784c8e5,NewManagerBot_211,DE,Europe/Berlin,NewManagerBot,3,8,3,13,7,10,49,4,720,9500,11800,2,8,4,4,100,11921181,8577,15325800,3558823,15000,12000
DE Club 221,1,c2ee84de-1a9e-4427-b582-e08a783d636d,LadderGrinderBot_221,DE,Europe/Amsterdam,LadderGrinderBot,3,8,13,11,7,12,45,4,720,9500,11800,4,6,4,2,102,11830597,5188,15331800,3623970,15000,14920
ES Club 214,1,438a011b-77a0-4955-a26e-aa44f847c545,YouthFocusedBot_214,ES,Europe/Madrid,YouthFocusedBot,3,8,6,3,17,10,19,1,330,4250,5200,4,5,3,3,84,3010417,1499,6900900,4064549,21800,25500
ES Club 224,1,fde34949-443f-44d9-82d4-1108a8a113f1,ConservativeBot_224,ES,Europe/Paris,ConservativeBot,3,8,16,10,11,9,39,2,460,6000,7400,5,6,1,2,81,5916474,4927,9684300,3924968,15000,14500
FR Club 212,1,d6049ac0-45fc-408d-8ed1-62be0039ed2d,ConservativeBot_212,FR,Europe/Paris,ConservativeBot,3,8,4,7,13,10,31,1,330,4250,5200,3,5,3,4,104,1310676,7986,6912900,5744810,15000,12800
FR Club 222,1,d92752c6-ade6-4ecd-b7ad-5db16998b5c9,SocialBot_222,FR,Europe/Warsaw,SocialBot,3,8,14,7,11,12,33,3,590,7750,9600,5,6,2,2,80,8677368,6705,12511500,4000774,15000,13900
IT Club 213,1,75ce292d-1775-4ff0-bf8d-ee575b3e6f0c,AggressiveTraderBot_213,IT,Europe/Rome,AggressiveTraderBot,3,8,5,17,3,10,61,2,460,6000,7400,5,8,4,1,113,631603,386,9696600,9244539,20500,25900
IT Club 223,1,b33e05e6-5a0f-47ab-8f6b-317948bf2a99,NewManagerBot_223,IT,Europe/Berlin,NewManagerBot,3,8,15,11,10,9,42,3,590,7750,9600,6,4,1,1,76,7370644,9791,12506400,5298195,15000,11200
NL Club 215,1,d13bb404-ed3e-4983-804a-ee7f9552736e,LadderGrinderBot_215,NL,Europe/Amsterdam,LadderGrinderBot,3,8,7,15,10,5,50,1,330,4250,5200,2,7,4,2,100,735978,6739,6897000,6287035,15000,12360
PL Club 216,1,9b637931-3cc8-4eb1-8698-183124cb74bb,SocialBot_216,PL,Europe/Warsaw,SocialBot,3,8,8,10,15,5,35,1,330,4250,5200,6,5,1,4,78,752898,5239,6889200,6305266,15000,14600
PT Club 210,1,86e038fe-0ba4-4664-b86b-51cb891b8805,SocialBot_210,PT,Europe/Warsaw,SocialBot,3,8,2,1,22,7,10,3,590,7750,9600,5,6,2,4,87,9099599,6204,12520500,3598779,15000,14100
PT Club 220,1,7c28b66e-fc5e-4822-a33c-24f05aec4ca9,YouthFocusedBot_220,PT,Europe/Madrid,YouthFocusedBot,3,8,12,11,9,10,43,1,330,4250,5200,2,6,3,3,87,3335109,1317,6893400,3723304,21700,25100
AT Club 227,1,c95b8b8e-554e-422c-a66c-d2e6e5e6fbb6,LadderGrinderBot_227,AT,Europe/Amsterdam,LadderGrinderBot,3,9,3,11,8,11,44,2,460,6000,7400,2,7,3,3,97,5227615,7346,9705000,4610349,15000,11760
AT Club 237,1,fc7c7c13-4f17-46ea-a935-bf02ad0466e8,AggressiveTraderBot_237,AT,Europe/Rome,AggressiveTraderBot,3,9,13,10,11,9,39,4,720,9500,11800,6,8,2,3,89,8387513,973,15312600,7060705,22300,26300
BE Club 229,1,87b6b924-e37a-475e-9a97-8967b16211ca,NewManagerBot_229,BE,Europe/Berlin,NewManagerBot,3,9,5,10,14,6,36,2,460,6000,7400,2,6,1,4,106,5142300,6921,9693300,4719019,15000,13760
BE Club 239,1,aac97cd2-4015-4ebd-8173-40e2c488b36f,LadderGrinderBot_239,BE,Europe/Amsterdam,LadderGrinderBot,3,9,15,7,10,13,34,4,720,9500,11800,4,9,1,2,92,7992321,6325,15292500,7430272,15000,14120
CH Club 228,1,9614f347-1916-45e7-95c9-43bf04e23284,SocialBot_228,CH,Europe/Warsaw,SocialBot,3,9,4,8,11,11,35,4,720,9500,11800,5,4,2,2,95,10466612,5936,15330600,5035342,15000,13200
CH Club 238,1,e8ae7945-27c8-4a95-a035-d5ddf08ebb45,YouthFocusedBot_238,CH,Europe/Madrid,YouthFocusedBot,3,9,14,11,10,9,42,4,720,9500,11800,2,7,3,2,97,11366334,1470,15316200,4097140,21600,26100
DE Club 231,1,947df70f-bccc-4983-a67e-88e5a984ff5f,AggressiveTraderBot_231,DE,Europe/Rome,AggressiveTraderBot,3,9,7,12,11,7,43,4,720,9500,11800,5,8,3,1,76,9026844,1377,15311700,6417203,22100,25800
ES Club 234,1,0768c66b-b272-4b91-acc6-390a8cc9b906,SocialBot_234,ES,Europe/Warsaw,SocialBot,3,9,10,8,7,15,39,3,590,7750,9600,3,6,3,1,104,8245789,8196,12507600,4399300,15000,11600
FR Club 232,1,f5d01f5a-dffe-4682-adcb-4b5cf426340b,YouthFocusedBot_232,FR,Europe/Madrid,YouthFocusedBot,3,9,8,11,12,7,40,2,460,6000,7400,6,4,3,1,85,2969116,931,9711000,6875457,21500,25300
IT Club 233,1,ed4bacb7-638a-4081-b1bc-c2704a08a0ee,LadderGrinderBot_233,IT,Europe/Amsterdam,LadderGrinderBot,3,9,9,7,8,15,36,2,460,6000,7400,5,4,3,2,93,4928934,9034,9715500,4929829,15000,11200
NL Club 225,1,b0416165-d302-4781-9fb0-999f91c7c570,AggressiveTraderBot_225,NL,Europe/Rome,AggressiveTraderBot,3,9,1,0,26,4,4,2,460,6000,7400,5,6,2,4,77,3472606,967,9701400,6404434,20800,25700
NL Club 235,1,f0478c1e-b4b9-4ce1-9bbc-f88d6a9e8442,NewManagerBot_235,NL,Europe/Berlin,NewManagerBot,3,9,11,7,14,9,30,4,720,9500,11800,4,6,4,3,76,9905838,5870,15343800,5590574,15000,14720
PL Club 226,1,b63b1bdf-cd28-4a5c-a677-f48ff2336887,YouthFocusedBot_226,PL,Europe/Madrid,YouthFocusedBot,3,9,2,26,0,4,82,2,460,6000,7400,6,5,2,3,114,3688544,1291,9704400,6139251,21500,24500
PL Club 236,1,25215cf6-7a90-459c-8736-014dae6827e1,ConservativeBot_236,PL,Europe/Paris,ConservativeBot,3,9,12,14,7,9,51,3,590,7750,9600,4,4,3,4,100,6248002,9277,12536100,6438840,15000,11400
PT Club 230,1,2ec21bac-1f72-4504-8d74-e38dde7a5e88,ConservativeBot_230,PT,Europe/Paris,ConservativeBot,3,9,6,14,10,6,48,3,590,7750,9600,2,6,2,1,110,8012166,6666,12499500,4623173,15000,13600
PT Club 240,1,3df323f7-54e6-4aea-a922-78d28a7e9a7b,SocialBot_240,PT,Europe/Warsaw,SocialBot,3,9,16,10,7,13,43,4,720,9500,11800,6,4,1,1,75,10413736,9353,15318000,5043842,15000,11200
AT Club 247,1,7e5e29cd-6198-4570-8200-84ac42851a81,NewManagerBot_247,AT,Europe/Berlin,NewManagerBot,3,10,7,7,10,13,34,3,590,7750,9600,4,7,4,1,110,7238238,9139,12515700,5446204,15000,11600
BE Club 249,1,afd5bcae-40a0-47b3-b596-49fe4228d660,AggressiveTraderBot_249,BE,Europe/Rome,AggressiveTraderBot,3,10,9,11,9,10,43,3,590,7750,9600,3,7,3,1,96,3187625,1547,12507600,9473257,22000,26000
CH Club 248,1,c473403a-c3e9-4b6e-b900-1e409ac13be4,ConservativeBot_248,CH,Europe/Paris,ConservativeBot,3,10,8,10,7,13,43,2,460,6000,7400,4,7,3,2,91,6073983,9602,9693000,3765845,15000,10600
DE Club 241,1,347f46bb-ae79-4372-9d22-ecbdb09d1908,NewManagerBot_241,DE,Europe/Berlin,NewManagerBot,3,10,1,8,9,13,37,3,590,7750,9600,3,5,1,2,82,8425379,3234,12503400,4207889,15000,15940
DE Club 251,1,03dbbe39-1400-4442-9cca-64f451eeb9ea,LadderGrinderBot_251,DE,Europe/Amsterdam,LadderGrinderBot,3,10,11,8,15,7,31,2,460,6000,7400,3,7,4,3,113,4508847,8072,9705600,5356582,15000,11400
ES Club 244,1,83878997-443b-4409-a13f-1a00dbad831a,YouthFocusedBot_244,ES,Europe/Madrid,YouthFocusedBot,3,10,4,10,12,8,38,2,460,6000,7400,4,6,3,4,83,5779035,437,9709500,4069048,21600,25900
ES Club 254,1,c4b1d99c-7c2d-44da-92d7-819387cb982a,ConservativeBot_254,ES,Europe/Paris,ConservativeBot,3,10,14,10,15,5,35,3,590,7750,9600,6,8,1,3,85,8508067,7729,12492900,4129914,15000,12000
FR Club 242,1,6c6a4a3a-2c71-4337-a016-4b35b51ddf1f,ConservativeBot_242,FR,Europe/Paris,ConservativeBot,3,10,2,9,8,13,40,2,460,6000,7400,3,6,4,4,97,4166602,8239,9725100,5705563,15000,11400
FR Club 252,1,3c1559dc-f84c-41c2-ba6b-a09bdb4ec5e7,SocialBot_252,FR,Europe/Warsaw,SocialBot,3,10,12,15,8,7,52,4,720,9500,11800,5,9,3,4,101,9679936,7014,15317700,5810085,15000,13200
IT Club 243,1,57eeb85d-9fd3-4c86-bc74-881bb0616ec0,AggressiveTraderBot_243,IT,Europe/Rome,AggressiveTraderBot,3,10,3,12,10,8,44,2,460,6000,7400,6,7,4,3,92,1682517,1289,9713100,8206996,22300,26500
IT Club 253,1,25a12e17-2ad9-49a3-89f4-ce70388c9308,NewManagerBot_253,IT,Europe/Berlin,NewManagerBot,3,10,13,15,10,5,50,1,330,4250,5200,6,7,4,2,105,1559319,6780,6897000,5509818,15000,13480
NL Club 245,1,0d22986b-e0ff-4b27-901e-5016fa049f99,LadderGrinderBot_245,NL,Europe/Amsterdam,LadderGrinderBot,3,10,5,17,6,7,58,3,590,7750,9600,4,6,2,4,106,8496410,7182,12520500,4172330,15000,12320
NL Club 255,1,a1d96199-fa32-4c94-bdbf-0e82807a9537,AggressiveTraderBot_255,NL,Europe/Rome,AggressiveTraderBot,3,10,15,11,12,7,40,4,720,9500,11800,2,7,4,3,116,6621745,746,15328800,8862286,22200,27000
PL Club 246,1,affcb4a4-28bf-4225-a21d-f90c61023425,SocialBot_246,PL,Europe/Warsaw,SocialBot,3,10,6,6,17,7,25,1,330,4250,5200,4,6,4,3,78,1756859,7917,6909000,5285224,15000,12320
PL Club 256,1,c57fac4b-054c-4040-83bd-e60dc13a7259,YouthFocusedBot_256,PL,Europe/Madrid,YouthFocusedBot,3,10,16,12,11,7,43,3,590,7750,9600,4,4,1,1,114,8146170,-84,12506400,4490926,21200,26700
PT Club 250,1,42534d20-9ead-4371-bf33-56b4f04cfad2,YouthFocusedBot_250,PT,Europe/Madrid,YouthFocusedBot,3,10,10,9,11,10,37,2,460,6000,7400,3,5,1,1,80,6676812,1190,9687300,3138144,21300,24900
AT Club 257,1,6b085cc3-b11f-464b-8f13-bb696a53eb49,LadderGrinderBot_257,AT,Europe/Amsterdam,LadderGrinderBot,3,11,1,13,9,8,47,1,330,4250,5200,5,6,4,2,95,5393833,9359,6904500,1645836,15000,10600
AT Club 267,1,e3b70cb6-1354-400b-85e6-a68e77dc686d,AggressiveTraderBot_267,AT,Europe/Rome,AggressiveTraderBot,3,11,11,10,12,8,38,2,460,6000,7400,6,5,2,3,83,2764075,833,9711900,7115211,22000,25300
BE Club 259,1,b828ba92-3787-49ca-83d1-66ed8b43da8a,NewManagerBot_259,BE,Europe/Berlin,NewManagerBot,3,11,3,14,7,9,51,3,590,7750,9600,2,7,1,3,75,5468813,8210,12500400,7179533,15000,12560
BE Club 269,1,55860fdb-1cea-414a-acec-147c63a1cd21,LadderGrinderBot_269,BE,Europe/Amsterdam,LadderGrinderBot,3,11,13,0,24,6,6,4,720,9500,11800,6,4,3,4,79,10782532,7349,15347700,4703918,15000,13200
CH Club 258,1,06f91eed-dd89-49a1-ba61-5e422468d5e4,SocialBot_258,CH,Europe/Warsaw,SocialBot,3,11,2,9,13,8,35,2,460,6000,7400,6,9,2,2,118,900447,4012,9677400,8936739,15000,15680
CH Club 268,1,ce7561eb-6676-4d15-b9b3-21621d426a69,YouthFocusedBot_268,CH,Europe/Madrid,YouthFocusedBot,3,11,12,12,10,8,44,1,330,4250,5200,4,9,2,2,100,174773,1255,6865800,6849898,19600,24300
DE Club 261,1,9921044b-e3ce-49d1-9949-bd444b53bf9a,AggressiveTraderBot_261,DE,Europe/Rome,AggressiveTraderBot,3,11,5,10,8,12,42,1,330,4250,5200,3,4,2,2,100,-542831,1107,6895800,7604838,20600,23700
DE Club 271,1,7582aca5-6e27-44c7-922c-304c8637037f,NewManagerBot_271,DE,Europe/Berlin,NewManagerBot,3,11,15,13,10,7,46,4,720,9500,11800,3,6,1,4,110,11433138,9651,15324000,4041222,15000,11000
ES Club 264,1,45fa72ac-91e2-4882-8137-ff626d22ae1a,SocialBot_264,ES,Europe/Warsaw,SocialBot,3,11,8,12,5,13,49,4,720,9500,11800,3,8,1,4,98,8984639,7216,15309000,6502541,15000,12200
FR Club 262,1,1b091843-a469-4eb4-ba1c-3936c30e8dee,YouthFocusedBot_262,FR,Europe/Madrid,YouthFocusedBot,3,11,6,8,10,12,36,2,460,6000,7400,4,9,2,1,107,3499300,1417,9672900,6310269,21400,24900
FR Club 272,1,a60e7403-d1a2-451f-9b36-6c8c85e1d78c,ConservativeBot_272,FR,Europe/Paris,ConservativeBot,3,11,16,10,13,7,37,3,590,7750,9600,3,5,1,4,90,6769365,6588,12512400,5917924,15000,12600
IT Club 263,1,0a0fc346-85f5-487a-9910-c53e81742153,LadderGrinderBot_263,IT,Europe/Amsterdam,LadderGrinderBot,3,11,7,5,12,13,28,4,720,9500,11800,2,7,4,1,84,11311843,6424,15319800,4147179,15000,13960
NL Club 265,1,3924ec2a-a12c-4fcb-a0c5-2e89a8e63f59,NewManagerBot_265,NL,Europe/Berlin,NewManagerBot,3,11,9,7,11,12,33,2,460,6000,7400,4,4,4,4,115,5506951,8746,9732600,4386853,15000,10800
PL Club 266,1,61c9eee0-c373-4c47-b71c-69ad37f787a5,ConservativeBot_266,PL,Europe/Paris,ConservativeBot,3,11,10,11,7,12,45,3,590,7750,9600,4,5,3,1,108,6277775,8343,12522600,6371658,15000,12200
PT Club 260,1,a368befa-b280-4161-b1e0-64a658fdff05,ConservativeBot_260,PT,Europe/Paris,ConservativeBot,3,11,4,7,14,9,30,1,330,4250,5200,4,7,2,3,85,99363,9384,6885300,6906776,15000,11400
PT Club 270,1,ef46c6d8-0ec4-44c5-b459-3d0a9e9c0eef,SocialBot_270,PT,Europe/Warsaw,SocialBot,3,11,14,24,0,6,78,1,330,4250,5200,6,6,3,2,110,3147003,8883,6896400,3879333,15000,10600
AT Club 277,1,1e1139dc-0372-444a-beff-d52fc52a6be8,NewManagerBot_277,AT,Europe/Berlin,NewManagerBot,3,12,5,10,10,10,40,2,460,6000,7400,3,8,1,3,92,4593211,6804,9681300,5243714,15000,13000
AT Club 287,1,8e873716-b7e4-4e0e-b308-9baa29921b98,LadderGrinderBot_287,AT,Europe/Amsterdam,LadderGrinderBot,3,12,15,12,7,11,47,4,720,9500,11800,6,8,3,2,87,10656986,3245,15308700,4826290,15000,16080
BE Club 279,1,066eabed-4679-4ade-8d76-9913e91fded9,AggressiveTraderBot_279,BE,Europe/Rome,AggressiveTraderBot,3,12,7,30,0,0,90,1,330,4250,5200,5,8,2,1,116,-2603186,1539,6861300,9608931,18400,22600
CH Club 278,1,82195ca3-330f-4efe-a58b-2604bbc022d3,ConservativeBot_278,CH,Europe/Paris,ConservativeBot,3,12,6,10,10,10,40,2,460,6000,7400,6,5,3,1,104,5215873,8692,9711000,4668786,15000,12200
CH Club 288,1,27cf0581-ccc5-4343-b33a-311ef5a6e1da,SocialBot_288,CH,Europe/Warsaw,SocialBot,3,12,16,7,12,11,32,4,720,9500,11800,6,5,1,4,92,12831550,10341,15324000,2637336,15000,10600
DE Club 281,1,dc82693e-26a2-4196-b1d4-bfe6821d0c06,LadderGrinderBot_281,DE,Europe/Amsterdam,LadderGrinderBot,3,12,9,8,12,10,34,1,330,4250,5200,3,5,2,1,98,2104906,8621,6891300,4918201,15000,11000
ES Club 274,1,928ab7a5-90d7-47ad-8976-65733a4b7cae,YouthFocusedBot_274,ES,Europe/Madrid,YouthFocusedBot,3,12,2,8,9,13,37,2,460,6000,7400,5,6,2,3,118,4596317,283,9704400,5272151,21400,27100
ES Club 284,1,728a473c-8d8b-4456-8e22-20b98852cebc,ConservativeBot_284,ES,Europe/Paris,ConservativeBot,3,12,12,13,7,10,49,3,590,7750,9600,5,4,4,3,93,7469499,8698,12539700,5214818,15000,11200
FR Club 282,1,848feaba-5012-4469-9e8f-76e852a5eede,SocialBot_282,FR,Europe/Warsaw,SocialBot,3,12,10,12,8,10,46,3,590,7750,9600,3,5,2,2,84,9277031,6620,12511500,3411661,15000,13340
IT Club 273,1,7428545b-f9c6-4632-ac7d-32a60a5df8b9,AggressiveTraderBot_273,IT,Europe/Rome,AggressiveTraderBot,3,12,1,9,8,13,40,1,330,4250,5200,2,6,1,1,111,-1162959,843,6868200,8151774,16100,20800
IT Club 283,1,6310b124-ddd3-4abe-be26-62a8ec6c5d55,NewManagerBot_283,IT,Europe/Berlin,NewManagerBot,3,12,11,7,13,10,31,2,460,6000,7400,2,8,1,3,116,4550713,5243,9681300,5288802,15000,14560
NL Club 275,1,3bacc5a6-d8c8-4aaf-b8b3-f49f9121f84d,LadderGrinderBot_275,NL,Europe/Amsterdam,LadderGrinderBot,3,12,3,8,15,7,31,4,720,9500,11800,3,5,2,2,91,10375380,5918,15323100,5104274,15000,14940
NL Club 285,1,cb7fcbd3-91ed-4c98-99aa-01083d216fb5,AggressiveTraderBot_285,NL,Europe/Rome,AggressiveTraderBot,3,12,13,8,11,11,35,1,330,4250,5200,2,7,4,4,100,-1044010,2342,6898500,8097938,18000,20900
PL Club 276,1,f26d2663-fed0-49cd-89c7-5c7beff462f7,SocialBot_276,PL,Europe/Warsaw,SocialBot,3,12,4,15,8,7,52,3,590,7750,9600,4,8,2,3,78,7258550,7766,12493500,5384000,15000,12600
PL Club 286,1,d1715c76-f74c-48ca-92e4-70cbebd64c71,YouthFocusedBot_286,PL,Europe/Madrid,YouthFocusedBot,3,12,14,11,8,11,44,1,330,4250,5200,4,7,1,3,103,1129486,15,6869700,5915192,21500,26500
PT Club 280,1,f22c5491-8230-489f-b733-198b210c1a9d,YouthFocusedBot_280,PT,Europe/Madrid,YouthFocusedBot,3,12,8,0,30,0,0,3,590,7750,9600,2,7,1,2,84,6248854,1659,12495900,6378399,21300,24000
AT Club 297,1,27238e0c-a795-4c29-860e-713a1481a2cc,AggressiveTraderBot_297,AT,Europe/Rome,AggressiveTraderBot,3,13,9,10,7,13,43,4,720,9500,11800,6,7,4,1,105,8478177,1613,15319800,7019684,21900,25600
BE Club 289,1,6e36a7dc-3db0-40ea-a152-db1fe7ff6f48,NewManagerBot_289,BE,Europe/Berlin,NewManagerBot,3,13,1,9,13,8,35,1,330,4250,5200,2,6,1,2,96,2486058,8349,6872700,4524329,15000,11800
BE Club 299,1,9c2a7844-e1f6-47b5-94ea-a78914f3e64e,LadderGrinderBot_299,BE,Europe/Amsterdam,LadderGrinderBot,3,13,11,5,14,11,26,1,330,4250,5200,3,5,3,3,104,3210328,7125,6900900,3854934,15000,13340
CH Club 298,1,ef0bc666-b165-4223-8ca3-798191c85be5,YouthFocusedBot_298,CH,Europe/Madrid,YouthFocusedBot,3,13,10,7,10,13,34,1,330,4250,5200,5,6,2,4,83,3587822,246,6889800,3435375,21600,26100
DE Club 291,1,959db82e-e756-47cc-a245-20d5ff168816,AggressiveTraderBot_291,DE,Europe/Rome,AggressiveTraderBot,3,13,3,0,28,2,2,2,460,6000,7400,5,9,1,3,76,3580776,1465,9673800,6267197,22400,25800
DE Club 301,1,57ffa470-a460-4b40-8ec0-0beedabcfd0a,NewManagerBot_301,DE,Europe/Berlin,NewManagerBot,3,13,13,10,8,12,42,3,590,7750,9600,6,5,4,4,101,8410726,8079,12536700,4301635,15000,12800
ES Club 294,1,d41e367b-19cb-4e49-9848-d885343ebfd0,SocialBot_294,ES,Europe/Warsaw,SocialBot,3,13,6,12,5,13,49,2,460,6000,7400,2,8,4,4,77,5185262,6317,9702600,4689496,15000,13600
ES Club 304,1,31ac1d45-013b-48d4-9197-319c77ede20a,YouthFocusedBot_304,ES,Europe/Madrid,YouthFocusedBot,3,13,16,9,12,9,36,2,460,6000,7400,6,7,3,3,80,5507881,1846,9705000,4369839,21200,24500
FR Club 292,1,d6644096-93e9-4409-a37d-40fe2821e7ad,YouthFocusedBot_292,FR,Europe/Madrid,YouthFocusedBot,3,13,4,28,0,2,86,1,330,4250,5200,2,6,4,4,111,2829973,1308,6906000,4236920,21500,24500
FR Club 302,1,f3744923-3436-47ee-a7d4-272809b10350,ConservativeBot_302,FR,Europe/Paris,ConservativeBot,3,13,14,8,10,12,36,3,590,7750,9600,2,8,1,1,86,8565629,5634,12476400,4058839,15000,14360
IT Club 293,1,053bbd39-59a8-4217-a558-82000c52ae24,LadderGrinderBot_293,IT,Europe/Amsterdam,LadderGrinderBot,3,13,5,5,12,13,28,1,330,4250,5200,3,6,3,2,82,2559944,6565,6888900,4502221,15000,13540
IT Club 303,1,cccd4b83-a529-490b-aa85-1bb6153bb070,AggressiveTraderBot_303,IT,Europe/Rome,AggressiveTraderBot,3,13,15,12,9,9,45,2,460,6000,7400,2,6,3,1,104,428594,248,9703500,9424916,22100,26100
NL Club 295,1,5573fdd1-aefc-4bb5-b6d2-da4bbefd1b9c,NewManagerBot_295,NL,Europe/Berlin,NewManagerBot,3,13,7,12,8,10,46,1,330,4250,5200,3,4,3,3,94,3449765,6663,6908400,3589010,15000,12740
PL Club 296,1,d871e6af-7284-40b0-a391-408bff4b5dc6,ConservativeBot_296,PL,Europe/Paris,ConservativeBot,3,13,8,8,12,10,34,4,720,9500,11800,6,8,3,1,113,11424113,8828,15304200,4006701,15000,11400
PT Club 290,1,00c4536b-bc4f-4588-a88d-2118d5d95b7e,ConservativeBot_290,PT,Europe/Paris,ConservativeBot,3,13,2,13,9,8,47,3,590,7750,9600,4,8,1,3,101,10228349,8714,12485400,2423430,15000,11600
PT Club 300,1,832500b9-87ae-4b57-bb4e-102c622e0d92,SocialBot_300,PT,Europe/Warsaw,SocialBot,3,13,12,14,5,11,53,1,330,4250,5200,2,7,4,3,87,2536015,8004,6901500,4511874,15000,11400
AT Club 307,1,ba673f0e-c45f-4c1b-abfd-a12efc683d73,NewManagerBot_307,AT,Europe/Berlin,NewManagerBot,3,14,3,12,12,6,42,1,330,4250,5200,5,7,4,4,101,2155456,5895,6906000,4910901,15000,13900
AT Club 317,1,5693b7b5-92f0-47d7-9920-e5178c5adff8,LadderGrinderBot_317,AT,Europe/Amsterdam,LadderGrinderBot,3,14,13,11,9,10,43,2,460,6000,7400,3,7,1,1,105,5049959,7496,9679800,4765876,15000,11600
BE Club 309,1,188259ae-f01d-418c-b8b3-8d260c056a73,AggressiveTraderBot_309,BE,Europe/Rome,AggressiveTraderBot,3,14,5,9,13,8,35,2,460,6000,7400,2,7,1,4,105,599420,1634,9685800,9220768,21700,25300
BE Club 319,1,8014bbad-f8ee-46dd-a81d-231670231cb7,NewManagerBot_319,BE,Europe/Berlin,NewManagerBot,3,14,15,11,9,10,43,3,590,7750,9600,4,7,2,3,117,9074857,8070,12501000,3578966,15000,12600
CH Club 308,1,d55da4fb-efd6-4874-84c4-2c95a6452cd1,ConservativeBot_308,CH,Europe/Paris,ConservativeBot,3,14,4,12,12,6,42,2,460,6000,7400,4,8,4,1,110,5199685,5397,9696600,4620077,15000,13720
CH Club 318,1,49b1df9c-a60a-4aca-84fa-498d9f4cf4af,SocialBot_318,CH,Europe/Warsaw,SocialBot,3,14,14,9,11,10,37,4,720,9500,11800,6,9,4,3,90,9724520,5710,15321300,5719948,15000,13680
DE Club 311,1,1482ea13-d43f-4c4a-b270-24864d6c2dd9,LadderGrinderBot_311,DE,Europe/Amsterdam,LadderGrinderBot,3,14,7,10,9,11,41,1,330,4250,5200,2,8,4,3,105,2230220,7066,6886500,4834747,15000,12760
ES Club 314,1,3de018d4-d0e5-48d6-8039-685d6fb455d9,ConservativeBot_314,ES,Europe/Paris,ConservativeBot,3,14,10,10,8,12,42,1,330,4250,5200,2,7,4,4,85,708114,6180,6898500,6369359,15000,13000
FR Club 312,1,890628ae-5d85-4efa-8100-7fec7763dce5,SocialBot_312,FR,Europe/Warsaw,SocialBot,3,14,8,9,10,11,38,4,720,9500,11800,4,5,4,1,119,11926342,6091,15342300,3548194,15000,13720
IT Club 313,1,9fdda90e-0d4e-4c12-9dc8-1007000548a8,NewManagerBot_313,IT,Europe/Berlin,NewManagerBot,3,14,9,8,10,12,36,2,460,6000,7400,3,8,2,3,96,3768708,6245,9681900,6064525,15000,13940
NL Club 305,1,e1edb26b-96f4-43ca-93ea-383795273365,LadderGrinderBot_305,NL,Europe/Amsterdam,LadderGrinderBot,3,14,1,10,9,11,41,4,720,9500,11800,3,7,1,1,106,11902081,7279,15295500,3517648,15000,12400
NL Club 315,1,cdac6461-18e6-4ea7-96ea-fc23ca7f1516,AggressiveTraderBot_315,NL,Europe/Rome,AggressiveTraderBot,3,14,11,12,8,10,46,1,330,4250,5200,3,7,1,2,87,-510475,1800,6865200,7522268,16500,20600
PL Club 306,1,766cf4e6-f46e-45ee-8f13-d46eb14dee2b,SocialBot_306,PL,Europe/Warsaw,SocialBot,3,14,2,9,10,11,38,2,460,6000,7400,6,6,1,4,98,4924453,7498,9693300,4914155,15000,12000
PL Club 316,1,d93663fb-8e4e-48b8-8793-3b45d3651426,YouthFocusedBot_316,PL,Europe/Madrid,YouthFocusedBot,3,14,12,8,12,10,34,2,460,6000,7400,4,9,3,2,101,4234897,485,9685500,5627993,21700,25700
PT Club 310,1,fe5a44a9-ce25-4b0c-805f-aa58fad6f508,YouthFocusedBot_310,PT,Europe/Madrid,YouthFocusedBot,3,14,6,13,9,8,47,2,460,6000,7400,6,9,2,3,89,4976145,1834,9681900,4866838,21700,24300
PT Club 320,1,96be8948-bc1b-4b84-af9b-0a7693f9a9bb,ConservativeBot_320,PT,Europe/Paris,ConservativeBot,3,14,16,9,11,10,37,4,720,9500,11800,3,5,4,2,99,10653478,5071,15346800,4820671,15000,15340
AT Club 327,1,982a589d-1b4b-4486-8b7d-10deb9199ab9,AggressiveTraderBot_327,AT,Europe/Rome,AggressiveTraderBot,3,15,7,9,8,13,40,2,460,6000,7400,3,5,3,2,91,3170661,1340,9715500,6704312,22200,25100
BE Club 329,1,b0281a40-9c7b-43fb-9468-47b2cbbe9773,LadderGrinderBot_329,BE,Europe/Amsterdam,LadderGrinderBot,3,15,9,3,18,9,18,4,720,9500,11800,4,4,4,2,78,10264208,8126,15346800,5210695,15000,11800
CH Club 328,1,7c70796f-d4fc-4576-9f04-f5e378470172,YouthFocusedBot_328,CH,Europe/Madrid,YouthFocusedBot,3,15,8,8,9,13,37,2,460,6000,7400,3,5,3,3,98,7223898,789,9720000,2643675,21600,25500
DE Club 321,1,b9afa409-2beb-4217-87d9-5470bda1fc4b,AggressiveTraderBot_321,DE,Europe/Rome,AggressiveTraderBot,3,15,1,12,8,10,46,3,590,7750,9600,2,6,4,2,88,7505326,1291,12527700,5150934,21700,25500
DE Club 331,1,66b56dde-eb08-42ee-9dd7-48345ac0da11,NewManagerBot_331,DE,Europe/Berlin,NewManagerBot,3,15,11,11,10,9,42,4,720,9500,11800,6,6,1,3,90,11212732,7307,15312000,4242620,15000,12400
ES Club 324,1,058d9ba1-b321-4d19-825b-24e8496fc354,SocialBot_324,ES,Europe/Warsaw,SocialBot,3,15,4,12,11,7,43,2,460,6000,7400,5,9,1,3,99,5169159,9693,9673800,4681507,15000,10800
ES Club 334,1,850b5fa2-b621-4929-8c0a-b770d358e4b4,YouthFocusedBot_334,ES,Europe/Madrid,YouthFocusedBot,3,15,14,9,11,10,37,4,720,9500,11800,6,7,2,4,103,10916435,1063,15324600,4566690,22000,25100
FR Club 322,1,008bec1c-9f84-4672-972d-467b38a59f97,YouthFocusedBot_322,FR,Europe/Madrid,YouthFocusedBot,3,15,2,8,12,10,34,3,590,7750,9600,6,8,4,3,94,8301820,520,12509700,4362156,21200,25700
FR Club 332,1,4fbfa595-58dd-49e7-b4f4-c12f94dd7399,ConservativeBot_332,FR,Europe/Paris,ConservativeBot,3,15,12,10,11,9,39,1,330,4250,5200,4,7,2,4,78,1418378,7453,6882300,5615390,15000,11920
IT Club 323,1,c8ef78ca-9653-420e-9514-703d0848a682,LadderGrinderBot_323,IT,Europe/Amsterdam,LadderGrinderBot,3,15,3,11,12,7,40,3,590,7750,9600,6,9,2,2,85,9177105,8381,12489000,3440825,15000,11000
IT Club 333,1,ac195968-75a3-47b8-b7c4-5c8db15b7443,AggressiveTraderBot_333,IT,Europe/Rome,AggressiveTraderBot,3,15,13,11,9,10,43,2,460,6000,7400,2,5,2,4,89,2417638,505,9708900,7456747,21900,25800
NL Club 325,1,8bd7d416-ff20-4e6b-90ed-dc4a9565c6f1,NewManagerBot_325,NL,Europe/Berlin,NewManagerBot,3,15,5,9,9,12,39,4,720,9500,11800,4,8,1,2,97,9808769,7170,15292500,5620895,15000,12600
NL Club 335,1,b4f60935-4474-4a59-b671-1d2dd1587f6d,LadderGrinderBot_335,NL,Europe/Amsterdam,LadderGrinderBot,3,15,15,14,7,9,51,2,460,6000,7400,2,9,4,2,86,5095502,6946,9693600,4775587,15000,12360
PL Club 326,1,2052b1a0-fb68-4752-9fad-a0d695a68628,ConservativeBot_326,PL,Europe/Paris,ConservativeBot,3,15,6,9,9,12,39,4,720,9500,11800,2,7,3,3,111,8981384,7675,15328200,6524725,15000,12360
PL Club 336,1,547fa7e4-f89e-4f59-a3a9-b370438df4e3,SocialBot_336,PL,Europe/Warsaw,SocialBot,3,15,16,7,14,9,30,2,460,6000,7400,5,5,3,4,77,3886205,8365,9724500,5986810,15000,12400
PT Club 330,1,e683404b-44f6-40a7-a72b-f0ea46397232,SocialBot_330,PT,Europe/Warsaw,SocialBot,3,15,10,18,3,9,63,3,590,7750,9600,2,7,2,1,103,7079735,5879,12499500,5568531,15000,13360
AT Club 7,2,786c663b-ff16-4c41-bb24-56c96612ccef,NewManagerBot_7,AT,Europe/Berlin,NewManagerBot,1,1,7,11,7,12,45,3,590,7750,9600,5,8,3,2,114,28633021,8353,20498580,5204587,15000,13100
BE Club 19,2,ae8c2222-89be-4d68-896d-d63a3ce6914a,NewManagerBot_19,BE,Europe/Berlin,NewManagerBot,1,1,6,7,16,7,28,1,330,4250,5200,6,5,5,4,125,10119825,12830,11323980,5046286,15000,11400
BE Club 39,2,bc3e1ffa-a7c5-4453-a010-a40c2e5624a4,AggressiveTraderBot_39,BE,Europe/Rome,AggressiveTraderBot,1,1,1,9,12,9,36,4,720,9500,11800,2,6,4,1,149,30479035,215,25125000,7589867,22100,23500
BE Club 9,2,5e5b36ee-67dc-47c6-b0e2-65c5eb2315d1,AggressiveTraderBot_9,BE,Europe/Rome,AggressiveTraderBot,1,1,12,0,27,3,3,1,330,4250,5300,5,8,2,4,106,7199581,188,11334250,9389459,22500,23500
DE Club 1,2,c4352b81-1f7e-499c-89c0-9cba713e88d6,NewManagerBot_1,DE,Europe/Berlin,NewManagerBot,1,1,10,16,3,11,59,1,330,4250,5200,5,6,3,3,146,15777963,7026,11295930,3725658,15000,15300
DE Club 61,2,ab2e3ad3-cf83-422e-8ff6-9df1784e3d15,NewManagerBot_61,DE,Europe/Berlin,NewManagerBot,1,1,3,9,10,11,38,4,720,9500,11900,4,7,4,3,145,30385933,8193,25168150,8751541,15000,14120
ES Club 14,2,8b3acb80-1554-4a27-aa02-46fb3057deae,ConservativeBot_14,ES,Europe/Paris,ConservativeBot,1,1,14,10,10,10,40,3,590,7750,9700,6,9,4,3,148,29684416,12932,20553400,5190828,15000,11400
ES Club 94,2,4aa1ccda-3a1d-4a25-a762-49aff917ed9b,YouthFocusedBot_94,ES,Europe/Madrid,YouthFocusedBot,1,1,8,7,11,12,33,3,590,7750,9600,3,7,2,3,126,26683067,390,20502630,4957046,21800,22600
FR Club 12,2,c637d677-633e-4315-a0a6-f26a3751e2f8,SocialBot_12,FR,Europe/Warsaw,SocialBot,1,1,9,3,16,11,20,1,330,4250,5300,6,8,3,4,120,10798529,8065,11342350,5699023,15000,15280
FR Club 2,2,d7d3e20a-8306-409e-b6de-ae08adecd752,ConservativeBot_2,FR,Europe/Paris,ConservativeBot,1,1,15,8,14,8,32,1,330,4350,5200,4,9,3,3,128,12275491,9644,11372300,5048584,15000,12000
IT Club 3,2,e5fadf32-ef6f-4b8b-9eb5-5dc8ad48463d,AggressiveTraderBot_3,IT,Europe/Rome,AggressiveTraderBot,1,1,5,16,7,7,55,2,470,6000,7400,5,5,2,3,106,21241885,530,16029020,6548970,21900,21500
NL Club 15,2,66ae8f2e-8ac4-4b98-8460-ffeaeb99340d,AggressiveTraderBot_15,NL,Europe/Rome,AggressiveTraderBot,1,1,13,10,10,10,40,1,330,4250,5200,5,7,2,3,125,8224900,17,11287680,4798253,22300,23300
NL Club 5,2,a662f6ad-98fd-4a61-aaea-a0dc2437d9ea,LadderGrinderBot_5,NL,Europe/Amsterdam,LadderGrinderBot,1,1,4,10,9,11,41,2,460,6000,7400,6,6,3,2,146,25187792,11386,15906330,4660203,15000,11200
NL Club 65,2,e1c26246-8404-4632-9dab-aade113a28eb,LadderGrinderBot_65,NL,Europe/Amsterdam,LadderGrinderBot,1,1,2,12,9,9,45,1,330,4250,5200,6,5,1,4,140,11625206,11621,11299350,4962598,15000,12600
PL Club 16,2,b5bc0bf1-1de2-4d3d-b4b7-a4f62f93a9d6,YouthFocusedBot_16,PL,Europe/Madrid,YouthFocusedBot,1,1,11,27,0,3,84,3,590,7750,9600,4,7,3,2,148,28963343,541,20506080,7543176,21500,20700
PT Club 10,2,32c764f6-e8ba-4537-8e82-630aedd6593d,YouthFocusedBot_10,PT,Europe/Madrid,YouthFocusedBot,1,1,16,14,8,8,50,3,590,7850,9600,6,7,1,5,118,29669379,442,20602250,6210866,21700,22400
AT Club 27,2,7603bc01-2726-424b-bcc5-6a07d8f22a39,AggressiveTraderBot_27,AT,Europe/Rome,AggressiveTraderBot,2,1,8,10,11,9,39,3,590,7750,9700,3,7,4,1,118,20222321,1804,16122200,5727138,22100,20700
BE Club 139,2,cbf7970c-2f1d-418a-833e-0535364ed689,NewManagerBot_139,BE,Europe/Berlin,NewManagerBot,2,1,2,10,6,14,44,1,330,4250,5200,5,8,5,2,147,6092483,8184,8855430,4971100,15000,12900
CH Club 28,2,ae2c9e5a-e2f0-40bb-a7b6-ec45eff6959f,YouthFocusedBot_28,CH,Europe/Madrid,YouthFocusedBot,2,1,13,0,28,2,2,2,460,6000,7500,5,5,1,3,105,15078030,98,12501200,4891602,21700,22300
DE Club 101,2,2cf51899-9887-42fc-903b-967ec3d1967a,LadderGrinderBot_101,DE,Europe/Amsterdam,LadderGrinderBot,2,1,6,4,13,13,25,3,590,7850,9600,6,8,4,4,132,18056144,4836,16168380,6247937,15000,15880
DE Club 21,2,00f6fdb6-a2a1-40b2-a8dc-bbbfd111ed89,AggressiveTraderBot_21,DE,Europe/Rome,AggressiveTraderBot,2,1,5,13,4,13,52,3,600,7750,9600,3,5,1,1,138,17888422,508,16167170,8195517,22500,23200
DE Club 31,2,6ad35c8c-cfdc-47d9-81ec-da8f25a09138,NewManagerBot_31,DE,Europe/Berlin,NewManagerBot,2,1,14,28,0,2,86,4,720,9500,11800,6,5,4,3,135,30046464,9224,19721550,4802479,15000,11800
ES Club 104,2,72bd9a26-2e8d-480e-923d-7596f6d7f0f4,ConservativeBot_104,ES,Europe/Paris,ConservativeBot,2,1,7,11,10,9,42,2,460,6000,7400,7,9,4,2,125,10525596,5676,12460380,4595153,15000,14060
ES Club 114,2,f3c2e9c0-a82f-4e00-a062-05a6ec4fb90b,SocialBot_114,ES,Europe/Warsaw,SocialBot,2,1,3,21,1,8,71,1,330,4250,5200,5,6,3,3,137,8816462,8558,8858730,4353361,15000,12600
ES Club 24,2,9e342374-8609-4a0e-8b3c-38f074072dfd,SocialBot_24,ES,Europe/Warsaw,SocialBot,2,1,15,0,27,3,3,1,330,4250,5300,4,7,2,3,107,7971912,8721,8888450,4628752,15000,14720
FR Club 32,2,a908df90-2ca1-4aeb-90e5-14f9f8ec6ee9,ConservativeBot_32,FR,Europe/Paris,ConservativeBot,2,1,10,10,4,16,46,1,330,4250,5200,4,7,4,2,120,9090901,10049,8862600,5221627,15000,12720
IT Club 13,2,4b5d9e92-69e7-4e2a-827d-96be5393e740,NewManagerBot_13,IT,Europe/Berlin,NewManagerBot,2,1,16,27,0,3,84,3,600,7750,9600,2,9,5,3,148,23268132,9037,16185800,6025617,15000,12560
IT Club 23,2,36b04951-ec86-4657-8847-b76a079db506,LadderGrinderBot_23,IT,Europe/Amsterdam,LadderGrinderBot,2,1,11,11,10,9,42,2,460,6000,7500,6,7,3,5,127,14995267,5933,12518750,5004451,15000,16680
NL Club 115,2,93ce46a1-63e0-4b09-9eda-9aac2e3dc1e6,NewManagerBot_115,NL,Europe/Berlin,NewManagerBot,2,1,1,6,10,14,32,1,330,4350,5200,4,6,2,4,149,6431677,7091,8940930,4892473,15000,14520
NL Club 135,2,38443355-2c1c-4a4e-814d-b0fee917c753,AggressiveTraderBot_135,NL,Europe/Rome,AggressiveTraderBot,2,1,4,1,21,8,11,2,460,6000,7400,2,6,3,3,109,9583004,493,12479280,7741410,22300,23700
NL Club 25,2,199d0dcf-02ce-4689-b524-4045b4b27001,NewManagerBot_25,NL,Europe/Berlin,NewManagerBot,2,1,9,4,10,16,28,1,330,4250,5200,6,6,4,2,109,9704764,10823,8862330,3161175,15000,10400
PT Club 30,2,f62dc6ea-9823-4457-8131-87240bfd98eb,SocialBot_30,PT,Europe/Warsaw,SocialBot,2,1,12,10,11,9,39,3,590,7850,9600,5,7,2,2,145,22306572,9526,16143450,3658947,15000,11600
AT Club 167,2,4ff99c0f-f940-43af-b39e-85d4dbb6271e,LadderGrinderBot_167,AT,Europe/Amsterdam,LadderGrinderBot,2,2,10,9,10,11,38,2,460,6000,7400,3,6,3,2,107,13866766,7755,12474780,3907167,15000,14400
AT Club 37,2,b4a15045-0c9a-452e-995c-64c484d7be8a,NewManagerBot_37,AT,Europe/Berlin,NewManagerBot,2,2,13,11,9,10,43,1,330,4250,5300,6,5,2,1,112,6888645,11306,8887100,6756848,15000,12400
AT Club 47,2,3d798a50-1e8e-4633-b4e3-e034e3f3f967,LadderGrinderBot_47,AT,Europe/Amsterdam,LadderGrinderBot,2,2,12,11,13,6,39,3,590,7750,9700,3,9,3,3,136,23754703,9448,16100600,4933610,15000,11800
BE Club 149,2,5c2c6a66-57ac-498b-bc72-22c94ceb72c0,LadderGrinderBot_149,BE,Europe/Amsterdam,LadderGrinderBot,2,2,3,20,3,7,67,2,460,6000,7400,6,7,2,1,146,10758901,11517,12454830,5472770,15000,10400
CH Club 38,2,b06d0a6d-4efe-4488-b02e-6030ffbe434a,ConservativeBot_38,CH,Europe/Paris,ConservativeBot,2,2,14,9,11,10,37,2,460,6000,7400,4,10,1,2,108,13203005,8049,12428850,6597897,15000,12520
DE Club 11,2,a3d40f57-d6ad-4b1a-b7de-2b0475cada0d,LadderGrinderBot_11,DE,Europe/Amsterdam,LadderGrinderBot,2,2,16,10,10,10,40,4,720,9500,11900,5,6,4,2,135,35619720,8741,19739480,4177474,15000,10600
DE Club 151,2,92e8c246-dee3-4b60-9297-90ca4f6edddc,NewManagerBot_151,DE,Europe/Berlin,NewManagerBot,2,2,5,0,26,4,4,2,460,6000,7400,5,4,2,4,111,16167443,11936,12483330,3245423,15000,11200
DE Club 41,2,3dc92206-3813-4c42-9ab2-03e6bc0cb5f0,LadderGrinderBot_41,DE,Europe/Amsterdam,LadderGrinderBot,2,2,9,10,9,11,41,4,720,9600,11800,5,8,1,1,125,32153514,8984,19744200,4677719,15000,13000
ES Club 34,2,0f61cad3-969a-447b-b191-bcce5268cb56,YouthFocusedBot_34,ES,Europe/Madrid,YouthFocusedBot,2,2,1,15,7,8,53,3,590,7750,9700,2,8,3,2,139,23441396,503,16103180,5735056,21800,22600
ES Club 44,2,2de1f101-2294-4ec7-bfa3-c5bdbaca453d,ConservativeBot_44,ES,Europe/Paris,ConservativeBot,2,2,15,10,10,10,40,2,460,6000,7400,6,9,2,3,138,12307903,9614,12448830,6793773,15000,14280
IT Club 173,2,159887e1-97be-479a-9c8f-3103bf6b079a,LadderGrinderBot_173,IT,Europe/Amsterdam,LadderGrinderBot,2,2,8,14,7,9,51,1,330,4250,5300,4,8,5,5,117,5709040,8210,8906480,4318553,15000,15120
IT Club 43,2,5e5ccef4-48ac-4d30-9573-c00f09609456,NewManagerBot_43,IT,Europe/Berlin,NewManagerBot,2,2,11,13,11,6,45,2,460,6000,7500,3,9,4,5,135,16694504,11611,12511850,5138726,15000,10400
NL Club 35,2,574d2ace-d632-4ab4-8fa2-97312a573816,LadderGrinderBot_35,NL,Europe/Amsterdam,LadderGrinderBot,2,2,4,3,20,7,16,2,460,6100,7400,4,6,2,2,118,17319896,8631,12545400,4191133,15000,13320
PL Club 46,2,a7bbebd6-3fec-4035-b689-71f25c252a5c,YouthFocusedBot_46,PL,Europe/Madrid,YouthFocusedBot,2,2,2,7,15,8,29,1,330,4250,5300,5,9,1,3,144,6773230,445,8865500,4540402,21400,21700
PT Club 180,2,ae58b792-f6ce-4937-9ec1-7798eba68e69,SocialBot_180,PT,Europe/Warsaw,SocialBot,2,2,6,26,0,4,82,2,460,6000,7400,4,7,3,5,146,9216633,9773,12473280,7527117,15000,15120
PT Club 190,2,d557eb61-328b-455a-ac12-bdf7160c3c0a,YouthFocusedBot_190,PT,Europe/Madrid,YouthFocusedBot,2,2,7,7,14,9,30,1,330,4250,5200,2,5,2,3,110,9175960,211,8865900,4037207,21700,21800
AT Club 57,2,cdcabf4f-833f-48bf-845c-863511efb2a4,AggressiveTraderBot_57,AT,Europe/Rome,AggressiveTraderBot,2,3,11,11,9,10,43,3,590,7750,9700,3,8,4,4,130,20293744,44,16128200,5886846,22100,22500
BE Club 209,2,ad27e825-0edb-4922-b7c0-610ff60581e4,LadderGrinderBot_209,BE,Europe/Amsterdam,LadderGrinderBot,2,3,3,6,14,10,28,2,460,6000,7500,2,6,4,2,143,14006373,10671,12513500,4744542,15000,12960
BE Club 59,2,3ce2d0b5-9834-4f9d-aca0-2d05a4acfa32,LadderGrinderBot_59,BE,Europe/Amsterdam,LadderGrinderBot,2,3,2,14,4,12,54,2,460,6000,7400,3,6,1,4,148,14623474,12692,12467850,6799047,15000,11200
CH Club 208,2,29f2d77f-a67c-4be4-80eb-9bdc438d93c9,YouthFocusedBot_208,CH,Europe/Madrid,YouthFocusedBot,2,3,6,12,8,10,46,1,330,4250,5200,5,6,4,4,143,3843694,-393,8878950,6946981,21800,22600
DE Club 51,2,348cf306-9bd1-412e-a9f9-2271d6198998,AggressiveTraderBot_51,DE,Europe/Rome,AggressiveTraderBot,2,3,7,11,11,8,41,4,720,9600,11800,3,8,2,1,139,25249706,149,19744530,8107818,21800,23500
ES Club 4,2,85120ad2-7fa3-4217-8604-f29bf87884d3,YouthFocusedBot_4,ES,Europe/Madrid,YouthFocusedBot,2,3,16,14,9,7,49,4,720,9500,11800,2,7,2,1,115,33835534,913,19673730,4350098,21900,22100
ES Club 64,2,20ac27c2-f80e-4cfd-8f92-415bb8148245,YouthFocusedBot_64,ES,Europe/Madrid,YouthFocusedBot,2,3,15,9,14,7,34,1,330,4250,5300,6,6,4,2,139,9489741,1177,8900300,6233672,21800,22100
IT Club 193,2,e3c5b140-56f3-4708-b136-7f7ab0a3705b,NewManagerBot_193,IT,Europe/Berlin,NewManagerBot,2,3,4,14,6,10,52,2,460,6100,7400,3,5,4,1,136,13718761,10877,12557100,3380564,15000,10800
IT Club 213,2,75ce292d-1775-4ff0-bf8d-ee575b3e6f0c,AggressiveTraderBot_213,IT,Europe/Rome,AggressiveTraderBot,2,3,5,8,12,10,34,2,460,6000,7400,5,9,4,1,143,7843267,1286,12456300,5244636,22500,21600
IT Club 53,2,d62fac56-1029-4f52-96f0-afda254d62bd,LadderGrinderBot_53,IT,Europe/Amsterdam,LadderGrinderBot,2,3,10,16,8,6,54,4,720,9500,11800,3,8,3,3,138,27248158,8500,19691100,5409045,15000,12340
IT Club 63,2,e40c8e5f-6802-45ea-a6ba-f4d271c91904,AggressiveTraderBot_63,IT,Europe/Rome,AggressiveTraderBot,2,3,9,8,16,6,30,3,590,7750,9700,4,8,5,2,147,18201038,-217,16127030,6541147,22400,23500
NL Club 55,2,d599d6f9-83d6-4dd5-aa33-26c62bc02dbb,NewManagerBot_55,NL,Europe/Berlin,NewManagerBot,2,3,13,9,11,10,37,3,590,7750,9700,7,9,3,3,124,20113951,8778,16107950,5717234,15000,11400
PL Club 226,2,b63b1bdf-cd28-4a5c-a677-f48ff2336887,YouthFocusedBot_226,PL,Europe/Madrid,YouthFocusedBot,2,3,1,4,14,12,24,2,460,6000,7500,6,6,3,4,144,12702674,391,12521480,3507350,21800,22700
PL Club 236,2,25215cf6-7a90-459c-8736-014dae6827e1,ConservativeBot_236,PL,Europe/Paris,ConservativeBot,2,3,8,11,11,8,41,3,590,7750,9700,4,5,3,4,130,17100360,10757,16142600,5290242,15000,13520
PL Club 56,2,bf2c47e6-76b3-42cd-b86e-a8e479e60804,ConservativeBot_56,PL,Europe/Paris,ConservativeBot,2,3,14,11,9,10,43,3,590,7750,9700,3,4,2,3,114,24103913,9690,16130000,3845041,15000,12540
PT Club 50,2,c8deae6a-242d-46ce-800d-5a4390ba8fc3,ConservativeBot_50,PT,Europe/Paris,ConservativeBot,2,3,12,9,11,10,37,1,330,4250,5200,3,4,3,2,109,10102141,7236,8869230,6485547,15000,13940
AT Club 67,2,611ce365-1847-4d8e-8c43-9d9c8dd1fb74,NewManagerBot_67,AT,Europe/Berlin,NewManagerBot,2,4,11,14,8,8,50,2,460,6000,7400,6,7,4,4,127,16089649,8208,12484650,2993841,15000,12880
AT Club 77,2,a09cbe08-d33b-492c-8eac-8a985fe5293b,LadderGrinderBot_77,AT,Europe/Amsterdam,LadderGrinderBot,2,4,13,12,9,9,45,3,590,7750,9700,3,6,2,4,129,23487086,10297,16127000,4864426,15000,12740
BE Club 259,2,b828ba92-3787-49ca-83d1-66ed8b43da8a,NewManagerBot_259,BE,Europe/Berlin,NewManagerBot,2,4,9,0,28,2,2,3,590,7850,9600,3,7,1,3,105,16107713,10470,16140000,5501100,15000,12740
BE Club 279,2,066eabed-4679-4ade-8d76-9913e91fded9,AggressiveTraderBot_279,BE,Europe/Rome,AggressiveTraderBot,2,4,1,13,8,9,48,1,330,4250,5200,5,8,2,1,146,71746,439,8826900,6151968,19000,20100
BE Club 69,2,4a4ce3d8-58ff-45ab-876c-0acc4458bd2e,AggressiveTraderBot_69,BE,Europe/Rome,AggressiveTraderBot,2,4,4,12,10,8,44,1,330,4250,5300,6,6,3,3,139,1839596,567,8904200,9729808,22100,22500
CH Club 78,2,60be413e-022e-4268-8258-e2194f43454e,SocialBot_78,CH,Europe/Warsaw,SocialBot,2,4,10,28,0,2,86,4,730,9500,11800,4,8,1,4,143,33404532,12525,19771370,4038154,15000,11600
CH Club 8,2,b027d720-ee06-4f8c-924d-112b01c3dc75,ConservativeBot_8,CH,Europe/Paris,ConservativeBot,2,4,16,11,12,7,40,2,460,6000,7400,6,7,4,2,111,18793733,7312,12468030,4794910,15000,13000
DE Club 71,2,2c4a53fa-60af-49ce-a743-ec79a51856ba,LadderGrinderBot_71,DE,Europe/Amsterdam,LadderGrinderBot,2,4,12,8,14,8,32,2,460,6100,7400,4,8,4,2,114,12626582,3895,12538950,5846169,15000,15920
ES Club 74,2,40cc7e01-3f6b-473e-b0f3-785115d6b7d5,ConservativeBot_74,ES,Europe/Paris,ConservativeBot,2,4,8,7,9,14,35,4,720,9500,11900,3,8,4,5,127,30182619,10201,19745480,5245978,15000,12740
FR Club 252,2,3c1559dc-f84c-41c2-ba6b-a09bdb4ec5e7,SocialBot_252,FR,Europe/Warsaw,SocialBot,2,4,6,12,10,8,44,4,720,9600,11800,5,10,3,5,131,22414552,5714,19763250,7028634,15000,16300
FR Club 72,2,6eb1e349-53a1-43a2-82a9-8bcd0ced166c,SocialBot_72,FR,Europe/Warsaw,SocialBot,2,4,15,12,11,7,43,3,590,7750,9600,5,6,3,2,131,22327367,13284,16088130,4690137,15000,11200
NL Club 245,2,0d22986b-e0ff-4b27-901e-5016fa049f99,LadderGrinderBot_245,NL,Europe/Amsterdam,LadderGrinderBot,2,4,3,10,12,8,38,3,590,7750,9700,5,7,3,4,136,18244460,7682,16127330,6379280,15000,14500
PL Club 276,2,f26d2663-fed0-49cd-89c7-5c7beff462f7,SocialBot_276,PL,Europe/Warsaw,SocialBot,2,4,7,9,7,14,41,3,590,7850,9600,4,8,3,3,108,17637450,10246,16148430,5769530,15000,12520
PL Club 76,2,ce73b2b1-9524-46ff-87e0-ee5423995657,YouthFocusedBot_76,PL,Europe/Madrid,YouthFocusedBot,2,4,5,10,12,8,38,4,720,9600,11800,3,6,4,5,144,28238765,-427,19801350,5611533,21400,23200
PT Club 270,2,ef46c6d8-0ec4-44c5-b459-3d0a9e9c0eef,SocialBot_270,PT,Europe/Warsaw,SocialBot,2,4,2,8,13,9,33,1,330,4250,5200,6,7,4,2,140,6219229,9883,8862330,5790104,15000,14000
PT Club 80,2,662d1daa-cb50-4e3d-9658-df500ce809e4,ConservativeBot_80,PT,Europe/Paris,ConservativeBot,2,4,14,9,12,9,36,3,600,7750,9600,4,8,3,2,105,22498931,9579,16164950,4737288,15000,12320
AT Club 87,2,e7ee539b-b81c-457f-a4bc-963b97e6fd1c,AggressiveTraderBot_87,AT,Europe/Rome,AggressiveTraderBot,2,5,7,12,8,10,46,2,460,6000,7500,3,7,3,5,118,8949900,561,12518480,9596921,22200,21700
BE Club 89,2,ea4a2c63-09b1-4080-9bad-21b8a4498cb5,LadderGrinderBot_89,BE,Europe/Amsterdam,LadderGrinderBot,2,5,8,8,12,10,34,2,460,6000,7400,7,10,2,2,132,16056858,7928,12436950,4736600,15000,13660
DE Club 81,2,0f19654f-f97f-4671-99ff-ea4cd47d453f,AggressiveTraderBot_81,DE,Europe/Rome,AggressiveTraderBot,2,5,14,5,15,10,25,2,460,6000,7500,5,9,2,2,110,9067065,1066,12474650,8622028,22600,21700
DE Club 91,2,f236e20e-c5da-4b23-b5ef-cb3cab31feae,NewManagerBot_91,DE,Europe/Berlin,NewManagerBot,2,5,11,9,14,7,34,2,460,6100,7400,6,6,3,3,127,17916622,10727,12550230,3763949,15000,12600
ES Club 84,2,dc1e25b8-c625-4f27-81da-67d2b8ba9507,SocialBot_84,ES,Europe/Warsaw,SocialBot,2,5,13,15,5,10,55,4,720,9500,11800,7,9,2,5,124,28542564,5479,19684350,5417452,15000,14060
FR Club 292,2,d6644096-93e9-4409-a37d-40fe2821e7ad,YouthFocusedBot_292,FR,Europe/Madrid,YouthFocusedBot,2,5,1,13,9,8,47,1,330,4250,5200,2,6,4,4,141,8048573,1008,8871600,3653000,21600,21900
FR Club 82,2,c6df28d8-1bf8-4dde-9c82-0b6372716413,YouthFocusedBot_82,FR,Europe/Madrid,YouthFocusedBot,2,5,12,14,9,7,49,1,330,4250,5300,5,9,3,5,105,5422770,646,8890550,7109324,21900,21800
FR Club 92,2,deb7446a-622e-4d65-be4a-05788e9559f6,ConservativeBot_92,FR,Europe/Paris,ConservativeBot,2,5,15,27,0,3,84,2,460,6000,7500,4,6,3,3,144,18277627,8669,12517130,4047853,15000,12720
NL Club 315,2,cdac6461-18e6-4ea7-96ea-fc23ca7f1516,AggressiveTraderBot_315,NL,Europe/Rome,AggressiveTraderBot,2,5,9,7,6,17,38,1,330,4250,5200,3,7,1,2,117,60557,0,8830800,8259768,21500,23300
NL Club 335,2,b4f60935-4474-4a59-b671-1d2dd1587f6d,LadderGrinderBot_335,NL,Europe/Amsterdam,LadderGrinderBot,2,5,4,11,8,11,44,2,460,6000,7400,3,10,4,3,116,13059305,9006,12457650,4493847,15000,12940
NL Club 85,2,704c9670-99e6-42ee-820e-3cf20369bec1,NewManagerBot_85,NL,Europe/Berlin,NewManagerBot,2,5,5,22,3,5,71,2,460,6100,7400,6,5,2,4,148,14085365,10082,12554250,5266452,15000,13800
PL Club 6,2,ccb109de-ae0a-4c61-8908-682679edb582,SocialBot_6,PL,Europe/Warsaw,SocialBot,2,5,16,0,27,3,3,3,590,7750,9600,4,6,2,2,106,25987692,10637,16080030,5833056,15000,13520
PL Club 96,2,ef7a53d4-cc9a-4c20-ac9d-f7c70917fd7f,SocialBot_96,PL,Europe/Warsaw,SocialBot,2,5,10,6,7,17,35,4,720,9500,11800,6,6,5,2,138,29774573,13624,19717380,3986374,15000,10800
PT Club 300,2,832500b9-87ae-4b57-bb4e-102c622e0d92,SocialBot_300,PT,Europe/Warsaw,SocialBot,2,5,3,8,11,11,35,1,330,4350,5200,2,7,4,4,117,6946603,7644,8942250,4531662,15000,15360
PT Club 310,2,fe5a44a9-ce25-4b0c-805f-aa58fad6f508,YouthFocusedBot_310,PT,Europe/Madrid,YouthFocusedBot,2,5,6,3,22,5,14,2,460,6000,7400,6,9,3,4,119,11203447,934,12453780,6226478,22100,23000
PT Club 330,2,e683404b-44f6-40a7-a72b-f0ea46397232,SocialBot_330,PT,Europe/Warsaw,SocialBot,2,5,2,9,13,8,35,3,590,7750,9700,3,8,2,1,133,16503351,7279,16098500,6674884,15000,13600
AT Club 107,2,b8cbcad1-6155-4e67-bb28-3941ecf4f0bc,LadderGrinderBot_107,AT,Europe/Amsterdam,LadderGrinderBot,3,1,10,12,7,11,47,1,330,4350,5200,3,8,1,5,128,4061461,10524,6931950,5172365,15000,12200
AT Club 97,2,618ea146-3ba0-4ae0-b788-e4dafedba22b,NewManagerBot_97,AT,Europe/Berlin,NewManagerBot,3,1,15,14,8,8,50,2,460,6000,7400,4,9,3,3,120,9756775,12090,9690000,4267518,15000,10600
BE Club 109,2,585a27c8-a1a4-461b-8a09-9e95f6342f27,NewManagerBot_109,BE,Europe/Berlin,NewManagerBot,3,1,2,9,9,12,39,2,460,6000,7400,5,6,2,1,118,13835776,9082,9695400,2789691,15000,13900
BE Club 99,2,133ca065-3a25-49f7-9432-74ac3d3c0a4c,AggressiveTraderBot_99,BE,Europe/Rome,AggressiveTraderBot,3,1,14,10,11,9,39,3,590,7850,9600,4,5,4,3,109,14461746,501,12600450,5327441,22300,22300
CH Club 108,2,2b027f11-de59-420a-b7d0-ef5d314a04fa,SocialBot_108,CH,Europe/Warsaw,SocialBot,3,1,4,6,15,9,27,1,330,4350,5200,4,4,4,4,127,6144255,8875,6981900,4615849,15000,11800
CH Club 18,2,62619cd8-64ad-40dc-9339-cb65538bc836,SocialBot_18,CH,Europe/Warsaw,SocialBot,3,1,8,27,0,3,84,3,590,7750,9600,3,9,2,1,144,18800276,8914,12484500,4708854,15000,12940
CH Club 98,2,30333bdd-d11e-4e52-986b-c6fbd073b7a1,ConservativeBot_98,CH,Europe/Paris,ConservativeBot,3,1,5,11,12,7,40,2,460,6000,7500,5,6,2,3,124,9627111,8876,9725630,5252084,15000,11800
DE Club 111,2,805596ae-c0b3-4c48-bba3-a6d4f8a1aa71,AggressiveTraderBot_111,DE,Europe/Rome,AggressiveTraderBot,3,1,7,0,27,3,3,3,590,7850,9600,4,7,4,4,108,9431867,1326,12582600,7962546,22200,21300
FR Club 102,2,1057bce7-2dbd-4e33-bbce-6cd6f9e1f38b,SocialBot_102,FR,Europe/Warsaw,SocialBot,3,1,9,7,12,11,32,3,590,7750,9600,2,8,2,3,129,16113804,12236,12500850,5481504,15000,11760
FR Club 112,2,a15b6a0b-37cb-4a21-ae23-4b81fd31f3b6,YouthFocusedBot_112,FR,Europe/Madrid,YouthFocusedBot,3,1,6,12,11,7,43,2,460,6000,7500,3,8,3,1,120,11860573,713,9717500,5699274,21700,21100
FR Club 52,2,64c2c870-4cd1-4757-a3a5-44b6c9811f67,YouthFocusedBot_52,FR,Europe/Madrid,YouthFocusedBot,3,1,16,8,14,8,32,1,330,4350,5200,6,6,4,4,125,5925517,474,6974130,3851957,21400,21300
IT Club 103,2,60f61091-88a8-41c4-8e14-7f15e8d04cfc,NewManagerBot_103,IT,Europe/Berlin,NewManagerBot,3,1,13,11,10,9,42,4,720,9500,11900,2,6,3,3,130,22386189,10835,15357200,3991708,15000,12360
NL Club 105,2,bee987f7-96fc-4ca3-aa1e-883868a97f56,AggressiveTraderBot_105,NL,Europe/Rome,AggressiveTraderBot,3,1,3,15,6,9,54,1,330,4250,5200,5,7,2,4,126,-1592441,748,6882300,7698878,18300,19000
PL Club 106,2,4e4c2586-f2ba-40ab-9ac3-3378ba751f49,YouthFocusedBot_106,PL,Europe/Madrid,YouthFocusedBot,3,1,12,12,13,5,41,4,720,9500,11800,3,8,1,3,122,22698110,1917,15304350,3291327,21500,20700
PT Club 100,2,8f2ff8e9-cfad-4c42-acf9-23f4ace61979,YouthFocusedBot_100,PT,Europe/Madrid,YouthFocusedBot,3,1,1,9,9,12,39,3,590,7750,9600,3,7,4,3,122,17578598,81,12524550,2839074,21800,23300
PT Club 110,2,18c26668-2250-45ff-bd3f-841825eff91c,ConservativeBot_110,PT,Europe/Paris,ConservativeBot,3,1,11,13,12,5,44,1,330,4350,5200,5,6,2,1,134,4165083,10284,6944700,5989340,15000,13700
AT Club 117,2,e6ca718d-1ead-4b7e-a9ac-c0ca863c7f73,AggressiveTraderBot_117,AT,Europe/Rome,AggressiveTraderBot,3,2,4,11,8,11,44,2,460,6000,7500,4,9,4,5,127,5261175,1277,9728450,5712236,22200,21500
AT Club 127,2,d8a4463c-3898-4480-9e43-1ed7f1346e27,NewManagerBot_127,AT,Europe/Berlin,NewManagerBot,3,2,7,9,11,10,37,3,590,7750,9700,3,9,5,5,105,16613525,10264,12555380,5474132,15000,13340
AT Club 17,2,7f52514d-1425-4197-b719-69243e46b753,LadderGrinderBot_17,AT,Europe/Amsterdam,LadderGrinderBot,3,2,10,8,9,13,37,2,460,6000,7500,4,6,1,3,126,12631521,9087,9725300,4844334,15000,13120
BE Club 119,2,01f3fc7b-ecc8-4da8-a134-205f5b0cc3be,LadderGrinderBot_119,BE,Europe/Amsterdam,LadderGrinderBot,3,2,5,10,8,12,42,2,460,6000,7500,6,10,2,3,124,8328399,8763,9703130,6246644,15000,15480
CH Club 118,2,7483179c-ed57-4cee-a179-14c5a6ba9c62,YouthFocusedBot_118,CH,Europe/Madrid,YouthFocusedBot,3,2,9,9,8,13,40,3,590,7850,9600,5,8,4,3,113,15683617,603,12570450,5020157,22100,21800
CH Club 128,2,bc14cf8f-78a7-4317-85fe-85b18d67f9b6,ConservativeBot_128,CH,Europe/Paris,ConservativeBot,3,2,6,8,10,12,36,3,590,7750,9700,4,5,4,3,111,13843615,11609,12568700,6095455,15000,11800
DE Club 121,2,1b250786-6d20-48be-abfc-65bb8adb920a,NewManagerBot_121,DE,Europe/Berlin,NewManagerBot,3,2,13,8,12,10,34,2,460,6000,7500,5,7,4,1,134,8694340,8258,9725330,7510546,15000,16100
ES Club 124,2,2ee52a8c-67ce-4898-a8c0-76a6418d21d0,YouthFocusedBot_124,ES,Europe/Madrid,YouthFocusedBot,3,2,11,11,6,13,46,3,590,7750,9600,5,9,4,2,131,13049122,1058,12497550,5586372,21400,20300
FR Club 122,2,7313cd66-e9c4-4710-a0ac-2423670ab347,ConservativeBot_122,FR,Europe/Paris,ConservativeBot,3,2,3,8,11,11,35,2,460,6000,7400,6,6,3,3,146,10635864,11004,9704580,5071572,15000,11800
IT Club 113,2,bb665cdd-dee0-487f-ace1-d75d7ebff188,LadderGrinderBot_113,IT,Europe/Amsterdam,LadderGrinderBot,3,2,14,12,8,10,46,1,330,4250,5300,3,6,2,2,143,3029565,8376,6917300,5471196,15000,13540
IT Club 123,2,abd03c1f-5074-48bf-a143-bd17d4591bea,AggressiveTraderBot_123,IT,Europe/Rome,AggressiveTraderBot,3,2,2,12,6,12,48,3,590,7750,9700,6,5,5,1,146,11978117,1039,12560030,6781798,22200,21000
NL Club 125,2,20c0ee5d-34d1-4bc2-9c86-8e8b91513228,LadderGrinderBot_125,NL,Europe/Amsterdam,LadderGrinderBot,3,2,12,6,11,13,31,4,720,9500,11900,4,6,2,4,129,19346098,8880,15353600,5344286,15000,12800
PL Club 116,2,47e4d6c7-4684-40ef-b555-2bf2bf45480b,ConservativeBot_116,PL,Europe/Paris,ConservativeBot,3,2,15,7,15,8,29,4,720,9500,11800,4,8,3,1,107,20406040,3511,15303930,5949279,15000,15120
PL Club 126,2,6311e709-b24e-4646-bc1b-16eb6e9a704c,SocialBot_126,PL,Europe/Warsaw,SocialBot,3,2,1,6,12,12,30,3,590,7750,9700,3,8,2,3,123,13803573,9981,12522500,3481837,15000,13940
PT Club 120,2,9e07ec54-6e86-4cb6-98b1-235b6a352569,SocialBot_120,PT,Europe/Warsaw,SocialBot,3,2,8,11,9,10,43,3,590,7750,9600,5,5,4,4,117,14663942,12738,12536280,4714393,15000,10400
PT Club 60,2,60f577ef-d7cb-43ee-9c2b-5c18844d2f03,SocialBot_60,PT,Europe/Warsaw,SocialBot,3,2,16,15,7,8,53,2,460,6100,7400,2,8,3,4,105,10052256,9835,9755130,4961008,15000,13000
AT Club 137,2,a2c2667c-93d8-4cee-835d-eb187ab094d2,LadderGrinderBot_137,AT,Europe/Amsterdam,LadderGrinderBot,3,3,5,8,10,12,36,4,720,9500,11800,6,6,1,2,108,18581475,11882,15307350,5697090,15000,11800
BE Club 129,2,7cdc5c78-c824-4981-ac60-c065a701c67b,AggressiveTraderBot_129,BE,Europe/Rome,AggressiveTraderBot,3,3,9,10,10,10,40,1,330,4250,5200,4,8,4,1,127,562345,1783,6877500,7432565,22100,20500
CH Club 138,2,492508a8-01fb-4638-a96f-6f75549dc1e0,SocialBot_138,CH,Europe/Warsaw,SocialBot,3,3,11,5,14,11,26,4,720,9600,11800,3,7,4,1,120,20834168,8701,15388200,3958531,15000,12000
DE Club 131,2,cfde46e7-93d7-47c5-bd87-009d21bd1d4f,LadderGrinderBot_131,DE,Europe/Amsterdam,LadderGrinderBot,3,3,14,13,7,10,49,2,460,6000,7500,4,5,3,2,147,8437487,9588,9744500,6048753,15000,13920
DE Club 141,2,7e1cd9ae-3a02-4cdd-91cf-3f233a94490c,AggressiveTraderBot_141,DE,Europe/Rome,AggressiveTraderBot,3,3,6,10,8,12,42,4,720,9600,11800,6,10,5,2,106,18770377,1644,15378030,6496761,21800,20500
ES Club 134,2,5c8a1607-1688-40dc-922b-9eb09c33893d,ConservativeBot_134,ES,Europe/Paris,ConservativeBot,3,3,2,16,9,5,53,2,460,6000,7400,4,9,4,2,139,9103062,10810,9693330,6035134,15000,11800
ES Club 144,2,b58e2ae3-cb5e-4291-8508-631ece4472c7,SocialBot_144,ES,Europe/Warsaw,SocialBot,3,3,7,12,9,9,45,2,460,6100,7400,5,6,4,1,137,9137085,9447,9772500,5265041,15000,13700
FR Club 132,2,205ec8dd-1081-4b46-9932-30787b94390e,SocialBot_132,FR,Europe/Warsaw,SocialBot,3,3,1,9,16,5,32,3,590,7750,9600,3,6,3,5,148,17498490,9560,12532950,5032945,15000,13740
FR Club 142,2,60096c04-5158-4a2f-8934-81a7b1f99149,YouthFocusedBot_142,FR,Europe/Madrid,YouthFocusedBot,3,3,10,10,10,10,40,2,460,6000,7400,2,8,1,1,129,9810535,540,9664800,6061707,21600,21700
FR Club 22,2,673d69b5-669c-4786-9e06-d7aa63e589c6,YouthFocusedBot_22,FR,Europe/Madrid,YouthFocusedBot,3,3,8,9,12,9,36,1,340,4250,5200,6,5,2,1,117,8554285,399,6961810,4775426,21700,22000
FR Club 62,2,f24edcd9-ec85-45dc-a843-7ffe73560a01,ConservativeBot_62,FR,Europe/Paris,ConservativeBot,3,3,16,9,13,8,35,2,460,6000,7500,5,6,4,2,109,11719616,7999,9744680,5371601,15000,14100
IT Club 133,2,964149c1-5c4d-4fc5-a66f-ed386181abe4,NewManagerBot_133,IT,Europe/Berlin,NewManagerBot,3,3,13,7,13,10,31,1,330,4250,5200,4,6,3,4,131,4288536,9067,6905400,4702241,15000,14720
IT Club 143,2,a76986a8-37f4-48c8-b95e-8207314d2b86,LadderGrinderBot_143,IT,Europe/Amsterdam,LadderGrinderBot,3,3,3,10,13,7,37,1,330,4350,5200,2,7,3,3,137,5784612,9183,6954150,3602148,15000,15160
PL Club 136,2,70f861f6-8a3e-42c4-8761-6ac90a75e15b,YouthFocusedBot_136,PL,Europe/Madrid,YouthFocusedBot,3,3,12,14,5,11,53,1,330,4250,5200,2,6,3,1,114,4473895,344,6891900,4167911,21600,22000
PT Club 130,2,7145701e-f8bd-42d6-9d35-945927b2a810,YouthFocusedBot_130,PT,Europe/Madrid,YouthFocusedBot,3,3,4,13,10,7,46,2,460,6000,7400,4,4,3,1,144,7535015,890,9710730,6119461,21600,21200
PT Club 140,2,9694c29c-f247-42b8-8997-0f26d442b2e2,ConservativeBot_140,PT,Europe/Paris,ConservativeBot,3,3,15,13,9,8,47,2,470,6000,7400,5,8,4,2,122,10617204,9162,9771190,4404483,15000,12900
AT Club 147,2,5aa85c20-0519-4beb-9fb9-6708f96e84af,AggressiveTraderBot_147,AT,Europe/Rome,AggressiveTraderBot,3,4,10,3,21,6,15,2,460,6100,7400,4,8,4,5,112,2651360,1348,9767850,9167858,22000,20700
AT Club 157,2,f4ac4c0c-9b24-42ea-b416-093b9beedc65,NewManagerBot_157,AT,Europe/Berlin,NewManagerBot,3,4,13,11,5,14,47,3,590,7750,9600,6,6,2,4,125,18003451,10769,12520500,3987260,15000,11800
BE Club 159,2,89fdfe3e-2d80-4f2c-802c-d017187d79e5,AggressiveTraderBot_159,BE,Europe/Rome,AggressiveTraderBot,3,4,2,0,28,2,2,4,720,9500,11900,2,6,3,2,108,18091300,760,15359930,7304676,21900,21900
BE Club 29,2,cabd4b9e-d4ce-4811-af3e-1ccf7e3c7954,LadderGrinderBot_29,BE,Europe/Amsterdam,LadderGrinderBot,3,4,9,21,3,6,69,3,590,7750,9600,3,8,2,4,140,19909036,9142,12498000,2544744,15000,12340
BE Club 79,2,050eab06-a8b8-44b4-b7bd-978fb2972ef7,NewManagerBot_79,BE,Europe/Berlin,NewManagerBot,3,4,12,3,21,6,15,2,460,6100,7400,2,9,3,1,120,10753701,10374,9734400,4214604,15000,12600
CH Club 148,2,e8de3063-9c5f-45ba-a477-473c7f9d2f1f,YouthFocusedBot_148,CH,Europe/Madrid,YouthFocusedBot,3,4,3,8,8,14,38,1,330,4250,5300,3,5,4,2,117,4270862,553,6933500,5144051,21700,20900
CH Club 158,2,dba3e857-0f27-467a-be50-c17b79e0ec65,ConservativeBot_158,CH,Europe/Paris,ConservativeBot,3,4,1,28,0,2,86,4,720,9500,11900,3,7,4,4,141,20076080,8417,15361880,6872727,15000,12800
ES Club 154,2,628d4312-db8c-4ba9-993b-6015197c410a,YouthFocusedBot_154,ES,Europe/Madrid,YouthFocusedBot,3,4,4,8,8,14,38,1,330,4350,5200,3,4,2,3,132,4589383,422,6961050,4377125,21800,23000
FR Club 152,2,4db15fa0-a26a-406e-8618-00b01f0dd73d,ConservativeBot_152,FR,Europe/Paris,ConservativeBot,3,4,15,8,8,14,38,1,330,4250,5200,5,6,2,3,127,5028565,8959,6885030,4470022,15000,12400
IT Club 153,2,5b71faac-8f2c-4285-b064-1e9ce698a595,AggressiveTraderBot_153,IT,Europe/Rome,AggressiveTraderBot,3,4,14,5,11,14,29,4,720,9500,11900,3,7,4,4,135,15104085,1579,15369650,6722772,21900,20900
NL Club 145,2,e75ee1c8-dc6c-4103-ab66-7fab1c96e63c,NewManagerBot_145,NL,Europe/Berlin,NewManagerBot,3,4,11,21,3,6,69,3,590,7750,9600,4,7,2,4,149,14529707,8882,12512730,4745448,15000,12000
NL Club 155,2,8dd2028f-36e1-4e26-b433-e847bc872591,LadderGrinderBot_155,NL,Europe/Amsterdam,LadderGrinderBot,3,4,8,4,16,10,22,3,590,7750,9600,3,8,4,3,124,12827105,11566,12509700,4904425,15000,12000
PL Club 146,2,498d2e73-5d20-4a36-9099-e2ad585d8017,ConservativeBot_146,PL,Europe/Paris,ConservativeBot,3,4,5,20,3,7,67,3,590,7750,9600,6,8,2,3,143,14738476,7249,12500850,4808627,15000,13280
PL Club 156,2,a2e491fa-c50d-4485-ad90-4aff165f8c3b,SocialBot_156,PL,Europe/Warsaw,SocialBot,3,4,6,3,20,7,16,4,720,9500,11800,6,8,2,5,115,21425050,9729,15313680,3684461,15000,14080
PT Club 150,2,53c31711-ece7-44c8-9010-f5787b6c8a2c,SocialBot_150,PT,Europe/Warsaw,SocialBot,3,4,16,8,8,14,38,2,460,6100,7400,5,10,2,5,114,9215205,10917,9743880,5244744,15000,12200
PT Club 160,2,e6721176-f64f-47bd-9d13-860308346657,YouthFocusedBot_160,PT,Europe/Madrid,YouthFocusedBot,3,4,7,16,4,10,58,4,720,9500,11800,2,6,2,2,117,22387206,440,15315180,4746855,21800,22000
BE Club 169,2,0018448d-cc8b-4968-a965-d6ed95a5d5ee,NewManagerBot_169,BE,Europe/Berlin,NewManagerBot,3,5,8,12,11,7,43,4,720,9500,11800,3,10,4,2,116,21287293,12442,15309030,5810693,15000,10600
CH Club 168,2,973da36b-7346-4843-94cb-ed5ac76e792d,SocialBot_168,CH,Europe/Warsaw,SocialBot,3,5,12,9,13,8,35,1,330,4250,5300,4,7,2,4,124,5047397,6644,6911030,3173259,15000,13120
CH Club 68,2,fb90b587-dadf-49bd-9ace-7d8da42b9389,ConservativeBot_68,CH,Europe/Paris,ConservativeBot,3,5,14,7,14,9,30,3,590,7750,9700,4,5,4,4,112,19383067,11287,12572780,5497763,15000,11200
DE Club 161,2,724b6093-c959-483a-9e1f-31d5fecc9162,LadderGrinderBot_161,DE,Europe/Amsterdam,LadderGrinderBot,3,5,1,8,12,10,34,4,720,9600,11800,3,10,4,5,127,23449842,11543,15383280,4687738,15000,10600
DE Club 171,2,433ab017-968b-404a-9262-2ad4e76bdb9a,AggressiveTraderBot_171,DE,Europe/Rome,AggressiveTraderBot,3,5,6,8,15,7,31,4,720,9500,11800,6,7,4,3,121,16510614,1022,15328530,8553367,22100,21500
ES Club 164,2,88d98b40-9de2-4940-84c2-25a611ae25a4,ConservativeBot_164,ES,Europe/Paris,ConservativeBot,3,5,5,15,8,7,52,1,330,4350,5200,3,10,2,3,113,3606699,8954,6923280,3744567,15000,12940
ES Club 174,2,024ed886-a400-4f98-8f69-6de68a8dc084,SocialBot_174,ES,Europe/Warsaw,SocialBot,3,5,11,13,9,8,47,4,720,9500,11800,7,9,3,4,132,20140666,6676,15317550,5452531,15000,13660
FR Club 162,2,0be310f9-369b-454a-bdcb-0d4b0dfb486a,SocialBot_162,FR,Europe/Warsaw,SocialBot,3,5,15,15,7,8,53,1,330,4250,5300,3,5,3,4,121,2551177,8094,6933980,7478329,15000,14140
FR Club 172,2,e72f24b6-7ab5-4d0e-aa4d-2ea29b171b82,YouthFocusedBot_172,FR,Europe/Madrid,YouthFocusedBot,3,5,9,11,8,11,44,1,330,4250,5200,5,7,1,2,135,3389176,1871,6865200,6097305,21700,20500
IT Club 163,2,aeebbfd9-f54e-42a8-8978-c101f9ddf84b,NewManagerBot_163,IT,Europe/Berlin,NewManagerBot,3,5,7,11,12,7,40,2,460,6000,7500,5,5,1,1,105,12096336,10964,9723800,3474598,15000,12600
NL Club 165,2,0d46166f-1c23-4fd1-8d98-9c303ba3ca81,AggressiveTraderBot_165,NL,Europe/Rome,AggressiveTraderBot,3,5,2,12,8,10,46,3,590,7750,9700,4,7,2,4,141,9772974,-117,12542000,7419119,22000,23600
NL Club 175,2,9e2dbcff-f250-428a-a497-2579eaad4bbb,NewManagerBot_175,NL,Europe/Berlin,NewManagerBot,3,5,10,8,11,11,35,1,330,4250,5200,5,6,3,1,140,4369049,8932,6891900,4675162,15000,13700
PL Club 166,2,bf3feda8-e4cd-473c-865d-cfeac769a612,YouthFocusedBot_166,PL,Europe/Madrid,YouthFocusedBot,3,5,13,14,7,9,51,3,590,7750,9600,3,8,4,1,119,13253694,1318,12508200,6442450,21800,21500
PL Club 176,2,e09865c8-301c-4a45-b0ef-8e7b03a6cbbf,ConservativeBot_176,PL,Europe/Paris,ConservativeBot,3,5,3,8,9,13,37,1,330,4250,5200,3,6,3,4,130,5510865,9160,6905250,3812877,15000,11200
PT Club 170,2,bf2b8ed2-3e14-4913-9321-e67377c212e6,ConservativeBot_170,PT,Europe/Paris,ConservativeBot,3,5,4,9,8,13,40,1,330,4250,5200,5,6,3,2,124,4307250,8357,6896400,5895746,15000,13400
PT Club 20,2,5d15ac60-92b2-45c6-b41c-5320a627c958,ConservativeBot_20,PT,Europe/Paris,ConservativeBot,3,5,16,7,15,8,29,4,720,9500,11800,5,6,4,4,124,27989298,6776,15340380,3313695,15000,14300
AT Club 177,2,8f9f4a3a-bea1-4316-bc6a-f39f505967c6,AggressiveTraderBot_177,AT,Europe/Rome,AggressiveTraderBot,3,6,9,3,17,10,19,2,460,6000,7400,5,4,2,1,113,3617880,-53,9702900,8006207,22600,24100
AT Club 187,2,9e41080b-0a1c-43ec-a652-ffda1c3b89b5,NewManagerBot_187,AT,Europe/Berlin,NewManagerBot,3,6,5,0,26,4,4,4,720,9500,11800,7,9,2,3,110,22873961,6989,15305100,4741219,15000,14460
BE Club 179,2,c1cebfc9-532e-40f4-82c6-9349c429bcec,LadderGrinderBot_179,BE,Europe/Amsterdam,LadderGrinderBot,3,6,10,17,3,10,61,2,460,6000,7500,6,7,4,2,142,9332500,9542,9737180,6074509,15000,13880
BE Club 189,2,4497be84-e199-4e43-ba29-5768a0e6218a,AggressiveTraderBot_189,BE,Europe/Rome,AggressiveTraderBot,3,6,14,13,8,9,48,2,460,6000,7400,2,9,5,2,111,7934406,857,9701430,6437093,22600,23600
CH Club 178,2,49819763-2993-4393-90f8-146e24a592e6,YouthFocusedBot_178,CH,Europe/Madrid,YouthFocusedBot,3,6,2,8,9,13,37,3,590,7750,9600,2,6,2,2,128,14768565,943,12511500,7458914,22000,20900
CH Club 188,2,0b899502-7cbb-4eb8-83eb-46db4b9bbe71,ConservativeBot_188,CH,Europe/Paris,ConservativeBot,3,6,8,11,11,8,41,1,330,4250,5300,2,7,2,3,133,4503420,10213,6914030,3280230,15000,12360
DE Club 181,2,4b256b0b-459a-4a00-9bfa-0c1726044877,NewManagerBot_181,DE,Europe/Berlin,NewManagerBot,3,6,3,12,6,12,48,1,330,4250,5300,6,8,3,3,123,4194873,8904,6914900,5490046,15000,11600
DE Club 191,2,5209c0b7-1b42-498c-b8ec-2a03c187686c,LadderGrinderBot_191,DE,Europe/Amsterdam,LadderGrinderBot,3,6,11,10,10,10,40,2,460,6000,7400,5,7,5,4,118,11720906,10565,9717780,3604695,15000,11800
ES Club 184,2,9ca77454-c39b-4b59-b123-435f3a956ffd,YouthFocusedBot_184,ES,Europe/Madrid,YouthFocusedBot,3,6,7,11,11,8,41,3,590,7750,9600,4,9,1,2,142,14213631,-231,12480900,6150020,22000,23500
FR Club 182,2,18279032-98b4-4926-8ab9-164cb988f81c,ConservativeBot_182,FR,Europe/Paris,ConservativeBot,3,6,13,8,13,9,33,1,330,4350,5200,6,9,4,4,126,4499197,10242,6951900,4378499,15000,12480
FR Club 192,2,f4750b95-fc78-4c49-ba82-cc1eb1bc7b47,SocialBot_192,FR,Europe/Warsaw,SocialBot,3,6,1,9,8,13,40,1,330,4250,5200,5,9,3,2,108,3360598,5898,6873630,4681608,15000,14500
IT Club 183,2,257bb0fb-4722-43fe-ac46-ab7aacc93603,AggressiveTraderBot_183,IT,Europe/Rome,AggressiveTraderBot,3,6,6,26,0,4,82,4,730,9500,11800,3,8,3,4,141,16432964,309,15395710,7118340,22000,22300
NL Club 185,2,fcec7403-56e0-4cd8-8dd1-a8bb20d39472,LadderGrinderBot_185,NL,Europe/Amsterdam,LadderGrinderBot,3,6,12,10,10,10,40,2,460,6000,7400,5,8,4,4,137,10752807,9729,9709680,3474061,15000,11000
NL Club 75,2,d745c013-0091-4430-ba89-8e45aa15aec5,AggressiveTraderBot_75,NL,Europe/Rome,AggressiveTraderBot,3,6,16,9,11,10,37,4,720,9600,11800,5,7,1,5,135,17112252,925,15381750,10977286,22500,23300
PL Club 186,2,80f87715-d81f-4704-9b92-0f262de5aa52,SocialBot_186,PL,Europe/Warsaw,SocialBot,3,6,4,6,12,12,30,2,460,6000,7500,5,8,3,5,138,8613760,6435,9727850,5007404,15000,12800
PL Club 26,2,2feac2a4-af37-4a38-83a4-381b3f97cf44,ConservativeBot_26,PL,Europe/Paris,ConservativeBot,3,6,15,11,9,10,43,4,720,9500,11900,5,9,1,1,125,24244235,9850,15317000,5291713,15000,12200
AT Club 197,2,1421dae4-4c13-4b29-b84a-e149a15de08b,LadderGrinderBot_197,AT,Europe/Amsterdam,LadderGrinderBot,3,7,7,14,6,10,52,3,600,7750,9600,5,5,4,4,121,18386203,9744,12614710,4180823,15000,12200
AT Club 207,2,7932b925-6a12-4918-b062-d38b8b5151a4,AggressiveTraderBot_207,AT,Europe/Rome,AggressiveTraderBot,3,7,15,24,0,6,78,2,460,6000,7500,6,6,3,5,144,5396049,1223,9742850,6308311,21900,21300
BE Club 199,2,54ff5ad4-faa4-4031-a15c-cb2dc743bd7c,NewManagerBot_199,BE,Europe/Berlin,NewManagerBot,3,7,11,9,10,11,38,1,330,4250,5200,5,9,4,3,131,5942565,7939,6886080,3178894,15000,14300
CH Club 198,2,b12f1edc-e973-459e-9661-eb8b94f20853,SocialBot_198,CH,Europe/Warsaw,SocialBot,3,7,6,0,28,2,2,3,590,7750,9600,5,8,4,3,110,16120766,10140,12509550,5425773,15000,13700
CH Club 48,2,5f2451f2-0668-4b60-98fc-bd64c9e6ae9c,SocialBot_48,CH,Europe/Warsaw,SocialBot,3,7,12,10,9,11,41,4,720,9500,11800,6,9,2,4,112,25536570,9431,15309330,4297308,15000,14080
DE Club 201,2,296cf1c9-5fa8-4e58-916b-b920c77a1c34,AggressiveTraderBot_201,DE,Europe/Rome,AggressiveTraderBot,3,7,1,14,9,7,49,3,590,7850,9600,5,9,3,5,132,12652021,1847,12563580,5818244,22000,20500
ES Club 194,2,937a9d70-1cc0-4113-8471-2351989b0165,ConservativeBot_194,ES,Europe/Paris,ConservativeBot,3,7,16,0,24,6,6,4,720,9500,11900,4,6,3,4,109,24181442,6119,15369050,2824983,15000,15120
ES Club 204,2,f57a98e7-1fc6-400f-a6e8-570ac0ed9836,SocialBot_204,ES,Europe/Warsaw,SocialBot,3,7,8,6,14,10,28,1,330,4250,5200,4,8,4,3,113,5831070,9287,6893730,2980999,15000,12720
FR Club 202,2,04e6a2cf-e6c0-4928-a8a8-564f57062b36,YouthFocusedBot_202,FR,Europe/Madrid,YouthFocusedBot,3,7,13,12,10,8,44,1,330,4350,5200,3,7,3,3,143,4480675,709,6954150,5118684,21700,21200
IT Club 203,2,919dde86-2d35-43ee-8c02-e290916835de,LadderGrinderBot_203,IT,Europe/Amsterdam,LadderGrinderBot,3,7,2,9,14,7,34,4,720,9500,11800,6,7,2,3,124,23092647,12046,15319950,3533101,15000,11200
IT Club 73,2,a5c71d17-12f8-4cdd-a0e0-181abab6a3e1,NewManagerBot_73,IT,Europe/Berlin,NewManagerBot,3,7,14,10,12,8,38,3,590,7850,9600,6,7,2,1,123,17370222,8194,12560130,6382764,15000,13400
NL Club 195,2,c060f2b9-e0be-4fab-a4d5-e6864530bd71,AggressiveTraderBot_195,NL,Europe/Rome,AggressiveTraderBot,3,7,5,28,0,2,86,4,720,9500,11800,6,6,4,1,146,20542458,1479,15327030,4774005,22100,20500
NL Club 205,2,3fd072aa-fc30-4ce4-b2f3-fcef0f234790,NewManagerBot_205,NL,Europe/Berlin,NewManagerBot,3,7,10,7,9,14,35,3,590,7750,9600,3,6,5,4,124,14344129,11812,12536880,5877792,15000,11400
PL Club 196,2,4869a90a-1243-45a7-86eb-bc8d9a148363,YouthFocusedBot_196,PL,Europe/Madrid,YouthFocusedBot,3,7,9,9,7,14,41,2,460,6100,7400,3,5,1,2,135,11724913,-13,9760200,4303110,22000,23000
PL Club 206,2,9db8ed72-bdb5-4b95-b4a3-dfe8098bbd70,ConservativeBot_206,PL,Europe/Paris,ConservativeBot,3,7,4,13,8,9,48,3,590,7850,9600,3,7,4,3,140,12102574,8569,12577950,7898537,15000,12740
PT Club 200,2,651ff949-50ae-45d6-8489-7560835e6a17,ConservativeBot_200,PT,Europe/Paris,ConservativeBot,3,7,3,8,13,9,33,3,590,7750,9600,3,5,4,2,134,18064248,12029,12527280,4394852,15000,10800
AT Club 217,2,e0326af1-b314-4d98-9e91-42e35aaee33d,NewManagerBot_217,AT,Europe/Berlin,NewManagerBot,3,8,6,26,0,4,82,2,460,6000,7400,4,6,4,4,147,11759424,10577,9724830,4053264,15000,11200
BE Club 219,2,11b113fe-aa84-4d84-868d-b16a13592b66,AggressiveTraderBot_219,BE,Europe/Rome,AggressiveTraderBot,3,8,9,13,6,11,50,2,460,6000,7500,4,6,3,4,125,5557881,142,9738500,7844347,22300,23400
CH Club 218,2,63ef6e6c-901c-46d8-8fe3-694ec8c18275,ConservativeBot_218,CH,Europe/Paris,ConservativeBot,3,8,8,20,3,7,67,4,720,9500,11900,5,7,3,4,139,20905645,8448,15354200,4837867,15000,14900
DE Club 211,2,8d3b1a03-6e77-462d-b5cf-23e60784c8e5,NewManagerBot_211,DE,Europe/Berlin,NewManagerBot,3,8,2,12,6,12,48,4,720,9600,11800,2,8,5,4,130,22902654,10417,15394530,4413057,15000,13160
DE Club 221,2,c2ee84de-1a9e-4427-b582-e08a783d636d,LadderGrinderBot_221,DE,Europe/Amsterdam,LadderGrinderBot,3,8,3,10,5,15,45,4,720,9500,11800,5,6,4,2,132,20393490,6288,15331800,6768907,15000,13900
ES Club 214,2,438a011b-77a0-4955-a26e-aa44f847c545,YouthFocusedBot_214,ES,Europe/Madrid,YouthFocusedBot,3,8,15,7,14,9,30,1,330,4350,5200,4,5,3,4,114,3759866,299,6966150,6216701,21800,23000
ES Club 224,2,fde34949-443f-44d9-82d4-1108a8a113f1,ConservativeBot_224,ES,Europe/Paris,ConservativeBot,3,8,7,3,20,7,16,2,470,6000,7400,6,7,1,2,111,8586925,6247,9762310,7091859,15000,13680
FR Club 212,2,d6049ac0-45fc-408d-8ed1-62be0039ed2d,ConservativeBot_212,FR,Europe/Paris,ConservativeBot,3,8,12,11,5,14,47,1,330,4350,5200,3,6,4,4,134,4452197,10786,6974130,3832609,15000,12200
FR Club 222,2,d92752c6-ade6-4ecd-b7ad-5db16998b5c9,SocialBot_222,FR,Europe/Warsaw,SocialBot,3,8,11,5,11,14,29,3,590,7750,9700,6,7,2,3,110,15804706,7225,12537350,5410012,15000,14480
FR Club 42,2,17eab328-3e2a-4417-8362-83c387f0a589,SocialBot_42,FR,Europe/Warsaw,SocialBot,3,8,13,8,12,10,34,1,330,4250,5200,5,7,4,2,122,4744182,12362,6889230,4981273,15000,10200
IT Club 223,2,b33e05e6-5a0f-47ab-8f6b-317948bf2a99,NewManagerBot_223,IT,Europe/Berlin,NewManagerBot,3,8,5,0,26,4,4,3,590,7850,9600,6,4,1,2,106,12092722,10391,12571650,7849572,15000,14400
NL Club 215,2,d13bb404-ed3e-4983-804a-ee7f9552736e,LadderGrinderBot_215,NL,Europe/Amsterdam,LadderGrinderBot,3,8,1,6,12,12,30,1,330,4250,5200,3,8,4,3,130,2401883,7199,6893850,5227945,15000,14540
PL Club 216,2,9b637931-3cc8-4eb1-8698-183124cb74bb,SocialBot_216,PL,Europe/Warsaw,SocialBot,3,8,10,6,13,11,29,1,330,4250,5300,6,5,1,5,108,4470516,8239,6922550,3204932,15000,12000
PT Club 210,2,86e038fe-0ba4-4664-b86b-51cb891b8805,SocialBot_210,PT,Europe/Warsaw,SocialBot,3,8,16,14,7,9,51,3,590,7750,9600,6,7,2,4,117,15742699,7724,12513000,5869900,15000,13480
PT Club 220,2,7c28b66e-fc5e-4822-a33c-24f05aec4ca9,YouthFocusedBot_220,PT,Europe/Madrid,YouthFocusedBot,3,8,4,5,10,15,30,1,340,4250,5200,2,6,4,3,117,6702119,1817,6979240,3612230,21400,20900
PT Club 70,2,8ed79a7e-dfc8-4dc6-b3b4-c972b561ddeb,YouthFocusedBot_70,PT,Europe/Madrid,YouthFocusedBot,3,8,14,12,8,10,46,4,720,9500,11800,3,5,1,5,111,26316970,425,15328350,5361651,21700,22200
AT Club 227,2,c95b8b8e-554e-422c-a66c-d2e6e5e6fbb6,LadderGrinderBot_227,AT,Europe/Amsterdam,LadderGrinderBot,3,9,2,10,14,6,36,2,460,6100,7400,3,8,3,3,127,6927604,8606,9758400,8058411,15000,13740
AT Club 237,2,fc7c7c13-4f17-46ea-a935-bf02ad0466e8,AggressiveTraderBot_237,AT,Europe/Rome,AggressiveTraderBot,3,9,7,11,8,11,44,4,720,9500,11800,6,8,3,4,119,19356446,473,15317280,4348347,22500,23000
BE Club 229,2,87b6b924-e37a-475e-9a97-8967b16211ca,NewManagerBot_229,BE,Europe/Berlin,NewManagerBot,3,9,9,9,11,10,37,2,470,6000,7400,3,7,2,5,136,8809711,7381,9783490,6116079,15000,14540
BE Club 239,2,aac97cd2-4015-4ebd-8173-40e2c488b36f,LadderGrinderBot_239,BE,Europe/Amsterdam,LadderGrinderBot,3,9,12,10,13,7,37,4,720,9500,11900,5,9,1,2,122,20222394,10725,15314000,3083927,15000,10600
CH Club 228,2,9614f347-1916-45e7-95c9-43bf04e23284,SocialBot_228,CH,Europe/Warsaw,SocialBot,3,9,11,13,10,7,46,4,720,9500,11800,5,5,3,2,125,20741329,10136,15338430,5063713,15000,10800
CH Club 238,2,e8ae7945-27c8-4a95-a035-d5ddf08ebb45,YouthFocusedBot_238,CH,Europe/Madrid,YouthFocusedBot,3,9,5,13,11,6,45,4,720,9500,11800,2,8,3,2,127,22616690,970,15316200,4065844,21700,22200
DE Club 231,2,947df70f-bccc-4983-a67e-88e5a984ff5f,AggressiveTraderBot_231,DE,Europe/Rome,AggressiveTraderBot,3,9,3,10,10,10,40,4,720,9500,11800,5,9,3,1,106,16342831,1177,15304200,7988213,22400,22600
ES Club 234,2,0768c66b-b272-4b91-acc6-390a8cc9b906,SocialBot_234,ES,Europe/Warsaw,SocialBot,3,9,8,8,11,11,35,3,590,7750,9600,3,7,3,2,134,16085303,11256,12511950,4672436,15000,11940
FR Club 232,2,f5d01f5a-dffe-4682-adcb-4b5cf426340b,YouthFocusedBot_232,FR,Europe/Madrid,YouthFocusedBot,3,9,6,11,13,6,39,2,460,6000,7500,6,5,4,1,115,9036616,2031,9747830,3680330,21600,20500
IT Club 233,2,ed4bacb7-638a-4081-b1bc-c2704a08a0ee,LadderGrinderBot_233,IT,Europe/Amsterdam,LadderGrinderBot,3,9,10,11,9,10,43,2,460,6000,7500,5,5,3,3,123,10913550,10634,9748850,3764234,15000,13400
NL Club 225,2,b0416165-d302-4781-9fb0-999f91c7c570,AggressiveTraderBot_225,NL,Europe/Rome,AggressiveTraderBot,3,9,15,9,9,12,39,2,460,6000,7500,5,7,2,4,107,7484149,-133,9730400,5718857,22200,23300
NL Club 235,2,f0478c1e-b4b9-4ce1-9bbc-f88d6a9e8442,NewManagerBot_235,NL,Europe/Berlin,NewManagerBot,3,9,13,0,25,5,5,4,720,9500,11800,5,6,4,3,106,22026256,7370,15336300,3215882,15000,13500
PL Club 36,2,bb4788ca-e910-463c-b118-fbeac8715be0,SocialBot_36,PL,Europe/Warsaw,SocialBot,3,9,14,25,0,5,80,2,460,6100,7400,4,8,1,2,137,12114700,12858,9737550,4793069,15000,10600
PL Club 66,2,046ea3ba-9a18-466f-82c9-69395045c2ad,SocialBot_66,PL,Europe/Warsaw,SocialBot,3,9,16,9,9,12,39,3,590,7850,9600,5,7,2,1,109,18182662,6989,12560400,5972303,15000,14900
PT Club 230,2,2ec21bac-1f72-4504-8d74-e38dde7a5e88,ConservativeBot_230,PT,Europe/Paris,ConservativeBot,3,9,1,14,10,6,48,3,590,7750,9600,2,6,2,1,140,14103918,9106,12499500,6407748,15000,12560
PT Club 240,2,3df323f7-54e6-4aea-a922-78d28a7e9a7b,SocialBot_240,PT,Europe/Warsaw,SocialBot,3,9,4,10,10,10,40,4,720,9500,11900,6,4,2,2,105,22804352,13353,15359180,2968564,15000,11000
AT Club 247,2,7e5e29cd-6198-4570-8200-84ac42851a81,NewManagerBot_247,AT,Europe/Berlin,NewManagerBot,3,10,13,13,9,8,47,3,590,7750,9700,4,8,5,1,140,14173964,10339,12545030,5609304,15000,13800
BE Club 249,2,afd5bcae-40a0-47b3-b596-49fe4228d660,AggressiveTraderBot_249,BE,Europe/Rome,AggressiveTraderBot,3,10,4,12,8,10,46,3,590,7750,9600,3,8,4,1,126,8887730,447,12507930,6807825,22400,23500
CH Club 248,2,c473403a-c3e9-4b6e-b900-1e409ac13be4,ConservativeBot_248,CH,Europe/Paris,ConservativeBot,3,10,5,3,13,14,23,2,460,6000,7400,4,7,4,2,121,11362886,10482,9700830,4411927,15000,14120
DE Club 241,2,347f46bb-ae79-4372-9d22-ecbdb09d1908,NewManagerBot_241,DE,Europe/Berlin,NewManagerBot,3,10,11,10,13,7,37,3,590,7750,9600,4,6,1,3,112,15748182,6434,12507750,5184947,15000,11800
DE Club 251,2,03dbbe39-1400-4442-9cca-64f451eeb9ea,LadderGrinderBot_251,DE,Europe/Amsterdam,LadderGrinderBot,3,10,14,9,13,8,35,2,460,6000,7400,3,7,4,4,143,8178100,11472,9709950,6040697,15000,11600
ES Club 244,2,83878997-443b-4409-a13f-1a00dbad831a,YouthFocusedBot_244,ES,Europe/Madrid,YouthFocusedBot,3,10,8,10,11,9,39,2,460,6000,7500,4,6,4,4,113,12453811,-463,9746330,3071554,21700,22600
ES Club 254,2,c4b1d99c-7c2d-44da-92d7-819387cb982a,ConservativeBot_254,ES,Europe/Paris,ConservativeBot,3,10,12,13,10,7,46,3,590,7750,9600,6,9,2,3,115,18108603,12729,12493230,2892694,15000,10000
FR Club 242,2,6c6a4a3a-2c71-4337-a016-4b35b51ddf1f,ConservativeBot_242,FR,Europe/Paris,ConservativeBot,3,10,7,11,10,9,42,2,460,6100,7400,3,7,4,5,127,7974792,9899,9782850,5974660,15000,13340
IT Club 243,2,57eeb85d-9fd3-4c86-bc74-881bb0616ec0,AggressiveTraderBot_243,IT,Europe/Rome,AggressiveTraderBot,3,10,2,18,6,6,60,2,460,6000,7400,6,7,5,3,122,4374393,489,9713430,7021554,22100,22900
IT Club 253,2,25a12e17-2ad9-49a3-89f4-ce70388c9308,NewManagerBot_253,IT,Europe/Berlin,NewManagerBot,3,10,1,6,18,6,24,1,330,4250,5200,7,8,4,2,135,4002894,9180,6889500,4445925,15000,12600
IT Club 83,2,3c825427-b8e4-4de6-a788-3e40683226c6,LadderGrinderBot_83,IT,Europe/Amsterdam,LadderGrinderBot,3,10,9,28,0,2,86,1,330,4250,5200,7,8,5,4,143,7895876,10595,6898830,2244414,15000,11000
NL Club 255,2,a1d96199-fa32-4c94-bdbf-0e82807a9537,AggressiveTraderBot_255,NL,Europe/Rome,AggressiveTraderBot,3,10,6,13,3,14,53,4,720,9500,11800,2,7,4,4,146,13902216,1746,15333150,8052679,22700,21700
NL Club 45,2,163c7072-c34e-4c0d-9f40-7b8e9a45647a,AggressiveTraderBot_45,NL,Europe/Rome,AggressiveTraderBot,3,10,16,9,11,10,37,3,590,7850,9600,4,5,5,4,108,17210241,1359,12605430,4784544,22700,21700
PL Club 246,2,affcb4a4-28bf-4225-a21d-f90c61023425,SocialBot_246,PL,Europe/Warsaw,SocialBot,3,10,15,11,9,10,43,1,330,4250,5300,5,7,5,3,108,2068753,9217,6938330,6626436,15000,13700
PL Club 256,2,c57fac4b-054c-4040-83bd-e60dc13a7259,YouthFocusedBot_256,PL,Europe/Madrid,YouthFocusedBot,3,10,3,8,12,10,34,3,590,7750,9600,4,5,1,1,144,17425288,1416,12506400,3227282,22100,20600
PT Club 250,2,42534d20-9ead-4371-bf33-56b4f04cfad2,YouthFocusedBot_250,PT,Europe/Madrid,YouthFocusedBot,3,10,10,0,28,2,2,2,460,6100,7400,3,5,1,1,110,12896616,690,9748200,3528396,21500,22000
AT Club 257,2,6b085cc3-b11f-464b-8f13-bb696a53eb49,LadderGrinderBot_257,AT,Europe/Amsterdam,LadderGrinderBot,3,11,2,8,10,12,36,1,330,4250,5200,5,7,5,2,125,8837869,11559,6904830,3460794,15000,12800
AT Club 267,2,e3b70cb6-1354-400b-85e6-a68e77dc686d,AggressiveTraderBot_267,AT,Europe/Rome,AggressiveTraderBot,3,11,7,16,6,8,56,2,460,6000,7400,6,5,2,4,113,1195950,933,9708750,11276875,22400,22300
BE Club 269,2,55860fdb-1cea-414a-acec-147c63a1cd21,LadderGrinderBot_269,BE,Europe/Amsterdam,LadderGrinderBot,3,11,15,11,11,8,41,4,720,9500,11900,6,5,3,4,109,20098126,11949,15376700,6061106,15000,10400
CH Club 258,2,06f91eed-dd89-49a1-ba61-5e422468d5e4,SocialBot_258,CH,Europe/Warsaw,SocialBot,3,11,10,11,8,11,44,2,460,6000,7400,7,9,2,3,148,5840639,7612,9674250,4734058,15000,11400
CH Club 268,2,ce7561eb-6676-4d15-b9b3-21621d426a69,YouthFocusedBot_268,CH,Europe/Madrid,YouthFocusedBot,3,11,5,13,8,9,48,1,330,4250,5300,4,10,3,2,130,1642369,1355,6895130,5427534,21600,21500
DE Club 261,2,9921044b-e3ce-49d1-9949-bd444b53bf9a,AggressiveTraderBot_261,DE,Europe/Rome,AggressiveTraderBot,3,11,6,8,13,9,33,1,330,4250,5200,3,4,2,2,130,-360234,1907,6895800,6713203,18400,17600
DE Club 271,2,7582aca5-6e27-44c7-922c-304c8637037f,NewManagerBot_271,DE,Europe/Berlin,NewManagerBot,3,11,3,9,7,14,41,4,720,9500,11800,3,7,2,4,140,20018322,9511,15324330,6739146,15000,15140
ES Club 264,2,45fa72ac-91e2-4882-8137-ff626d22ae1a,SocialBot_264,ES,Europe/Warsaw,SocialBot,3,11,1,10,8,12,42,4,720,9500,11800,3,9,2,5,128,17014301,8816,15313680,7284018,15000,13400
FR Club 262,2,1b091843-a469-4eb4-ba1c-3936c30e8dee,YouthFocusedBot_262,FR,Europe/Madrid,YouthFocusedBot,3,11,9,8,11,11,35,2,460,6000,7400,4,9,2,1,137,7965908,317,9665400,5198792,21500,22600
FR Club 272,2,a60e7403-d1a2-451f-9b36-6c8c85e1d78c,ConservativeBot_272,FR,Europe/Paris,ConservativeBot,3,11,8,6,16,8,26,3,590,7750,9600,3,6,1,4,120,13889793,8648,12512400,5391972,15000,12940
IT Club 263,2,0a0fc346-85f5-487a-9910-c53e81742153,LadderGrinderBot_263,IT,Europe/Amsterdam,LadderGrinderBot,3,11,14,12,12,6,42,4,720,9500,11800,3,7,5,1,114,23767331,8824,15327630,2872142,15000,12600
IT Club 33,2,71dde067-d909-45a0-9bb0-df18d90431ec,AggressiveTraderBot_33,IT,Europe/Rome,AggressiveTraderBot,3,11,16,11,11,8,41,3,590,7750,9600,4,6,2,2,106,13992787,1403,12511080,7631316,22200,20700
NL Club 265,2,3924ec2a-a12c-4fcb-a0c5-2e89a8e63f59,NewManagerBot_265,NL,Europe/Berlin,NewManagerBot,3,11,12,6,14,10,28,2,460,6000,7500,4,5,4,4,145,9575772,12946,9761600,5692779,15000,10800
PL Club 266,2,61c9eee0-c373-4c47-b71c-69ad37f787a5,ConservativeBot_266,PL,Europe/Paris,ConservativeBot,3,11,4,7,9,14,35,3,600,7750,9600,4,5,4,1,138,16121231,9823,12600940,2757484,15000,13520
PL Club 86,2,e1abc38d-aa6c-4f3c-b826-7fab58373e1f,ConservativeBot_86,PL,Europe/Paris,ConservativeBot,3,11,11,14,6,10,52,1,330,4250,5200,4,4,4,4,143,9551952,10710,6921000,3351103,15000,12000
PT Club 260,2,a368befa-b280-4161-b1e0-64a658fdff05,ConservativeBot_260,PT,Europe/Paris,ConservativeBot,3,11,13,12,12,6,42,1,330,4250,5200,4,7,2,4,115,1425339,9664,6882150,5556174,15000,14720
AT Club 277,2,1e1139dc-0372-444a-beff-d52fc52a6be8,NewManagerBot_277,AT,Europe/Berlin,NewManagerBot,3,12,6,3,16,11,20,2,470,6000,7400,3,8,2,4,122,11874454,8064,9763990,2482747,15000,13740
AT Club 287,2,8e873716-b7e4-4e0e-b308-9baa29921b98,LadderGrinderBot_287,AT,Europe/Amsterdam,LadderGrinderBot,3,12,2,12,7,11,47,4,720,9500,11900,7,8,4,2,117,20454287,4585,15345530,5548229,15000,13660
CH Club 278,2,82195ca3-330f-4efe-a58b-2604bbc022d3,ConservativeBot_278,CH,Europe/Paris,ConservativeBot,3,12,5,16,3,11,59,2,460,6000,7500,6,5,4,2,134,11207404,11492,9744680,3753149,15000,12200
CH Club 288,2,27cf0581-ccc5-4343-b33a-311ef5a6e1da,SocialBot_288,CH,Europe/Warsaw,SocialBot,3,12,12,11,10,9,42,4,720,9500,11800,6,5,1,5,122,23197510,12341,15328350,4962390,15000,13000
CH Club 88,2,c529d1a9-ede4-46cc-b0e1-12e2dd244af0,YouthFocusedBot_88,CH,Europe/Madrid,YouthFocusedBot,3,12,9,12,11,7,43,3,590,7750,9600,4,5,3,2,134,20151297,676,12519600,3050934,21600,22600
DE Club 281,2,dc82693e-26a2-4196-b1d4-bfe6821d0c06,LadderGrinderBot_281,DE,Europe/Amsterdam,LadderGrinderBot,3,12,11,10,11,9,39,1,330,4350,5200,3,6,3,2,128,5351841,10821,6956880,3709945,15000,12800
ES Club 274,2,928ab7a5-90d7-47ad-8976-65733a4b7cae,YouthFocusedBot_274,ES,Europe/Madrid,YouthFocusedBot,3,12,8,8,14,8,32,2,460,6000,7400,5,6,3,3,148,9875795,1283,9704730,4425252,21800,20800
ES Club 284,2,728a473c-8d8b-4456-8e22-20b98852cebc,ConservativeBot_284,ES,Europe/Paris,ConservativeBot,3,12,1,7,12,11,32,3,600,7750,9600,5,5,4,3,123,16561982,12298,12617710,3525227,15000,11400
FR Club 282,2,848feaba-5012-4469-9e8f-76e852a5eede,SocialBot_282,FR,Europe/Warsaw,SocialBot,3,12,3,13,13,4,43,3,590,7750,9600,4,5,3,2,114,16831425,11020,12519330,4964936,15000,10600
IT Club 273,2,7428545b-f9c6-4632-ac7d-32a60a5df8b9,AggressiveTraderBot_273,IT,Europe/Rome,AggressiveTraderBot,3,12,7,14,8,8,50,1,330,4250,5200,2,6,1,1,141,684414,943,6868200,5020827,20400,20300
IT Club 283,2,6310b124-ddd3-4abe-be26-62a8ec6c5d55,NewManagerBot_283,IT,Europe/Berlin,NewManagerBot,3,12,14,18,5,7,61,2,460,6000,7500,3,9,2,3,146,9008472,8643,9710630,5252871,15000,11600
NL Club 275,2,3bacc5a6-d8c8-4aaf-b8b3-f49f9121f84d,LadderGrinderBot_275,NL,Europe/Amsterdam,LadderGrinderBot,3,12,13,5,18,7,22,4,720,9500,11800,4,5,3,3,121,19271234,7398,15335280,6439426,15000,13520
NL Club 285,2,cb7fcbd3-91ed-4c98-99aa-01083d216fb5,AggressiveTraderBot_285,NL,Europe/Rome,AggressiveTraderBot,3,12,10,11,12,7,40,1,330,4250,5200,2,7,4,4,130,-4025925,1342,6898500,9880415,17400,18400
PL Club 286,2,d1715c76-f74c-48ca-92e4-70cbebd64c71,YouthFocusedBot_286,PL,Europe/Madrid,YouthFocusedBot,3,12,4,13,13,4,43,1,330,4250,5200,4,7,2,4,133,1572043,1315,6881880,6439323,21900,20600
PT Club 280,2,f22c5491-8230-489f-b733-198b210c1a9d,YouthFocusedBot_280,PT,Europe/Madrid,YouthFocusedBot,3,12,15,10,13,7,37,3,600,7750,9600,2,7,2,3,114,14843280,259,12578590,3984164,21800,23200
PT Club 40,2,90bbdc53-2250-451e-b664-bde75ab9f11a,YouthFocusedBot_40,PT,Europe/Madrid,YouthFocusedBot,3,12,16,13,10,7,46,4,720,9600,11800,4,6,3,3,106,24349226,-87,15389100,5939935,21700,22900
AT Club 297,2,27238e0c-a795-4c29-860e-713a1481a2cc,AggressiveTraderBot_297,AT,Europe/Rome,AggressiveTraderBot,3,13,5,13,6,11,50,4,720,9500,11800,6,8,5,2,135,16732502,113,15331980,7077655,22200,23700
BE Club 289,2,6e36a7dc-3db0-40ea-a152-db1fe7ff6f48,NewManagerBot_289,BE,Europe/Berlin,NewManagerBot,3,13,10,9,11,10,37,1,330,4350,5200,2,7,1,2,126,4147876,9389,6933600,5271782,15000,13960
BE Club 299,2,9c2a7844-e1f6-47b5-94ea-a78914f3e64e,LadderGrinderBot_299,BE,Europe/Amsterdam,LadderGrinderBot,3,13,15,21,2,7,70,1,330,4250,5200,4,5,3,4,134,8142202,11125,6905250,1973376,15000,11000
BE Club 49,2,835ead42-51b0-46e8-aa8c-69f7496fc677,NewManagerBot_49,BE,Europe/Berlin,NewManagerBot,3,13,7,13,10,7,46,4,720,9500,11800,5,7,3,1,125,28741220,9180,15319200,2577872,15000,12500
CH Club 298,2,ef0bc666-b165-4223-8ca3-798191c85be5,YouthFocusedBot_298,CH,Europe/Madrid,YouthFocusedBot,3,13,12,0,23,7,7,1,340,4250,5200,5,6,2,4,113,7432774,946,6967810,3122858,21500,20800
DE Club 291,2,959db82e-e756-47cc-a245-20d5ff168816,AggressiveTraderBot_291,DE,Europe/Rome,AggressiveTraderBot,3,13,16,2,21,7,13,2,460,6100,7400,5,10,2,3,106,6386421,65,9735030,6929385,22100,23500
DE Club 301,2,57ffa470-a460-4b40-8ec0-0beedabcfd0a,NewManagerBot_301,DE,Europe/Berlin,NewManagerBot,3,13,6,6,13,11,29,3,590,7750,9600,6,6,4,5,131,14114138,9679,12541050,6837638,15000,13400
ES Club 294,2,d41e367b-19cb-4e49-9848-d885343ebfd0,SocialBot_294,ES,Europe/Warsaw,SocialBot,3,13,1,13,9,8,47,2,460,6000,7400,2,8,5,5,107,11937844,7757,9714780,2962198,15000,13560
ES Club 304,2,31ac1d45-013b-48d4-9197-319c77ede20a,YouthFocusedBot_304,ES,Europe/Madrid,YouthFocusedBot,3,13,8,10,13,7,37,2,460,6000,7500,6,8,4,3,110,9753248,646,9734330,5488963,22000,23200
FR Club 302,2,f3744923-3436-47ee-a7d4-272809b10350,ConservativeBot_302,FR,Europe/Paris,ConservativeBot,3,13,9,11,9,10,43,3,590,7750,9600,3,8,2,1,116,14855291,7694,12484230,6194568,15000,12940
IT Club 293,2,053bbd39-59a8-4217-a558-82000c52ae24,LadderGrinderBot_293,IT,Europe/Amsterdam,LadderGrinderBot,3,13,14,7,12,11,32,1,330,4350,5200,4,7,3,2,112,4372770,8045,6949800,5136974,15000,13520
IT Club 303,2,cccd4b83-a529-490b-aa85-1bb6153bb070,AggressiveTraderBot_303,IT,Europe/Rome,AggressiveTraderBot,3,13,4,9,8,13,40,2,460,6000,7400,2,6,3,2,134,1705099,1948,9700350,8423845,21600,19900
NL Club 295,2,5573fdd1-aefc-4bb5-b6d2-da4bbefd1b9c,NewManagerBot_295,NL,Europe/Berlin,NewManagerBot,3,13,3,8,9,13,37,1,330,4250,5200,4,5,4,3,124,6013754,7943,6916230,4352241,15000,13720
PL Club 296,2,d871e6af-7284-40b0-a391-408bff4b5dc6,ConservativeBot_296,PL,Europe/Paris,ConservativeBot,3,13,11,23,0,7,76,4,720,9500,11800,6,9,4,2,143,22338795,12428,15316380,4401698,15000,11400
PT Club 290,2,00c4536b-bc4f-4588-a88d-2118d5d95b7e,ConservativeBot_290,PT,Europe/Paris,ConservativeBot,3,13,2,9,13,8,35,3,590,7750,9600,4,9,1,3,131,19324436,10394,12485400,3389313,15000,13320
PT Club 90,2,abd77e3b-565e-4a11-8f39-54f034800296,SocialBot_90,PT,Europe/Warsaw,SocialBot,3,13,13,12,7,11,47,4,720,9500,11900,6,7,4,2,123,24444519,6710,15360530,6036196,15000,14680
AT Club 307,2,ba673f0e-c45f-4c1b-abfd-a12efc683d73,NewManagerBot_307,AT,Europe/Berlin,NewManagerBot,3,14,4,11,12,7,40,1,330,4250,5200,6,8,5,4,131,3584058,6015,6906330,5477728,15000,14880
AT Club 317,2,5693b7b5-92f0-47d7-9920-e5178c5adff8,LadderGrinderBot_317,AT,Europe/Amsterdam,LadderGrinderBot,3,14,2,18,3,9,63,2,460,6000,7400,3,8,2,2,135,10793285,10496,9684480,3941154,15000,12000
BE Club 309,2,188259ae-f01d-418c-b8b3-8d260c056a73,AggressiveTraderBot_309,BE,Europe/Rome,AggressiveTraderBot,3,14,13,11,5,14,47,2,460,6000,7500,2,8,1,4,135,1227749,434,9714800,9086471,22400,23600
BE Club 319,2,8014bbad-f8ee-46dd-a81d-231670231cb7,NewManagerBot_319,BE,Europe/Berlin,NewManagerBot,3,14,1,3,18,9,18,3,590,7750,9600,4,8,2,4,147,17256812,10870,12505350,4323395,15000,12200
CH Club 308,2,d55da4fb-efd6-4874-84c4-2c95a6452cd1,ConservativeBot_308,CH,Europe/Paris,ConservativeBot,3,14,3,12,11,7,43,2,460,6000,7400,5,9,4,2,140,9751801,9397,9693450,5141334,15000,11000
CH Club 318,2,49b1df9c-a60a-4aca-84fa-498d9f4cf4af,SocialBot_318,CH,Europe/Warsaw,SocialBot,3,14,11,6,9,15,33,4,720,9500,11900,7,9,4,4,120,21172538,7450,15347150,3899132,15000,13260
CH Club 58,2,8ec3792b-7f3a-4055-ba8b-3e90217e5a4e,YouthFocusedBot_58,CH,Europe/Madrid,YouthFocusedBot,3,14,15,7,14,9,30,3,590,7750,9700,5,7,4,5,108,19698848,109,12554780,3950023,21900,23000
DE Club 311,2,1482ea13-d43f-4c4a-b270-24864d6c2dd9,LadderGrinderBot_311,DE,Europe/Amsterdam,LadderGrinderBot,3,14,7,13,6,11,50,1,330,4250,5300,3,9,4,3,135,2972743,7926,6915500,6172977,15000,14140
ES Club 314,2,3de018d4-d0e5-48d6-8039-685d6fb455d9,ConservativeBot_314,ES,Europe/Paris,ConservativeBot,3,14,5,6,13,11,29,1,330,4250,5300,2,7,4,4,115,3460418,8780,6927500,4175196,15000,12400
FR Club 312,2,890628ae-5d85-4efa-8100-7fec7763dce5,SocialBot_312,FR,Europe/Warsaw,SocialBot,3,14,8,6,13,11,29,4,720,9500,11800,5,5,4,2,149,24639672,10091,15339150,2625820,15000,11000
IT Club 313,2,9fdda90e-0d4e-4c12-9dc8-1007000548a8,NewManagerBot_313,IT,Europe/Berlin,NewManagerBot,3,14,12,9,6,15,42,2,460,6000,7500,4,9,2,3,126,7770664,10245,9710900,5708944,15000,11000
NL Club 305,2,e1edb26b-96f4-43ca-93ea-383795273365,LadderGrinderBot_305,NL,Europe/Amsterdam,LadderGrinderBot,3,14,6,13,6,11,50,4,720,9500,11900,3,7,1,1,136,24182318,9539,15324500,3044263,15000,12740
NL Club 95,2,1aad108e-69ce-4f6f-8f02-db5ddf2e8e52,LadderGrinderBot_95,NL,Europe/Amsterdam,LadderGrinderBot,3,14,16,14,7,9,51,4,720,9500,11900,5,6,2,5,120,27178620,5681,15357680,4084855,15000,13700
PL Club 306,2,766cf4e6-f46e-45ee-8f13-d46eb14dee2b,SocialBot_306,PL,Europe/Warsaw,SocialBot,3,14,9,12,12,6,42,2,460,6000,7500,6,7,2,4,128,8962362,8418,9730130,5692221,15000,14080
PL Club 316,2,d93663fb-8e4e-48b8-8793-3b45d3651426,YouthFocusedBot_316,PL,Europe/Madrid,YouthFocusedBot,3,14,14,5,11,14,29,2,460,6100,7400,4,10,4,3,131,7993989,1385,9751080,5991988,21700,20800
PT Club 320,2,96be8948-bc1b-4b84-af9b-0a7693f9a9bb,ConservativeBot_320,PT,Europe/Paris,ConservativeBot,3,14,10,12,12,6,42,4,720,9500,11800,4,5,5,2,129,22183713,6151,15347130,3816895,15000,13920
AT Club 327,2,982a589d-1b4b-4486-8b7d-10deb9199ab9,AggressiveTraderBot_327,AT,Europe/Rome,AggressiveTraderBot,3,15,6,11,9,10,43,2,460,6100,7400,3,6,3,2,121,6243051,640,9768900,6696510,22200,22900
BE Club 329,2,b0281a40-9c7b-43fb-9468-47b2cbbe9773,LadderGrinderBot_329,BE,Europe/Amsterdam,LadderGrinderBot,3,15,16,11,12,7,40,4,720,9500,11900,4,5,4,3,108,19626497,10206,15380150,6017861,15000,12920
CH Club 328,2,7c70796f-d4fc-4576-9f04-f5e378470172,YouthFocusedBot_328,CH,Europe/Madrid,YouthFocusedBot,3,15,11,7,10,13,34,2,460,6000,7400,3,6,4,4,128,12032331,89,9724680,4916247,21400,22100
DE Club 321,2,b9afa409-2beb-4217-87d9-5470bda1fc4b,AggressiveTraderBot_321,DE,Europe/Rome,AggressiveTraderBot,3,15,1,10,11,9,39,3,600,7750,9600,2,6,5,3,118,12316446,291,12610390,7799270,22700,23700
DE Club 331,2,66b56dde-eb08-42ee-9dd7-48345ac0da11,NewManagerBot_331,DE,Europe/Berlin,NewManagerBot,3,15,4,5,10,15,30,4,730,9500,11800,6,7,1,3,120,21216476,8227,15390010,5386266,15000,14080
ES Club 324,2,058d9ba1-b321-4d19-825b-24e8496fc354,SocialBot_324,ES,Europe/Warsaw,SocialBot,3,15,2,11,10,9,42,2,460,6000,7400,5,10,1,4,129,8165601,11393,9670650,6674208,15000,13300
ES Club 334,2,850b5fa2-b621-4929-8c0a-b770d358e4b4,YouthFocusedBot_334,ES,Europe/Madrid,YouthFocusedBot,3,15,10,6,13,11,29,4,720,9500,11800,6,7,2,4,133,20539996,1063,15317100,5693539,21700,21700
ES Club 54,2,6c8267d4-9ca5-4085-ba61-1012fc29b3bb,SocialBot_54,ES,Europe/Warsaw,SocialBot,3,15,13,12,6,12,48,2,460,6000,7400,7,8,5,1,116,11404805,2891,9696930,5895020,15000,15860
FR Club 322,2,008bec1c-9f84-4672-972d-467b38a59f97,YouthFocusedBot_322,FR,Europe/Madrid,YouthFocusedBot,3,15,12,10,7,13,43,3,590,7750,9700,6,9,4,4,124,16414839,20,12543050,4430031,21600,22100
FR Club 332,2,4fbfa595-58dd-49e7-b4f4-c12f94dd7399,ConservativeBot_332,FR,Europe/Paris,ConservativeBot,3,15,7,0,27,3,3,1,330,4250,5200,5,7,2,4,108,3722463,12053,6882300,4578215,15000,10400
IT Club 323,2,c8ef78ca-9653-420e-9514-703d0848a682,LadderGrinderBot_323,IT,Europe/Amsterdam,LadderGrinderBot,3,15,5,9,11,10,37,3,590,7750,9600,6,10,2,3,115,14732994,9781,12485850,6929961,15000,13600
IT Club 333,2,ac195968-75a3-47b8-b7c4-5c8db15b7443,AggressiveTraderBot_333,IT,Europe/Rome,AggressiveTraderBot,3,15,3,10,5,15,45,2,470,6000,7400,2,5,3,4,119,6428181,205,9794740,5784197,22300,22600
IT Club 93,2,06cdf872-b9ab-4e31-bc56-7fe198747b80,AggressiveTraderBot_93,IT,Europe/Rome,AggressiveTraderBot,3,15,15,12,11,7,43,2,460,6000,7400,4,9,3,3,128,7904645,1110,9682350,6497939,21800,21200
NL Club 325,2,8bd7d416-ff20-4e6b-90ed-dc4a9565c6f1,NewManagerBot_325,NL,Europe/Berlin,NewManagerBot,3,15,9,13,6,11,50,4,720,9500,11900,4,9,2,3,127,19287909,7250,15333680,5854540,15000,14920
PL Club 326,2,2052b1a0-fb68-4752-9fad-a0d695a68628,ConservativeBot_326,PL,Europe/Paris,ConservativeBot,3,15,8,27,0,3,84,4,720,9500,11900,3,7,3,3,141,21298012,9935,15349700,3033072,15000,12740
PL Club 336,2,547fa7e4-f89e-4f59-a3a9-b370438df4e3,SocialBot_336,PL,Europe/Warsaw,SocialBot,3,15,14,6,12,12,30,2,470,6000,7400,5,6,4,5,107,8325083,10065,9807190,5368312,15000,13300
AT Club 7,3,786c663b-ff16-4c41-bb24-56c96612ccef,NewManagerBot_7,AT,Europe/Berlin,NewManagerBot,1,1,11,0,28,2,2,3,590,7750,9700,6,9,4,3,144,44936749,12753,20552980,4249252,15000,10600
BE Club 39,3,bc3e1ffa-a7c5-4453-a010-a40c2e5624a4,AggressiveTraderBot_39,BE,Europe/Rome,AggressiveTraderBot,1,1,16,9,10,11,38,4,720,9500,11900,2,7,4,1,179,49819373,1015,25166800,5826462,22300,21500
CH Club 78,3,60be413e-022e-4268-8258-e2194f43454e,SocialBot_78,CH,Europe/Warsaw,SocialBot,1,1,1,11,11,8,41,4,730,9500,11800,4,9,1,5,173,54379802,12605,25226850,4251580,15000,14920
DE Club 1,3,c4352b81-1f7e-499c-89c0-9cba713e88d6,NewManagerBot_1,DE,Europe/Berlin,NewManagerBot,1,1,6,15,8,7,52,1,330,4250,5300,6,7,4,4,176,21686935,8746,11357680,5448708,15000,13280
DE Club 31,3,6ad35c8c-cfdc-47d9-81ec-da8f25a09138,NewManagerBot_31,DE,Europe/Berlin,NewManagerBot,1,1,2,11,11,8,41,4,720,9500,11800,6,5,4,4,165,49237625,11624,25138350,5947189,15000,12600
DE Club 61,3,ab2e3ad3-cf83-422e-8ff6-9df1784e3d15,NewManagerBot_61,DE,Europe/Berlin,NewManagerBot,1,1,15,10,9,11,41,4,720,9500,11900,5,7,4,3,175,51531389,11393,25170000,4024544,15000,11800
ES Club 14,3,8b3acb80-1554-4a27-aa02-46fb3057deae,ConservativeBot_14,ES,Europe/Paris,ConservativeBot,1,1,13,7,12,11,32,3,590,7750,9800,6,10,4,4,178,43446291,12252,20601250,6839375,15000,15680
FR Club 92,3,deb7446a-622e-4d65-be4a-05788e9559f6,ConservativeBot_92,FR,Europe/Paris,ConservativeBot,1,1,4,11,5,14,47,2,460,6000,7600,5,6,4,3,174,30148316,6769,16011730,4141041,15000,16900
IT Club 3,3,e5fadf32-ef6f-4b8b-9eb5-5dc8ad48463d,AggressiveTraderBot_3,IT,Europe/Rome,AggressiveTraderBot,1,1,7,0,26,4,4,2,470,6000,7400,5,6,3,3,136,31154033,230,16041630,6129482,22400,22700
IT Club 53,3,d62fac56-1029-4f52-96f0-afda254d62bd,LadderGrinderBot_53,IT,Europe/Amsterdam,LadderGrinderBot,1,1,8,26,0,4,82,4,720,9500,11900,4,8,3,3,168,47843120,10380,25152700,4557738,15000,13120
NL Club 15,3,66ae8f2e-8ac4-4b98-8460-ffeaeb99340d,AggressiveTraderBot_15,NL,Europe/Rome,AggressiveTraderBot,1,1,14,12,7,11,47,1,330,4250,5200,5,7,3,3,155,12038228,-383,11288430,7475102,22300,22700
NL Club 5,3,a662f6ad-98fd-4a61-aaea-a0dc2437d9ea,LadderGrinderBot_5,NL,Europe/Amsterdam,LadderGrinderBot,1,1,12,28,0,2,86,2,470,6000,7400,6,7,4,2,176,38125719,11706,16033370,3095443,15000,14680
NL Club 65,3,e1c26246-8404-4632-9dab-aade113a28eb,LadderGrinderBot_65,NL,Europe/Amsterdam,LadderGrinderBot,1,1,10,7,10,13,34,1,330,4250,5200,6,5,1,4,170,16592963,13421,11292000,6324243,15000,13200
PL Club 16,3,b5bc0bf1-1de2-4d3d-b4b7-a4f62f93a9d6,YouthFocusedBot_16,PL,Europe/Madrid,YouthFocusedBot,1,1,3,5,11,14,29,3,590,7750,9600,4,8,4,2,178,45850518,-359,20506830,3619655,21700,22600
PT Club 10,3,32c764f6-e8ba-4537-8e82-630aedd6593d,YouthFocusedBot_10,PT,Europe/Madrid,YouthFocusedBot,1,1,9,10,7,13,43,3,590,7950,9600,6,8,1,6,148,42918551,1442,20701250,7452078,21400,20400
PT Club 180,3,ae58b792-f6ce-4937-9ec1-7798eba68e69,SocialBot_180,PT,Europe/Warsaw,SocialBot,1,1,5,8,15,7,31,2,460,6000,7400,5,8,3,6,176,21072041,10873,15909450,4054042,15000,13900
AT Club 27,3,7603bc01-2726-424b-bcc5-6a07d8f22a39,AggressiveTraderBot_27,AT,Europe/Rome,AggressiveTraderBot,2,1,15,6,13,11,29,3,590,7850,9700,3,8,5,2,148,28923290,1004,16206480,7505511,22200,23000
BE Club 139,3,cbf7970c-2f1d-418a-833e-0535364ed689,NewManagerBot_139,BE,Europe/Berlin,NewManagerBot,2,1,11,10,12,8,38,1,330,4250,5200,6,9,6,2,177,10793744,9904,8863530,4162269,15000,13280
CH Club 18,3,62619cd8-64ad-40dc-9339-cb65538bc836,SocialBot_18,CH,Europe/Warsaw,SocialBot,2,1,2,7,12,11,32,3,590,7750,9600,4,10,2,1,174,29251194,10714,16045800,5594882,15000,13200
DE Club 21,3,00f6fdb6-a2a1-40b2-a8dc-bbbfd111ed89,AggressiveTraderBot_21,DE,Europe/Rome,AggressiveTraderBot,2,1,8,11,9,10,43,3,600,7750,9600,3,6,2,1,168,26830374,-392,16178430,7236478,22000,22900
ES Club 104,3,72bd9a26-2e8d-480e-923d-7596f6d7f0f4,ConservativeBot_104,ES,Europe/Paris,ConservativeBot,2,1,13,13,12,5,44,2,460,6000,7400,8,9,4,3,155,16697137,8676,12457650,6286109,15000,12000
ES Club 114,3,f3c2e9c0-a82f-4e00-a062-05a6ec4fb90b,SocialBot_114,ES,Europe/Warsaw,SocialBot,2,1,3,8,10,12,36,1,330,4250,5300,5,6,4,4,167,13066531,10258,8908880,4658811,15000,13300
ES Club 134,3,5c8a1607-1688-40dc-922b-9eb09c33893d,ConservativeBot_134,ES,Europe/Paris,ConservativeBot,2,1,5,28,0,2,86,2,460,6000,7400,4,9,4,3,169,14351740,15010,12457650,7208972,15000,10800
ES Club 94,3,4aa1ccda-3a1d-4a25-a762-49aff917ed9b,YouthFocusedBot_94,ES,Europe/Madrid,YouthFocusedBot,2,1,16,13,6,11,50,3,590,7750,9700,3,8,3,4,156,36228591,690,16119680,6574156,21500,21200
FR Club 32,3,a908df90-2ca1-4aeb-90e5-14f9f8ec6ee9,ConservativeBot_32,FR,Europe/Paris,ConservativeBot,2,1,10,3,22,5,14,1,330,4250,5200,5,7,5,3,150,15251875,11349,8867280,2706306,15000,13700
IT Club 123,3,abd03c1f-5074-48bf-a143-bd17d4591bea,AggressiveTraderBot_123,IT,Europe/Rome,AggressiveTraderBot,2,1,9,22,3,5,71,3,600,7750,9700,6,6,5,1,176,22445193,1139,16238570,5771494,22400,22300
IT Club 13,3,4b5d9e92-69e7-4e2a-827d-96be5393e740,NewManagerBot_13,IT,Europe/Berlin,NewManagerBot,2,1,1,12,7,11,47,3,600,7750,9600,3,9,6,3,178,34013298,11897,16189830,5444664,15000,12140
IT Club 23,3,36b04951-ec86-4657-8847-b76a079db506,LadderGrinderBot_23,IT,Europe/Amsterdam,LadderGrinderBot,2,1,12,12,10,8,44,2,460,6100,7500,7,8,3,5,157,22283942,7873,12591000,5302325,15000,13060
NL Club 105,3,bee987f7-96fc-4ca3-aa1e-883868a97f56,AggressiveTraderBot_105,NL,Europe/Rome,AggressiveTraderBot,2,1,4,10,8,12,42,1,330,4250,5200,5,8,2,4,156,228773,1148,8847900,7026686,18400,18000
PL Club 136,3,70f861f6-8a3e-42c4-8761-6ac90a75e15b,YouthFocusedBot_136,PL,Europe/Madrid,YouthFocusedBot,2,1,7,9,11,10,37,1,330,4250,5300,2,6,4,2,144,6027784,244,8899880,7345991,21700,21800
PT Club 30,3,f62dc6ea-9823-4457-8131-87240bfd98eb,SocialBot_30,PT,Europe/Warsaw,SocialBot,2,1,14,12,13,5,41,3,590,7950,9600,5,8,2,3,175,33533926,11626,16228950,5001596,15000,12900
PT Club 60,3,60f577ef-d7cb-43ee-9c2b-5c18844d2f03,SocialBot_60,PT,Europe/Warsaw,SocialBot,2,1,6,0,28,2,2,2,460,6100,7400,2,8,3,4,135,16399492,11675,12542700,6195464,15000,13160
AT Club 37,3,b4a15045-0c9a-452e-995c-64c484d7be8a,NewManagerBot_37,AT,Europe/Berlin,NewManagerBot,2,2,11,10,8,12,42,1,330,4250,5300,6,6,3,2,142,8954843,15506,8900580,6834382,15000,10800
AT Club 47,3,3d798a50-1e8e-4633-b4e3-e034e3f3f967,LadderGrinderBot_47,AT,Europe/Amsterdam,LadderGrinderBot,2,2,15,8,13,9,33,3,590,7750,9700,3,9,3,4,166,34014535,13648,16106250,5846418,15000,10800
BE Club 149,3,5c2c6a66-57ac-498b-bc72-22c94ceb72c0,LadderGrinderBot_149,BE,Europe/Amsterdam,LadderGrinderBot,2,2,4,17,6,7,58,2,460,6000,7500,6,8,3,1,176,17325578,11237,12493130,5926453,15000,15280
BE Club 179,3,c1cebfc9-532e-40f4-82c6-9349c429bcec,LadderGrinderBot_179,BE,Europe/Amsterdam,LadderGrinderBot,2,2,5,9,13,8,35,2,460,6000,7500,7,8,5,2,172,17955108,9482,12515130,3892522,15000,15060
CH Club 158,3,dba3e857-0f27-467a-be50-c17b79e0ec65,ConservativeBot_158,CH,Europe/Paris,ConservativeBot,2,2,1,8,7,15,39,4,720,9600,11900,3,7,4,4,171,32421596,8277,19821000,7475484,15000,15140
DE Club 11,3,a3d40f57-d6ad-4b1a-b7de-2b0475cada0d,LadderGrinderBot_11,DE,Europe/Amsterdam,LadderGrinderBot,2,2,14,10,12,8,38,4,730,9500,11900,5,7,4,2,165,50897733,11741,19840670,4562657,15000,12000
DE Club 41,3,3dc92206-3813-4c42-9ab2-03e6bc0cb5f0,LadderGrinderBot_41,DE,Europe/Amsterdam,LadderGrinderBot,2,2,12,8,10,12,36,4,720,9600,11900,5,9,1,1,155,46877450,10884,19777100,5053164,15000,13100
ES Club 164,3,88d98b40-9de2-4940-84c2-25a611ae25a4,ConservativeBot_164,ES,Europe/Paris,ConservativeBot,2,2,8,11,7,12,45,1,330,4450,5200,4,10,3,4,143,8113329,9634,8992380,4485750,15000,14320
ES Club 34,3,0f61cad3-969a-447b-b191-bcce5268cb56,YouthFocusedBot_34,ES,Europe/Madrid,YouthFocusedBot,2,2,6,13,9,8,47,3,590,7750,9800,2,8,3,2,169,36523812,1703,16142600,3060184,21500,20300
ES Club 44,3,2de1f101-2294-4ec7-bfa3-c5bdbaca453d,ConservativeBot_44,ES,Europe/Paris,ConservativeBot,2,2,13,12,10,8,44,2,460,6100,7400,7,10,2,4,168,19993837,11754,12524250,4838316,15000,12860
FR Club 162,3,0be310f9-369b-454a-bdcb-0d4b0dfb486a,SocialBot_162,FR,Europe/Warsaw,SocialBot,2,2,7,7,11,12,33,1,330,4250,5400,4,6,4,5,151,4732914,8374,8959880,6778143,15000,14720
FR Club 2,3,d7d3e20a-8306-409e-b6de-ae08adecd752,ConservativeBot_2,FR,Europe/Paris,ConservativeBot,2,2,16,13,8,9,48,1,330,4450,5200,4,10,4,4,158,16459149,11524,9007980,4824322,15000,13120
IT Club 173,3,159887e1-97be-479a-9c8f-3103bf6b079a,LadderGrinderBot_173,IT,Europe/Amsterdam,LadderGrinderBot,2,2,9,8,13,9,33,1,330,4350,5300,5,9,5,5,147,9360391,12010,8986500,5335149,15000,11200
IT Club 183,3,257bb0fb-4722-43fe-ac46-ab7aacc93603,AggressiveTraderBot_183,IT,Europe/Rome,AggressiveTraderBot,2,2,2,7,8,15,36,4,730,9600,11800,3,8,3,4,171,26548289,309,19869300,9753975,22400,22400
IT Club 43,3,5e5ccef4-48ac-4d30-9573-c00f09609456,NewManagerBot_43,IT,Europe/Berlin,NewManagerBot,2,2,10,13,8,9,48,2,460,6000,7600,3,9,4,6,165,26678151,13671,12547850,2564203,15000,12940
NL Club 145,3,e75ee1c8-dc6c-4103-ab66-7fab1c96e63c,NewManagerBot_145,NL,Europe/Berlin,NewManagerBot,2,2,3,6,17,7,25,3,590,7750,9600,4,8,3,4,179,26418733,9362,16082130,4193104,15000,14520
AT Club 207,3,7932b925-6a12-4918-b062-d38b8b5151a4,AggressiveTraderBot_207,AT,Europe/Rome,AggressiveTraderBot,2,3,4,8,9,13,37,2,460,6000,7500,6,7,3,5,174,8658093,-177,12520200,9258156,22600,24000
AT Club 217,3,e0326af1-b314-4d98-9e91-42e35aaee33d,NewManagerBot_217,AT,Europe/Berlin,NewManagerBot,2,3,2,7,9,14,35,2,460,6000,7500,4,7,5,4,177,18885114,10457,12530330,5404640,15000,15120
AT Club 57,3,cdcabf4f-833f-48bf-845c-863511efb2a4,AggressiveTraderBot_57,AT,Europe/Rome,AggressiveTraderBot,2,3,11,12,12,6,42,3,590,7850,9700,3,8,4,5,160,28341341,-356,16204650,8157053,22100,22500
BE Club 19,3,ae8c2222-89be-4d68-896d-d63a3ce6914a,NewManagerBot_19,BE,Europe/Berlin,NewManagerBot,2,3,16,12,9,9,45,1,330,4250,5200,6,5,5,5,155,15684512,15630,8891550,3326863,15000,12200
BE Club 59,3,3ce2d0b5-9834-4f9d-aca0-2d05a4acfa32,LadderGrinderBot_59,BE,Europe/Amsterdam,LadderGrinderBot,2,3,6,5,19,6,21,2,470,6000,7400,3,6,1,5,178,22741871,14492,12564320,4445923,15000,13200
CH Club 208,3,29f2d77f-a67c-4be4-80eb-9bdc438d93c9,YouthFocusedBot_208,CH,Europe/Madrid,YouthFocusedBot,2,3,10,9,13,8,35,1,330,4350,5200,5,7,4,4,173,9672081,1807,8949900,3121513,21900,19700
CH Club 218,3,63ef6e6c-901c-46d8-8fe3-694ec8c18275,ConservativeBot_218,CH,Europe/Paris,ConservativeBot,2,3,5,19,5,6,63,4,720,9600,11900,6,8,3,5,169,35929810,12048,19817250,4793085,15000,11400
DE Club 51,3,348cf306-9bd1-412e-a9f9-2271d6198998,AggressiveTraderBot_51,DE,Europe/Rome,AggressiveTraderBot,2,3,13,4,16,10,22,4,720,9700,11800,3,8,2,1,169,35460120,549,19825800,9615386,22500,22100
ES Club 4,3,85120ad2-7fa3-4217-8604-f29bf87884d3,YouthFocusedBot_4,ES,Europe/Madrid,YouthFocusedBot,2,3,8,11,11,8,41,4,720,9500,11900,2,7,3,2,145,46778918,1413,19723880,6780496,21500,21000
IT Club 193,3,e3c5b140-56f3-4708-b136-7f7ab0a3705b,NewManagerBot_193,IT,Europe/Berlin,NewManagerBot,2,3,7,11,11,8,41,2,460,6100,7400,3,6,5,2,166,21975407,11937,12571980,4315334,15000,13940
NL Club 195,3,c060f2b9-e0be-4fab-a4d5-e6864530bd71,AggressiveTraderBot_195,NL,Europe/Rome,AggressiveTraderBot,2,3,1,9,7,14,41,4,730,9500,11800,6,7,4,1,176,32851616,1079,19797170,7488012,22500,22900
NL Club 55,3,d599d6f9-83d6-4dd5-aa33-26c62bc02dbb,NewManagerBot_55,NL,Europe/Berlin,NewManagerBot,2,3,15,9,12,9,36,3,600,7750,9700,7,10,4,4,154,32593299,9718,16213550,3734202,15000,14060
PL Club 236,3,25215cf6-7a90-459c-8736-014dae6827e1,ConservativeBot_236,PL,Europe/Paris,ConservativeBot,2,3,14,16,4,10,58,3,590,7850,9700,5,6,3,5,160,29362420,11457,16219050,3956990,15000,14300
PL Club 36,3,bb4788ca-e910-463c-b118-fbeac8715be0,SocialBot_36,PL,Europe/Warsaw,SocialBot,2,3,3,9,8,13,40,2,460,6200,7400,4,9,2,2,167,21495473,15458,12603630,3222857,15000,12400
PL Club 56,3,bf2c47e6-76b3-42cd-b86e-a8e479e60804,ConservativeBot_56,PL,Europe/Paris,ConservativeBot,2,3,12,12,12,6,42,3,590,7750,9800,4,5,2,3,144,34488906,9970,16169000,5784007,15000,14720
PT Club 230,3,2ec21bac-1f72-4504-8d74-e38dde7a5e88,ConservativeBot_230,PT,Europe/Paris,ConservativeBot,2,3,9,13,9,8,47,3,590,7750,9700,3,7,2,2,170,26350165,8966,16110350,3864103,15000,15140
AT Club 267,3,e3b70cb6-1354-400b-85e6-a68e77dc686d,AggressiveTraderBot_267,AT,Europe/Rome,AggressiveTraderBot,2,4,5,0,26,4,4,2,460,6000,7500,6,6,3,4,143,2854390,433,12521630,10863190,22200,22700
AT Club 67,3,611ce365-1847-4d8e-8c43-9d9c8dd1fb74,NewManagerBot_67,AT,Europe/Berlin,NewManagerBot,2,4,7,10,6,14,44,2,460,6000,7400,7,8,5,5,157,22893268,8148,12489480,5685861,15000,15060
AT Club 77,3,a09cbe08-d33b-492c-8eac-8a985fe5293b,LadderGrinderBot_77,AT,Europe/Amsterdam,LadderGrinderBot,2,4,9,10,6,14,44,3,590,7750,9800,4,7,2,4,159,35401940,11577,16158500,4243646,15000,13720
BE Club 279,3,066eabed-4679-4ade-8d76-9913e91fded9,AggressiveTraderBot_279,BE,Europe/Rome,AggressiveTraderBot,2,4,8,6,10,14,32,1,330,4250,5300,5,8,2,1,176,548999,339,8864600,8387347,22300,22400
BE Club 69,3,4a4ce3d8-58ff-45ab-876c-0acc4458bd2e,AggressiveTraderBot_69,BE,Europe/Rome,AggressiveTraderBot,2,4,10,6,10,14,32,1,330,4250,5300,6,7,4,4,169,4693077,-233,8910180,6056699,21900,22700
CH Club 278,3,82195ca3-330f-4efe-a58b-2604bbc022d3,ConservativeBot_278,CH,Europe/Paris,ConservativeBot,2,4,4,11,9,10,43,2,460,6100,7500,6,5,4,2,164,18569385,14492,12600600,5238619,15000,12000
CH Club 8,3,b027d720-ee06-4f8c-924d-112b01c3dc75,ConservativeBot_8,CH,Europe/Paris,ConservativeBot,2,4,14,10,5,15,45,2,460,6000,7400,6,7,5,3,141,26768273,9232,12480480,4505940,15000,13080
FR Club 12,3,c637d677-633e-4315-a0a6-f26a3751e2f8,SocialBot_12,FR,Europe/Warsaw,SocialBot,2,4,16,8,6,16,40,1,330,4250,5300,7,9,3,5,150,14537658,9405,8891850,5152721,15000,13660
FR Club 252,3,3c1559dc-f84c-41c2-ba6b-a09bdb4ec5e7,SocialBot_252,FR,Europe/Warsaw,SocialBot,2,4,11,5,11,14,29,4,720,9600,11800,6,11,3,6,161,38135796,6834,19762950,4041706,15000,13880
FR Club 72,3,6eb1e349-53a1-43a2-82a9-8bcd0ced166c,SocialBot_72,FR,Europe/Warsaw,SocialBot,2,4,12,11,5,14,47,3,590,7750,9600,5,6,4,2,161,33118590,16084,16088730,5297507,15000,12200
IT Club 243,3,57eeb85d-9fd3-4c86-bc74-881bb0616ec0,AggressiveTraderBot_243,IT,Europe/Rome,AggressiveTraderBot,2,4,3,9,11,10,37,2,460,6100,7400,6,7,5,3,152,8934306,389,12559200,7999287,22300,22400
IT Club 283,3,6310b124-ddd3-4abe-be26-62a8ec6c5d55,NewManagerBot_283,IT,Europe/Berlin,NewManagerBot,2,4,2,16,5,9,57,2,460,6000,7600,3,10,2,3,176,16838916,9303,12518300,4687856,15000,14340
IT Club 83,3,3c825427-b8e4-4de6-a788-3e40683226c6,LadderGrinderBot_83,IT,Europe/Amsterdam,LadderGrinderBot,2,4,1,5,16,9,24,1,330,4250,5200,7,8,5,4,173,13058371,15395,8864700,3702205,15000,10200
PL Club 276,3,f26d2663-fed0-49cd-89c7-5c7beff462f7,SocialBot_276,PL,Europe/Warsaw,SocialBot,2,4,13,5,10,15,30,3,590,7950,9600,5,9,3,3,138,27972457,14246,16229700,5894693,15000,11000
PL Club 76,3,ce73b2b1-9524-46ff-87e0-ee5423995657,YouthFocusedBot_76,PL,Europe/Madrid,YouthFocusedBot,2,4,15,6,8,16,34,4,720,9600,11900,3,7,4,6,174,43932305,173,19838750,4145210,21900,21300
PL Club 86,3,e1abc38d-aa6c-4f3c-b826-7fab58373e1f,ConservativeBot_86,PL,Europe/Paris,ConservativeBot,2,4,6,26,0,4,82,1,330,4250,5200,4,5,4,4,173,13794402,12990,8886600,4644150,15000,12720
AT Club 317,3,5693b7b5-92f0-47d7-9920-e5178c5adff8,LadderGrinderBot_317,AT,Europe/Amsterdam,LadderGrinderBot,2,5,5,8,12,10,34,2,460,6000,7500,3,8,2,3,165,19089269,12756,12486650,4190666,15000,12740
AT Club 87,3,e7ee539b-b81c-457f-a4bc-963b97e6fd1c,AggressiveTraderBot_87,AT,Europe/Rome,AggressiveTraderBot,2,5,11,10,13,7,37,2,460,6100,7500,3,8,3,6,148,16203585,-39,12595350,5341665,22200,22800
BE Club 299,3,9c2a7844-e1f6-47b5-94ea-a78914f3e64e,LadderGrinderBot_299,BE,Europe/Amsterdam,LadderGrinderBot,2,5,4,14,6,10,52,1,330,4250,5300,4,5,3,4,164,12263014,11405,8908700,4787888,15000,14720
BE Club 9,3,5e5b36ee-67dc-47c6-b0e2-65c5eb2315d1,AggressiveTraderBot_9,BE,Europe/Rome,AggressiveTraderBot,2,5,16,10,8,12,42,1,330,4250,5300,5,8,2,4,136,9889715,1388,8879400,6189266,22300,21100
ES Club 84,3,dc1e25b8-c625-4f27-81da-67d2b8ba9507,SocialBot_84,ES,Europe/Warsaw,SocialBot,2,5,6,12,8,10,46,4,720,9500,11800,8,10,3,6,154,42379184,6839,19689180,5852560,15000,13640
FR Club 292,3,d6644096-93e9-4409-a37d-40fe2821e7ad,YouthFocusedBot_292,FR,Europe/Madrid,YouthFocusedBot,2,5,10,25,0,5,80,1,330,4250,5200,2,6,5,5,171,12391813,1108,8883780,4540540,21500,21400
FR Club 82,3,c6df28d8-1bf8-4dde-9c82-0b6372716413,YouthFocusedBot_82,FR,Europe/Madrid,YouthFocusedBot,2,5,9,0,25,5,5,1,330,4250,5300,5,10,3,6,135,7814566,1446,8888850,6497054,21700,20900
NL Club 315,3,cdac6461-18e6-4ea7-96ea-fc23ca7f1516,AggressiveTraderBot_315,NL,Europe/Rome,AggressiveTraderBot,2,5,13,5,15,10,25,1,330,4250,5200,3,7,1,2,147,1374398,-800,8830800,7516959,22300,23100
NL Club 325,3,8bd7d416-ff20-4e6b-90ed-dc4a9565c6f1,NewManagerBot_325,NL,Europe/Berlin,NewManagerBot,2,5,8,10,10,10,40,4,720,9600,11900,5,10,3,4,157,33960980,11050,19797480,5124409,15000,11200
NL Club 335,3,b4f60935-4474-4a59-b671-1d2dd1587f6d,LadderGrinderBot_335,NL,Europe/Amsterdam,LadderGrinderBot,2,5,12,13,10,7,46,2,460,6000,7500,4,10,4,4,146,21545467,12206,12492350,4006188,15000,11800
NL Club 85,3,704c9670-99e6-42ee-820e-3cf20369bec1,NewManagerBot_85,NL,Europe/Berlin,NewManagerBot,2,5,3,6,14,10,28,2,460,6100,7500,6,6,3,5,178,22268195,12882,12606980,4424150,15000,12200
NL Club 95,3,1aad108e-69ce-4f6f-8f02-db5ddf2e8e52,LadderGrinderBot_95,NL,Europe/Amsterdam,LadderGrinderBot,2,5,7,10,10,10,40,4,720,9500,11900,6,6,3,5,150,40439619,8281,19746330,6485331,15000,12400
PL Club 296,3,d871e6af-7284-40b0-a391-408bff4b5dc6,ConservativeBot_296,PL,Europe/Paris,ConservativeBot,2,5,2,9,11,10,37,4,720,9500,11900,6,10,4,2,173,36604614,14428,19717400,5451581,15000,13000
PL Club 326,3,2052b1a0-fb68-4752-9fad-a0d695a68628,ConservativeBot_326,PL,Europe/Paris,ConservativeBot,2,5,1,11,9,10,43,4,720,9500,12000,4,7,4,3,171,37204109,12535,19775630,3869533,15000,12400
PT Club 300,3,832500b9-87ae-4b57-bb4e-102c622e0d92,SocialBot_300,PT,Europe/Warsaw,SocialBot,2,5,15,8,10,12,36,1,340,4350,5200,3,7,4,4,147,11141010,10244,9044570,4850163,15000,12400
PT Club 330,3,e683404b-44f6-40a7-a72b-f0ea46397232,SocialBot_330,PT,Europe/Warsaw,SocialBot,2,5,14,15,5,10,55,3,600,7750,9700,3,9,3,1,163,28744815,8539,16199600,3958136,15000,13740
AT Club 107,3,b8cbcad1-6155-4e67-bb28-3941ecf4f0bc,LadderGrinderBot_107,AT,Europe/Amsterdam,LadderGrinderBot,3,1,2,10,9,11,41,1,330,4450,5200,3,8,2,6,158,6684055,12984,7007280,4384686,15000,12540
AT Club 97,3,618ea146-3ba0-4ae0-b788-e4dafedba22b,NewManagerBot_97,AT,Europe/Berlin,NewManagerBot,3,1,1,9,10,11,38,2,460,6000,7500,4,10,4,3,150,14563043,12170,9719330,4913062,15000,14920
BE Club 109,3,585a27c8-a1a4-461b-8a09-9e95f6342f27,NewManagerBot_109,BE,Europe/Berlin,NewManagerBot,3,1,10,7,11,12,33,2,460,6100,7400,6,7,2,2,148,16346975,8002,9753150,7241951,15000,16080
BE Club 99,3,133ca065-3a25-49f7-9432-74ac3d3c0a4c,AggressiveTraderBot_99,BE,Europe/Rome,AggressiveTraderBot,3,1,8,6,12,12,30,3,590,7850,9700,4,6,4,3,139,18566006,101,12624200,8519940,21900,22300
CH Club 108,3,2b027f11-de59-420a-b7d0-ef5d314a04fa,SocialBot_108,CH,Europe/Warsaw,SocialBot,3,1,15,6,10,14,32,1,330,4350,5300,4,5,4,4,157,9598326,10155,7013000,3558929,15000,13720
CH Club 98,3,30333bdd-d11e-4e52-986b-c6fbd073b7a1,ConservativeBot_98,CH,Europe/Paris,ConservativeBot,3,1,7,12,6,12,48,2,460,6000,7600,5,7,3,3,154,16821817,11676,9763730,2569024,15000,12200
DE Club 111,3,805596ae-c0b3-4c48-bba3-a6d4f8a1aa71,AggressiveTraderBot_111,DE,Europe/Rome,AggressiveTraderBot,3,1,16,10,6,14,44,3,590,7950,9600,4,7,4,5,138,14589919,1326,12649950,7491898,22500,22500
FR Club 102,3,1057bce7-2dbd-4e33-bbce-6cd6f9e1f38b,SocialBot_102,FR,Europe/Warsaw,SocialBot,3,1,12,12,9,9,45,3,590,7850,9600,3,8,2,3,159,24570368,14296,12554400,4097836,15000,12940
FR Club 112,3,a15b6a0b-37cb-4a21-ae23-4b81fd31f3b6,YouthFocusedBot_112,FR,Europe/Madrid,YouthFocusedBot,3,1,4,12,10,8,44,2,460,6000,7600,3,9,4,1,150,14737498,1413,9747830,6870905,21700,21000
FR Club 52,3,64c2c870-4cd1-4757-a3a5-44b6c9811f67,YouthFocusedBot_52,FR,Europe/Madrid,YouthFocusedBot,3,1,11,9,12,9,36,1,330,4450,5200,6,7,5,5,155,7706251,2074,7042080,5261346,21500,19900
IT Club 103,3,60f61091-88a8-41c4-8e14-7f15e8d04cfc,NewManagerBot_103,IT,Europe/Berlin,NewManagerBot,3,1,5,10,9,11,41,4,720,9500,12000,3,7,3,3,160,33152518,13095,15387200,4620871,15000,12740
IT Club 63,3,e40c8e5f-6802-45ea-a6ba-f4d271c91904,AggressiveTraderBot_63,IT,Europe/Rome,AggressiveTraderBot,3,1,14,12,11,7,43,3,590,7750,9800,4,8,5,2,177,25187623,1283,12572300,5585715,22500,21000
NL Club 115,3,93ce46a1-63e0-4b09-9eda-9aac2e3dc1e6,NewManagerBot_115,NL,Europe/Berlin,NewManagerBot,3,1,13,11,12,7,40,1,330,4350,5200,5,6,2,4,179,6735546,8391,6952800,6648931,15000,13700
PL Club 106,3,4e4c2586-f2ba-40ab-9ac3-3378ba751f49,YouthFocusedBot_106,PL,Europe/Madrid,YouthFocusedBot,3,1,6,9,10,11,38,4,720,9500,11800,3,9,1,3,152,32716300,117,15297000,5278810,22000,23800
PT Club 100,3,8f2ff8e9-cfad-4c42-acf9-23f4ace61979,YouthFocusedBot_100,PT,Europe/Madrid,YouthFocusedBot,3,1,9,11,7,12,45,3,590,7850,9600,3,8,4,3,152,23170659,1181,12578100,6986039,21900,20800
PT Club 110,3,18c26668-2250-45ff-bd3f-841825eff91c,ConservativeBot_110,PT,Europe/Paris,ConservativeBot,3,1,3,10,12,8,38,1,330,4450,5200,6,7,3,1,164,5793946,11004,7008030,5379167,15000,14280
AT Club 117,3,e6ca718d-1ead-4b7e-a9ac-c0ca863c7f73,AggressiveTraderBot_117,AT,Europe/Rome,AggressiveTraderBot,3,2,3,14,9,7,49,2,460,6000,7500,4,10,4,6,157,8089433,-323,9733950,6905692,22200,23800
AT Club 127,3,d8a4463c-3898-4480-9e43-1ed7f1346e27,NewManagerBot_127,AT,Europe/Berlin,NewManagerBot,3,2,7,9,12,9,36,3,590,7750,9800,4,9,6,6,135,22384026,13664,12590480,6819979,15000,11600
AT Club 17,3,7f52514d-1425-4197-b719-69243e46b753,LadderGrinderBot_17,AT,Europe/Amsterdam,LadderGrinderBot,3,2,8,12,9,9,45,2,460,6000,7600,5,6,2,3,156,18821633,12687,9755630,3565518,15000,11400
BE Club 119,3,01f3fc7b-ecc8-4da8-a134-205f5b0cc3be,LadderGrinderBot_119,BE,Europe/Amsterdam,LadderGrinderBot,3,2,5,8,10,12,36,2,460,6100,7500,7,10,2,3,154,11933033,9503,9757800,6153166,15000,14260
BE Club 209,3,ad27e825-0edb-4922-b7c0-610ff60581e4,LadderGrinderBot_209,BE,Europe/Amsterdam,LadderGrinderBot,3,2,15,26,0,4,82,2,460,6000,7600,3,7,5,3,173,20458365,13531,9779780,3327788,15000,12140
CH Club 118,3,7483179c-ed57-4cee-a179-14c5a6ba9c62,YouthFocusedBot_118,CH,Europe/Madrid,YouthFocusedBot,3,2,6,10,8,12,42,3,590,7950,9600,5,8,4,3,143,24642136,1803,12633600,3675081,21900,20700
CH Club 128,3,bc14cf8f-78a7-4317-85fe-85b18d67f9b6,ConservativeBot_128,CH,Europe/Paris,ConservativeBot,3,2,9,0,26,4,4,3,590,7750,9800,4,5,4,4,141,23783964,13289,12595550,2655201,15000,13320
DE Club 121,3,1b250786-6d20-48be-abfc-65bb8adb920a,NewManagerBot_121,DE,Europe/Berlin,NewManagerBot,3,2,11,20,6,4,64,2,460,6100,7500,6,8,4,1,164,12982779,10178,9787500,5499061,15000,13080
ES Club 124,3,2ee52a8c-67ce-4898-a8c0-76a6418d21d0,YouthFocusedBot_124,ES,Europe/Madrid,YouthFocusedBot,3,2,2,10,14,6,36,3,590,7750,9600,5,9,5,2,161,20953878,1558,12505530,4600774,21700,21200
FR Club 122,3,7313cd66-e9c4-4710-a0ac-2423670ab347,ConservativeBot_122,FR,Europe/Paris,ConservativeBot,3,2,10,26,0,4,82,2,460,6100,7400,6,6,3,3,176,15459219,11804,9765900,4942545,15000,14200
IT Club 113,3,bb665cdd-dee0-487f-ace1-d75d7ebff188,LadderGrinderBot_113,IT,Europe/Amsterdam,LadderGrinderBot,3,2,1,14,10,6,48,1,330,4350,5300,4,6,2,3,173,5575814,9856,6976050,4429801,15000,13520
NL Club 125,3,20c0ee5d-34d1-4bc2-9c86-8e8b91513228,LadderGrinderBot_125,NL,Europe/Amsterdam,LadderGrinderBot,3,2,12,6,20,4,22,4,720,9500,11900,4,7,3,5,159,31539205,13880,15366780,3173673,15000,10000
NL Club 25,3,199d0dcf-02ce-4689-b524-4045b4b27001,NewManagerBot_25,NL,Europe/Berlin,NewManagerBot,3,2,16,0,26,4,4,1,340,4250,5200,6,7,4,2,139,11173206,12543,6975010,5506568,15000,13280
PL Club 116,3,47e4d6c7-4684-40ef-b555-2bf2bf45480b,ConservativeBot_116,PL,Europe/Paris,ConservativeBot,3,2,14,8,5,17,41,4,720,9500,11900,5,9,4,1,137,32108816,4011,15341030,3638254,15000,14500
PL Club 126,3,6311e709-b24e-4646-bc1b-16eb6e9a704c,SocialBot_126,PL,Europe/Warsaw,SocialBot,3,2,13,5,8,17,32,3,590,7750,9700,4,8,3,3,153,19836206,11261,12531330,6498697,15000,13720
PT Club 120,3,9e07ec54-6e86-4cb6-98b1-235b6a352569,SocialBot_120,PT,Europe/Warsaw,SocialBot,3,2,4,9,14,7,34,3,590,7750,9600,5,6,5,4,147,22853709,15038,12544530,4354763,15000,12700
AT Club 137,3,a2c2667c-93d8-4cee-835d-eb187ab094d2,LadderGrinderBot_137,AT,Europe/Amsterdam,LadderGrinderBot,3,3,10,7,10,13,34,4,720,9500,11900,6,6,2,3,138,29528610,13682,15348680,4401545,15000,13200
BE Club 129,3,7cdc5c78-c824-4981-ac60-c065a701c67b,AggressiveTraderBot_129,BE,Europe/Rome,AggressiveTraderBot,3,3,7,14,8,8,50,1,330,4250,5200,4,8,4,1,157,2884071,383,6877500,4555774,22100,23500
CH Club 138,3,492508a8-01fb-4638-a96f-6f75549dc1e0,SocialBot_138,CH,Europe/Warsaw,SocialBot,3,3,14,11,12,7,40,4,720,9600,11800,3,8,4,1,150,30866043,10561,15382800,5350925,15000,13140
DE Club 101,3,2cf51899-9887-42fc-903b-967ec3d1967a,LadderGrinderBot_101,DE,Europe/Amsterdam,LadderGrinderBot,3,3,15,7,6,17,38,3,590,7850,9700,7,9,5,4,162,27668396,8636,12614030,3001778,15000,11200
DE Club 131,3,cfde46e7-93d7-47c5-bd87-009d21bd1d4f,LadderGrinderBot_131,DE,Europe/Amsterdam,LadderGrinderBot,3,3,1,20,3,7,67,2,460,6000,7600,5,5,3,3,177,10404827,12988,9771350,7804010,15000,11600
DE Club 141,3,7e1cd9ae-3a02-4cdd-91cf-3f233a94490c,AggressiveTraderBot_141,DE,Europe/Rome,AggressiveTraderBot,3,3,5,10,8,12,42,4,720,9600,11800,6,10,5,3,136,27042939,244,15377250,7104688,22300,23700
ES Club 144,3,b58e2ae3-cb5e-4291-8508-631ece4472c7,SocialBot_144,ES,Europe/Warsaw,SocialBot,3,3,4,7,12,11,32,2,460,6100,7500,6,7,4,2,167,16492535,12447,9800450,2445000,15000,12000
FR Club 132,3,205ec8dd-1081-4b46-9932-30787b94390e,SocialBot_132,FR,Europe/Warsaw,SocialBot,3,3,12,27,0,3,84,3,590,7750,9600,4,6,4,5,178,26820178,12160,12533430,3211742,15000,12400
FR Club 142,3,60096c04-5158-4a2f-8934-81a7b1f99149,YouthFocusedBot_142,FR,Europe/Madrid,YouthFocusedBot,3,3,6,8,10,12,36,2,460,6000,7400,2,9,1,2,159,12483514,440,9669150,6996171,21500,21600
FR Club 22,3,673d69b5-669c-4786-9e06-d7aa63e589c6,YouthFocusedBot_22,FR,Europe/Madrid,YouthFocusedBot,3,3,9,10,7,13,43,1,340,4350,5200,6,6,3,1,147,7548114,699,7033230,8039401,21800,21500
FR Club 62,3,f24edcd9-ec85-45dc-a843-7ffe73560a01,ConservativeBot_62,FR,Europe/Paris,ConservativeBot,3,3,11,0,27,3,3,2,460,6000,7500,6,6,5,2,139,18377114,9399,9746430,3088932,15000,13600
IT Club 133,3,964149c1-5c4d-4fc5-a66f-ed386181abe4,NewManagerBot_133,IT,Europe/Berlin,NewManagerBot,3,3,13,12,11,7,43,1,330,4250,5200,5,6,3,4,161,5473580,11367,6897900,5712856,15000,12700
IT Club 143,3,a76986a8-37f4-48c8-b95e-8207314d2b86,LadderGrinderBot_143,IT,Europe/Amsterdam,LadderGrinderBot,3,3,8,8,14,8,32,1,330,4450,5200,3,7,3,4,167,8157271,12383,7014150,4641491,15000,11800
PL Club 226,3,b63b1bdf-cd28-4a5c-a677-f48ff2336887,YouthFocusedBot_226,PL,Europe/Madrid,YouthFocusedBot,3,3,16,6,7,17,35,2,460,6000,7500,6,7,3,5,174,16549183,591,9743850,5897341,21400,21200
PT Club 130,3,7145701e-f8bd-42d6-9d35-945927b2a810,YouthFocusedBot_130,PT,Europe/Madrid,YouthFocusedBot,3,3,3,12,7,11,47,2,460,6000,7400,4,5,3,1,174,14583286,190,9711000,2662729,21400,22100
PT Club 140,3,9694c29c-f247-42b8-8997-0f26d442b2e2,ConservativeBot_140,PT,Europe/Paris,ConservativeBot,3,3,2,3,20,7,16,2,470,6000,7400,6,9,5,2,152,12861960,11762,9782130,7537374,15000,12400
AT Club 147,3,5aa85c20-0519-4beb-9fb9-6708f96e84af,AggressiveTraderBot_147,AT,Europe/Rome,AggressiveTraderBot,3,4,14,10,10,10,40,2,460,6100,7500,4,8,5,5,142,4656023,1348,9806930,7802267,21800,21800
AT Club 157,3,f4ac4c0c-9b24-42ea-b416-093b9beedc65,NewManagerBot_157,AT,Europe/Berlin,NewManagerBot,3,4,4,9,9,12,39,3,590,7750,9700,6,6,2,5,155,24310059,11769,12546350,6239742,15000,14000
BE Club 159,3,89fdfe3e-2d80-4f2c-802c-d017187d79e5,AggressiveTraderBot_159,BE,Europe/Rome,AggressiveTraderBot,3,4,16,7,12,11,32,4,720,9500,12000,2,6,3,2,138,28786538,160,15382700,4687462,22200,22800
BE Club 29,3,cabd4b9e-d4ce-4811-af3e-1ccf7e3c7954,LadderGrinderBot_29,BE,Europe/Amsterdam,LadderGrinderBot,3,4,1,8,7,15,39,3,590,7850,9600,4,9,2,4,170,27918252,9822,12558900,4549684,15000,14320
BE Club 79,3,050eab06-a8b8-44b4-b7bd-978fb2972ef7,NewManagerBot_79,BE,Europe/Berlin,NewManagerBot,3,4,13,10,10,10,40,2,460,6100,7400,2,9,4,1,150,14994170,12414,9744330,5503861,15000,12960
CH Club 148,3,e8de3063-9c5f-45ba-a477-473c7f9d2f1f,YouthFocusedBot_148,CH,Europe/Madrid,YouthFocusedBot,3,4,8,13,9,8,47,1,330,4250,5400,3,6,4,2,147,5282324,1653,6963500,5952038,22300,21200
ES Club 154,3,628d4312-db8c-4ba9-993b-6015197c410a,YouthFocusedBot_154,ES,Europe/Madrid,YouthFocusedBot,3,4,6,13,10,7,46,1,330,4350,5200,3,4,3,3,162,7683186,1722,6971130,3877327,21800,20500
FR Club 152,3,4db15fa0-a26a-406e-8618-00b01f0dd73d,ConservativeBot_152,FR,Europe/Paris,ConservativeBot,3,4,7,9,13,8,35,1,330,4250,5300,5,7,2,3,157,6321992,10759,6914300,5620873,15000,13200
IT Club 153,3,5b71faac-8f2c-4285-b064-1e9ce698a595,AggressiveTraderBot_153,IT,Europe/Rome,AggressiveTraderBot,3,4,10,9,10,11,38,4,720,9500,11900,3,7,4,4,165,20555260,-621,15363300,9912125,22300,24500
NL Club 135,3,38443355-2c1c-4a4e-814d-b0fee917c753,AggressiveTraderBot_135,NL,Europe/Rome,AggressiveTraderBot,3,4,15,12,7,11,47,2,460,6000,7400,2,7,3,3,139,14716249,593,9705000,4571755,22000,21900
NL Club 155,3,8dd2028f-36e1-4e26-b433-e847bc872591,LadderGrinderBot_155,NL,Europe/Amsterdam,LadderGrinderBot,3,4,11,9,9,12,39,3,590,7850,9600,3,9,5,3,154,19596422,13426,12578430,5809113,15000,13140
NL Club 245,3,0d22986b-e0ff-4b27-901e-5016fa049f99,LadderGrinderBot_245,NL,Europe/Amsterdam,LadderGrinderBot,3,4,5,10,13,7,37,3,590,7750,9800,6,8,4,5,166,24226240,9202,12584780,6603000,15000,13480
PL Club 146,3,498d2e73-5d20-4a36-9099-e2ad585d8017,ConservativeBot_146,PL,Europe/Paris,ConservativeBot,3,4,2,7,8,15,36,3,590,7750,9600,7,9,3,3,173,20995369,6189,12501330,6244437,15000,16060
PL Club 156,3,a2e491fa-c50d-4485-ad90-4aff165f8c3b,SocialBot_156,PL,Europe/Warsaw,SocialBot,3,4,12,9,9,12,39,4,720,9500,11900,7,8,2,5,145,31146967,9669,15343100,5621183,15000,15060
PT Club 150,3,53c31711-ece7-44c8-9010-f5787b6c8a2c,SocialBot_150,PT,Europe/Warsaw,SocialBot,3,4,9,10,9,11,41,2,470,6100,7400,5,11,2,6,144,13777763,12617,9821260,5258702,15000,13300
PT Club 160,3,e6721176-f64f-47bd-9d13-860308346657,YouthFocusedBot_160,PT,Europe/Madrid,YouthFocusedBot,3,4,3,9,9,12,39,4,720,9500,11900,2,7,2,3,147,31065252,2040,15348950,6670904,21700,20100
BE Club 169,3,0018448d-cc8b-4968-a965-d6ed95a5d5ee,NewManagerBot_169,BE,Europe/Berlin,NewManagerBot,3,5,5,11,9,10,43,4,720,9500,11900,3,10,4,2,146,32484510,14842,15330800,4133583,15000,12600
CH Club 168,3,973da36b-7346-4843-94cb-ed5ac76e792d,SocialBot_168,CH,Europe/Warsaw,SocialBot,3,5,10,9,10,11,38,1,330,4250,5300,5,7,2,4,154,8121812,7544,6912300,3837885,15000,14100
CH Club 68,3,fb90b587-dadf-49bd-9ace-7d8da42b9389,ConservativeBot_68,CH,Europe/Paris,ConservativeBot,3,5,14,7,10,13,34,3,590,7850,9700,4,6,4,5,142,28176235,12767,12631950,3838782,15000,13520
DE Club 161,3,724b6093-c959-483a-9e1f-31d5fecc9162,LadderGrinderBot_161,DE,Europe/Amsterdam,LadderGrinderBot,3,5,12,10,13,7,37,4,720,9700,11800,3,11,5,5,157,31002936,15543,15447030,7893936,15000,11000
DE Club 171,3,433ab017-968b-404a-9262-2ad4e76bdb9a,AggressiveTraderBot_171,DE,Europe/Rome,AggressiveTraderBot,3,5,13,10,7,13,43,4,720,9600,11800,6,7,4,3,151,25678750,1622,15389700,6221564,22300,21700
ES Club 174,3,024ed886-a400-4f98-8f69-6de68a8dc084,SocialBot_174,ES,Europe/Warsaw,SocialBot,3,5,2,9,10,11,38,4,720,9500,11900,8,9,4,4,162,29924144,9076,15347030,5563552,15000,12600
ES Club 24,3,9e342374-8609-4a0e-8b3c-38f074072dfd,SocialBot_24,ES,Europe/Warsaw,SocialBot,3,5,16,11,6,13,46,1,330,4250,5300,5,8,3,3,137,11148653,7421,6915630,3738889,15000,16300
FR Club 172,3,e72f24b6-7ab5-4d0e-aa4d-2ea29b171b82,YouthFocusedBot_172,FR,Europe/Madrid,YouthFocusedBot,3,5,4,14,5,11,53,1,330,4350,5200,5,8,1,3,165,6674238,171,6930450,3645388,21700,23400
IT Club 163,3,aeebbfd9-f54e-42a8-8978-c101f9ddf84b,NewManagerBot_163,IT,Europe/Berlin,NewManagerBot,3,5,6,9,11,10,37,2,460,6100,7500,5,6,2,1,135,16554301,12864,9786030,5328065,15000,13100
NL Club 165,3,0d46166f-1c23-4fd1-8d98-9c303ba3ca81,AggressiveTraderBot_165,NL,Europe/Rome,AggressiveTraderBot,3,5,3,5,14,11,26,3,590,7750,9700,4,7,2,4,171,15895270,983,12535500,6413204,22600,21500
NL Club 175,3,9e2dbcff-f250-428a-a497-2579eaad4bbb,NewManagerBot_175,NL,Europe/Berlin,NewManagerBot,3,5,11,13,10,7,46,1,330,4250,5300,6,7,3,1,170,6564176,12332,6913400,4718273,15000,11600
PL Club 166,3,bf3feda8-e4cd-473c-865d-cfeac769a612,YouthFocusedBot_166,PL,Europe/Madrid,YouthFocusedBot,3,5,1,10,9,11,41,3,590,7750,9700,3,9,5,1,149,19865075,318,12537530,5926149,21500,22500
PL Club 176,3,e09865c8-301c-4a45-b0ef-8e7b03a6cbbf,ConservativeBot_176,PL,Europe/Paris,ConservativeBot,3,5,8,9,12,9,36,1,330,4250,5200,3,6,3,4,160,7506257,12160,6897900,4902508,15000,12000
PT Club 170,3,bf2b8ed2-3e14-4913-9321-e67377c212e6,ConservativeBot_170,PT,Europe/Paris,ConservativeBot,3,5,7,12,9,9,45,1,330,4350,5200,5,7,3,2,154,7157880,10657,6949800,4099170,15000,12700
PT Club 20,3,5d15ac60-92b2-45c6-b41c-5320a627c958,ConservativeBot_20,PT,Europe/Paris,ConservativeBot,3,5,15,6,11,13,31,4,720,9500,11800,6,7,4,5,154,39483063,8896,15345150,3851385,15000,12880
PT Club 80,3,662d1daa-cb50-4e3d-9658-df500ce809e4,ConservativeBot_80,PT,Europe/Paris,ConservativeBot,3,5,9,10,9,11,41,3,600,7850,9600,5,9,4,3,135,30916181,12479,12650880,4233630,15000,12100
AT Club 177,3,8f9f4a3a-bea1-4316-bc6a-f39f505967c6,AggressiveTraderBot_177,AT,Europe/Rome,AggressiveTraderBot,3,6,14,3,25,2,11,2,460,6100,7400,5,4,2,2,143,3722872,-153,9768150,9663158,22400,22500
AT Club 187,3,9e41080b-0a1c-43ec-a652-ffda1c3b89b5,NewManagerBot_187,AT,Europe/Berlin,NewManagerBot,3,6,15,5,17,8,23,4,720,9500,11800,8,10,2,3,140,34143126,6949,15297600,4028435,15000,15040
BE Club 189,3,4497be84-e199-4e43-ba29-5768a0e6218a,AggressiveTraderBot_189,BE,Europe/Rome,AggressiveTraderBot,3,6,1,11,11,8,41,2,460,6000,7400,2,10,5,2,141,10405821,2057,9694200,7222785,22000,20800
CH Club 178,3,49819763-2993-4393-90f8-146e24a592e6,YouthFocusedBot_178,CH,Europe/Madrid,YouthFocusedBot,3,6,10,14,13,3,45,3,590,7750,9700,2,6,3,3,158,25091549,643,12545180,2222196,21700,22000
CH Club 188,3,0b899502-7cbb-4eb8-83eb-46db4b9bbe71,ConservativeBot_188,CH,Europe/Paris,ConservativeBot,3,6,5,9,9,12,39,1,330,4250,5300,3,8,2,4,163,6380778,14013,6912150,5034792,15000,11200
CH Club 28,3,ae2c9e5a-e2f0-40bb-a7b6-ec45eff6959f,YouthFocusedBot_28,CH,Europe/Madrid,YouthFocusedBot,3,6,16,17,5,8,59,2,460,6000,7500,5,6,1,4,135,20483956,1098,9730650,4324724,21400,20400
DE Club 181,3,4b256b0b-459a-4a00-9bfa-0c1726044877,NewManagerBot_181,DE,Europe/Berlin,NewManagerBot,3,6,2,11,11,8,41,1,340,4250,5300,6,8,4,3,153,7868022,9824,6994240,3321091,15000,14080
DE Club 191,3,5209c0b7-1b42-498c-b8ec-2a03c187686c,LadderGrinderBot_191,DE,Europe/Amsterdam,LadderGrinderBot,3,6,7,10,8,12,42,2,460,6000,7400,5,7,5,4,148,16196136,12065,9718200,5242970,15000,13500
ES Club 184,3,9ca77454-c39b-4b59-b123-435f3a956ffd,YouthFocusedBot_184,ES,Europe/Madrid,YouthFocusedBot,3,6,4,8,14,8,32,3,590,7750,9700,4,10,2,3,172,22913842,1669,12514580,3814369,21800,19900
ES Club 74,3,40cc7e01-3f6b-473e-b0f3-785115d6b7d5,ConservativeBot_74,ES,Europe/Paris,ConservativeBot,3,6,11,10,5,15,45,4,720,9500,11900,4,8,4,6,157,41791957,12801,15364650,3755312,15000,12400
FR Club 182,3,18279032-98b4-4926-8ab9-164cb988f81c,ConservativeBot_182,FR,Europe/Paris,ConservativeBot,3,6,12,5,10,15,30,1,330,4350,5300,7,10,5,5,156,6578809,10382,6987680,4908068,15000,14860
FR Club 192,3,f4750b95-fc78-4c49-ba82-cc1eb1bc7b47,SocialBot_192,FR,Europe/Warsaw,SocialBot,3,6,8,8,10,12,36,1,330,4350,5200,6,9,3,2,138,7183571,7218,6927300,3104327,15000,13680
NL Club 185,3,fcec7403-56e0-4cd8-8dd1-a8bb20d39472,LadderGrinderBot_185,NL,Europe/Amsterdam,LadderGrinderBot,3,6,6,9,9,12,39,2,460,6000,7400,5,9,5,5,167,14879083,10029,9714780,5588504,15000,14700
NL Club 75,3,d745c013-0091-4430-ba89-8e45aa15aec5,AggressiveTraderBot_75,NL,Europe/Rome,AggressiveTraderBot,3,6,9,13,14,3,42,4,720,9700,11800,5,7,2,6,165,26141031,125,15449580,6420801,22300,23100
PL Club 186,3,80f87715-d81f-4704-9b92-0f262de5aa52,SocialBot_186,PL,Europe/Warsaw,SocialBot,3,6,13,25,3,2,77,2,460,6100,7500,5,8,3,6,168,12996551,7135,9794250,5411459,15000,14300
PL Club 26,3,2feac2a4-af37-4a38-83a4-381b3f97cf44,ConservativeBot_26,PL,Europe/Paris,ConservativeBot,3,6,3,14,8,8,50,4,720,9500,12000,5,10,1,2,155,34597123,12850,15343850,4990962,15000,12000
AT Club 167,3,4ff99c0f-f940-43af-b39e-85d4dbb6271e,LadderGrinderBot_167,AT,Europe/Amsterdam,LadderGrinderBot,3,7,9,9,11,10,37,2,460,6000,7500,3,7,4,3,137,20013735,10415,9741680,3594711,15000,12340
AT Club 197,3,1421dae4-4c13-4b29-b84a-e149a15de08b,LadderGrinderBot_197,AT,Europe/Amsterdam,LadderGrinderBot,3,7,1,9,8,13,40,3,610,7750,9600,5,5,4,5,151,23996016,12744,12699760,7089947,15000,12000
BE Club 199,3,54ff5ad4-faa4-4031-a15c-cb2dc743bd7c,NewManagerBot_199,BE,Europe/Berlin,NewManagerBot,3,7,8,10,8,12,42,1,330,4250,5300,6,9,4,4,161,7152782,9659,6912350,5702133,15000,13280
CH Club 198,3,b12f1edc-e973-459e-9661-eb8b94f20853,SocialBot_198,CH,Europe/Warsaw,SocialBot,3,7,16,8,12,10,34,3,590,7750,9700,6,8,5,3,140,24136087,9860,12546530,4531209,15000,15280
CH Club 48,3,5f2451f2-0668-4b60-98fc-bd64c9e6ae9c,SocialBot_48,CH,Europe/Warsaw,SocialBot,3,7,5,11,6,13,46,4,720,9500,11900,7,9,2,5,142,37060276,9571,15335450,3811744,15000,14860
DE Club 201,3,296cf1c9-5fa8-4e58-916b-b920c77a1c34,AggressiveTraderBot_201,DE,Europe/Rome,AggressiveTraderBot,3,7,2,8,9,13,37,3,590,7850,9700,5,9,3,6,162,19984507,1247,12599450,5266964,22300,22900
ES Club 194,3,937a9d70-1cc0-4113-8471-2351989b0165,ConservativeBot_194,ES,Europe/Paris,ConservativeBot,3,7,15,12,8,10,46,4,720,9500,11900,5,7,3,4,139,36186230,8019,15362700,3357912,15000,13100
ES Club 204,3,f57a98e7-1fc6-400f-a6e8-570ac0ed9836,SocialBot_204,ES,Europe/Warsaw,SocialBot,3,7,14,10,10,10,40,1,330,4250,5200,5,9,4,3,143,8104254,10187,6886500,4613316,15000,14100
FR Club 202,3,04e6a2cf-e6c0-4928-a8a8-564f57062b36,YouthFocusedBot_202,FR,Europe/Madrid,YouthFocusedBot,3,7,4,9,11,10,37,1,340,4350,5200,3,8,4,3,173,6614247,9,7034740,4901168,21600,22300
IT Club 203,3,919dde86-2d35-43ee-8c02-e290916835de,LadderGrinderBot_203,IT,Europe/Amsterdam,LadderGrinderBot,3,7,11,5,15,10,25,4,720,9500,11900,6,8,3,4,154,33950164,11166,15353780,4496263,15000,15880
IT Club 73,3,a5c71d17-12f8-4cdd-a0e0-181abab6a3e1,NewManagerBot_73,IT,Europe/Berlin,NewManagerBot,3,7,7,8,10,12,36,3,590,7850,9700,6,8,3,2,153,22084467,8314,12596180,7881935,15000,14880
NL Club 205,3,3fd072aa-fc30-4ce4-b2f3-fcef0f234790,NewManagerBot_205,NL,Europe/Berlin,NewManagerBot,3,7,10,11,9,10,43,3,590,7750,9700,3,7,5,5,154,20932484,14012,12570650,5982295,15000,12800
PL Club 196,3,4869a90a-1243-45a7-86eb-bc8d9a148363,YouthFocusedBot_196,PL,Europe/Madrid,YouthFocusedBot,3,7,6,6,11,13,31,2,460,6100,7500,3,5,1,2,165,16166128,1687,9783800,5342585,21800,20100
PL Club 206,3,9db8ed72-bdb5-4b95-b4a3-dfe8098bbd70,ConservativeBot_206,PL,Europe/Paris,ConservativeBot,3,7,3,11,9,10,43,3,590,7950,9600,4,8,5,4,170,20844549,11449,12653280,3911305,15000,12120
PT Club 200,3,651ff949-50ae-45d6-8489-7560835e6a17,ConservativeBot_200,PT,Europe/Paris,ConservativeBot,3,7,13,10,10,10,40,3,590,7750,9600,3,5,5,3,164,23660469,15229,12539880,6943659,15000,11800
PT Club 270,3,ef46c6d8-0ec4-44c5-b459-3d0a9e9c0eef,SocialBot_270,PT,Europe/Warsaw,SocialBot,3,7,12,15,5,10,55,1,330,4250,5300,6,7,4,2,170,8454735,10403,6918500,4682994,15000,14480
BE Club 219,3,11b113fe-aa84-4d84-868d-b16a13592b66,AggressiveTraderBot_219,BE,Europe/Rome,AggressiveTraderBot,3,8,2,15,8,7,52,2,460,6100,7500,4,6,3,5,155,10815832,142,9804750,4546799,22200,22200
CH Club 38,3,b06d0a6d-4efe-4488-b02e-6030ffbe434a,ConservativeBot_38,CH,Europe/Paris,ConservativeBot,3,8,7,9,11,10,37,2,460,6100,7400,5,11,1,2,138,18978225,10649,9715200,3939980,15000,12400
DE Club 211,3,8d3b1a03-6e77-462d-b5cf-23e60784c8e5,NewManagerBot_211,DE,Europe/Berlin,NewManagerBot,3,8,3,6,13,11,29,4,720,9600,11900,3,8,6,5,160,35593496,12477,15438080,2747238,15000,12940
DE Club 221,3,c2ee84de-1a9e-4427-b582-e08a783d636d,LadderGrinderBot_221,DE,Europe/Amsterdam,LadderGrinderBot,3,8,6,8,5,17,41,4,720,9500,11900,6,6,5,3,162,30704445,9288,15372980,5062025,15000,12000
DE Club 71,3,2c4a53fa-60af-49ce-a743-ec79a51856ba,LadderGrinderBot_71,DE,Europe/Amsterdam,LadderGrinderBot,3,8,9,11,14,5,38,2,460,6200,7400,5,9,4,2,144,17212609,5395,9817500,5231473,15000,13500
ES Club 214,3,438a011b-77a0-4955-a26e-aa44f847c545,YouthFocusedBot_214,ES,Europe/Madrid,YouthFocusedBot,3,8,10,14,11,5,47,1,330,4350,5300,4,5,4,4,144,3969190,1399,7005230,6795906,22000,20900
ES Club 224,3,fde34949-443f-44d9-82d4-1108a8a113f1,ConservativeBot_224,ES,Europe/Paris,ConservativeBot,3,8,15,12,15,3,39,2,470,6100,7400,7,8,2,2,141,14441614,6987,9826230,3971541,15000,14260
FR Club 212,3,d6049ac0-45fc-408d-8ed1-62be0039ed2d,ConservativeBot_212,FR,Europe/Paris,ConservativeBot,3,8,4,13,6,11,50,1,330,4450,5200,3,6,5,5,164,3474718,12046,7042080,8019559,15000,13740
FR Club 222,3,d92752c6-ade6-4ecd-b7ad-5db16998b5c9,SocialBot_222,FR,Europe/Warsaw,SocialBot,3,8,14,8,9,13,37,3,590,7750,9700,7,7,3,3,140,23394818,10225,12538830,4948718,15000,12000
FR Club 42,3,17eab328-3e2a-4417-8362-83c387f0a589,SocialBot_42,FR,Europe/Warsaw,SocialBot,3,8,8,11,9,10,43,1,330,4250,5300,5,8,4,2,152,9581944,15362,6918500,2080738,15000,12000
IT Club 223,3,b33e05e6-5a0f-47ab-8f6b-317948bf2a99,NewManagerBot_223,IT,Europe/Berlin,NewManagerBot,3,8,16,15,12,3,48,3,590,7950,9600,6,4,2,2,136,20033336,12991,12642630,4702016,15000,12400
NL Club 215,3,d13bb404-ed3e-4983-804a-ee7f9552736e,LadderGrinderBot_215,NL,Europe/Amsterdam,LadderGrinderBot,3,8,11,15,5,10,55,1,330,4350,5200,4,8,4,4,160,2222284,7479,6951750,7131349,15000,14720
PL Club 216,3,9b637931-3cc8-4eb1-8698-183124cb74bb,SocialBot_216,PL,Europe/Warsaw,SocialBot,3,8,13,9,8,13,40,1,330,4250,5400,6,6,2,5,138,5444394,11639,6960530,5986652,15000,11600
PT Club 210,3,86e038fe-0ba4-4664-b86b-51cb891b8805,SocialBot_210,PT,Europe/Warsaw,SocialBot,3,8,1,8,15,7,31,3,590,7750,9600,7,8,2,4,147,23010860,9064,12505500,5237339,15000,13660
PT Club 220,3,7c28b66e-fc5e-4822-a33c-24f05aec4ca9,YouthFocusedBot_220,PT,Europe/Madrid,YouthFocusedBot,3,8,12,5,15,10,25,1,340,4250,5300,2,6,4,4,147,9593828,-83,7015550,4123841,21700,23600
PT Club 70,3,8ed79a7e-dfc8-4dc6-b3b4-c972b561ddeb,YouthFocusedBot_70,PT,Europe/Madrid,YouthFocusedBot,3,8,5,5,8,17,32,4,720,9500,11900,3,6,1,5,141,37293817,625,15357500,4380653,21300,21100
AT Club 227,3,c95b8b8e-554e-422c-a66c-d2e6e5e6fbb6,LadderGrinderBot_227,AT,Europe/Amsterdam,LadderGrinderBot,3,9,12,7,8,15,36,2,460,6100,7400,4,9,3,3,157,12752901,9886,9753000,3927703,15000,13720
AT Club 237,3,fc7c7c13-4f17-46ea-a935-bf02ad0466e8,AggressiveTraderBot_237,AT,Europe/Rome,AggressiveTraderBot,3,9,3,7,7,16,37,4,720,9600,11800,6,9,3,4,149,25491207,-627,15378600,9243839,22300,23400
BE Club 229,3,87b6b924-e37a-475e-9a97-8967b16211ca,NewManagerBot_229,BE,Europe/Berlin,NewManagerBot,3,9,11,8,7,15,39,2,470,6000,7400,4,7,2,5,166,15534236,7861,9779100,3054575,15000,14520
BE Club 239,3,aac97cd2-4015-4ebd-8173-40e2c488b36f,LadderGrinderBot_239,BE,Europe/Amsterdam,LadderGrinderBot,3,9,10,11,11,8,41,4,720,9500,12000,5,9,2,2,152,30690236,12025,15351830,4883988,15000,13700
BE Club 259,3,b828ba92-3787-49ca-83d1-66ed8b43da8a,NewManagerBot_259,BE,Europe/Berlin,NewManagerBot,3,9,16,14,10,6,48,3,590,7850,9600,4,7,1,4,135,23147046,12350,12560250,5520917,15000,13120
CH Club 228,3,9614f347-1916-45e7-95c9-43bf04e23284,SocialBot_228,CH,Europe/Warsaw,SocialBot,3,9,1,13,7,10,49,4,720,9600,11800,5,5,4,3,155,28580942,10736,15404280,7564667,15000,14400
CH Club 238,3,e8ae7945-27c8-4a95-a035-d5ddf08ebb45,YouthFocusedBot_238,CH,Europe/Madrid,YouthFocusedBot,3,9,2,7,13,10,31,4,720,9500,11800,2,8,3,3,157,33299033,1670,15313050,4630707,21600,20900
DE Club 231,3,947df70f-bccc-4983-a67e-88e5a984ff5f,AggressiveTraderBot_231,DE,Europe/Rome,AggressiveTraderBot,3,9,5,11,7,12,45,4,720,9500,11900,5,10,3,2,136,24487874,677,15330050,7185007,22100,22600
ES Club 234,3,0768c66b-b272-4b91-acc6-390a8cc9b906,SocialBot_234,ES,Europe/Warsaw,SocialBot,3,9,13,10,14,6,36,3,590,7750,9600,4,7,3,2,164,24554194,12536,12504600,4035709,15000,13720
FR Club 232,3,f5d01f5a-dffe-4682-adcb-4b5cf426340b,YouthFocusedBot_232,FR,Europe/Madrid,YouthFocusedBot,3,9,7,11,8,11,44,2,460,6000,7600,6,6,4,1,145,14281580,531,9770600,4525636,22300,23800
IT Club 233,3,ed4bacb7-638a-4081-b1bc-c2704a08a0ee,LadderGrinderBot_233,IT,Europe/Amsterdam,LadderGrinderBot,3,9,4,7,7,16,37,2,460,6000,7500,5,6,4,3,153,14862338,11334,9750330,5801542,15000,14300
NL Club 225,3,b0416165-d302-4781-9fb0-999f91c7c570,AggressiveTraderBot_225,NL,Europe/Rome,AggressiveTraderBot,3,9,9,11,11,8,41,2,460,6100,7500,5,8,3,4,137,11900169,867,9792630,5376610,22300,21300
NL Club 235,3,f0478c1e-b4b9-4ce1-9bbc-f88d6a9e8442,NewManagerBot_235,NL,Europe/Berlin,NewManagerBot,3,9,15,10,14,6,36,4,720,9600,11800,6,6,4,4,136,31844224,9570,15401550,5583582,15000,12800
PL Club 66,3,046ea3ba-9a18-466f-82c9-69395045c2ad,SocialBot_66,PL,Europe/Warsaw,SocialBot,3,9,8,8,11,11,35,3,590,7850,9600,6,7,3,2,139,24522792,8709,12567180,6227050,15000,13280
PT Club 190,3,d557eb61-328b-455a-ac12-bdf7160c3c0a,YouthFocusedBot_190,PT,Europe/Madrid,YouthFocusedBot,3,9,14,14,10,6,48,1,330,4250,5200,2,5,3,4,140,13463510,611,6904980,2617430,21600,21200
PT Club 240,3,3df323f7-54e6-4aea-a922-78d28a7e9a7b,SocialBot_240,PT,Europe/Warsaw,SocialBot,3,9,6,7,11,12,33,4,720,9500,11900,6,4,3,2,135,34327120,17153,15368430,3845662,15000,11200
AT Club 247,3,7e5e29cd-6198-4570-8200-84ac42851a81,NewManagerBot_247,AT,Europe/Berlin,NewManagerBot,3,10,2,8,11,11,35,3,590,7850,9700,4,9,5,1,170,23217608,13739,12599700,3556056,15000,11600
BE Club 249,3,afd5bcae-40a0-47b3-b596-49fe4228d660,AggressiveTraderBot_249,BE,Europe/Rome,AggressiveTraderBot,3,10,4,12,11,7,43,3,590,7750,9600,3,9,4,1,156,16000778,747,12500700,5387652,22200,21900
CH Club 248,3,c473403a-c3e9-4b6e-b900-1e409ac13be4,ConservativeBot_248,CH,Europe/Paris,ConservativeBot,3,10,15,10,11,9,39,2,460,6000,7500,5,8,4,2,151,16260900,9582,9730100,4832086,15000,15900
DE Club 241,3,347f46bb-ae79-4372-9d22-ecbdb09d1908,NewManagerBot_241,DE,Europe/Berlin,NewManagerBot,3,10,8,10,10,10,40,3,600,7750,9600,4,7,1,3,142,25164846,8714,12578410,3161746,15000,12720
DE Club 251,3,03dbbe39-1400-4442-9cca-64f451eeb9ea,LadderGrinderBot_251,DE,Europe/Amsterdam,LadderGrinderBot,3,10,10,28,0,2,86,2,460,6000,7500,3,7,4,5,173,10760436,14072,9743450,7161114,15000,12400
ES Club 244,3,83878997-443b-4409-a13f-1a00dbad831a,YouthFocusedBot_244,ES,Europe/Madrid,YouthFocusedBot,3,10,7,10,10,10,40,2,460,6000,7500,4,6,4,4,143,17559223,1837,9747600,4642188,21600,19300
ES Club 254,3,c4b1d99c-7c2d-44da-92d7-819387cb982a,ConservativeBot_254,ES,Europe/Paris,ConservativeBot,3,10,3,11,12,7,40,3,590,7750,9700,6,9,2,4,145,26372922,14929,12519350,4255031,15000,12800
FR Club 242,3,6c6a4a3a-2c71-4337-a016-4b35b51ddf1f,ConservativeBot_242,FR,Europe/Paris,ConservativeBot,3,10,6,13,5,12,51,2,460,6100,7500,4,8,4,5,157,14048353,11779,9806600,3733039,15000,13120
IT Club 253,3,25a12e17-2ad9-49a3-89f4-ce70388c9308,NewManagerBot_253,IT,Europe/Berlin,NewManagerBot,3,10,14,13,10,7,46,1,330,4250,5200,7,9,4,2,165,6491656,12780,6882000,4393238,15000,11400
NL Club 255,3,a1d96199-fa32-4c94-bdbf-0e82807a9537,AggressiveTraderBot_255,NL,Europe/Rome,AggressiveTraderBot,3,10,1,11,8,11,44,4,720,9500,11800,2,7,5,5,176,21238999,1346,15345480,8008697,21900,22300
NL Club 45,3,163c7072-c34e-4c0d-9f40-7b8e9a45647a,AggressiveTraderBot_45,NL,Europe/Rome,AggressiveTraderBot,3,10,9,0,28,2,2,3,590,7850,9600,4,5,5,5,138,24126463,-441,12612150,5695928,22700,24500
PL Club 246,3,affcb4a4-28bf-4225-a21d-f90c61023425,SocialBot_246,PL,Europe/Warsaw,SocialBot,3,10,5,5,13,12,27,1,330,4350,5300,6,7,5,3,138,3859553,12817,6993000,5202200,15000,11400
PL Club 256,3,c57fac4b-054c-4040-83bd-e60dc13a7259,YouthFocusedBot_256,PL,Europe/Madrid,YouthFocusedBot,3,10,12,15,6,9,54,3,600,7750,9600,4,6,1,1,174,24863359,216,12576910,5138839,21400,22600
PL Club 46,3,a7bbebd6-3fec-4035-b689-71f25c252a5c,YouthFocusedBot_46,PL,Europe/Madrid,YouthFocusedBot,3,10,13,10,13,7,37,1,330,4250,5300,5,9,1,3,174,11197496,1545,6884700,2460434,21100,20000
PL Club 96,3,ef7a53d4-cc9a-4c20-ac9d-f7c70917fd7f,SocialBot_96,PL,Europe/Warsaw,SocialBot,3,10,11,6,15,9,27,4,720,9500,11800,6,7,6,2,168,39862300,14744,15347730,5260003,15000,13880
PT Club 250,3,42534d20-9ead-4371-bf33-56b4f04cfad2,YouthFocusedBot_250,PT,Europe/Madrid,YouthFocusedBot,3,10,16,11,10,9,42,2,460,6200,7400,3,6,2,2,140,17189655,1390,9823380,5530341,21800,21100
AT Club 257,3,6b085cc3-b11f-464b-8f13-bb696a53eb49,LadderGrinderBot_257,AT,Europe/Amsterdam,LadderGrinderBot,3,11,9,7,12,11,32,1,330,4250,5200,5,8,5,2,155,12402961,13059,6897600,3332508,15000,13500
BE Club 269,3,55860fdb-1cea-414a-acec-147c63a1cd21,LadderGrinderBot_269,BE,Europe/Amsterdam,LadderGrinderBot,3,11,6,9,9,12,39,4,720,9500,11900,6,6,4,5,139,30871948,14749,15382380,4608558,15000,12200
CH Club 258,3,06f91eed-dd89-49a1-ba61-5e422468d5e4,SocialBot_258,CH,Europe/Warsaw,SocialBot,3,11,2,9,12,9,36,2,470,6000,7400,7,9,3,3,178,12077513,8552,9760240,3523366,15000,14060
CH Club 268,3,ce7561eb-6676-4d15-b9b3-21621d426a69,YouthFocusedBot_268,CH,Europe/Madrid,YouthFocusedBot,3,11,1,12,9,9,45,1,330,4250,5300,4,11,4,2,160,5340207,1055,6896730,3198892,21700,22000
DE Club 261,3,9921044b-e3ce-49d1-9949-bd444b53bf9a,AggressiveTraderBot_261,DE,Europe/Rome,AggressiveTraderBot,3,11,13,12,13,5,41,1,330,4250,5200,3,4,2,2,160,-452425,707,6895800,6987991,19000,20200
DE Club 271,3,7582aca5-6e27-44c7-922c-304c8637037f,NewManagerBot_271,DE,Europe/Berlin,NewManagerBot,3,11,8,29,0,1,88,4,720,9600,11800,4,7,2,5,170,29251105,10791,15382350,6149567,15000,13720
DE Club 91,3,f236e20e-c5da-4b23-b5ef-cb3cab31feae,NewManagerBot_91,DE,Europe/Berlin,NewManagerBot,3,11,12,7,12,11,32,2,470,6100,7400,6,7,3,3,157,22300891,10847,9846010,5461741,15000,14880
ES Club 264,3,45fa72ac-91e2-4882-8137-ff626d22ae1a,SocialBot_264,ES,Europe/Warsaw,SocialBot,3,11,5,9,9,12,39,4,720,9500,11900,3,9,3,6,158,28115989,11476,15347780,4246092,15000,12340
FR Club 262,3,1b091843-a469-4eb4-ba1c-3936c30e8dee,YouthFocusedBot_262,FR,Europe/Madrid,YouthFocusedBot,3,11,10,12,7,11,47,2,460,6000,7400,4,9,2,1,167,13108849,417,9665400,4522459,21500,21400
FR Club 272,3,a60e7403-d1a2-451f-9b36-6c8c85e1d78c,ConservativeBot_272,FR,Europe/Paris,ConservativeBot,3,11,15,13,9,8,47,3,590,7750,9700,4,6,2,5,150,21665879,12248,12546080,4769994,15000,11400
IT Club 263,3,0a0fc346-85f5-487a-9910-c53e81742153,LadderGrinderBot_263,IT,Europe/Amsterdam,LadderGrinderBot,3,11,4,8,10,12,36,4,720,9500,11800,3,7,6,1,144,36011206,12024,15335730,3091855,15000,11800
IT Club 33,3,71dde067-d909-45a0-9bb0-df18d90431ec,AggressiveTraderBot_33,IT,Europe/Rome,AggressiveTraderBot,3,11,7,0,29,1,1,3,600,7750,9600,4,6,2,3,136,20849569,803,12586360,5729578,22100,22700
NL Club 265,3,3924ec2a-a12c-4fcb-a0c5-2e89a8e63f59,NewManagerBot_265,NL,Europe/Berlin,NewManagerBot,3,11,14,13,12,5,44,2,460,6000,7500,4,6,5,4,175,14033095,12146,9762930,5305607,15000,15800
NL Club 35,3,574d2ace-d632-4ab4-8fa2-97312a573816,LadderGrinderBot_35,NL,Europe/Amsterdam,LadderGrinderBot,3,11,16,9,13,8,35,2,460,6200,7400,5,7,2,2,148,21063832,11431,9816300,6072364,15000,12200
PL Club 266,3,61c9eee0-c373-4c47-b71c-69ad37f787a5,ConservativeBot_266,PL,Europe/Paris,ConservativeBot,3,11,11,12,7,11,47,3,600,7750,9700,5,5,4,1,168,25440528,14223,12632900,3313603,15000,10600
PT Club 260,3,a368befa-b280-4161-b1e0-64a658fdff05,ConservativeBot_260,PT,Europe/Paris,ConservativeBot,3,11,3,10,8,12,42,1,330,4250,5200,5,7,3,4,145,301325,10764,6890130,8014144,15000,13900
AT Club 277,3,1e1139dc-0372-444a-beff-d52fc52a6be8,NewManagerBot_277,AT,Europe/Berlin,NewManagerBot,3,12,15,7,12,11,32,2,470,6000,7400,4,9,3,4,152,16711113,12464,9774930,4938271,15000,10600
AT Club 287,3,8e873716-b7e4-4e0e-b308-9baa29921b98,LadderGrinderBot_287,AT,Europe/Amsterdam,LadderGrinderBot,3,12,2,8,9,13,37,4,720,9500,12000,8,9,5,2,147,30036847,6145,15383630,5801070,15000,13440
BE Club 89,3,ea4a2c63-09b1-4080-9bad-21b8a4498cb5,LadderGrinderBot_89,BE,Europe/Amsterdam,LadderGrinderBot,3,12,11,8,9,13,37,2,460,6100,7400,8,10,2,2,162,19956228,10288,9723300,5823930,15000,12640
CH Club 288,3,27cf0581-ccc5-4343-b33a-311ef5a6e1da,SocialBot_288,CH,Europe/Warsaw,SocialBot,3,12,7,8,11,11,35,4,720,9500,11800,6,6,1,5,152,33317626,13941,15328500,5208384,15000,13400
CH Club 88,3,c529d1a9-ede4-46cc-b0e1-12e2dd244af0,YouthFocusedBot_88,CH,Europe/Madrid,YouthFocusedBot,3,12,6,8,10,12,36,3,590,7750,9700,4,6,3,2,164,27302565,1076,12548600,5397332,21700,21300
DE Club 151,3,92e8c246-dee3-4b60-9297-90ca4f6edddc,NewManagerBot_151,DE,Europe/Berlin,NewManagerBot,3,12,16,12,7,11,47,2,460,6100,7400,5,4,3,4,141,21306775,15736,9785130,4645798,15000,11200
DE Club 281,3,dc82693e-26a2-4196-b1d4-bfe6821d0c06,LadderGrinderBot_281,DE,Europe/Amsterdam,LadderGrinderBot,3,12,9,6,10,14,32,1,330,4350,5200,3,7,3,2,158,8099385,12481,6951900,4204356,15000,13340
ES Club 274,3,928ab7a5-90d7-47ad-8976-65733a4b7cae,YouthFocusedBot_274,ES,Europe/Madrid,YouthFocusedBot,3,12,12,9,8,13,40,2,460,6000,7500,5,7,3,3,178,13902618,1583,9734000,5707177,21800,21500
ES Club 284,3,728a473c-8d8b-4456-8e22-20b98852cebc,ConservativeBot_284,ES,Europe/Paris,ConservativeBot,3,12,13,10,8,12,42,3,600,7850,9600,5,6,5,4,153,24299485,12798,12685980,4948477,15000,14500
FR Club 282,3,848feaba-5012-4469-9e8f-76e852a5eede,SocialBot_282,FR,Europe/Warsaw,SocialBot,3,12,5,10,8,12,42,3,590,7750,9600,4,6,4,2,144,24986363,13700,12527430,4372492,15000,12320
IT Club 273,3,7428545b-f9c6-4632-ac7d-32a60a5df8b9,AggressiveTraderBot_273,IT,Europe/Rome,AggressiveTraderBot,3,12,1,9,8,13,40,1,330,4250,5300,2,7,1,1,171,54994,1243,6897200,7526620,22200,21900
NL Club 275,3,3bacc5a6-d8c8-4aaf-b8b3-f49f9121f84d,LadderGrinderBot_275,NL,Europe/Amsterdam,LadderGrinderBot,3,12,14,8,10,12,36,4,720,9500,11900,5,5,4,3,151,29027386,10598,15372530,5616378,15000,11800
NL Club 285,3,cb7fcbd3-91ed-4c98-99aa-01083d216fb5,AggressiveTraderBot_285,NL,Europe/Rome,AggressiveTraderBot,3,12,8,11,8,11,44,1,330,4250,5200,2,7,4,4,160,-3827532,1842,6898500,6700107,16900,16400
PL Club 286,3,d1715c76-f74c-48ca-92e4-70cbebd64c71,YouthFocusedBot_286,PL,Europe/Madrid,YouthFocusedBot,3,12,4,21,0,9,72,1,330,4250,5200,4,7,3,4,163,2472924,-85,6890130,5989249,21800,23200
PT Club 280,3,f22c5491-8230-489f-b733-198b210c1a9d,YouthFocusedBot_280,PT,Europe/Madrid,YouthFocusedBot,3,12,10,10,6,14,44,3,600,7750,9700,2,7,2,3,144,22797042,1559,12610700,4656938,21800,20500
PT Club 40,3,90bbdc53-2250-451e-b664-bde75ab9f11a,YouthFocusedBot_40,PT,Europe/Madrid,YouthFocusedBot,3,12,3,0,21,9,9,4,720,9700,11800,4,7,4,4,136,34596096,513,15464280,5217410,21900,21300
AT Club 297,3,27238e0c-a795-4c29-860e-713a1481a2cc,AggressiveTraderBot_297,AT,Europe/Rome,AggressiveTraderBot,3,13,1,20,4,6,66,4,720,9500,11900,6,9,5,3,165,25091941,-87,15358250,6998811,22400,22600
BE Club 289,3,6e36a7dc-3db0-40ea-a152-db1fe7ff6f48,NewManagerBot_289,BE,Europe/Berlin,NewManagerBot,3,13,8,7,14,9,30,1,330,4350,5300,3,7,1,3,156,3318795,8849,6961550,7790631,15000,15540
BE Club 49,3,835ead42-51b0-46e8-aa8c-69f7496fc677,NewManagerBot_49,BE,Europe/Berlin,NewManagerBot,3,13,4,7,14,9,30,4,730,9500,11800,6,7,3,2,155,39738432,10500,15394060,4396848,15000,13680
CH Club 298,3,ef0bc666-b165-4223-8ca3-798191c85be5,YouthFocusedBot_298,CH,Europe/Madrid,YouthFocusedBot,3,13,16,9,13,8,35,1,340,4250,5300,5,7,2,4,143,9402073,1046,6999500,5030201,22100,22000
DE Club 291,3,959db82e-e756-47cc-a245-20d5ff168816,AggressiveTraderBot_291,DE,Europe/Rome,AggressiveTraderBot,3,13,15,13,9,8,47,2,460,6200,7400,5,10,3,4,136,10547429,965,9802980,5641972,21900,21000
DE Club 301,3,57ffa470-a460-4b40-8ec0-0beedabcfd0a,NewManagerBot_301,DE,Europe/Berlin,NewManagerBot,3,13,13,10,8,12,42,3,590,7850,9600,6,7,4,6,161,19518978,9999,12598950,7194110,15000,14680
DE Club 81,3,0f19654f-f97f-4671-99ff-ea4cd47d453f,AggressiveTraderBot_81,DE,Europe/Rome,AggressiveTraderBot,3,13,14,8,10,12,36,2,460,6000,7600,5,10,2,2,140,12578576,1366,9728900,6217389,22400,22100
ES Club 294,3,d41e367b-19cb-4e49-9848-d885343ebfd0,SocialBot_294,ES,Europe/Warsaw,SocialBot,3,13,2,4,20,6,18,2,460,6000,7500,3,9,5,6,137,17619034,9017,9748550,4067360,15000,13740
ES Club 304,3,31ac1d45-013b-48d4-9197-319c77ede20a,YouthFocusedBot_304,ES,Europe/Madrid,YouthFocusedBot,3,13,7,14,7,9,51,2,460,6000,7500,6,8,4,3,140,14974799,1946,9728100,4506549,21800,20500
FR Club 302,3,f3744923-3436-47ee-a7d4-272809b10350,ConservativeBot_302,FR,Europe/Paris,ConservativeBot,3,13,5,10,11,9,39,3,590,7850,9600,4,9,2,2,146,22467925,10974,12549750,4937116,15000,11720
IT Club 293,3,053bbd39-59a8-4217-a558-82000c52ae24,LadderGrinderBot_293,IT,Europe/Amsterdam,LadderGrinderBot,3,13,12,9,13,8,35,1,330,4450,5200,5,7,3,2,142,5189480,9345,7005300,6188590,15000,13700
IT Club 303,3,cccd4b83-a529-490b-aa85-1bb6153bb070,AggressiveTraderBot_303,IT,Europe/Rome,AggressiveTraderBot,3,13,6,11,10,9,42,2,460,6000,7400,2,6,4,3,164,2714000,848,9712680,8703779,22200,23300
NL Club 295,3,5573fdd1-aefc-4bb5-b6d2-da4bbefd1b9c,NewManagerBot_295,NL,Europe/Berlin,NewManagerBot,3,13,10,11,11,8,41,1,330,4250,5200,5,6,5,3,154,8350711,11343,6916830,4579873,15000,11600
PT Club 290,3,00c4536b-bc4f-4588-a88d-2118d5d95b7e,ConservativeBot_290,PT,Europe/Paris,ConservativeBot,3,13,11,13,9,8,47,3,590,7750,9600,5,9,1,3,161,27110464,11494,12477900,4691872,15000,13900
PT Club 50,3,c8deae6a-242d-46ce-800d-5a4390ba8fc3,ConservativeBot_50,PT,Europe/Paris,ConservativeBot,3,13,9,11,11,8,41,1,330,4350,5200,4,5,4,3,139,11752234,6316,6976980,5326887,15000,15920
PT Club 90,3,abd77e3b-565e-4a11-8f39-54f034800296,SocialBot_90,PT,Europe/Warsaw,SocialBot,3,13,3,14,7,9,51,4,720,9500,11900,7,8,5,2,153,34201673,6850,15362130,5604976,15000,14860
AT Club 307,3,ba673f0e-c45f-4c1b-abfd-a12efc683d73,NewManagerBot_307,AT,Europe/Berlin,NewManagerBot,3,14,8,7,16,7,28,1,330,4350,5200,7,9,5,4,161,3358404,4155,6960000,7185654,15000,16860
BE Club 309,3,188259ae-f01d-418c-b8b3-8d260c056a73,AggressiveTraderBot_309,BE,Europe/Rome,AggressiveTraderBot,3,14,3,10,6,14,44,2,460,6000,7500,2,9,2,5,165,3132657,434,9720480,7815572,22000,22000
BE Club 319,3,8014bbad-f8ee-46dd-a81d-231670231cb7,NewManagerBot_319,BE,Europe/Berlin,NewManagerBot,3,14,15,20,3,7,67,3,590,7750,9600,4,9,2,4,177,24361740,12750,12498000,5393072,15000,13120
CH Club 308,3,d55da4fb-efd6-4874-84c4-2c95a6452cd1,ConservativeBot_308,CH,Europe/Paris,ConservativeBot,3,14,4,6,10,14,32,2,460,6000,7500,5,9,4,3,170,13113450,9697,9719450,6357801,15000,14700
CH Club 318,3,49b1df9c-a60a-4aca-84fa-498d9f4cf4af,SocialBot_318,CH,Europe/Warsaw,SocialBot,3,14,10,9,9,12,39,4,720,9600,11900,8,10,4,5,150,31377171,6410,15413550,5208917,15000,16040
CH Club 58,3,8ec3792b-7f3a-4055-ba8b-3e90217e5a4e,YouthFocusedBot_58,CH,Europe/Madrid,YouthFocusedBot,3,14,11,0,29,1,1,3,590,7750,9800,5,7,5,6,138,27488399,1909,12597380,4807829,21700,19900
DE Club 311,3,1482ea13-d43f-4c4a-b270-24864d6c2dd9,LadderGrinderBot_311,DE,Europe/Amsterdam,LadderGrinderBot,3,14,2,15,7,8,53,1,330,4250,5400,4,10,5,4,165,5097416,9206,6950180,4825507,15000,13720
ES Club 314,3,3de018d4-d0e5-48d6-8039-685d6fb455d9,ConservativeBot_314,ES,Europe/Paris,ConservativeBot,3,14,13,5,9,16,31,1,340,4250,5300,2,8,5,4,145,7077131,11580,7014340,3397627,15000,12200
ES Club 64,3,20ac27c2-f80e-4cfd-8f92-415bb8148245,YouthFocusedBot_64,ES,Europe/Madrid,YouthFocusedBot,3,14,9,9,9,12,39,1,340,4250,5300,6,7,5,2,169,11548478,1077,7012840,4954103,21800,21900
FR Club 312,3,890628ae-5d85-4efa-8100-7fec7763dce5,SocialBot_312,FR,Europe/Warsaw,SocialBot,3,14,12,29,0,1,88,4,720,9600,11800,5,5,4,2,179,34666141,13091,15400200,5373731,15000,12000
IT Club 313,3,9fdda90e-0d4e-4c12-9dc8-1007000548a8,NewManagerBot_313,IT,Europe/Berlin,NewManagerBot,3,14,7,16,7,7,55,2,460,6000,7500,4,9,2,3,156,14700081,14245,9704400,2774983,15000,11000
NL Club 305,3,e1edb26b-96f4-43ca-93ea-383795273365,LadderGrinderBot_305,NL,Europe/Amsterdam,LadderGrinderBot,3,14,1,7,15,8,29,4,720,9500,12000,4,8,2,1,166,33796995,10819,15362330,5747653,15000,13720
PL Club 306,3,766cf4e6-f46e-45ee-8f13-d46eb14dee2b,SocialBot_306,PL,Europe/Warsaw,SocialBot,3,14,6,10,11,9,39,2,460,6000,7600,7,8,3,4,158,13835824,9958,9760730,4887268,15000,13460
PL Club 316,3,d93663fb-8e4e-48b8-8793-3b45d3651426,YouthFocusedBot_316,PL,Europe/Madrid,YouthFocusedBot,3,14,14,9,5,16,43,2,460,6100,7400,4,10,5,3,161,14062352,1085,9753930,3685567,21800,22100
PT Club 310,3,fe5a44a9-ce25-4b0c-805f-aa58fad6f508,YouthFocusedBot_310,PT,Europe/Madrid,YouthFocusedBot,3,14,16,3,20,7,16,2,470,6000,7400,6,9,3,5,149,16773396,1834,9769360,4199411,21700,20800
PT Club 320,3,96be8948-bc1b-4b84-af9b-0a7693f9a9bb,ConservativeBot_320,PT,Europe/Paris,ConservativeBot,3,14,5,11,10,9,42,4,720,9600,11800,5,6,5,3,159,33990700,5651,15412650,3605663,15000,15500
AT Club 327,3,982a589d-1b4b-4486-8b7d-10deb9199ab9,AggressiveTraderBot_327,AT,Europe/Rome,AggressiveTraderBot,3,15,4,9,12,9,36,2,460,6200,7400,3,7,4,2,151,10238684,340,9832230,5836597,22000,22300
BE Club 329,3,b0281a40-9c7b-43fb-9468-47b2cbbe9773,LadderGrinderBot_329,BE,Europe/Amsterdam,LadderGrinderBot,3,15,7,16,10,4,52,4,720,9500,12000,5,6,4,3,138,29930442,10706,15402800,5098855,15000,14500
CH Club 328,3,7c70796f-d4fc-4576-9f04-f5e378470172,YouthFocusedBot_328,CH,Europe/Madrid,YouthFocusedBot,3,15,11,6,13,11,29,2,460,6000,7500,3,6,4,4,158,17303105,1089,9746600,4475826,21600,20600
DE Club 321,3,b9afa409-2beb-4217-87d9-5470bda1fc4b,AggressiveTraderBot_321,DE,Europe/Rome,AggressiveTraderBot,3,15,8,10,16,4,34,3,600,7750,9600,2,6,6,4,148,19654947,891,12625680,5287179,22400,21800
DE Club 331,3,66b56dde-eb08-42ee-9dd7-48345ac0da11,NewManagerBot_331,DE,Europe/Berlin,NewManagerBot,3,15,13,8,11,11,35,4,730,9500,11800,7,7,1,3,150,29891366,10827,15385200,6710310,15000,12400
ES Club 324,3,058d9ba1-b321-4d19-825b-24e8496fc354,SocialBot_324,ES,Europe/Warsaw,SocialBot,3,15,6,9,8,13,40,2,460,6100,7400,6,10,1,5,159,12645131,13113,9728550,5249020,15000,13280
ES Club 334,3,850b5fa2-b621-4929-8c0a-b770d358e4b4,YouthFocusedBot_334,ES,Europe/Madrid,YouthFocusedBot,3,15,14,11,8,11,44,4,720,9500,11800,6,7,3,5,163,30456711,763,15329280,5412565,22200,22500
ES Club 54,3,6c8267d4-9ca5-4085-ba61-1012fc29b3bb,SocialBot_54,ES,Europe/Warsaw,SocialBot,3,15,1,13,8,9,48,2,460,6000,7500,8,9,6,1,146,16134731,4851,9734030,5004104,15000,13040
FR Club 322,3,008bec1c-9f84-4672-972d-467b38a59f97,YouthFocusedBot_322,FR,Europe/Madrid,YouthFocusedBot,3,15,5,8,9,13,37,3,590,7850,9700,6,9,5,5,154,25276232,1320,12609780,3748387,21900,20600
FR Club 332,3,4fbfa595-58dd-49e7-b4f4-c12f94dd7399,ConservativeBot_332,FR,Europe/Paris,ConservativeBot,3,15,15,12,11,7,43,1,330,4250,5300,5,7,3,4,138,5521161,15853,6919130,5120432,15000,11200
IT Club 213,3,75ce292d-1775-4ff0-bf8d-ee575b3e6f0c,AggressiveTraderBot_213,IT,Europe/Rome,AggressiveTraderBot,3,15,10,18,3,9,63,2,460,6000,7500,5,10,5,1,173,11164396,886,9718430,6397301,22000,22400
IT Club 323,3,c8ef78ca-9653-420e-9514-703d0848a682,LadderGrinderBot_323,IT,Europe/Amsterdam,LadderGrinderBot,3,15,9,3,18,9,18,3,590,7750,9700,6,10,3,3,145,21317727,11701,12515330,5930597,15000,13080
IT Club 333,3,ac195968-75a3-47b8-b7c4-5c8db15b7443,AggressiveTraderBot_333,IT,Europe/Rome,AggressiveTraderBot,3,15,2,8,13,9,33,2,470,6100,7400,2,6,4,4,149,6557626,1605,9866430,9736985,22000,20600
IT Club 93,3,06cdf872-b9ab-4e31-bc56-7fe198747b80,AggressiveTraderBot_93,IT,Europe/Rome,AggressiveTraderBot,3,15,3,12,9,9,45,2,460,6000,7500,4,9,4,3,158,8750585,110,9719330,8873390,22700,23700
PL Club 336,3,547fa7e4-f89e-4f59-a3a9-b370438df4e3,SocialBot_336,PL,Europe/Warsaw,SocialBot,3,15,12,13,6,11,50,2,470,6100,7400,6,6,5,5,137,14652052,13865,9871530,3544561,15000,11200
PL Club 6,3,ccb109de-ae0a-4c61-8908-682679edb582,SocialBot_6,PL,Europe/Warsaw,SocialBot,3,15,16,11,12,7,40,3,600,7750,9600,5,6,2,3,136,35622378,11737,12586360,2951674,15000,13900
BE Club 149,4,5c2c6a66-57ac-498b-bc72-22c94ceb72c0,LadderGrinderBot_149,BE,Europe/Amsterdam,LadderGrinderBot,1,1,7,8,13,9,33,2,460,6000,7500,7,9,3,2,206,29090398,10977,15934950,4170130,15000,15260
BE Club 39,4,bc3e1ffa-a7c5-4453-a010-a40c2e5624a4,AggressiveTraderBot_39,BE,Europe/Rome,AggressiveTraderBot,1,1,15,7,14,9,30,4,730,9500,11900,2,7,5,1,209,63725707,-185,25295270,11388936,22300,23500
CH Club 218,4,63ef6e6c-901c-46d8-8fe3-694ec8c18275,ConservativeBot_218,CH,Europe/Paris,ConservativeBot,1,1,6,7,17,6,27,4,720,9700,11900,6,8,3,5,199,57268943,13768,25364000,4024867,15000,13280
CH Club 78,4,60be413e-022e-4268-8258-e2194f43454e,SocialBot_78,CH,Europe/Warsaw,SocialBot,1,1,12,15,7,8,53,4,730,9500,11900,5,9,2,5,203,75906278,13705,25276630,3750154,15000,13900
DE Club 1,4,c4352b81-1f7e-499c-89c0-9cba713e88d6,NewManagerBot_1,DE,Europe/Berlin,NewManagerBot,1,1,8,13,8,9,48,1,330,4250,5400,7,8,4,5,206,28149768,8686,11405950,4943117,15000,15060
DE Club 31,4,6ad35c8c-cfdc-47d9-81ec-da8f25a09138,NewManagerBot_31,DE,Europe/Berlin,NewManagerBot,1,1,13,10,11,9,39,4,720,9600,11800,6,6,5,5,195,69456025,15424,25249280,5030880,15000,11200
DE Club 61,4,ab2e3ad3-cf83-422e-8ff6-9df1784e3d15,NewManagerBot_61,DE,Europe/Berlin,NewManagerBot,1,1,14,11,10,9,42,4,730,9500,11900,5,7,4,4,205,72399921,11093,25300790,4432258,15000,15300
ES Club 134,4,5c8a1607-1688-40dc-922b-9eb09c33893d,ConservativeBot_134,ES,Europe/Paris,ConservativeBot,1,1,2,10,14,6,36,2,460,6000,7500,4,10,4,4,199,27250376,17410,15942850,3044214,15000,12600
FR Club 292,4,d6644096-93e9-4409-a37d-40fe2821e7ad,YouthFocusedBot_292,FR,Europe/Madrid,YouthFocusedBot,1,1,5,17,7,6,57,1,330,4250,5200,2,7,5,6,201,21175664,1508,11325750,2541899,21900,21500
FR Club 92,4,deb7446a-622e-4d65-be4a-05788e9559f6,ConservativeBot_92,FR,Europe/Paris,ConservativeBot,1,1,10,9,10,11,38,2,460,6000,7700,6,7,5,4,204,41817356,10769,16075180,4406140,15000,11000
IT Club 53,4,d62fac56-1029-4f52-96f0-afda254d62bd,LadderGrinderBot_53,IT,Europe/Amsterdam,LadderGrinderBot,1,1,4,14,7,9,51,4,720,9500,11900,5,8,4,3,198,70849856,12680,25162230,2155494,15000,12700
NL Club 15,4,66ae8f2e-8ac4-4b98-8460-ffeaeb99340d,AggressiveTraderBot_15,NL,Europe/Rome,AggressiveTraderBot,1,1,9,10,9,11,41,1,330,4250,5300,5,8,4,4,185,14290972,417,11350180,9097436,22400,21600
NL Club 5,4,a662f6ad-98fd-4a61-aaea-a0dc2437d9ea,LadderGrinderBot_5,NL,Europe/Amsterdam,LadderGrinderBot,1,1,1,14,10,6,48,2,470,6000,7400,7,7,5,2,206,50243100,14706,16038330,3920949,15000,12000
NL Club 65,4,e1c26246-8404-4632-9dab-aade113a28eb,LadderGrinderBot_65,NL,Europe/Amsterdam,LadderGrinderBot,1,1,16,14,7,9,51,1,340,4250,5200,6,5,2,5,200,23555779,16021,11430620,4467804,15000,12400
PL Club 86,4,e1abc38d-aa6c-4f3c-b826-7fab58373e1f,ConservativeBot_86,PL,Europe/Paris,ConservativeBot,1,1,3,7,14,9,30,1,330,4250,5200,5,5,5,4,203,21170901,16990,11324130,3947631,15000,11000
PT Club 10,4,32c764f6-e8ba-4537-8e82-630aedd6593d,YouthFocusedBot_10,PT,Europe/Madrid,YouthFocusedBot,1,1,11,7,15,8,29,3,590,7950,9600,6,8,1,6,178,57369684,342,20697300,6246167,21600,22700
BE Club 139,4,cbf7970c-2f1d-418a-833e-0535364ed689,NewManagerBot_139,BE,Europe/Berlin,NewManagerBot,2,1,15,7,12,11,32,1,330,4250,5300,7,10,6,3,207,14469509,11244,8898350,5222585,15000,13660
BE Club 209,4,ad27e825-0edb-4922-b7c0-610ff60581e4,LadderGrinderBot_209,BE,Europe/Amsterdam,LadderGrinderBot,2,1,3,8,7,15,39,2,460,6000,7600,4,8,5,4,203,28760147,13011,12563250,4261468,15000,15520
CH Club 98,4,30333bdd-d11e-4e52-986b-c6fbd073b7a1,ConservativeBot_98,CH,Europe/Paris,ConservativeBot,2,1,7,9,13,8,35,2,460,6100,7600,5,7,3,3,184,25841847,11776,12621000,3600970,15000,14900
DE Club 131,4,cfde46e7-93d7-47c5-bd87-009d21bd1d4f,LadderGrinderBot_131,DE,Europe/Amsterdam,LadderGrinderBot,2,1,5,9,14,7,34,2,460,6000,7700,5,6,4,4,207,19900234,14288,12607580,3112173,15000,13700
DE Club 21,4,00f6fdb6-a2a1-40b2-a8dc-bbbfd111ed89,AggressiveTraderBot_21,DE,Europe/Rome,AggressiveTraderBot,2,1,12,12,10,8,44,3,600,7750,9700,3,6,2,2,198,33542574,1208,16213250,9501050,22700,21100
ES Club 104,4,72bd9a26-2e8d-480e-923d-7596f6d7f0f4,ConservativeBot_104,ES,Europe/Paris,ConservativeBot,2,1,10,10,7,13,43,2,460,6100,7400,8,10,4,4,185,25525715,9236,12540450,3711872,15000,14440
ES Club 14,4,8b3acb80-1554-4a27-aa02-46fb3057deae,ConservativeBot_14,ES,Europe/Paris,ConservativeBot,2,1,16,12,7,11,47,3,590,7850,9800,7,10,4,5,208,53050056,10992,16228650,6624885,15000,16260
ES Club 94,4,4aa1ccda-3a1d-4a25-a762-49aff917ed9b,YouthFocusedBot_94,ES,Europe/Madrid,YouthFocusedBot,2,1,6,14,9,7,49,3,590,7750,9800,3,8,3,4,186,48399422,790,16151600,3980769,21500,21400
FR Club 102,4,1057bce7-2dbd-4e33-bbce-6cd6f9e1f38b,SocialBot_102,FR,Europe/Warsaw,SocialBot,2,1,9,7,10,13,34,3,590,7850,9600,4,9,3,3,189,37182048,15896,16151130,3539450,15000,13400
FR Club 122,4,7313cd66-e9c4-4710-a0ac-2423670ab347,ConservativeBot_122,FR,Europe/Paris,ConservativeBot,2,1,2,9,10,11,38,2,460,6100,7500,6,7,4,3,206,24443769,15804,12598730,3614180,15000,11000
FR Club 132,4,205ec8dd-1081-4b46-9932-30787b94390e,SocialBot_132,FR,Europe/Warsaw,SocialBot,2,1,1,10,9,11,41,3,590,7750,9700,4,7,4,6,208,38687671,14240,16144550,4277057,15000,12920
IT Club 123,4,abd03c1f-5074-48bf-a143-bd17d4591bea,AggressiveTraderBot_123,IT,Europe/Rome,AggressiveTraderBot,2,1,4,7,8,15,36,3,600,7750,9700,6,7,5,1,206,31031749,439,16234500,7647944,22500,23200
IT Club 13,4,4b5d9e92-69e7-4e2a-827d-96be5393e740,NewManagerBot_13,IT,Europe/Berlin,NewManagerBot,2,1,8,13,9,8,47,3,600,7750,9700,4,9,6,3,208,45397178,12777,16227800,4843920,15000,14120
IT Club 23,4,36b04951-ec86-4657-8847-b76a079db506,LadderGrinderBot_23,IT,Europe/Amsterdam,LadderGrinderBot,2,1,11,10,12,8,38,2,460,6100,7600,8,9,3,5,187,29345410,11673,12623900,5562432,15000,11200
NL Club 105,4,bee987f7-96fc-4ca3-aa1e-883868a97f56,AggressiveTraderBot_105,NL,Europe/Rome,AggressiveTraderBot,2,1,13,5,13,12,27,1,340,4250,5200,5,8,2,5,186,3451833,448,8944220,5721160,22200,22900
PT Club 30,4,f62dc6ea-9823-4457-8131-87240bfd98eb,SocialBot_30,PT,Europe/Warsaw,SocialBot,2,1,14,13,5,12,51,3,590,8050,9600,6,9,2,3,205,46912444,12546,16302600,2924082,15000,14080
AT Club 37,4,b4a15045-0c9a-452e-995c-64c484d7be8a,NewManagerBot_37,AT,Europe/Berlin,NewManagerBot,2,2,12,3,23,4,13,1,330,4250,5300,6,7,3,3,172,14755612,14226,8897850,3097081,15000,16280
CH Club 148,4,e8de3063-9c5f-45ba-a477-473c7f9d2f1f,YouthFocusedBot_148,CH,Europe/Madrid,YouthFocusedBot,2,2,7,9,12,9,36,1,330,4250,5500,3,6,5,2,177,10952186,1153,8986130,3316268,21800,22300
CH Club 158,4,dba3e857-0f27-467a-be50-c17b79e0ec65,ConservativeBot_158,CH,Europe/Paris,ConservativeBot,2,2,13,11,10,9,42,4,720,9600,12000,4,8,4,4,201,48756770,10557,19861400,3526226,15000,12720
CH Club 28,4,ae2c9e5a-e2f0-40bb-a7b6-ec45eff6959f,YouthFocusedBot_28,CH,Europe/Madrid,YouthFocusedBot,2,2,2,0,26,4,4,2,460,6000,7500,5,6,2,4,165,26550751,1598,12507330,6440535,21800,21300
DE Club 11,4,a3d40f57-d6ad-4b1a-b7de-2b0475cada0d,LadderGrinderBot_11,DE,Europe/Amsterdam,LadderGrinderBot,2,2,14,10,11,9,39,4,730,9500,11900,5,8,4,3,195,65141490,11041,19840950,5597193,15000,15700
DE Club 41,4,3dc92206-3813-4c42-9ab2-03e6bc0cb5f0,LadderGrinderBot_41,DE,Europe/Amsterdam,LadderGrinderBot,2,2,15,7,10,13,34,4,720,9600,11900,6,10,1,2,185,60982594,13604,19775250,5670106,15000,12280
ES Club 164,4,88d98b40-9de2-4940-84c2-25a611ae25a4,ConservativeBot_164,ES,Europe/Paris,ConservativeBot,2,2,10,3,20,7,16,1,330,4450,5300,5,10,4,4,173,10686400,11934,9041030,6467959,15000,12700
ES Club 34,4,0f61cad3-969a-447b-b191-bcce5268cb56,YouthFocusedBot_34,ES,Europe/Madrid,YouthFocusedBot,2,2,6,9,15,6,33,3,590,7750,9900,2,8,4,2,199,47638446,503,16189430,5074796,21400,22600
ES Club 44,4,2de1f101-2294-4ec7-bfa3-c5bdbaca453d,ConservativeBot_44,ES,Europe/Paris,ConservativeBot,2,2,11,23,3,4,73,2,460,6100,7500,8,10,3,5,198,26590610,15354,12569480,5972707,15000,11400
FR Club 172,4,e72f24b6-7ab5-4d0e-aa4d-2ea29b171b82,YouthFocusedBot_172,FR,Europe/Madrid,YouthFocusedBot,2,2,3,13,7,10,49,1,330,4350,5300,5,9,2,4,195,10866198,471,8958680,4766720,22000,21700
FR Club 2,4,d7d3e20a-8306-409e-b6de-ae08adecd752,ConservativeBot_2,FR,Europe/Paris,ConservativeBot,2,2,5,15,9,6,51,1,330,4550,5200,5,11,4,4,188,20930026,11824,9081900,4611023,15000,14700
IT Club 43,4,5e5ccef4-48ac-4d30-9573-c00f09609456,NewManagerBot_43,IT,Europe/Berlin,NewManagerBot,2,2,4,7,13,10,31,2,460,6000,7600,4,9,5,6,195,33913417,14351,12557130,5321864,15000,14320
NL Club 135,4,38443355-2c1c-4a4e-814d-b0fee917c753,AggressiveTraderBot_135,NL,Europe/Rome,AggressiveTraderBot,2,2,8,12,9,9,45,2,460,6100,7400,2,8,3,4,169,22045596,1693,12547350,5218003,22400,21300
NL Club 175,4,9e2dbcff-f250-428a-a497-2579eaad4bbb,NewManagerBot_175,NL,Europe/Berlin,NewManagerBot,2,2,9,20,3,7,67,1,330,4350,5300,6,7,3,2,200,13042864,12252,8964150,2485462,15000,15080
PL Club 186,4,80f87715-d81f-4704-9b92-0f262de5aa52,SocialBot_186,PL,Europe/Warsaw,SocialBot,2,2,1,26,0,4,82,2,460,6100,7600,6,9,3,6,198,20144465,8055,12628400,5480486,15000,14080
PT Club 180,4,ae58b792-f6ce-4937-9ec1-7798eba68e69,SocialBot_180,PT,Europe/Warsaw,SocialBot,2,2,16,10,7,13,43,2,460,6000,7400,6,8,4,7,206,29949533,11193,12482880,3605388,15000,14680
AT Club 57,4,cdcabf4f-833f-48bf-845c-863511efb2a4,AggressiveTraderBot_57,AT,Europe/Rome,AggressiveTraderBot,2,3,10,10,9,11,41,3,590,7850,9800,3,9,4,6,190,38679190,244,16249550,5911701,22500,21900
BE Club 19,4,ae8c2222-89be-4d68-896d-d63a3ce6914a,NewManagerBot_19,BE,Europe/Berlin,NewManagerBot,2,3,9,9,10,11,38,1,330,4250,5200,6,5,5,5,185,20716026,17230,8891700,3860186,15000,13400
BE Club 219,4,11b113fe-aa84-4d84-868d-b16a13592b66,AggressiveTraderBot_219,BE,Europe/Rome,AggressiveTraderBot,2,3,4,12,10,8,44,2,460,6100,7600,4,7,4,6,185,16657396,1042,12651080,6809516,22800,21900
CH Club 228,4,9614f347-1916-45e7-95c9-43bf04e23284,SocialBot_228,CH,Europe/Warsaw,SocialBot,2,3,5,15,5,10,55,4,720,9600,11800,5,5,4,4,185,44649442,12736,19799550,3731050,15000,13000
ES Club 194,4,937a9d70-1cc0-4113-8471-2351989b0165,ConservativeBot_194,ES,Europe/Paris,ConservativeBot,2,3,8,0,24,6,6,4,720,9500,11900,6,8,3,4,169,50584866,9339,19734600,5335964,15000,13680
ES Club 4,4,85120ad2-7fa3-4217-8604-f29bf87884d3,YouthFocusedBot_4,ES,Europe/Madrid,YouthFocusedBot,2,3,13,0,27,3,3,4,720,9500,12000,2,8,4,3,175,60429393,1113,19775480,6125005,22000,22300
IT Club 193,4,e3c5b140-56f3-4708-b136-7f7ab0a3705b,NewManagerBot_193,IT,Europe/Berlin,NewManagerBot,2,3,12,11,12,7,40,2,460,6100,7400,4,6,5,3,196,30628430,13217,12569250,3916227,15000,13720
NL Club 195,4,c060f2b9-e0be-4fab-a4d5-e6864530bd71,AggressiveTraderBot_195,NL,Europe/Rome,AggressiveTraderBot,2,3,14,27,0,3,84,4,730,9600,11800,6,8,5,1,206,43416389,279,19879230,9314457,22500,23300
NL Club 215,4,d13bb404-ed3e-4983-804a-ee7f9552736e,LadderGrinderBot_215,NL,Europe/Amsterdam,LadderGrinderBot,2,3,3,10,12,8,38,1,330,4350,5200,5,9,4,4,190,4807916,10279,8937600,6351968,15000,12200
PL Club 16,4,b5bc0bf1-1de2-4d3d-b4b7-a4f62f93a9d6,YouthFocusedBot_16,PL,Europe/Madrid,YouthFocusedBot,2,3,16,7,7,16,37,3,590,7750,9600,4,8,4,2,208,57830244,1041,16074000,4094274,21400,20000
PL Club 236,4,25215cf6-7a90-459c-8736-014dae6827e1,ConservativeBot_236,PL,Europe/Paris,ConservativeBot,2,3,1,13,6,11,50,3,590,7850,9700,6,7,4,5,190,41551685,13657,16222230,4032965,15000,12800
PL Club 36,4,bb4788ca-e910-463c-b118-fbeac8715be0,SocialBot_36,PL,Europe/Warsaw,SocialBot,2,3,15,7,7,16,37,2,460,6200,7400,4,10,3,3,197,29075567,17538,12611280,5031186,15000,12920
PL Club 56,4,bf2c47e6-76b3-42cd-b86e-a8e479e60804,ConservativeBot_56,PL,Europe/Paris,ConservativeBot,2,3,11,12,11,7,43,3,590,7750,9800,5,6,2,4,174,46066913,13770,16167150,4589143,15000,11200
PT Club 190,4,d557eb61-328b-455a-ac12-bdf7160c3c0a,YouthFocusedBot_190,PT,Europe/Madrid,YouthFocusedBot,2,3,6,5,15,10,25,1,330,4250,5300,2,5,3,4,170,16794355,311,8908700,5577855,21900,22200
PT Club 230,4,2ec21bac-1f72-4504-8d74-e38dde7a5e88,ConservativeBot_230,PT,Europe/Paris,ConservativeBot,2,3,7,24,0,6,78,3,590,7850,9700,4,7,2,2,200,38802412,10846,16182600,3730353,15000,13120
PT Club 270,4,ef46c6d8-0ec4-44c5-b459-3d0a9e9c0eef,SocialBot_270,PT,Europe/Warsaw,SocialBot,2,3,2,6,13,11,29,1,330,4350,5300,7,7,4,3,200,13240765,13803,8976750,4190720,15000,11600
AT Club 67,4,611ce365-1847-4d8e-8c43-9d9c8dd1fb74,NewManagerBot_67,AT,Europe/Berlin,NewManagerBot,2,4,11,13,11,6,45,2,460,6000,7500,8,8,6,5,187,32631587,12348,12527930,2789611,15000,10800
AT Club 77,4,a09cbe08-d33b-492c-8eac-8a985fe5293b,LadderGrinderBot_77,AT,Europe/Amsterdam,LadderGrinderBot,2,4,10,13,7,10,49,3,590,7750,9800,5,8,2,5,189,45140529,14377,16156650,6418061,15000,12200
CH Club 278,4,82195ca3-330f-4efe-a58b-2604bbc022d3,ConservativeBot_278,CH,Europe/Paris,ConservativeBot,2,4,12,11,13,6,39,2,460,6100,7500,6,6,4,2,194,27572981,16892,12603300,3599704,15000,12600
CH Club 8,4,b027d720-ee06-4f8c-924d-112b01c3dc75,ConservativeBot_8,CH,Europe/Paris,ConservativeBot,2,4,9,7,13,10,31,2,460,6000,7400,7,7,6,4,171,33278538,13232,12493080,5982815,15000,11000
DE Club 151,4,92e8c246-dee3-4b60-9297-90ca4f6edddc,NewManagerBot_151,DE,Europe/Berlin,NewManagerBot,2,4,7,8,11,11,35,2,460,6100,7500,5,5,3,4,171,29776955,17136,12610400,4140220,15000,13600
DE Club 251,4,03dbbe39-1400-4442-9cca-64f451eeb9ea,LadderGrinderBot_251,DE,Europe/Amsterdam,LadderGrinderBot,2,4,2,9,10,11,38,2,460,6000,7500,3,7,4,6,203,17903208,14932,12525150,5382378,15000,14140
DE Club 271,4,7582aca5-6e27-44c7-922c-304c8637037f,NewManagerBot_271,DE,Europe/Berlin,NewManagerBot,2,4,1,10,9,11,41,4,720,9600,11900,5,7,3,5,200,44302326,12491,19818530,4767309,15000,13300
FR Club 12,4,c637d677-633e-4315-a0a6-f26a3751e2f8,SocialBot_12,FR,Europe/Warsaw,SocialBot,2,4,13,9,11,10,37,1,330,4250,5300,8,10,4,6,180,16763071,13005,8896680,6671267,15000,11400
FR Club 272,4,a60e7403-d1a2-451f-9b36-6c8c85e1d78c,ConservativeBot_272,FR,Europe/Paris,ConservativeBot,2,4,6,12,5,13,49,3,590,7850,9700,4,7,2,6,180,30751489,12128,16207950,7122340,15000,15120
FR Club 72,4,6eb1e349-53a1-43a2-82a9-8bcd0ced166c,SocialBot_72,FR,Europe/Warsaw,SocialBot,2,4,8,11,8,11,44,3,600,7750,9600,5,7,4,3,191,43890867,18884,16192820,5420543,15000,12200
IT Club 243,4,57eeb85d-9fd3-4c86-bc74-881bb0616ec0,AggressiveTraderBot_243,IT,Europe/Rome,AggressiveTraderBot,2,4,14,11,9,10,43,2,460,6100,7400,6,7,6,3,182,14859945,489,12569730,6644091,22400,22300
IT Club 283,4,6310b124-ddd3-4abe-be26-62a8ec6c5d55,NewManagerBot_283,IT,Europe/Berlin,NewManagerBot,2,4,4,12,7,11,47,2,460,6100,7600,4,10,2,3,206,23922341,9583,12590400,5506975,15000,14720
IT Club 3,4,e5fadf32-ef6f-4b8b-9eb5-5dc8ad48463d,AggressiveTraderBot_3,IT,Europe/Rome,AggressiveTraderBot,2,4,16,0,24,6,6,2,470,6000,7400,5,7,3,3,166,34997079,530,12575100,8732054,22000,21700
PL Club 256,4,c57fac4b-054c-4040-83bd-e60dc13a7259,YouthFocusedBot_256,PL,Europe/Madrid,YouthFocusedBot,2,4,5,5,12,13,28,3,600,7850,9600,4,6,2,2,204,36075141,116,16253580,5041798,21600,21700
PL Club 286,4,d1715c76-f74c-48ca-92e4-70cbebd64c71,YouthFocusedBot_286,PL,Europe/Madrid,YouthFocusedBot,2,4,3,7,12,11,32,1,330,4250,5300,4,8,3,4,193,7398678,915,8893700,3967946,21900,20900
PL Club 76,4,ce73b2b1-9524-46ff-87e0-ee5423995657,YouthFocusedBot_76,PL,Europe/Madrid,YouthFocusedBot,2,4,15,24,0,6,78,4,720,9600,11900,3,8,4,6,204,59721881,1973,19832700,4043124,21500,19700
AT Club 297,4,27238e0c-a795-4c29-860e-713a1481a2cc,AggressiveTraderBot_297,AT,Europe/Rome,AggressiveTraderBot,2,5,3,12,8,10,46,4,720,9500,12000,6,9,6,3,195,38495758,913,19776830,6373013,21900,20900
AT Club 7,4,786c663b-ff16-4c41-bb24-56c96612ccef,NewManagerBot_7,AT,Europe/Berlin,NewManagerBot,2,5,16,6,12,12,30,3,590,7750,9700,6,9,4,3,174,57880878,13873,16110000,3165871,15000,13880
AT Club 87,4,e7ee539b-b81c-457f-a4bc-963b97e6fd1c,AggressiveTraderBot_87,AT,Europe/Rome,AggressiveTraderBot,2,5,15,12,6,12,48,2,460,6100,7500,3,8,4,6,178,19911526,261,12598530,8890589,22500,22200
BE Club 299,4,9c2a7844-e1f6-47b5-94ea-a78914f3e64e,LadderGrinderBot_299,BE,Europe/Amsterdam,LadderGrinderBot,2,5,7,10,11,9,39,1,330,4250,5300,5,5,4,5,194,17351735,14805,8922180,3833459,15000,11600
BE Club 319,4,8014bbad-f8ee-46dd-a81d-231670231cb7,NewManagerBot_319,BE,Europe/Berlin,NewManagerBot,2,5,2,6,14,10,28,3,600,7750,9600,5,10,3,4,207,33180361,16950,16166600,7347979,15000,10800
BE Club 329,4,b0281a40-9c7b-43fb-9468-47b2cbbe9773,LadderGrinderBot_329,BE,Europe/Amsterdam,LadderGrinderBot,2,5,6,4,20,6,18,4,730,9500,12000,6,6,5,4,168,44500388,13306,19896350,5326404,15000,12400
BE Club 9,4,5e5b36ee-67dc-47c6-b0e2-65c5eb2315d1,AggressiveTraderBot_9,BE,Europe/Rome,AggressiveTraderBot,2,5,12,0,27,3,3,1,330,4250,5400,5,9,2,4,166,13307272,1188,8917100,5499543,22100,22300
ES Club 84,4,dc1e25b8-c625-4f27-81da-67d2b8ba9507,SocialBot_84,ES,Europe/Warsaw,SocialBot,2,5,10,10,12,8,38,4,720,9500,11800,9,11,3,7,184,56634280,7219,19686450,5431354,15000,14620
FR Club 312,4,890628ae-5d85-4efa-8100-7fec7763dce5,SocialBot_312,FR,Europe/Warsaw,SocialBot,2,5,1,14,6,10,52,4,720,9600,11800,5,5,4,3,209,49844044,16291,19795050,4617147,15000,11800
IT Club 213,4,75ce292d-1775-4ff0-bf8d-ee575b3e6f0c,AggressiveTraderBot_213,IT,Europe/Rome,AggressiveTraderBot,2,5,4,8,12,10,34,2,460,6000,7500,5,11,6,2,203,15215073,1386,12500580,8449903,22200,21700
NL Club 325,4,8bd7d416-ff20-4e6b-90ed-dc4a9565c6f1,NewManagerBot_325,NL,Europe/Berlin,NewManagerBot,2,5,13,9,14,7,34,4,720,9600,12000,5,10,4,5,187,47637117,14650,19842980,6166843,15000,11400
NL Club 335,4,b4f60935-4474-4a59-b671-1d2dd1587f6d,LadderGrinderBot_335,NL,Europe/Amsterdam,LadderGrinderBot,2,5,9,12,10,8,44,2,460,6000,7500,4,10,4,4,176,27779401,17006,12493800,6259866,15000,10200
NL Club 95,4,1aad108e-69ce-4f6f-8f02-db5ddf2e8e52,LadderGrinderBot_95,NL,Europe/Amsterdam,LadderGrinderBot,2,5,14,14,9,7,49,4,720,9500,11900,6,6,3,6,180,51790980,11481,19750950,8399589,15000,11800
PL Club 326,4,2052b1a0-fb68-4752-9fad-a0d695a68628,ConservativeBot_326,PL,Europe/Paris,ConservativeBot,2,5,11,27,0,3,84,4,720,9600,12000,4,7,4,4,201,54161276,15535,19859850,2902683,15000,12000
PT Club 330,4,e683404b-44f6-40a7-a72b-f0ea46397232,SocialBot_330,PT,Europe/Warsaw,SocialBot,2,5,5,20,4,6,66,3,600,7750,9700,4,10,3,2,193,39770432,9619,16200150,5174533,15000,13920
PT Club 90,4,abd77e3b-565e-4a11-8f39-54f034800296,SocialBot_90,PT,Europe/Warsaw,SocialBot,2,5,8,11,10,9,42,4,720,9500,11900,8,8,6,2,183,49574826,10850,19742130,4368977,15000,11000
AT Club 107,4,b8cbcad1-6155-4e67-bb28-3941ecf4f0bc,LadderGrinderBot_107,AT,Europe/Amsterdam,LadderGrinderBot,3,1,6,10,9,11,41,1,330,4450,5200,4,8,2,6,188,10220021,16584,7009800,3473834,15000,11400
AT Club 217,4,e0326af1-b314-4d98-9e91-42e35aaee33d,NewManagerBot_217,AT,Europe/Berlin,NewManagerBot,3,1,13,24,2,4,76,2,460,6000,7600,5,8,5,5,207,23476208,10957,9781550,5190456,15000,14500
AT Club 97,4,618ea146-3ba0-4ae0-b788-e4dafedba22b,NewManagerBot_97,AT,Europe/Berlin,NewManagerBot,3,1,10,11,8,11,44,2,460,6000,7600,5,11,4,3,180,20205494,16170,9742100,4099649,15000,11000
BE Club 109,4,585a27c8-a1a4-461b-8a09-9e95f6342f27,NewManagerBot_109,BE,Europe/Berlin,NewManagerBot,3,1,14,2,24,4,10,2,460,6100,7400,7,7,2,2,178,21161556,12402,9747900,4933319,15000,10600
BE Club 99,4,133ca065-3a25-49f7-9432-74ac3d3c0a4c,AggressiveTraderBot_99,BE,Europe/Rome,AggressiveTraderBot,3,1,16,6,11,13,31,3,590,7950,9700,4,6,5,3,169,24412688,1101,12686430,6839748,22100,21100
CH Club 108,4,2b027f11-de59-420a-b7d0-ef5d314a04fa,SocialBot_108,CH,Europe/Warsaw,SocialBot,3,1,15,11,6,13,46,1,330,4350,5400,5,5,4,4,187,10416870,13755,7035500,6216956,15000,11400
DE Club 111,4,805596ae-c0b3-4c48-bba3-a6d4f8a1aa71,AggressiveTraderBot_111,DE,Europe/Rome,AggressiveTraderBot,3,1,3,0,27,3,3,3,590,8050,9600,4,8,4,6,168,20554198,-174,12717450,6753171,22100,23600
FR Club 112,4,a15b6a0b-37cb-4a21-ae23-4b81fd31f3b6,YouthFocusedBot_112,FR,Europe/Madrid,YouthFocusedBot,3,1,2,10,6,14,44,2,460,6000,7700,3,9,4,1,180,20952094,513,9770600,3556004,21600,22500
FR Club 52,4,64c2c870-4cd1-4757-a3a5-44b6c9811f67,YouthFocusedBot_52,FR,Europe/Madrid,YouthFocusedBot,3,1,12,10,8,12,42,1,330,4450,5300,6,8,5,6,185,11182984,474,7070450,3593717,21600,23200
IT Club 103,4,60f61091-88a8-41c4-8e14-7f15e8d04cfc,NewManagerBot_103,IT,Europe/Berlin,NewManagerBot,3,1,5,9,10,11,38,4,720,9500,12000,4,7,3,4,190,44264332,13775,15385050,4273236,15000,14320
IT Club 63,4,e40c8e5f-6802-45ea-a6ba-f4d271c91904,AggressiveTraderBot_63,IT,Europe/Rome,AggressiveTraderBot,3,1,4,27,0,3,84,3,590,7750,9900,4,8,6,3,207,30226135,1283,12614480,7575968,22200,22200
NL Club 115,4,93ce46a1-63e0-4b09-9eda-9aac2e3dc1e6,NewManagerBot_115,NL,Europe/Berlin,NewManagerBot,3,1,7,5,11,14,29,1,330,4350,5300,6,7,3,5,209,8555116,8311,6993980,5174410,15000,15080
PL Club 106,4,4e4c2586-f2ba-40ab-9ac3-3378ba751f49,YouthFocusedBot_106,PL,Europe/Madrid,YouthFocusedBot,3,1,9,8,11,11,35,4,720,9500,11900,3,10,1,3,182,43635173,1517,15318500,4399627,22100,20700
PL Club 136,4,70f861f6-8a3e-42c4-8761-6ac90a75e15b,YouthFocusedBot_136,PL,Europe/Madrid,YouthFocusedBot,3,1,11,8,10,12,36,1,340,4250,5300,2,6,5,2,174,9680767,1844,7012840,3359857,21700,20100
PT Club 100,4,8f2ff8e9-cfad-4c42-acf9-23f4ace61979,YouthFocusedBot_100,PT,Europe/Madrid,YouthFocusedBot,3,1,1,6,10,14,32,3,590,7850,9600,3,8,4,3,182,32253067,1181,12572700,3490292,21500,21500
PT Club 110,4,18c26668-2250-45ff-bd3f-841825eff91c,ConservativeBot_110,PT,Europe/Paris,ConservativeBot,3,1,8,11,5,14,47,1,330,4450,5200,7,8,3,1,194,6328204,13804,7002900,6468642,15000,12200
AT Club 117,4,e6ca718d-1ead-4b7e-a9ac-c0ca863c7f73,AggressiveTraderBot_117,AT,Europe/Rome,AggressiveTraderBot,3,2,2,9,13,8,35,2,460,6000,7500,4,11,4,7,187,8218306,1377,9730950,9602077,21800,20100
AT Club 127,4,d8a4463c-3898-4480-9e43-1ed7f1346e27,NewManagerBot_127,AT,Europe/Berlin,NewManagerBot,3,2,8,3,16,11,20,3,590,7750,9900,4,9,7,7,165,26398678,14344,12633080,8618428,15000,14320
AT Club 17,4,7f52514d-1425-4197-b719-69243e46b753,LadderGrinderBot_17,AT,Europe/Amsterdam,LadderGrinderBot,3,2,4,7,13,10,31,2,460,6000,7700,5,7,3,4,186,24680952,16487,9798080,3938761,15000,11200
BE Club 119,4,01f3fc7b-ecc8-4da8-a134-205f5b0cc3be,LadderGrinderBot_119,BE,Europe/Amsterdam,LadderGrinderBot,3,2,10,4,9,17,29,2,460,6100,7600,8,10,2,4,184,15622956,10863,9793250,6103327,15000,13640
CH Club 118,4,7483179c-ed57-4cee-a179-14c5a6ba9c62,YouthFocusedBot_118,CH,Europe/Madrid,YouthFocusedBot,3,2,5,10,10,10,40,3,590,7950,9600,5,8,5,3,173,33045811,403,12643530,4239855,21800,23200
CH Club 128,4,bc14cf8f-78a7-4317-85fe-85b18d67f9b6,ConservativeBot_128,CH,Europe/Paris,ConservativeBot,3,2,15,15,6,9,54,3,590,7850,9800,5,6,4,5,171,32533575,16089,12661950,3912339,15000,12200
DE Club 121,4,1b250786-6d20-48be-abfc-65bb8adb920a,NewManagerBot_121,DE,Europe/Berlin,NewManagerBot,3,2,1,13,9,8,47,2,460,6100,7600,7,9,5,1,194,18760501,12518,9818930,4041208,15000,12660
DE Club 51,4,348cf306-9bd1-412e-a9f9-2271d6198998,AggressiveTraderBot_51,DE,Europe/Rome,AggressiveTraderBot,3,2,14,9,13,8,35,4,730,9700,11800,3,8,2,2,199,42780174,949,15504460,8184406,22300,21900
ES Club 114,4,f3c2e9c0-a82f-4e00-a062-05a6ec4fb90b,SocialBot_114,ES,Europe/Warsaw,SocialBot,3,2,9,9,4,17,44,1,330,4350,5300,6,7,4,5,197,15590158,10178,7001250,4477623,15000,15080
ES Club 124,4,2ee52a8c-67ce-4898-a8c0-76a6418d21d0,YouthFocusedBot_124,ES,Europe/Madrid,YouthFocusedBot,3,2,7,16,3,11,59,3,590,7850,9600,5,9,6,3,191,28020797,1158,12578880,5511961,21600,22000
IT Club 113,4,bb665cdd-dee0-487f-ace1-d75d7ebff188,LadderGrinderBot_113,IT,Europe/Amsterdam,LadderGrinderBot,3,2,3,13,7,10,49,1,330,4350,5400,5,6,3,3,203,8442162,12556,7015130,4148782,15000,12300
NL Club 125,4,20c0ee5d-34d1-4bc2-9c86-8e8b91513228,LadderGrinderBot_125,NL,Europe/Amsterdam,LadderGrinderBot,3,2,13,13,9,8,47,4,720,9600,11900,4,7,4,6,189,44083930,15160,15432780,2888055,15000,13720
NL Club 25,4,199d0dcf-02ce-4689-b524-4045b4b27001,NewManagerBot_25,NL,Europe/Berlin,NewManagerBot,3,2,16,6,15,9,27,1,340,4250,5200,7,8,5,3,169,13284503,14483,6982380,4871083,15000,13060
PL Club 116,4,47e4d6c7-4684-40ef-b555-2bf2bf45480b,ConservativeBot_116,PL,Europe/Paris,ConservativeBot,3,2,6,10,10,10,40,4,720,9600,11900,6,10,4,1,167,42803856,4331,15395700,4700660,15000,14680
PL Club 126,4,6311e709-b24e-4646-bc1b-16eb6e9a704c,SocialBot_126,PL,Europe/Warsaw,SocialBot,3,2,12,8,12,10,34,3,590,7750,9700,5,8,3,3,183,26272836,11761,12531600,6094970,15000,14500
PT Club 120,4,9e07ec54-6e86-4cb6-98b1-235b6a352569,SocialBot_120,PT,Europe/Warsaw,SocialBot,3,2,11,12,8,10,46,3,590,7750,9600,6,7,6,4,177,29033087,18438,12545130,6365752,15000,11600
AT Club 137,4,a2c2667c-93d8-4cee-835d-eb187ab094d2,LadderGrinderBot_137,AT,Europe/Amsterdam,LadderGrinderBot,3,3,10,0,26,4,4,4,720,9500,11900,6,7,2,4,168,40068516,12602,15354450,4814544,15000,16080
BE Club 129,4,7cdc5c78-c824-4981-ac60-c065a701c67b,AggressiveTraderBot_129,BE,Europe/Rome,AggressiveTraderBot,3,3,1,10,10,10,40,1,330,4250,5200,4,9,5,2,187,2987836,183,6889680,6785915,22300,22500
BE Club 59,4,3ce2d0b5-9834-4f9d-aca0-2d05a4acfa32,LadderGrinderBot_59,BE,Europe/Amsterdam,LadderGrinderBot,3,3,14,13,6,11,50,2,470,6000,7400,3,6,1,5,208,28357557,14152,9778500,4162814,15000,15340
CH Club 138,4,492508a8-01fb-4638-a96f-6f75549dc1e0,SocialBot_138,CH,Europe/Warsaw,SocialBot,3,3,6,6,12,12,30,4,720,9600,11800,4,9,4,1,180,41900468,10841,15375300,4340875,15000,14720
CH Club 18,4,62619cd8-64ad-40dc-9339-cb65538bc836,SocialBot_18,CH,Europe/Warsaw,SocialBot,3,3,12,5,14,11,26,3,590,7750,9600,4,10,2,1,204,37793366,12594,12469500,3927328,15000,13120
DE Club 101,4,2cf51899-9887-42fc-903b-967ec3d1967a,LadderGrinderBot_101,DE,Europe/Amsterdam,LadderGrinderBot,3,3,7,8,10,12,36,3,590,7850,9800,7,10,6,4,192,35099145,9576,12644630,5213881,15000,14060
DE Club 141,4,7e1cd9ae-3a02-4cdd-91cf-3f233a94490c,AggressiveTraderBot_141,DE,Europe/Rome,AggressiveTraderBot,3,3,5,12,6,12,48,4,720,9600,11800,6,11,6,3,166,34636464,544,15385230,7791705,22500,22200
ES Club 144,4,b58e2ae3-cb5e-4291-8508-631ece4472c7,SocialBot_144,ES,Europe/Warsaw,SocialBot,3,3,13,6,13,11,29,2,460,6100,7600,6,8,5,2,197,21225478,16847,9830930,5097987,15000,10600
FR Club 142,4,60096c04-5158-4a2f-8934-81a7b1f99149,YouthFocusedBot_142,FR,Europe/Madrid,YouthFocusedBot,3,3,8,10,8,12,42,2,470,6000,7400,2,10,1,2,189,17601158,640,9739810,4622166,21400,21200
FR Club 22,4,673d69b5-669c-4786-9e06-d7aa63e589c6,YouthFocusedBot_22,FR,Europe/Madrid,YouthFocusedBot,3,3,4,10,11,9,39,1,340,4350,5300,6,7,4,1,177,11431672,999,7064930,3181372,21900,21600
FR Club 62,4,f24edcd9-ec85-45dc-a843-7ffe73560a01,ConservativeBot_62,FR,Europe/Paris,ConservativeBot,3,3,16,10,10,10,40,2,460,6100,7500,6,7,6,2,169,22843155,10319,9815430,5349389,15000,14080
IT Club 133,4,964149c1-5c4d-4fc5-a66f-ed386181abe4,NewManagerBot_133,IT,Europe/Berlin,NewManagerBot,3,3,3,11,10,9,42,1,330,4250,5200,6,7,3,5,191,7253622,15367,6902250,5122208,15000,11000
IT Club 143,4,a76986a8-37f4-48c8-b95e-8207314d2b86,LadderGrinderBot_143,IT,Europe/Amsterdam,LadderGrinderBot,3,3,11,14,5,11,53,1,330,4550,5200,3,8,3,4,197,11847035,15183,7077300,3387536,15000,12200
PL Club 226,4,b63b1bdf-cd28-4a5c-a677-f48ff2336887,YouthFocusedBot_226,PL,Europe/Madrid,YouthFocusedBot,3,3,9,26,0,4,82,2,460,6000,7500,6,7,4,5,204,21080798,291,9744330,5212715,21600,21900
PT Club 130,4,7145701e-f8bd-42d6-9d35-945927b2a810,YouthFocusedBot_130,PT,Europe/Madrid,YouthFocusedBot,3,3,2,10,10,10,40,2,460,6100,7400,4,5,3,1,204,19146263,-10,9764400,5201423,21800,22000
PT Club 140,4,9694c29c-f247-42b8-8997-0f26d442b2e2,ConservativeBot_140,PT,Europe/Paris,ConservativeBot,3,3,15,10,10,10,40,2,470,6100,7400,6,10,5,3,182,16678265,13082,9840150,6023845,15000,13680
AT Club 147,4,5aa85c20-0519-4beb-9fb9-6708f96e84af,AggressiveTraderBot_147,AT,Europe/Rome,AggressiveTraderBot,3,4,4,7,15,8,29,2,460,6100,7500,4,8,6,5,172,7583326,-252,9816030,6888727,22500,24100
AT Club 157,4,f4ac4c0c-9b24-42ea-b416-093b9beedc65,NewManagerBot_157,AT,Europe/Berlin,NewManagerBot,3,4,5,12,13,5,41,3,590,7750,9800,6,6,3,5,185,32305454,15569,12584330,4588935,15000,11200
AT Club 27,4,7603bc01-2726-424b-bcc5-6a07d8f22a39,AggressiveTraderBot_27,AT,Europe/Rome,AggressiveTraderBot,3,4,16,3,22,5,14,3,590,7850,9700,3,8,6,2,178,35174196,1804,12614130,6363224,22300,21500
BE Club 159,4,89fdfe3e-2d80-4f2c-802c-d017187d79e5,AggressiveTraderBot_159,BE,Europe/Rome,AggressiveTraderBot,3,4,14,5,10,15,30,4,720,9500,12100,2,7,4,3,168,35625024,160,15424880,8586394,22000,22000
BE Club 279,4,066eabed-4679-4ade-8d76-9913e91fded9,AggressiveTraderBot_279,BE,Europe/Rome,AggressiveTraderBot,3,4,15,22,3,5,71,1,330,4250,5300,5,9,2,1,206,815645,1039,6891300,6624654,22000,21300
BE Club 29,4,cabd4b9e-d4ce-4811-af3e-1ccf7e3c7954,LadderGrinderBot_29,BE,Europe/Amsterdam,LadderGrinderBot,3,4,9,13,8,9,48,3,590,7850,9700,5,9,3,4,200,35607799,10322,12590330,4900783,15000,14500
BE Club 79,4,050eab06-a8b8-44b4-b7bd-978fb2972ef7,NewManagerBot_79,BE,Europe/Berlin,NewManagerBot,3,4,3,15,7,8,53,2,460,6100,7400,3,9,4,2,180,18176380,14074,9748950,6566740,15000,13340
ES Club 154,4,628d4312-db8c-4ba9-993b-6015197c410a,YouthFocusedBot_154,ES,Europe/Madrid,YouthFocusedBot,3,4,1,7,7,16,37,1,330,4350,5200,3,4,4,3,192,10337815,-78,6979230,4324601,21600,23400
FR Club 152,4,4db15fa0-a26a-406e-8618-00b01f0dd73d,ConservativeBot_152,FR,Europe/Paris,ConservativeBot,3,4,13,10,5,15,45,1,330,4250,5300,5,7,2,3,187,7634626,11859,6907800,5595166,15000,13900
IT Club 153,4,5b71faac-8f2c-4285-b064-1e9ce698a595,AggressiveTraderBot_153,IT,Europe/Rome,AggressiveTraderBot,3,4,10,8,13,9,33,4,720,9500,11900,3,7,4,5,195,28976898,-21,15367650,6946012,22100,21500
NL Club 155,4,8dd2028f-36e1-4e26-b433-e847bc872591,LadderGrinderBot_155,NL,Europe/Amsterdam,LadderGrinderBot,3,4,6,13,12,5,44,3,590,7950,9600,4,9,6,3,184,27642681,14106,12642030,4595771,15000,14320
NL Club 245,4,0d22986b-e0ff-4b27-901e-5016fa049f99,LadderGrinderBot_245,NL,Europe/Amsterdam,LadderGrinderBot,3,4,11,12,8,10,46,3,590,7750,9900,7,8,5,5,196,31629328,9742,12615530,5212442,15000,14460
PL Club 146,4,498d2e73-5d20-4a36-9099-e2ad585d8017,ConservativeBot_146,PL,Europe/Paris,ConservativeBot,3,4,12,8,12,10,34,3,590,7850,9600,8,10,4,4,203,28244117,6149,12567180,5318432,15000,15040
PL Club 156,4,a2e491fa-c50d-4485-ad90-4aff165f8c3b,SocialBot_156,PL,Europe/Warsaw,SocialBot,3,4,8,9,13,8,35,4,720,9500,12000,8,9,2,5,175,40657263,11229,15373100,5862804,15000,13440
PT Club 150,4,53c31711-ece7-44c8-9010-f5787b6c8a2c,SocialBot_150,PT,Europe/Warsaw,SocialBot,3,4,2,7,7,16,37,2,470,6200,7400,6,12,3,7,174,18049861,14337,9889680,5617582,15000,13280
PT Club 160,4,e6721176-f64f-47bd-9d13-860308346657,YouthFocusedBot_160,PT,Europe/Madrid,YouthFocusedBot,3,4,7,13,9,8,47,4,720,9500,12000,2,7,3,3,177,40534096,440,15379430,5910586,21800,23400
BE Club 169,4,0018448d-cc8b-4968-a965-d6ed95a5d5ee,NewManagerBot_169,BE,Europe/Berlin,NewManagerBot,3,5,3,8,11,11,35,4,720,9600,11900,3,11,4,3,176,43043533,13902,15397050,4838027,15000,15940
BE Club 69,4,4a4ce3d8-58ff-45ab-876c-0acc4458bd2e,AggressiveTraderBot_69,BE,Europe/Rome,AggressiveTraderBot,3,5,13,12,11,7,43,1,330,4250,5400,6,8,5,5,199,6284117,-333,6969680,5378640,22500,22600
CH Club 168,4,973da36b-7346-4843-94cb-ed5ac76e792d,SocialBot_168,CH,Europe/Warsaw,SocialBot,3,5,8,8,7,15,39,1,330,4350,5300,6,8,2,5,184,9356591,6864,6977550,5742771,15000,15680
CH Club 68,4,fb90b587-dadf-49bd-9ace-7d8da42b9389,ConservativeBot_68,CH,Europe/Paris,ConservativeBot,3,5,12,8,10,12,36,3,590,7950,9700,5,7,4,5,172,34826327,14667,12687600,6037508,15000,13100
DE Club 161,4,724b6093-c959-483a-9e1f-31d5fecc9162,LadderGrinderBot_161,DE,Europe/Amsterdam,LadderGrinderBot,3,5,9,14,7,9,51,4,720,9700,11900,3,12,5,5,187,40417250,14403,15470900,6056586,15000,16140
DE Club 171,4,433ab017-968b-404a-9262-2ad4e76bdb9a,AggressiveTraderBot_171,DE,Europe/Rome,AggressiveTraderBot,3,5,4,11,8,11,44,4,720,9600,11900,6,7,4,4,181,35753497,1522,15425150,5350403,22200,22300
ES Club 174,4,024ed886-a400-4f98-8f69-6de68a8dc084,SocialBot_174,ES,Europe/Warsaw,SocialBot,3,5,7,7,8,15,36,4,720,9600,11900,8,10,5,4,192,38637782,9036,15417030,6703392,15000,15040
ES Club 24,4,9e342374-8609-4a0e-8b3c-38f074072dfd,SocialBot_24,ES,Europe/Warsaw,SocialBot,3,5,1,16,5,9,57,1,330,4250,5400,6,9,4,3,167,13061998,8141,6945230,5031885,15000,14280
FR Club 32,4,a908df90-2ca1-4aeb-90e5-14f9f8ec6ee9,ConservativeBot_32,FR,Europe/Paris,ConservativeBot,3,5,16,13,7,10,49,1,330,4250,5200,6,7,6,3,180,16201832,14349,6909930,5959973,15000,12000
IT Club 163,4,aeebbfd9-f54e-42a8-8978-c101f9ddf84b,NewManagerBot_163,IT,Europe/Berlin,NewManagerBot,3,5,10,7,14,9,30,2,460,6100,7500,6,6,3,1,165,22620968,15864,9788730,3722063,15000,12000
NL Club 165,4,0d46166f-1c23-4fd1-8d98-9c303ba3ca81,AggressiveTraderBot_165,NL,Europe/Rome,AggressiveTraderBot,3,5,15,7,13,10,31,3,590,7750,9800,4,8,3,5,201,22475137,83,12576680,5996813,22200,23100
PL Club 166,4,bf3feda8-e4cd-473c-865d-cfeac769a612,YouthFocusedBot_166,PL,Europe/Madrid,YouthFocusedBot,3,5,5,7,12,11,32,3,590,7750,9800,3,9,6,1,179,27266207,518,12568130,5166998,21800,21600
PL Club 176,4,e09865c8-301c-4a45-b0ef-8e7b03a6cbbf,ConservativeBot_176,PL,Europe/Paris,ConservativeBot,3,5,11,10,8,12,42,1,330,4250,5300,3,7,4,4,190,10936578,15760,6934730,3504409,15000,11400
PT Club 170,4,bf2b8ed2-3e14-4913-9321-e67377c212e6,ConservativeBot_170,PT,Europe/Paris,ConservativeBot,3,5,2,5,16,9,24,1,330,4350,5200,6,8,4,3,184,9988769,12177,6956580,4125691,15000,13480
PT Club 20,4,5d15ac60-92b2-45c6-b41c-5320a627c958,ConservativeBot_20,PT,Europe/Paris,ConservativeBot,3,5,14,11,12,7,40,4,720,9500,11900,7,8,4,5,184,50124153,9636,15366800,4725710,15000,14260
PT Club 80,4,662d1daa-cb50-4e3d-9658-df500ce809e4,ConservativeBot_80,PT,Europe/Paris,ConservativeBot,3,5,6,12,7,11,47,3,600,7950,9600,6,10,4,3,165,38894003,12599,12706800,4728978,15000,14880
AT Club 177,4,8f9f4a3a-bea1-4316-bc6a-f39f505967c6,AggressiveTraderBot_177,AT,Europe/Rome,AggressiveTraderBot,3,6,15,4,14,12,24,2,460,6100,7500,5,5,3,2,173,8271554,1047,9807230,5258548,22300,21100
AT Club 187,4,9e41080b-0a1c-43ec-a652-ffda1c3b89b5,NewManagerBot_187,AT,Europe/Berlin,NewManagerBot,3,6,14,8,12,10,34,4,720,9500,11800,9,11,2,3,170,44537189,5329,15290100,4896037,15000,16620
BE Club 189,4,4497be84-e199-4e43-ba29-5768a0e6218a,AggressiveTraderBot_189,BE,Europe/Rome,AggressiveTraderBot,3,6,7,7,18,5,26,2,460,6000,7400,2,10,5,2,171,10381425,1457,9686700,9711096,22200,22800
CH Club 178,4,49819763-2993-4393-90f8-146e24a592e6,YouthFocusedBot_178,CH,Europe/Madrid,YouthFocusedBot,3,6,2,8,10,12,36,3,590,7750,9800,2,6,3,3,188,31293266,1143,12575600,6373883,21800,21300
CH Club 188,4,0b899502-7cbb-4eb8-83eb-46db4b9bbe71,ConservativeBot_188,CH,Europe/Paris,ConservativeBot,3,6,9,20,3,7,67,1,330,4250,5300,3,8,3,4,193,7376904,17213,6912630,5916504,15000,11800
DE Club 181,4,4b256b0b-459a-4a00-9bfa-0c1726044877,NewManagerBot_181,DE,Europe/Berlin,NewManagerBot,3,6,6,8,13,9,33,1,340,4350,5300,7,9,4,3,183,9387263,9364,7058100,5538859,15000,15460
DE Club 191,4,5209c0b7-1b42-498c-b8ec-2a03c187686c,LadderGrinderBot_191,DE,Europe/Amsterdam,LadderGrinderBot,3,6,5,13,8,9,48,2,460,6000,7400,6,8,5,5,178,20038490,13185,9722550,5880196,15000,13880
ES Club 184,4,9ca77454-c39b-4b59-b123-435f3a956ffd,YouthFocusedBot_184,ES,Europe/Madrid,YouthFocusedBot,3,6,11,12,7,11,47,3,590,7750,9700,4,11,2,3,202,28980710,369,12508500,6441632,21900,23200
ES Club 74,4,40cc7e01-3f6b-473e-b0f3-785115d6b7d5,ConservativeBot_74,ES,Europe/Paris,ConservativeBot,3,6,3,13,5,12,51,4,720,9500,12000,4,9,4,6,187,49306058,13681,15393800,7879699,15000,14120
FR Club 182,4,18279032-98b4-4926-8ab9-164cb988f81c,ConservativeBot_182,FR,Europe/Paris,ConservativeBot,3,6,12,7,12,11,32,1,330,4350,5400,8,11,6,5,186,8914462,12942,7018430,4682777,15000,12440
FR Club 192,4,f4750b95-fc78-4c49-ba82-cc1eb1bc7b47,SocialBot_192,FR,Europe/Warsaw,SocialBot,3,6,10,3,20,7,16,1,330,4350,5200,7,10,3,3,168,7528052,6558,6933750,6589269,15000,15660
NL Club 185,4,fcec7403-56e0-4cd8-8dd1-a8bb20d39472,LadderGrinderBot_185,NL,Europe/Amsterdam,LadderGrinderBot,3,6,8,18,7,5,59,2,460,6000,7400,6,9,5,5,197,18534625,11149,9707700,6052158,15000,13880
NL Club 75,4,d745c013-0091-4430-ba89-8e45aa15aec5,AggressiveTraderBot_75,NL,Europe/Rome,AggressiveTraderBot,3,6,4,5,13,12,27,4,720,9700,11800,5,7,2,6,195,37443616,925,15452100,4149515,22100,21300
PL Club 26,4,2feac2a4-af37-4a38-83a4-381b3f97cf44,ConservativeBot_26,PL,Europe/Paris,ConservativeBot,3,6,1,10,8,12,42,4,720,9500,12000,5,11,1,3,185,45731356,16850,15341850,4207617,15000,11000
PL Club 276,4,f26d2663-fed0-49cd-89c7-5c7beff462f7,SocialBot_276,PL,Europe/Warsaw,SocialBot,3,6,13,12,8,10,46,3,590,7950,9700,5,9,3,3,168,35033188,18446,12649100,5588369,15000,10800
PT Club 60,4,60f577ef-d7cb-43ee-9c2b-5c18844d2f03,SocialBot_60,PT,Europe/Warsaw,SocialBot,3,6,16,14,4,12,54,2,460,6200,7400,3,9,3,4,165,19455841,13735,9818400,6762051,15000,12940
AT Club 167,4,4ff99c0f-f940-43af-b39e-85d4dbb6271e,LadderGrinderBot_167,AT,Europe/Amsterdam,LadderGrinderBot,3,7,9,2,21,7,13,2,460,6000,7600,4,8,4,4,167,23643943,12495,9768950,6138742,15000,12920
AT Club 197,4,1421dae4-4c13-4b29-b84a-e149a15de08b,LadderGrinderBot_197,AT,Europe/Amsterdam,LadderGrinderBot,3,7,7,10,10,10,40,3,610,7750,9600,5,6,4,5,181,32895404,15744,12702600,3803212,15000,12000
BE Club 199,4,54ff5ad4-faa4-4031-a15c-cb2dc743bd7c,NewManagerBot_199,BE,Europe/Berlin,NewManagerBot,3,7,4,15,11,4,49,1,340,4250,5300,7,9,4,4,191,11232515,12259,6991510,2911777,15000,12400
CH Club 198,4,b12f1edc-e973-459e-9661-eb8b94f20853,SocialBot_198,CH,Europe/Warsaw,SocialBot,3,7,13,0,16,14,14,3,590,7750,9800,7,9,6,4,170,29907812,12660,12588980,6817255,15000,12200
CH Club 48,4,5f2451f2-0668-4b60-98fc-bd64c9e6ae9c,SocialBot_48,CH,Europe/Warsaw,SocialBot,3,7,1,3,17,10,19,4,720,9600,11900,8,10,2,6,172,48157508,10731,15401850,4304618,15000,13840
DE Club 201,4,296cf1c9-5fa8-4e58-916b-b920c77a1c34,AggressiveTraderBot_201,DE,Europe/Rome,AggressiveTraderBot,3,7,10,21,2,7,70,3,590,7850,9800,5,9,4,6,192,23186805,247,12637430,9435132,22700,23700
ES Club 204,4,f57a98e7-1fc6-400f-a6e8-570ac0ed9836,SocialBot_204,ES,Europe/Warsaw,SocialBot,3,7,6,12,11,7,43,1,330,4250,5300,6,10,4,3,173,7249140,13787,6908000,7763114,15000,11400
FR Club 202,4,04e6a2cf-e6c0-4928-a8a8-564f57062b36,YouthFocusedBot_202,FR,Europe/Madrid,YouthFocusedBot,3,7,8,10,10,10,40,1,340,4450,5200,3,9,5,4,203,7769285,1009,7103280,5948242,21500,20500
FR Club 252,4,3c1559dc-f84c-41c2-ba6b-a09bdb4ec5e7,SocialBot_252,FR,Europe/Warsaw,SocialBot,3,7,15,10,5,15,45,4,720,9600,11800,7,12,4,7,191,48593381,9634,15379380,4921795,15000,12200
IT Club 183,4,257bb0fb-4722-43fe-ac46-ab7aacc93603,AggressiveTraderBot_183,IT,Europe/Rome,AggressiveTraderBot,3,7,12,14,8,8,50,4,730,9600,11900,3,9,3,4,201,34792533,9,15490400,7246156,22000,22300
IT Club 203,4,919dde86-2d35-43ee-8c02-e290916835de,LadderGrinderBot_203,IT,Europe/Amsterdam,LadderGrinderBot,3,7,16,5,10,15,30,4,720,9500,11900,7,9,4,4,184,45154202,14566,15355530,4151492,15000,11600
IT Club 73,4,a5c71d17-12f8-4cdd-a0e0-181abab6a3e1,NewManagerBot_73,IT,Europe/Berlin,NewManagerBot,3,7,11,8,14,8,32,3,590,7850,9700,7,9,4,3,183,28556419,11714,12602280,6130328,15000,11600
NL Club 205,4,3fd072aa-fc30-4ce4-b2f3-fcef0f234790,NewManagerBot_205,NL,Europe/Berlin,NewManagerBot,3,7,3,11,15,4,37,3,600,7750,9700,3,7,5,5,184,26753887,15472,12642310,6820907,15000,13540
PL Club 196,4,4869a90a-1243-45a7-86eb-bc8d9a148363,YouthFocusedBot_196,PL,Europe/Madrid,YouthFocusedBot,3,7,14,16,0,14,62,2,460,6100,7500,3,5,1,2,195,20982523,887,9784800,4968405,21700,22500
PL Club 206,4,9db8ed72-bdb5-4b95-b4a3-dfe8098bbd70,ConservativeBot_206,PL,Europe/Paris,ConservativeBot,3,7,2,17,3,10,61,3,590,7950,9600,5,8,6,5,200,29016237,14649,12660480,4488792,15000,11800
PT Club 200,4,651ff949-50ae-45d6-8489-7560835e6a17,ConservativeBot_200,PT,Europe/Paris,ConservativeBot,3,7,5,11,12,7,40,3,590,7750,9600,3,5,5,3,194,29663281,16089,12540300,6537488,15000,14140
BE Club 179,4,c1cebfc9-532e-40f4-82c6-9349c429bcec,LadderGrinderBot_179,BE,Europe/Amsterdam,LadderGrinderBot,3,8,11,25,0,5,80,2,460,6000,7500,8,9,5,3,202,24477297,10842,9736050,3213861,15000,13640
CH Club 38,4,b06d0a6d-4efe-4488-b02e-6030ffbe434a,ConservativeBot_38,CH,Europe/Paris,ConservativeBot,3,8,9,5,14,11,26,2,460,6100,7500,5,11,1,2,168,25474308,13749,9738800,3242717,15000,11900
DE Club 211,4,8d3b1a03-6e77-462d-b5cf-23e60784c8e5,NewManagerBot_211,DE,Europe/Berlin,NewManagerBot,3,8,14,11,10,9,42,4,720,9600,11900,4,8,7,5,190,46191673,16477,15447330,4849153,15000,11000
DE Club 221,4,c2ee84de-1a9e-4427-b582-e08a783d636d,LadderGrinderBot_221,DE,Europe/Amsterdam,LadderGrinderBot,3,8,5,12,8,10,46,4,720,9500,11900,6,6,6,3,192,37814865,11288,15382230,8271810,15000,13000
DE Club 71,4,2c4a53fa-60af-49ce-a743-ec79a51856ba,LadderGrinderBot_71,DE,Europe/Amsterdam,LadderGrinderBot,3,8,8,8,13,9,33,2,460,6200,7400,6,9,5,3,174,21831079,6115,9824280,5205810,15000,14280
ES Club 214,4,438a011b-77a0-4955-a26e-aa44f847c545,YouthFocusedBot_214,ES,Europe/Madrid,YouthFocusedBot,3,8,3,10,12,8,38,1,330,4450,5300,4,6,5,5,174,7684250,1499,7079580,3364520,21500,21400
ES Club 224,4,fde34949-443f-44d9-82d4-1108a8a113f1,ConservativeBot_224,ES,Europe/Paris,ConservativeBot,3,8,7,13,8,9,48,2,470,6200,7400,8,9,2,2,171,18022667,7747,9882000,6300947,15000,14240
FR Club 212,4,d6049ac0-45fc-408d-8ed1-62be0039ed2d,ConservativeBot_212,FR,Europe/Paris,ConservativeBot,3,8,1,21,6,3,66,1,330,4550,5200,4,6,5,5,194,5282214,16046,7105500,5298004,15000,11000
FR Club 222,4,d92752c6-ade6-4ecd-b7ad-5db16998b5c9,SocialBot_222,FR,Europe/Warsaw,SocialBot,3,8,10,14,5,11,53,3,590,7750,9800,7,8,3,4,170,31919064,12565,12572450,4048204,15000,12660
FR Club 42,4,17eab328-3e2a-4417-8362-83c387f0a589,SocialBot_42,FR,Europe/Warsaw,SocialBot,3,8,4,12,10,8,44,1,330,4250,5300,5,9,4,2,182,10498605,15862,6912000,5995339,15000,14500
IT Club 223,4,b33e05e6-5a0f-47ab-8f6b-317948bf2a99,NewManagerBot_223,IT,Europe/Berlin,NewManagerBot,3,8,2,6,21,3,21,3,590,7950,9600,6,5,2,2,166,28344010,17791,12645000,4334326,15000,10200
IT Club 83,4,3c825427-b8e4-4de6-a788-3e40683226c6,LadderGrinderBot_83,IT,Europe/Amsterdam,LadderGrinderBot,3,8,16,15,4,11,56,1,330,4250,5200,7,9,6,4,203,13977692,12735,6906930,5987609,15000,17660
PL Club 216,4,9b637931-3cc8-4eb1-8698-183124cb74bb,SocialBot_216,PL,Europe/Warsaw,SocialBot,3,8,6,8,12,10,34,1,330,4250,5400,6,7,2,6,168,7728992,16239,6958650,4674052,15000,10400
PT Club 210,4,86e038fe-0ba4-4664-b86b-51cb891b8805,SocialBot_210,PT,Europe/Warsaw,SocialBot,3,8,13,10,11,9,39,3,590,7750,9600,8,9,2,4,177,31220369,11664,12498000,4288491,15000,12400
PT Club 220,4,7c28b66e-fc5e-4822-a33c-24f05aec4ca9,YouthFocusedBot_220,PT,Europe/Madrid,YouthFocusedBot,3,8,15,4,15,11,23,1,340,4250,5300,2,7,4,4,177,10977540,717,7016700,5632988,21900,21100
PT Club 70,4,8ed79a7e-dfc8-4dc6-b3b4-c972b561ddeb,YouthFocusedBot_70,PT,Europe/Madrid,YouthFocusedBot,3,8,12,0,25,5,5,4,720,9500,11900,3,6,1,6,171,48259588,1325,15355350,4389579,21700,21000
AT Club 227,4,c95b8b8e-554e-422c-a66c-d2e6e5e6fbb6,LadderGrinderBot_227,AT,Europe/Amsterdam,LadderGrinderBot,3,9,11,10,9,11,41,2,460,6200,7400,5,10,4,3,187,17802467,10986,9814230,4764664,15000,13900
AT Club 237,4,fc7c7c13-4f17-46ea-a935-bf02ad0466e8,AggressiveTraderBot_237,AT,Europe/Rome,AggressiveTraderBot,3,9,8,7,13,10,31,4,720,9600,11900,6,9,4,5,179,33198207,-27,15414380,7707380,22300,21700
AT Club 267,4,e3b70cb6-1354-400b-85e6-a68e77dc686d,AggressiveTraderBot_267,AT,Europe/Rome,AggressiveTraderBot,3,9,16,9,8,13,40,2,460,6000,7600,6,6,4,4,173,7789213,533,9776330,4841507,22400,22300
AT Club 47,4,3d798a50-1e8e-4633-b4e3-e034e3f3f967,LadderGrinderBot_47,AT,Europe/Amsterdam,LadderGrinderBot,3,9,13,28,0,2,86,3,590,7750,9800,3,9,3,4,196,41647185,15508,12557600,4924950,15000,13140
BE Club 229,4,87b6b924-e37a-475e-9a97-8967b16211ca,NewManagerBot_229,BE,Europe/Berlin,NewManagerBot,3,9,6,22,1,7,73,2,470,6000,7400,5,8,2,5,196,19020970,8761,9779100,6292366,15000,14100
BE Club 239,4,aac97cd2-4015-4ebd-8173-40e2c488b36f,LadderGrinderBot_239,BE,Europe/Amsterdam,LadderGrinderBot,3,9,4,4,11,15,27,4,720,9500,12000,6,10,2,2,182,42798856,15425,15353100,3244480,15000,11600
BE Club 259,4,b828ba92-3787-49ca-83d1-66ed8b43da8a,NewManagerBot_259,BE,Europe/Berlin,NewManagerBot,3,9,1,8,12,10,34,3,590,7850,9700,5,7,2,4,165,31600594,12650,12597230,4143682,15000,14700
CH Club 238,4,e8ae7945-27c8-4a95-a035-d5ddf08ebb45,YouthFocusedBot_238,CH,Europe/Madrid,YouthFocusedBot,3,9,15,8,9,13,37,4,730,9500,11800,2,9,3,3,187,44541219,470,15391210,4149024,22000,23200
DE Club 231,4,947df70f-bccc-4983-a67e-88e5a984ff5f,AggressiveTraderBot_231,DE,Europe/Rome,AggressiveTraderBot,3,9,2,12,8,10,46,4,720,9500,12000,5,10,3,2,166,33497692,1077,15352700,6342882,21900,21500
ES Club 234,4,0768c66b-b272-4b91-acc6-390a8cc9b906,SocialBot_234,ES,Europe/Warsaw,SocialBot,3,9,9,17,7,6,57,3,590,7750,9700,5,8,3,2,194,32345142,13036,12533600,4742652,15000,14500
FR Club 232,4,f5d01f5a-dffe-4682-adcb-4b5cf426340b,YouthFocusedBot_232,FR,Europe/Madrid,YouthFocusedBot,3,9,3,11,4,15,48,2,470,6000,7600,6,7,4,2,175,19148837,1631,9846460,4979203,22000,20900
IT Club 233,4,ed4bacb7-638a-4081-b1bc-c2704a08a0ee,LadderGrinderBot_233,IT,Europe/Amsterdam,LadderGrinderBot,3,9,7,13,7,10,49,2,460,6000,7500,6,7,5,3,183,18334675,14934,9750930,6278593,15000,11400
NL Club 225,4,b0416165-d302-4781-9fb0-999f91c7c570,AggressiveTraderBot_225,NL,Europe/Rome,AggressiveTraderBot,3,9,5,1,22,7,10,2,460,6200,7500,5,8,3,5,167,17010929,367,9852750,4741990,22400,22900
NL Club 235,4,f0478c1e-b4b9-4ce1-9bbc-f88d6a9e8442,NewManagerBot_235,NL,Europe/Berlin,NewManagerBot,3,9,10,7,17,6,27,4,720,9600,11800,6,6,5,4,166,40839459,11170,15411630,6416395,15000,13400
PL Club 66,4,046ea3ba-9a18-466f-82c9-69395045c2ad,SocialBot_66,PL,Europe/Warsaw,SocialBot,3,9,12,9,10,11,38,3,590,7850,9700,7,7,4,2,169,32822605,11909,12604430,4304617,15000,11800
PT Club 240,4,3df323f7-54e6-4aea-a922-78d28a7e9a7b,SocialBot_240,PT,Europe/Warsaw,SocialBot,3,9,14,0,28,2,2,4,720,9600,11900,6,5,3,2,165,44350749,19753,15429600,5405971,15000,12400
AT Club 247,4,7e5e29cd-6198-4570-8200-84ac42851a81,NewManagerBot_247,AT,Europe/Berlin,NewManagerBot,3,10,12,10,9,11,41,3,590,7850,9700,4,9,5,2,200,31707779,14939,12598650,4108479,15000,13800
BE Club 249,4,afd5bcae-40a0-47b3-b596-49fe4228d660,AggressiveTraderBot_249,BE,Europe/Rome,AggressiveTraderBot,3,10,4,12,8,10,46,3,590,7850,9600,3,10,5,1,186,22593716,147,12561930,5968992,22100,22700
CH Club 248,4,c473403a-c3e9-4b6e-b900-1e409ac13be4,ConservativeBot_248,CH,Europe/Paris,ConservativeBot,3,10,9,13,9,8,47,2,460,6000,7600,6,9,4,3,181,20921015,13782,9756950,5096835,15000,10800
DE Club 241,4,347f46bb-ae79-4372-9d22-ecbdb09d1908,NewManagerBot_241,DE,Europe/Berlin,NewManagerBot,3,10,8,10,8,12,42,3,600,7850,9600,5,7,1,4,172,30315211,10514,12638850,7488485,15000,13200
ES Club 244,4,83878997-443b-4409-a13f-1a00dbad831a,YouthFocusedBot_244,ES,Europe/Madrid,YouthFocusedBot,3,10,7,8,10,12,36,2,460,6000,7600,4,7,5,5,173,20895606,237,9788780,6452397,22000,23600
ES Club 254,4,c4b1d99c-7c2d-44da-92d7-819387cb982a,ConservativeBot_254,ES,Europe/Paris,ConservativeBot,3,10,6,11,5,14,47,3,590,7750,9700,6,10,3,4,175,32742047,15249,12528330,6159205,15000,14680
FR Club 242,4,6c6a4a3a-2c71-4337-a016-4b35b51ddf1f,ConservativeBot_242,FR,Europe/Paris,ConservativeBot,3,10,1,7,15,8,29,2,460,6100,7500,5,9,4,5,187,19903919,12879,9800100,3944534,15000,13900
IT Club 173,4,159887e1-97be-479a-9c8f-3103bf6b079a,LadderGrinderBot_173,IT,Europe/Amsterdam,LadderGrinderBot,3,10,13,15,7,8,53,1,330,4350,5400,5,10,5,5,177,11276324,12710,7018100,5102167,15000,14300
IT Club 253,4,25a12e17-2ad9-49a3-89f4-ce70388c9308,NewManagerBot_253,IT,Europe/Berlin,NewManagerBot,3,10,2,15,7,8,53,1,330,4250,5200,7,10,4,2,195,8748665,14520,6874500,4617491,15000,13260
NL Club 255,4,a1d96199-fa32-4c94-bdbf-0e82807a9537,AggressiveTraderBot_255,NL,Europe/Rome,AggressiveTraderBot,3,10,3,8,12,10,34,4,720,9500,11800,2,8,6,5,206,29240496,946,15353730,7352233,22100,22500
NL Club 45,4,163c7072-c34e-4c0d-9f40-7b8e9a45647a,AggressiveTraderBot_45,NL,Europe/Rome,AggressiveTraderBot,3,10,16,12,9,9,45,3,590,7850,9600,4,6,5,5,168,29150823,1059,12612300,7587940,22700,21200
PL Club 246,4,affcb4a4-28bf-4225-a21d-f90c61023425,SocialBot_246,PL,Europe/Warsaw,SocialBot,3,10,15,9,12,9,36,1,330,4350,5300,6,8,6,3,168,2528318,16217,7002930,8334165,15000,11600
PL Club 296,4,d871e6af-7284-40b0-a391-408bff4b5dc6,ConservativeBot_296,PL,Europe/Paris,ConservativeBot,3,10,11,9,10,11,38,4,720,9500,11900,6,10,4,3,203,45868940,14348,15336150,6071824,15000,15080
PL Club 46,4,a7bbebd6-3fec-4035-b689-71f25c252a5c,YouthFocusedBot_46,PL,Europe/Madrid,YouthFocusedBot,3,10,10,9,13,8,35,1,330,4250,5300,5,9,2,4,204,12532720,345,6896880,5561656,21900,23100
PL Club 96,4,ef7a53d4-cc9a-4c20-ac9d-f7c70917fd7f,SocialBot_96,PL,Europe/Warsaw,SocialBot,3,10,14,7,15,8,29,4,720,9500,11900,7,7,6,3,198,51692252,17144,15373850,3543898,15000,12600
PT Club 250,4,42534d20-9ead-4371-bf33-56b4f04cfad2,YouthFocusedBot_250,PT,Europe/Madrid,YouthFocusedBot,3,10,5,5,11,14,29,2,460,6200,7500,3,6,2,3,170,24038895,-210,9851750,3002510,21900,23500
AT Club 257,4,6b085cc3-b11f-464b-8f13-bb696a53eb49,LadderGrinderBot_257,AT,Europe/Amsterdam,LadderGrinderBot,3,11,15,11,5,14,47,1,330,4250,5200,6,8,6,3,185,14532412,14779,6902280,4772829,15000,13280
BE Club 269,4,55860fdb-1cea-414a-acec-147c63a1cd21,LadderGrinderBot_269,BE,Europe/Amsterdam,LadderGrinderBot,3,11,8,9,14,7,34,4,720,9500,11900,6,7,5,6,169,41788196,14669,15387480,4471232,15000,15080
CH Club 258,4,06f91eed-dd89-49a1-ba61-5e422468d5e4,SocialBot_258,CH,Europe/Warsaw,SocialBot,3,11,9,30,0,0,90,2,470,6000,7500,8,9,3,4,208,16064859,11552,9796550,5809204,15000,12000
CH Club 268,4,ce7561eb-6676-4d15-b9b3-21621d426a69,YouthFocusedBot_268,CH,Europe/Madrid,YouthFocusedBot,3,11,3,8,11,11,35,1,330,4250,5300,4,12,5,2,190,7335264,755,6897330,4902273,21900,22200
DE Club 261,4,9921044b-e3ce-49d1-9949-bd444b53bf9a,AggressiveTraderBot_261,DE,Europe/Rome,AggressiveTraderBot,3,11,6,12,6,12,48,1,330,4250,5200,3,4,2,2,190,-2170360,1507,6895800,8613735,20000,19200
DE Club 91,4,f236e20e-c5da-4b23-b5ef-cb3cab31feae,NewManagerBot_91,DE,Europe/Berlin,NewManagerBot,3,11,14,11,7,12,45,2,470,6100,7500,7,8,4,3,187,28823443,11987,9878030,3355478,15000,13860
ES Club 264,4,45fa72ac-91e2-4882-8137-ff626d22ae1a,SocialBot_264,ES,Europe/Warsaw,SocialBot,3,11,7,14,9,7,49,4,720,9500,12000,4,9,3,6,188,38540996,12356,15378200,4953193,15000,14120
FR Club 162,4,0be310f9-369b-454a-bdcb-0d4b0dfb486a,SocialBot_162,FR,Europe/Warsaw,SocialBot,3,11,13,7,11,12,33,1,330,4250,5400,5,7,5,6,181,5133957,9774,6982680,6581637,15000,13600
FR Club 262,4,1b091843-a469-4eb4-ba1c-3936c30e8dee,YouthFocusedBot_262,FR,Europe/Madrid,YouthFocusedBot,3,11,2,10,9,11,41,2,460,6000,7500,4,10,3,1,197,19386490,-383,9702230,3424589,21700,22500
IT Club 263,4,0a0fc346-85f5-487a-9910-c53e81742153,LadderGrinderBot_263,IT,Europe/Amsterdam,LadderGrinderBot,3,11,11,9,9,12,39,4,730,9500,11800,3,8,7,2,174,45311261,12884,15426190,6126135,15000,14140
IT Club 33,4,71dde067-d909-45a0-9bb0-df18d90431ec,AggressiveTraderBot_33,IT,Europe/Rome,AggressiveTraderBot,3,11,16,5,11,14,29,3,600,7850,9600,4,6,3,3,166,29817809,403,12657930,3689690,22300,22700
NL Club 265,4,3924ec2a-a12c-4fcb-a0c5-2e89a8e63f59,NewManagerBot_265,NL,Europe/Berlin,NewManagerBot,3,11,4,11,8,11,44,2,460,6000,7500,4,7,6,4,205,19122673,13226,9763530,4673952,15000,13920
NL Club 35,4,574d2ace-d632-4ab4-8fa2-97312a573816,LadderGrinderBot_35,NL,Europe/Amsterdam,LadderGrinderBot,3,11,12,9,9,12,39,2,460,6200,7500,5,7,2,3,178,25495624,13131,9844250,5412458,15000,13300
PL Club 266,4,61c9eee0-c373-4c47-b71c-69ad37f787a5,ConservativeBot_266,PL,Europe/Paris,ConservativeBot,3,11,1,9,10,11,38,3,600,7750,9700,5,5,4,1,198,31432309,17823,12633900,6642119,15000,11400
PT Club 260,4,a368befa-b280-4161-b1e0-64a658fdff05,ConservativeBot_260,PT,Europe/Paris,ConservativeBot,3,11,5,6,12,12,30,1,330,4250,5300,6,8,3,4,175,2271167,12284,6919400,4949558,15000,13480
PT Club 300,4,832500b9-87ae-4b57-bb4e-102c622e0d92,SocialBot_300,PT,Europe/Warsaw,SocialBot,3,11,10,0,30,0,0,1,340,4350,5200,3,7,5,4,177,12841390,10304,7050030,5349650,15000,14940
AT Club 277,4,1e1139dc-0372-444a-beff-d52fc52a6be8,NewManagerBot_277,AT,Europe/Berlin,NewManagerBot,3,12,13,15,6,9,54,2,470,6000,7500,4,9,3,5,182,22833646,11744,9801050,3678517,15000,15720
AT Club 287,4,8e873716-b7e4-4e0e-b308-9baa29921b98,LadderGrinderBot_287,AT,Europe/Amsterdam,LadderGrinderBot,3,12,8,8,11,11,35,4,720,9500,12100,9,10,5,3,177,40183096,8125,15410750,5264501,15000,13020
AT Club 317,4,5693b7b5-92f0-47d7-9920-e5178c5adff8,LadderGrinderBot_317,AT,Europe/Amsterdam,LadderGrinderBot,3,12,12,11,5,14,47,2,460,6000,7600,4,8,3,3,195,22226699,17156,9748730,6611300,15000,10600
BE Club 89,4,ea4a2c63-09b1-4080-9bad-21b8a4498cb5,LadderGrinderBot_89,BE,Europe/Amsterdam,LadderGrinderBot,3,12,7,11,8,11,44,2,460,6100,7500,9,11,2,3,192,23738119,11068,9758750,5976859,15000,14220
CH Club 288,4,27cf0581-ccc5-4343-b33a-311ef5a6e1da,SocialBot_288,CH,Europe/Warsaw,SocialBot,3,12,11,5,11,14,29,4,720,9500,11800,6,6,1,5,182,44110587,15941,15321000,4528039,15000,13000
CH Club 88,4,c529d1a9-ede4-46cc-b0e1-12e2dd244af0,YouthFocusedBot_88,CH,Europe/Madrid,YouthFocusedBot,3,12,9,6,10,14,32,3,590,7850,9700,4,6,4,2,194,37076209,1276,12610830,2837186,22000,21800
DE Club 281,4,dc82693e-26a2-4196-b1d4-bfe6821d0c06,LadderGrinderBot_281,DE,Europe/Amsterdam,LadderGrinderBot,3,12,14,6,15,9,27,1,330,4450,5200,4,7,3,2,188,10473012,11161,7005300,4631673,15000,16320
ES Club 274,4,928ab7a5-90d7-47ad-8976-65733a4b7cae,YouthFocusedBot_274,ES,Europe/Madrid,YouthFocusedBot,3,12,5,7,12,11,32,2,460,6000,7600,5,8,3,4,208,18315258,383,9760850,5348210,21900,23100
ES Club 284,4,728a473c-8d8b-4456-8e22-20b98852cebc,ConservativeBot_284,ES,Europe/Paris,ConservativeBot,3,12,3,14,8,8,50,3,600,7850,9600,6,6,6,5,183,31392857,16198,12693180,5599808,15000,11600
FR Club 282,4,848feaba-5012-4469-9e8f-76e852a5eede,SocialBot_282,FR,Europe/Warsaw,SocialBot,3,12,4,8,14,8,32,3,590,7850,9600,5,6,5,3,174,33225673,15400,12593280,4353970,15000,13300
IT Club 273,4,7428545b-f9c6-4632-ac7d-32a60a5df8b9,AggressiveTraderBot_273,IT,Europe/Rome,AggressiveTraderBot,3,12,6,12,7,11,47,1,330,4350,5300,2,7,1,1,201,299871,1443,6951600,6706723,22500,22300
NL Club 145,4,e75ee1c8-dc6c-4103-ab66-7fab1c96e63c,NewManagerBot_145,NL,Europe/Berlin,NewManagerBot,3,12,15,27,0,3,84,3,590,7750,9600,5,9,3,4,209,33952349,13562,12506100,4972484,15000,10800
NL Club 275,4,3bacc5a6-d8c8-4aaf-b8b3-f49f9121f84d,LadderGrinderBot_275,NL,Europe/Amsterdam,LadderGrinderBot,3,12,10,10,6,14,44,4,730,9500,11900,5,6,4,4,181,39304188,13798,15456160,5179358,15000,11800
NL Club 285,4,cb7fcbd3-91ed-4c98-99aa-01083d216fb5,AggressiveTraderBot_285,NL,Europe/Rome,AggressiveTraderBot,3,12,1,9,12,9,36,1,330,4250,5200,2,7,4,4,190,-781380,1042,6898500,3852348,18600,19400
PT Club 280,4,f22c5491-8230-489f-b733-198b210c1a9d,YouthFocusedBot_280,PT,Europe/Madrid,YouthFocusedBot,3,12,2,12,9,9,45,3,600,7750,9800,2,8,3,3,174,28674670,759,12648530,6770902,21800,22600
PT Club 40,4,90bbdc53-2250-451e-b664-bde75ab9f11a,YouthFocusedBot_40,PT,Europe/Madrid,YouthFocusedBot,3,12,16,0,27,3,3,4,720,9700,11800,4,7,5,5,166,45669178,13,15471480,4398398,21700,22200
AT Club 207,4,7932b925-6a12-4918-b062-d38b8b5151a4,AggressiveTraderBot_207,AT,Europe/Rome,AggressiveTraderBot,3,13,9,28,0,2,86,2,460,6100,7500,6,7,4,5,204,11551780,-177,9805230,6911543,22500,22500
BE Club 289,4,6e36a7dc-3db0-40ea-a152-db1fe7ff6f48,NewManagerBot_289,BE,Europe/Berlin,NewManagerBot,3,13,13,4,10,16,28,1,330,4350,5300,4,8,2,4,186,5276945,10129,6974880,5016730,15000,13720
BE Club 49,4,835ead42-51b0-46e8-aa8c-69f7496fc677,NewManagerBot_49,BE,Europe/Berlin,NewManagerBot,3,13,14,10,4,16,46,4,730,9500,11800,7,7,4,2,185,50895301,14300,15404730,4247861,15000,11200
CH Club 298,4,ef0bc666-b165-4223-8ca3-798191c85be5,YouthFocusedBot_298,CH,Europe/Madrid,YouthFocusedBot,3,13,11,7,14,9,30,1,340,4350,5300,5,7,2,4,173,13525533,46,7053900,2930440,21500,22500
DE Club 291,4,959db82e-e756-47cc-a245-20d5ff168816,AggressiveTraderBot_291,DE,Europe/Rome,AggressiveTraderBot,3,13,3,5,12,13,28,2,460,6200,7500,5,11,4,5,166,11280571,65,9846680,9113538,22400,23300
DE Club 301,4,57ffa470-a460-4b40-8ec0-0beedabcfd0a,NewManagerBot_301,DE,Europe/Berlin,NewManagerBot,3,13,5,13,7,10,49,3,590,7950,9600,7,8,5,6,191,28393102,11739,12662430,3788306,15000,13260
DE Club 81,4,0f19654f-f97f-4671-99ff-ea4cd47d453f,AggressiveTraderBot_81,DE,Europe/Rome,AggressiveTraderBot,3,13,10,0,28,2,2,2,460,6000,7600,5,10,3,2,170,14512631,566,9730230,7796175,22400,23200
ES Club 294,4,d41e367b-19cb-4e49-9848-d885343ebfd0,SocialBot_294,ES,Europe/Warsaw,SocialBot,3,13,16,0,26,4,4,2,460,6000,7500,4,10,6,6,167,21923236,11097,9750030,5445828,15000,12920
ES Club 304,4,31ac1d45-013b-48d4-9197-319c77ede20a,YouthFocusedBot_304,ES,Europe/Madrid,YouthFocusedBot,3,13,1,13,7,10,49,2,460,6100,7500,6,9,5,4,170,20635400,1246,9801180,4140579,21700,22400
FR Club 302,4,f3744923-3436-47ee-a7d4-272809b10350,ConservativeBot_302,FR,Europe/Paris,ConservativeBot,3,13,8,19,4,7,64,3,590,7850,9600,5,9,3,3,176,31420995,16174,12556680,3603610,15000,9800
IT Club 293,4,053bbd39-59a8-4217-a558-82000c52ae24,LadderGrinderBot_293,IT,Europe/Amsterdam,LadderGrinderBot,3,13,12,14,7,9,51,1,330,4550,5200,6,7,3,2,172,8021798,10465,7068300,4235982,15000,13880
IT Club 303,4,cccd4b83-a529-490b-aa85-1bb6153bb070,AggressiveTraderBot_303,IT,Europe/Rome,AggressiveTraderBot,3,13,4,12,5,13,49,2,470,6000,7400,2,6,5,3,194,4302565,748,9798940,8210375,22300,22400
NL Club 295,4,5573fdd1-aefc-4bb5-b6d2-da4bbefd1b9c,NewManagerBot_295,NL,Europe/Berlin,NewManagerBot,3,13,6,7,13,10,31,1,330,4250,5200,5,7,5,3,184,10345295,13943,6909600,4915016,15000,12400
NL Club 85,4,704c9670-99e6-42ee-820e-3cf20369bec1,NewManagerBot_85,NL,Europe/Berlin,NewManagerBot,3,13,15,26,0,4,82,2,460,6100,7500,6,7,4,6,208,28010903,14682,9819180,4076472,15000,13200
PT Club 290,4,00c4536b-bc4f-4588-a88d-2118d5d95b7e,ConservativeBot_290,PT,Europe/Paris,ConservativeBot,3,13,2,7,13,10,31,3,590,7750,9700,6,10,1,3,191,34993368,14894,12506900,4623996,15000,11600
PT Club 50,4,c8deae6a-242d-46ce-800d-5a4390ba8fc3,ConservativeBot_50,PT,Europe/Paris,ConservativeBot,3,13,7,4,19,7,19,1,330,4350,5300,5,5,4,4,169,15326840,11116,7005350,3430744,15000,10200
AT Club 307,4,ba673f0e-c45f-4c1b-abfd-a12efc683d73,NewManagerBot_307,AT,Europe/Berlin,NewManagerBot,3,14,13,9,15,6,33,1,330,4350,5200,8,10,6,5,191,3609927,5915,6966780,6715257,15000,13240
BE Club 309,4,188259ae-f01d-418c-b8b3-8d260c056a73,AggressiveTraderBot_309,BE,Europe/Rome,AggressiveTraderBot,3,14,3,11,9,10,43,2,460,6000,7500,2,9,2,6,195,6284894,934,9717750,6565513,22400,21900
CH Club 308,4,d55da4fb-efd6-4874-84c4-2c95a6452cd1,ConservativeBot_308,CH,Europe/Paris,ConservativeBot,3,14,10,11,8,11,44,2,460,6000,7600,6,10,5,4,200,18283296,11417,9761780,4591934,15000,13280
CH Club 318,4,49b1df9c-a60a-4aca-84fa-498d9f4cf4af,SocialBot_318,CH,Europe/Warsaw,SocialBot,3,14,8,8,13,9,33,4,720,9600,12000,9,11,4,6,180,41747437,6790,15441650,5071384,15000,14620
CH Club 58,4,8ec3792b-7f3a-4055-ba8b-3e90217e5a4e,YouthFocusedBot_58,CH,Europe/Madrid,YouthFocusedBot,3,14,16,8,16,6,30,3,590,7750,9800,5,8,6,7,168,34847851,109,12610980,5251528,21600,23400
DE Club 311,4,1482ea13-d43f-4c4a-b270-24864d6c2dd9,LadderGrinderBot_311,DE,Europe/Amsterdam,LadderGrinderBot,3,14,2,8,8,14,38,1,330,4250,5400,5,11,6,5,195,6887122,11506,6956280,5166574,15000,12700
ES Club 314,4,3de018d4-d0e5-48d6-8039-685d6fb455d9,ConservativeBot_314,ES,Europe/Paris,ConservativeBot,3,14,11,7,10,13,34,1,340,4250,5400,2,8,5,4,175,8931447,14620,7038800,5184484,15000,11960
ES Club 64,4,20ac27c2-f80e-4cfd-8f92-415bb8148245,YouthFocusedBot_64,ES,Europe/Madrid,YouthFocusedBot,3,14,7,13,8,9,48,1,340,4250,5400,6,7,6,3,199,14167049,377,7049480,4430909,22200,22900
IT Club 313,4,9fdda90e-0d4e-4c12-9dc8-1007000548a8,NewManagerBot_313,IT,Europe/Berlin,NewManagerBot,3,14,1,8,8,14,38,2,460,6000,7500,4,9,3,4,186,21209363,13725,9716580,3207298,15000,15520
NL Club 305,4,e1edb26b-96f4-43ca-93ea-383795273365,LadderGrinderBot_305,NL,Europe/Amsterdam,LadderGrinderBot,3,14,12,10,7,13,43,4,720,9500,12100,5,8,2,1,196,45726361,11719,15385100,3455734,15000,14100
NL Club 315,4,cdac6461-18e6-4ea7-96ea-fc23ca7f1516,AggressiveTraderBot_315,NL,Europe/Rome,AggressiveTraderBot,3,14,14,15,9,6,51,1,330,4250,5200,3,7,1,2,177,-174754,1800,6865200,8414352,22100,19500
NL Club 55,4,d599d6f9-83d6-4dd5-aa33-26c62bc02dbb,NewManagerBot_55,NL,Europe/Berlin,NewManagerBot,3,14,9,8,11,11,35,3,600,7750,9700,8,11,4,4,184,40473740,10878,12609900,4729459,15000,13840
PL Club 306,4,766cf4e6-f46e-45ee-8f13-d46eb14dee2b,SocialBot_306,PL,Europe/Warsaw,SocialBot,3,14,6,9,12,9,36,2,460,6100,7600,8,9,4,4,188,18835323,9518,9823230,4823731,15000,15440
PL Club 316,4,d93663fb-8e4e-48b8-8793-3b45d3651426,YouthFocusedBot_316,PL,Europe/Madrid,YouthFocusedBot,3,14,4,9,11,10,37,2,460,6100,7400,4,11,5,4,191,19030306,585,9758550,4790596,21700,22200
PT Club 310,4,fe5a44a9-ce25-4b0c-805f-aa58fad6f508,YouthFocusedBot_310,PT,Europe/Madrid,YouthFocusedBot,3,14,15,16,8,6,54,2,480,6000,7400,6,10,3,5,179,20619934,734,9850210,6003672,21700,22800
PT Club 320,4,96be8948-bc1b-4b84-af9b-0a7693f9a9bb,ConservativeBot_320,PT,Europe/Paris,ConservativeBot,3,14,5,12,9,9,45,4,720,9600,11800,6,7,6,3,189,45779512,7571,15415230,3626418,15000,13080
AT Club 327,4,982a589d-1b4b-4486-8b7d-10deb9199ab9,AggressiveTraderBot_327,AT,Europe/Rome,AggressiveTraderBot,3,15,9,8,13,9,33,2,460,6200,7500,3,8,5,3,181,13343377,1940,9868280,6763587,22400,20800
CH Club 208,4,29f2d77f-a67c-4be4-80eb-9bdc438d93c9,YouthFocusedBot_208,CH,Europe/Madrid,YouthFocusedBot,3,15,10,13,8,9,48,1,330,4350,5300,5,8,4,4,203,11808313,1107,6990500,4854268,21900,22600
CH Club 328,4,7c70796f-d4fc-4576-9f04-f5e378470172,YouthFocusedBot_328,CH,Europe/Madrid,YouthFocusedBot,3,15,14,6,15,9,27,2,460,6000,7600,3,7,4,4,188,23280759,989,9776600,3798946,22200,22300
DE Club 321,4,b9afa409-2beb-4217-87d9-5470bda1fc4b,AggressiveTraderBot_321,DE,Europe/Rome,AggressiveTraderBot,3,15,12,7,12,11,32,3,600,7750,9600,2,6,6,5,178,23363520,-9,12630450,8921877,22300,23200
DE Club 331,4,66b56dde-eb08-42ee-9dd7-48345ac0da11,NewManagerBot_331,DE,Europe/Berlin,NewManagerBot,3,15,11,12,7,11,47,4,730,9600,11800,7,8,1,3,180,40499067,12367,15446100,4838399,15000,13460
ES Club 324,4,058d9ba1-b321-4d19-825b-24e8496fc354,SocialBot_324,ES,Europe/Warsaw,SocialBot,3,15,7,10,11,9,39,2,460,6100,7400,7,10,1,5,189,18631298,15513,9730800,3744633,15000,12600
ES Club 334,4,850b5fa2-b621-4929-8c0a-b770d358e4b4,YouthFocusedBot_334,ES,Europe/Madrid,YouthFocusedBot,3,15,4,6,15,9,27,4,730,9500,11800,6,7,4,5,193,40377564,1463,15415540,5494687,21300,20600
ES Club 54,4,6c8267d4-9ca5-4085-ba61-1012fc29b3bb,SocialBot_54,ES,Europe/Warsaw,SocialBot,3,15,2,9,7,14,41,2,460,6000,7600,9,9,6,1,176,21524996,8451,9756800,4366535,15000,11400
FR Club 322,4,008bec1c-9f84-4672-972d-467b38a59f97,YouthFocusedBot_322,FR,Europe/Madrid,YouthFocusedBot,3,15,8,11,10,9,42,3,590,7850,9800,6,9,6,5,184,34541161,320,12649130,3384201,21700,22700
FR Club 332,4,4fbfa595-58dd-49e7-b4f4-c12f94dd7399,ConservativeBot_332,FR,Europe/Paris,ConservativeBot,3,15,5,6,10,14,32,1,330,4250,5300,5,7,4,5,168,6417185,17453,6932580,6036556,15000,13400
FR Club 82,4,c6df28d8-1bf8-4dde-9c82-0b6372716413,YouthFocusedBot_82,FR,Europe/Madrid,YouthFocusedBot,3,15,16,8,9,13,37,1,330,4250,5400,5,10,4,6,165,9337409,146,6943730,5420887,21700,23000
IT Club 323,4,c8ef78ca-9653-420e-9514-703d0848a682,LadderGrinderBot_323,IT,Europe/Amsterdam,LadderGrinderBot,3,15,15,9,8,13,40,3,600,7750,9700,7,10,3,3,175,31644849,12641,12594610,2267488,15000,14060
IT Club 333,4,ac195968-75a3-47b8-b7c4-5c8db15b7443,AggressiveTraderBot_333,IT,Europe/Rome,AggressiveTraderBot,3,15,13,15,6,9,54,2,470,6200,7400,2,6,5,4,179,6878374,405,9930030,9609282,22600,23800
IT Club 93,4,06cdf872-b9ab-4e31-bc56-7fe198747b80,AggressiveTraderBot_93,IT,Europe/Rome,AggressiveTraderBot,3,15,3,15,6,9,54,2,460,6000,7500,4,9,4,3,188,10001786,210,9720600,8469399,22100,22000
PL Club 336,4,547fa7e4-f89e-4f59-a3a9-b370438df4e3,SocialBot_336,PL,Europe/Warsaw,SocialBot,3,15,1,7,9,14,35,2,470,6200,7400,6,6,6,6,167,21979020,16665,9946980,2620012,15000,12200
PL Club 6,4,ccb109de-ae0a-4c61-8908-682679edb582,SocialBot_6,PL,Europe/Warsaw,SocialBot,3,15,6,10,6,14,44,3,610,7750,9600,6,7,2,3,166,43489878,12057,12667210,4799710,15000,14680
CH Club 78,5,60be413e-022e-4268-8258-e2194f43454e,SocialBot_78,CH,Europe/Warsaw,SocialBot,1,1,6,4,11,15,27,4,730,9500,12000,6,9,2,5,233,96325614,13825,25327900,4908564,15000,14880
DE Club 1,5,c4352b81-1f7e-499c-89c0-9cba713e88d6,NewManagerBot_1,DE,Europe/Berlin,NewManagerBot,1,1,11,11,11,8,41,1,330,4250,5400,8,8,5,6,236,34890529,9686,11412480,4671719,15000,14000
DE Club 31,5,6ad35c8c-cfdc-47d9-81ec-da8f25a09138,NewManagerBot_31,DE,Europe/Berlin,NewManagerBot,1,1,14,12,8,10,46,4,720,9600,11900,6,7,6,5,225,90282304,16944,25302730,4476451,15000,13480
DE Club 61,5,ab2e3ad3-cf83-422e-8ff6-9df1784e3d15,NewManagerBot_61,DE,Europe/Berlin,NewManagerBot,1,1,12,11,11,8,41,4,730,9500,12000,6,8,5,5,235,92162557,10413,25366780,5604144,15000,15680
ES Club 134,5,5c8a1607-1688-40dc-922b-9eb09c33893d,ConservativeBot_134,ES,Europe/Paris,ConservativeBot,1,1,16,8,10,12,36,2,460,6000,7500,4,11,4,5,229,37838749,17490,15941550,5353177,15000,14920
FR Club 292,5,d6644096-93e9-4409-a37d-40fe2821e7ad,YouthFocusedBot_292,FR,Europe/Madrid,YouthFocusedBot,1,1,5,11,4,15,48,1,330,4250,5300,2,8,5,6,231,26220901,908,11367700,6322463,21600,22200
FR Club 92,5,deb7446a-622e-4d65-be4a-05788e9559f6,ConservativeBot_92,FR,Europe/Paris,ConservativeBot,1,1,15,10,8,12,42,2,460,6000,7800,6,7,5,4,234,55149108,12689,16119100,2787348,15000,13080
IT Club 53,5,d62fac56-1029-4f52-96f0-afda254d62bd,LadderGrinderBot_53,IT,Europe/Amsterdam,LadderGrinderBot,1,1,8,7,12,11,32,4,720,9500,11900,6,9,4,3,228,91378483,13000,25162500,4633873,15000,14680
NL Club 15,5,66ae8f2e-8ac4-4b98-8460-ffeaeb99340d,AggressiveTraderBot_15,NL,Europe/Rome,AggressiveTraderBot,1,1,13,8,12,10,34,1,330,4250,5300,5,9,4,5,215,18148944,1217,11349150,7491178,22100,21300
NL Club 195,5,c060f2b9-e0be-4fab-a4d5-e6864530bd71,AggressiveTraderBot_195,NL,Europe/Rome,AggressiveTraderBot,1,1,1,12,9,9,45,4,730,9600,11900,6,9,5,1,236,62402402,279,25392700,6406687,21900,21900
NL Club 5,5,a662f6ad-98fd-4a61-aaea-a0dc2437d9ea,LadderGrinderBot_5,NL,Europe/Amsterdam,LadderGrinderBot,1,1,10,8,13,9,33,2,470,6000,7400,7,8,6,3,236,58431474,15646,16050780,7862406,15000,14060
NL Club 65,5,e1c26246-8404-4632-9dab-aade113a28eb,LadderGrinderBot_65,NL,Europe/Amsterdam,LadderGrinderBot,1,1,7,12,7,11,47,1,350,4250,5200,6,6,3,5,230,30525122,17221,11569670,4600327,15000,13800
PL Club 186,5,80f87715-d81f-4704-9b92-0f262de5aa52,SocialBot_186,PL,Europe/Warsaw,SocialBot,1,1,3,8,11,11,35,2,460,6100,7700,7,10,3,7,228,31404089,10255,16152250,4892626,15000,12800
PL Club 326,5,2052b1a0-fb68-4752-9fad-a0d695a68628,ConservativeBot_326,PL,Europe/Paris,ConservativeBot,1,1,2,9,12,9,36,4,720,9600,12000,4,8,4,4,231,75636262,19535,25327500,3852514,15000,11000
PL Club 76,5,ce73b2b1-9524-46ff-87e0-ee5423995657,YouthFocusedBot_76,PL,Europe/Madrid,YouthFocusedBot,1,1,4,11,8,11,44,4,720,9600,12000,3,9,5,6,234,80763956,-127,25335130,4293055,21300,23400
PT Club 30,5,f62dc6ea-9823-4457-8131-87240bfd98eb,SocialBot_30,PT,Europe/Warsaw,SocialBot,1,1,9,13,8,9,48,3,590,8150,9600,7,10,2,3,235,62644716,16746,20885000,5152728,15000,10800
AT Club 217,5,e0326af1-b314-4d98-9e91-42e35aaee33d,NewManagerBot_217,AT,Europe/Berlin,NewManagerBot,2,1,3,11,11,8,41,2,460,6100,7600,6,9,5,6,237,31254280,15157,12643050,4864978,15000,10800
BE Club 149,5,5c2c6a66-57ac-498b-bc72-22c94ceb72c0,LadderGrinderBot_149,BE,Europe/Amsterdam,LadderGrinderBot,2,1,16,12,9,9,45,2,470,6000,7500,8,9,4,2,236,37203780,12537,12591500,4478118,15000,13440
BE Club 209,5,ad27e825-0edb-4922-b7c0-610ff60581e4,LadderGrinderBot_209,BE,Europe/Amsterdam,LadderGrinderBot,2,1,13,8,11,11,35,2,460,6000,7700,5,8,6,4,233,34605144,12911,12601430,6756433,15000,15100
CH Club 128,5,bc14cf8f-78a7-4317-85fe-85b18d67f9b6,ConservativeBot_128,CH,Europe/Paris,ConservativeBot,2,1,5,3,10,17,26,3,590,7950,9800,5,6,5,5,201,41863331,19089,16347630,7017874,15000,12000
DE Club 21,5,00f6fdb6-a2a1-40b2-a8dc-bbbfd111ed89,AggressiveTraderBot_21,DE,Europe/Rome,AggressiveTraderBot,2,1,10,11,11,8,41,3,600,7850,9700,3,7,2,2,228,45588415,1408,16293000,4247159,22500,22300
ES Club 104,5,72bd9a26-2e8d-480e-923d-7596f6d7f0f4,ConservativeBot_104,ES,Europe/Paris,ConservativeBot,2,1,11,13,5,12,51,2,460,6100,7400,9,10,5,5,215,33481128,10416,12547980,4592567,15000,13820
ES Club 124,5,2ee52a8c-67ce-4898-a8c0-76a6418d21d0,YouthFocusedBot_124,ES,Europe/Madrid,YouthFocusedBot,2,1,4,11,11,8,41,3,590,7850,9700,5,10,6,3,221,36920082,258,16205900,7306615,21700,22600
ES Club 14,5,8b3acb80-1554-4a27-aa02-46fb3057deae,ConservativeBot_14,ES,Europe/Paris,ConservativeBot,2,1,9,11,11,8,41,3,590,7850,9900,8,10,5,5,238,65585165,12552,16277030,3741921,15000,13440
ES Club 94,5,4aa1ccda-3a1d-4a25-a762-49aff917ed9b,YouthFocusedBot_94,ES,Europe/Madrid,YouthFocusedBot,2,1,7,9,11,10,37,3,590,7750,9900,3,9,4,4,216,59454980,1590,16198430,5142872,21300,20500
FR Club 122,5,7313cd66-e9c4-4710-a0ac-2423670ab347,ConservativeBot_122,FR,Europe/Paris,ConservativeBot,2,1,15,9,12,9,36,2,460,6100,7600,6,8,4,3,236,32385541,16524,12630500,4688728,15000,14280
FR Club 132,5,205ec8dd-1081-4b46-9932-30787b94390e,SocialBot_132,FR,Europe/Warsaw,SocialBot,2,1,12,5,13,12,27,3,600,7750,9700,5,7,4,7,238,50609608,14940,16242320,4320383,15000,14300
IT Club 13,5,4b5d9e92-69e7-4e2a-827d-96be5393e740,NewManagerBot_13,IT,Europe/Berlin,NewManagerBot,2,1,8,11,9,10,43,3,600,7750,9800,5,10,6,4,238,56221869,12877,16271150,5446459,15000,14900
IT Club 143,5,a76986a8-37f4-48c8-b95e-8207314d2b86,LadderGrinderBot_143,IT,Europe/Amsterdam,LadderGrinderBot,2,1,6,10,3,17,47,1,330,4550,5300,3,8,4,5,227,16288488,16243,9141380,4699927,15000,13940
IT Club 23,5,36b04951-ec86-4657-8847-b76a079db506,LadderGrinderBot_23,IT,Europe/Amsterdam,LadderGrinderBot,2,1,14,11,8,11,44,2,460,6100,7600,8,9,4,6,217,38372213,15673,12629880,3603077,15000,11000
IT Club 63,5,e40c8e5f-6802-45ea-a6ba-f4d271c91904,AggressiveTraderBot_63,IT,Europe/Rome,AggressiveTraderBot,2,1,1,6,9,15,33,3,590,7750,9900,4,9,7,4,237,38500083,383,16223880,7949932,22600,23500
PL Club 226,5,b63b1bdf-cd28-4a5c-a677-f48ff2336887,YouthFocusedBot_226,PL,Europe/Madrid,YouthFocusedBot,2,1,2,9,6,15,42,2,460,6100,7500,6,8,4,6,234,28730437,591,12603450,4953811,21300,21000
BE Club 279,5,066eabed-4679-4ade-8d76-9913e91fded9,AggressiveTraderBot_279,BE,Europe/Rome,AggressiveTraderBot,2,2,2,9,9,12,39,1,340,4250,5300,5,10,2,1,236,2897899,539,8957870,6875616,22600,23100
BE Club 39,5,bc3e1ffa-a7c5-4453-a010-a40c2e5624a4,AggressiveTraderBot_39,BE,Europe/Rome,AggressiveTraderBot,2,2,16,30,0,0,90,4,730,9500,11900,2,7,6,1,239,77279128,15,19848030,6294609,22500,22300
BE Club 79,5,050eab06-a8b8-44b4-b7bd-978fb2972ef7,NewManagerBot_79,BE,Europe/Berlin,NewManagerBot,2,2,7,12,12,6,42,2,460,6100,7400,4,9,4,3,210,25686314,16354,12538650,5028716,15000,12720
CH Club 148,5,e8de3063-9c5f-45ba-a477-473c7f9d2f1f,YouthFocusedBot_148,CH,Europe/Madrid,YouthFocusedBot,2,2,15,0,30,0,0,1,330,4250,5600,3,7,5,3,207,15833047,53,9029750,4148889,21700,22800
CH Club 158,5,dba3e857-0f27-467a-be50-c17b79e0ec65,ConservativeBot_158,CH,Europe/Paris,ConservativeBot,2,2,13,12,5,13,49,4,730,9600,12000,5,8,4,4,231,65444710,13957,19954670,3266730,15000,11600
CH Club 188,5,0b899502-7cbb-4eb8-83eb-46db4b9bbe71,ConservativeBot_188,CH,Europe/Paris,ConservativeBot,2,2,4,7,10,13,34,1,330,4250,5400,3,9,3,5,223,9059828,18273,8929550,7246626,15000,13940
DE Club 11,5,a3d40f57-d6ad-4b1a-b7de-2b0475cada0d,LadderGrinderBot_11,DE,Europe/Amsterdam,LadderGrinderBot,2,2,14,5,12,13,28,4,730,9500,12000,6,9,5,4,225,78429840,13841,19883480,6595130,15000,12200
DE Club 161,5,724b6093-c959-483a-9e1f-31d5fecc9162,LadderGrinderBot_161,DE,Europe/Amsterdam,LadderGrinderBot,2,2,9,9,13,8,35,4,720,9700,11900,4,12,5,6,217,53820712,15483,19884150,6480688,15000,13920
ES Club 24,5,9e342374-8609-4a0e-8b3c-38f074072dfd,SocialBot_24,ES,Europe/Warsaw,SocialBot,2,2,6,0,27,3,3,1,330,4350,5400,7,9,4,4,197,17214677,9881,9005250,4852571,15000,13260
ES Club 44,5,2de1f101-2294-4ec7-bfa3-c5bdbaca453d,ConservativeBot_44,ES,Europe/Paris,ConservativeBot,2,2,1,9,9,12,39,2,460,6200,7500,8,10,4,5,228,35315085,19154,12657330,3932855,15000,11200
FR Club 172,5,e72f24b6-7ab5-4d0e-aa4d-2ea29b171b82,YouthFocusedBot_172,FR,Europe/Madrid,YouthFocusedBot,2,2,10,13,9,8,47,1,330,4350,5400,5,9,2,5,225,16397502,1071,8994950,3463646,21700,21100
FR Club 2,5,d7d3e20a-8306-409e-b6de-ae08adecd752,ConservativeBot_2,FR,Europe/Paris,ConservativeBot,2,2,8,12,12,6,42,1,330,4550,5300,6,12,4,4,218,24580856,12944,9114800,5463970,15000,13880
NL Club 135,5,38443355-2c1c-4a4e-814d-b0fee917c753,AggressiveTraderBot_135,NL,Europe/Rome,AggressiveTraderBot,2,2,11,0,25,5,5,2,460,6200,7400,2,8,4,5,199,28174819,1093,12633180,6503957,22300,22900
NL Club 175,5,9e2dbcff-f250-428a-a497-2579eaad4bbb,NewManagerBot_175,NL,Europe/Berlin,NewManagerBot,2,2,3,10,7,13,43,1,330,4450,5300,7,7,4,2,230,17595828,16452,9053130,4500166,15000,10800
NL Club 185,5,fcec7403-56e0-4cd8-8dd1-a8bb20d39472,LadderGrinderBot_185,NL,Europe/Amsterdam,LadderGrinderBot,2,2,5,27,0,3,84,2,460,6000,7500,7,9,6,6,227,24492891,14349,12524780,6566514,15000,11800
PT Club 180,5,ae58b792-f6ce-4937-9ec1-7798eba68e69,SocialBot_180,PT,Europe/Warsaw,SocialBot,2,2,12,25,0,5,80,2,460,6000,7500,7,8,4,8,236,37673668,15393,12525350,4801215,15000,10800
AT Club 47,5,3d798a50-1e8e-4633-b4e3-e034e3f3f967,LadderGrinderBot_47,AT,Europe/Amsterdam,LadderGrinderBot,2,3,1,11,11,8,41,3,590,7750,9900,4,10,4,4,226,51556322,15388,16190930,6281793,15000,15120
AT Club 57,5,cdcabf4f-833f-48bf-845c-863511efb2a4,AggressiveTraderBot_57,AT,Europe/Rome,AggressiveTraderBot,2,3,12,11,12,7,40,3,590,7850,9900,3,9,5,6,220,46504006,1544,16289030,8464214,22600,21300
BE Club 179,5,c1cebfc9-532e-40f4-82c6-9349c429bcec,LadderGrinderBot_179,BE,Europe/Amsterdam,LadderGrinderBot,2,3,2,11,11,8,41,2,460,6000,7500,9,10,5,3,232,34246223,14042,12504900,2735974,15000,11800
BE Club 19,5,ae8c2222-89be-4d68-896d-d63a3ce6914a,NewManagerBot_19,BE,Europe/Berlin,NewManagerBot,2,3,15,11,10,9,42,1,330,4250,5200,6,6,5,5,215,25845637,19430,8891700,3762089,15000,12800
BE Club 219,5,11b113fe-aa84-4d84-868d-b16a13592b66,AggressiveTraderBot_219,BE,Europe/Rome,AggressiveTraderBot,2,3,10,12,9,9,45,2,460,6100,7700,4,8,5,6,215,23640298,142,12690830,5707928,22300,23200
BE Club 229,5,87b6b924-e37a-475e-9a97-8967b16211ca,NewManagerBot_229,BE,Europe/Berlin,NewManagerBot,2,3,4,15,8,7,52,2,470,6000,7400,6,8,3,5,226,27544565,11481,12568830,4045235,15000,12280
CH Club 228,5,9614f347-1916-45e7-95c9-43bf04e23284,SocialBot_228,CH,Europe/Warsaw,SocialBot,2,3,8,5,12,13,28,4,720,9600,11800,5,6,4,4,215,60580424,15736,19799700,3868718,15000,12000
DE Club 201,5,296cf1c9-5fa8-4e58-916b-b920c77a1c34,AggressiveTraderBot_201,DE,Europe/Rome,AggressiveTraderBot,2,3,5,10,13,7,37,3,590,7850,9800,5,10,5,6,222,29947884,547,16251330,9490251,22300,22000
FR Club 212,5,d6049ac0-45fc-408d-8ed1-62be0039ed2d,ConservativeBot_212,FR,Europe/Paris,ConservativeBot,2,3,6,13,10,7,46,1,330,4550,5200,4,7,5,5,224,10550048,17726,9127200,3859366,15000,13320
IT Club 193,5,e3c5b140-56f3-4708-b136-7f7ab0a3705b,NewManagerBot_193,IT,Europe/Berlin,NewManagerBot,2,3,13,7,16,7,28,2,460,6100,7400,5,6,5,4,226,38404612,16417,12573750,4797568,15000,11800
NL Club 215,5,d13bb404-ed3e-4983-804a-ee7f9552736e,LadderGrinderBot_215,NL,Europe/Amsterdam,LadderGrinderBot,2,3,14,16,7,7,55,1,330,4450,5200,5,10,5,5,220,8943007,14079,9020580,4885489,15000,11200
PL Club 196,5,4869a90a-1243-45a7-86eb-bc8d9a148363,YouthFocusedBot_196,PL,Europe/Madrid,YouthFocusedBot,2,3,7,12,5,13,49,2,460,6100,7500,3,5,1,3,225,30516355,987,12583350,3049518,21900,21800
PL Club 236,5,25215cf6-7a90-459c-8736-014dae6827e1,ConservativeBot_236,PL,Europe/Paris,ConservativeBot,2,3,9,9,12,9,36,3,590,7850,9800,6,7,5,6,220,54310035,14777,16264880,3506530,15000,13880
PL Club 56,5,bf2c47e6-76b3-42cd-b86e-a8e479e60804,ConservativeBot_56,PL,Europe/Paris,ConservativeBot,2,3,11,12,11,7,43,3,600,7750,9800,5,7,3,5,204,57630865,13870,16271450,4707498,15000,14900
PL Club 86,5,e1abc38d-aa6c-4f3c-b826-7fab58373e1f,ConservativeBot_86,PL,Europe/Paris,ConservativeBot,2,3,16,10,11,9,39,1,330,4250,5200,5,5,5,4,233,25340718,20390,8887200,4717383,15000,11600
PT Club 230,5,2ec21bac-1f72-4504-8d74-e38dde7a5e88,ConservativeBot_230,PT,Europe/Paris,ConservativeBot,2,3,3,8,15,7,31,3,590,7950,9700,5,7,2,3,230,49698883,11946,16267950,5371479,15000,13900
AT Club 277,5,1e1139dc-0372-444a-beff-d52fc52a6be8,NewManagerBot_277,AT,Europe/Berlin,NewManagerBot,2,4,3,12,9,9,45,2,470,6000,7500,5,10,3,5,212,30158558,13244,12600600,5275688,15000,13500
AT Club 67,5,611ce365-1847-4d8e-8c43-9d9c8dd1fb74,NewManagerBot_67,AT,Europe/Berlin,NewManagerBot,2,4,10,9,13,8,35,2,460,6100,7500,8,9,7,5,217,41287238,14748,12615630,3959979,15000,12600
AT Club 77,5,a09cbe08-d33b-492c-8eac-8a985fe5293b,LadderGrinderBot_77,AT,Europe/Amsterdam,LadderGrinderBot,2,4,7,7,10,13,34,3,590,7850,9800,5,8,3,5,219,56674006,18577,16235430,4701953,15000,10800
CH Club 258,5,06f91eed-dd89-49a1-ba61-5e422468d5e4,SocialBot_258,CH,Europe/Warsaw,SocialBot,2,4,1,11,10,9,42,2,470,6100,7500,8,10,4,5,238,24860054,13312,12686580,3891385,15000,13240
CH Club 278,5,82195ca3-330f-4efe-a58b-2604bbc022d3,ConservativeBot_278,CH,Europe/Paris,ConservativeBot,2,4,14,11,12,7,40,2,460,6100,7500,6,7,4,2,224,34902431,17012,12595800,5266350,15000,14880
DE Club 251,5,03dbbe39-1400-4442-9cca-64f451eeb9ea,LadderGrinderBot_251,DE,Europe/Amsterdam,LadderGrinderBot,2,4,15,22,4,4,70,2,460,6000,7500,4,7,5,6,233,24103381,18132,12533130,6332957,15000,11800
DE Club 271,5,7582aca5-6e27-44c7-922c-304c8637037f,NewManagerBot_271,DE,Europe/Berlin,NewManagerBot,2,4,13,12,11,7,43,4,720,9700,11900,6,8,4,5,230,59233406,14211,19906230,4975150,15000,13280
ES Club 264,5,45fa72ac-91e2-4882-8137-ff626d22ae1a,SocialBot_264,ES,Europe/Warsaw,SocialBot,2,4,6,14,10,6,48,4,720,9500,12100,5,9,4,7,218,54149354,13456,19817480,4209122,15000,13900
FR Club 272,5,a60e7403-d1a2-451f-9b36-6c8c85e1d78c,ConservativeBot_272,FR,Europe/Paris,ConservativeBot,2,4,8,10,7,13,43,3,590,7850,9700,5,8,3,7,210,42132831,13028,16215480,4834138,15000,14100
FR Club 72,5,6eb1e349-53a1-43a2-82a9-8bcd0ced166c,SocialBot_72,FR,Europe/Warsaw,SocialBot,2,4,11,7,13,10,31,3,600,7750,9600,5,7,5,4,221,56590359,21184,16201080,3501588,15000,12700
IT Club 173,5,159887e1-97be-479a-9c8f-3103bf6b079a,LadderGrinderBot_173,IT,Europe/Amsterdam,LadderGrinderBot,2,4,5,10,14,6,36,1,330,4350,5500,6,11,6,6,207,14425535,13830,9063080,5913869,15000,13880
IT Club 243,5,57eeb85d-9fd3-4c86-bc74-881bb0616ec0,AggressiveTraderBot_243,IT,Europe/Rome,AggressiveTraderBot,2,4,12,13,7,10,49,2,470,6100,7400,6,8,6,3,212,20834778,589,12669470,6694637,22200,22100
IT Club 253,5,25a12e17-2ad9-49a3-89f4-ce70388c9308,NewManagerBot_253,IT,Europe/Berlin,NewManagerBot,2,4,4,9,12,9,36,1,330,4250,5300,8,11,5,3,225,13338380,15080,8882480,4292765,15000,14440
IT Club 283,5,6310b124-ddd3-4abe-be26-62a8ec6c5d55,NewManagerBot_283,IT,Europe/Berlin,NewManagerBot,2,4,9,13,9,8,47,2,460,6100,7600,5,10,2,3,236,28811168,10483,12593100,7704273,15000,14100
NL Club 145,5,e75ee1c8-dc6c-4103-ab66-7fab1c96e63c,NewManagerBot_145,NL,Europe/Berlin,NewManagerBot,2,4,2,10,11,9,39,3,590,7750,9700,5,9,3,4,239,46134631,16262,16105100,3922818,15000,12300
PT Club 10,5,32c764f6-e8ba-4537-8e82-630aedd6593d,YouthFocusedBot_10,PT,Europe/Madrid,YouthFocusedBot,2,4,16,4,22,4,16,3,590,7950,9700,6,8,1,6,208,66429091,1142,16267400,7207993,22000,21200
AT Club 207,5,7932b925-6a12-4918-b062-d38b8b5151a4,AggressiveTraderBot_207,AT,Europe/Rome,AggressiveTraderBot,2,5,1,10,8,12,42,2,460,6100,7600,6,7,4,6,234,18386463,1323,12643850,5809167,22400,20900
AT Club 297,5,27238e0c-a795-4c29-860e-713a1481a2cc,AggressiveTraderBot_297,AT,Europe/Rome,AggressiveTraderBot,2,5,11,9,10,11,38,4,720,9600,12000,6,9,6,3,225,49502646,913,19856700,8849812,22600,22600
AT Club 87,5,e7ee539b-b81c-457f-a4bc-963b97e6fd1c,AggressiveTraderBot_87,AT,Europe/Rome,AggressiveTraderBot,2,5,10,12,9,9,45,2,460,6100,7500,3,8,4,7,208,24326555,461,12603150,8188121,22200,22000
BE Club 299,5,9c2a7844-e1f6-47b5-94ea-a78914f3e64e,LadderGrinderBot_299,BE,Europe/Amsterdam,LadderGrinderBot,2,5,14,7,13,10,31,1,330,4250,5300,5,6,4,5,224,20153168,15105,8922600,6121167,15000,14700
CH Club 218,5,63ef6e6c-901c-46d8-8fe3-694ec8c18275,ConservativeBot_218,CH,Europe/Paris,ConservativeBot,2,5,16,10,16,4,34,4,720,9700,11900,7,9,3,5,229,70540136,15968,19893600,6622407,15000,12800
ES Club 84,5,dc1e25b8-c625-4f27-81da-67d2b8ba9507,SocialBot_84,ES,Europe/Warsaw,SocialBot,2,5,15,16,10,4,52,4,720,9500,11800,10,12,4,7,214,71806538,7419,19686930,4514672,15000,14800
FR Club 312,5,890628ae-5d85-4efa-8100-7fec7763dce5,SocialBot_312,FR,Europe/Warsaw,SocialBot,2,5,7,26,0,4,82,4,720,9700,11800,5,5,5,3,239,63299225,19891,19881330,6426149,15000,11400
IT Club 333,5,ac195968-75a3-47b8-b7c4-5c8db15b7443,AggressiveTraderBot_333,IT,Europe/Rome,AggressiveTraderBot,2,5,6,11,7,12,45,2,470,6200,7500,2,7,5,5,209,10331138,1505,12799850,9347086,21800,20700
IT Club 93,5,06cdf872-b9ab-4e31-bc56-7fe198747b80,AggressiveTraderBot_93,IT,Europe/Rome,AggressiveTraderBot,2,5,5,7,11,12,33,2,460,6000,7500,4,9,4,3,218,14333421,810,12496800,8165165,22500,21900
NL Club 315,5,cdac6461-18e6-4ea7-96ea-fc23ca7f1516,AggressiveTraderBot_315,NL,Europe/Rome,AggressiveTraderBot,2,5,8,0,26,4,4,1,330,4250,5200,3,7,1,2,207,1615581,700,8830800,7040465,19200,20300
NL Club 335,5,b4f60935-4474-4a59-b671-1d2dd1587f6d,LadderGrinderBot_335,NL,Europe/Amsterdam,LadderGrinderBot,2,5,12,10,9,11,41,2,460,6000,7500,4,11,4,4,206,35194522,15886,12493800,5078679,15000,16120
NL Club 85,5,704c9670-99e6-42ee-820e-3cf20369bec1,NewManagerBot_85,NL,Europe/Berlin,NewManagerBot,2,5,2,8,10,12,36,2,460,6100,7500,6,7,5,7,238,37013553,18282,12618480,3615830,15000,11400
NL Club 95,5,1aad108e-69ce-4f6f-8f02-db5ddf2e8e52,LadderGrinderBot_95,NL,Europe/Amsterdam,LadderGrinderBot,2,5,9,9,12,9,36,4,720,9500,12000,6,7,3,6,210,67892936,12601,19788800,3686844,15000,13880
PT Club 310,5,fe5a44a9-ce25-4b0c-805f-aa58fad6f508,YouthFocusedBot_310,PT,Europe/Madrid,YouthFocusedBot,2,5,4,6,11,13,31,2,480,6100,7400,6,11,4,6,209,29106686,634,12747480,4260728,21700,21800
PT Club 330,5,e683404b-44f6-40a7-a72b-f0ea46397232,SocialBot_330,PT,Europe/Warsaw,SocialBot,2,5,3,11,6,13,46,3,610,7750,9700,5,11,3,3,223,51757894,10519,16296620,4309158,15000,14100
PT Club 90,5,abd77e3b-565e-4a11-8f39-54f034800296,SocialBot_90,PT,Europe/Warsaw,SocialBot,2,5,13,13,7,10,49,4,720,9600,11900,8,9,7,3,213,63197646,10210,19832880,6210060,15000,15640
AT Club 107,5,b8cbcad1-6155-4e67-bb28-3941ecf4f0bc,LadderGrinderBot_107,AT,Europe/Amsterdam,LadderGrinderBot,3,1,6,13,12,5,44,1,330,4450,5300,4,9,3,6,218,12388466,16864,7046630,4878185,15000,14720
AT Club 97,5,618ea146-3ba0-4ae0-b788-e4dafedba22b,NewManagerBot_97,AT,Europe/Berlin,NewManagerBot,3,1,3,15,7,8,53,2,460,6000,7700,5,12,5,3,210,26632201,18770,9772430,3345723,15000,12400
BE Club 109,5,585a27c8-a1a4-461b-8a09-9e95f6342f27,NewManagerBot_109,BE,Europe/Berlin,NewManagerBot,3,1,15,9,12,9,36,2,460,6100,7400,7,7,2,3,208,27461644,14202,9752250,3452162,15000,13200
BE Club 99,5,133ca065-3a25-49f7-9432-74ac3d3c0a4c,AggressiveTraderBot_99,BE,Europe/Rome,AggressiveTraderBot,3,1,12,11,10,9,42,3,600,7950,9700,4,7,6,3,199,28308501,401,12774640,8878827,22800,23500
CH Club 108,5,2b027f11-de59-420a-b7d0-ef5d314a04fa,SocialBot_108,CH,Europe/Warsaw,SocialBot,3,1,2,11,12,7,40,1,330,4450,5400,5,6,5,5,217,12622540,15855,7109580,4903910,15000,12900
DE Club 111,5,805596ae-c0b3-4c48-bba3-a6d4f8a1aa71,AggressiveTraderBot_111,DE,Europe/Rome,AggressiveTraderBot,3,1,16,12,9,9,45,3,590,8150,9600,4,8,4,7,198,26075794,1526,12777450,7255854,22000,20300
FR Club 112,5,a15b6a0b-37cb-4a21-ae23-4b81fd31f3b6,YouthFocusedBot_112,FR,Europe/Madrid,YouthFocusedBot,3,1,4,7,15,8,29,2,460,6100,7700,3,9,4,1,210,23760100,513,9832500,7024494,21600,21600
FR Club 52,5,64c2c870-4cd1-4757-a3a5-44b6c9811f67,YouthFocusedBot_52,FR,Europe/Madrid,YouthFocusedBot,3,1,5,12,13,5,41,1,330,4550,5300,6,9,6,6,215,12855839,774,7132830,5459975,21800,21500
IT Club 103,5,60f61091-88a8-41c4-8e14-7f15e8d04cfc,NewManagerBot_103,IT,Europe/Berlin,NewManagerBot,3,1,7,13,7,10,49,4,720,9600,12000,5,8,3,4,220,53585673,17575,15446100,6124759,15000,11200
IT Club 123,5,abd03c1f-5074-48bf-a143-bd17d4591bea,AggressiveTraderBot_123,IT,Europe/Rome,AggressiveTraderBot,3,1,9,9,13,8,35,3,600,7750,9800,6,8,5,2,236,37203042,39,12660350,6489057,22700,23100
NL Club 115,5,93ce46a1-63e0-4b09-9eda-9aac2e3dc1e6,NewManagerBot_115,NL,Europe/Berlin,NewManagerBot,3,1,13,29,0,1,88,1,330,4450,5300,7,8,3,6,239,9766204,12711,7053150,5842062,15000,10600
PL Club 106,5,4e4c2586-f2ba-40ab-9ac3-3378ba751f49,YouthFocusedBot_106,PL,Europe/Madrid,YouthFocusedBot,3,1,10,13,9,8,47,4,720,9500,11900,3,10,1,3,212,56294387,-83,15312000,2652786,21800,23400
PL Club 136,5,70f861f6-8a3e-42c4-8761-6ac90a75e15b,YouthFocusedBot_136,PL,Europe/Madrid,YouthFocusedBot,3,1,8,7,13,10,31,1,340,4250,5400,2,6,5,3,204,12163231,444,7049150,4566686,22200,23600
PT Club 100,5,8f2ff8e9-cfad-4c42-acf9-23f4ace61979,YouthFocusedBot_100,PT,Europe/Madrid,YouthFocusedBot,3,1,11,10,11,9,39,3,590,7850,9700,3,9,4,3,212,40727870,581,12601700,4126897,21500,22100
PT Club 110,5,18c26668-2250-45ff-bd3f-841825eff91c,ConservativeBot_110,PT,Europe/Paris,ConservativeBot,3,1,1,12,11,7,43,1,330,4450,5200,7,8,3,1,224,11030319,15544,6995400,2293285,15000,13260
PT Club 190,5,d557eb61-328b-455a-ac12-bdf7160c3c0a,YouthFocusedBot_190,PT,Europe/Madrid,YouthFocusedBot,3,1,14,0,29,1,1,1,330,4250,5300,2,5,4,4,200,19087545,11,6943230,4650040,21600,21900
AT Club 117,5,e6ca718d-1ead-4b7e-a9ac-c0ca863c7f73,AggressiveTraderBot_117,AT,Europe/Rome,AggressiveTraderBot,3,2,9,10,6,14,44,2,460,6000,7600,4,12,4,8,217,10209812,377,9756950,7765444,23100,24100
AT Club 127,5,d8a4463c-3898-4480-9e43-1ed7f1346e27,NewManagerBot_127,AT,Europe/Berlin,NewManagerBot,3,2,15,9,8,13,40,3,590,7750,9900,5,10,7,7,195,34441490,17244,12634500,4591688,15000,12100
AT Club 17,5,7f52514d-1425-4197-b719-69243e46b753,LadderGrinderBot_17,AT,Europe/Amsterdam,LadderGrinderBot,3,2,12,13,10,7,46,2,460,6100,7700,5,7,3,4,216,30268076,17487,9852900,4265776,15000,14000
BE Club 119,5,01f3fc7b-ecc8-4da8-a134-205f5b0cc3be,LadderGrinderBot_119,BE,Europe/Amsterdam,LadderGrinderBot,3,2,13,15,4,11,56,2,460,6200,7600,9,11,2,4,214,21525439,9843,9855300,3952817,15000,16020
CH Club 118,5,7483179c-ed57-4cee-a179-14c5a6ba9c62,YouthFocusedBot_118,CH,Europe/Madrid,YouthFocusedBot,3,2,6,10,12,8,38,3,590,7950,9700,5,9,6,3,203,41620447,3,12680630,4105994,21700,22100
CH Club 98,5,30333bdd-d11e-4e52-986b-c6fbd073b7a1,ConservativeBot_98,CH,Europe/Paris,ConservativeBot,3,2,10,6,10,14,32,2,460,6100,7700,6,7,3,4,214,32439194,14576,9853850,3256503,15000,12200
DE Club 121,5,1b250786-6d20-48be-abfc-65bb8adb920a,NewManagerBot_121,DE,Europe/Berlin,NewManagerBot,3,2,2,13,7,10,49,2,460,6100,7700,8,10,5,1,224,24246756,12878,9841700,4355445,15000,14640
DE Club 51,5,348cf306-9bd1-412e-a9f9-2271d6198998,AggressiveTraderBot_51,DE,Europe/Rome,AggressiveTraderBot,3,2,8,27,0,3,84,4,730,9700,11800,3,8,3,2,229,51202340,-151,15515130,7092964,22400,23500
ES Club 114,5,f3c2e9c0-a82f-4e00-a062-05a6ec4fb90b,SocialBot_114,ES,Europe/Warsaw,SocialBot,3,2,5,12,10,8,44,1,330,4350,5300,7,8,5,5,227,18309999,13578,7003830,4283989,15000,11600
ES Club 194,5,937a9d70-1cc0-4113-8471-2351989b0165,ConservativeBot_194,ES,Europe/Paris,ConservativeBot,3,2,16,8,9,13,37,4,720,9500,12000,7,9,4,5,199,60337337,8279,15388880,5636409,15000,16060
IT Club 113,5,bb665cdd-dee0-487f-ace1-d75d7ebff188,LadderGrinderBot_113,IT,Europe/Amsterdam,LadderGrinderBot,3,2,1,7,13,10,31,1,330,4350,5400,6,7,3,3,233,12776311,16956,7016400,2682251,15000,10600
NL Club 125,5,20c0ee5d-34d1-4bc2-9c86-8e8b91513228,LadderGrinderBot_125,NL,Europe/Amsterdam,LadderGrinderBot,3,2,3,11,11,8,41,4,720,9700,11900,5,7,5,6,219,52807098,17460,15504030,6780862,15000,12700
NL Club 25,5,199d0dcf-02ce-4689-b524-4045b4b27001,NewManagerBot_25,NL,Europe/Berlin,NewManagerBot,3,2,14,4,15,11,23,1,340,4250,5300,8,8,5,3,199,14966375,17283,7004300,5322428,15000,12200
PL Club 116,5,47e4d6c7-4684-40ef-b555-2bf2bf45480b,ConservativeBot_116,PL,Europe/Paris,ConservativeBot,3,2,7,0,27,3,3,4,720,9600,11900,7,11,4,1,197,52517702,4871,15390300,5676454,15000,14460
PL Club 126,5,6311e709-b24e-4646-bc1b-16eb6e9a704c,SocialBot_126,PL,Europe/Warsaw,SocialBot,3,2,11,10,13,7,37,3,590,7750,9700,6,9,3,4,213,35211659,11081,12535950,3597127,15000,15680
PT Club 120,5,9e07ec54-6e86-4cb6-98b1-235b6a352569,SocialBot_120,PT,Europe/Warsaw,SocialBot,3,2,4,11,11,8,41,3,590,7750,9600,6,7,6,5,207,39040398,23438,12542250,2534939,15000,10000
AT Club 137,5,a2c2667c-93d8-4cee-835d-eb187ab094d2,LadderGrinderBot_137,AT,Europe/Amsterdam,LadderGrinderBot,3,3,15,11,11,8,41,4,720,9500,12000,7,7,2,4,198,51124062,16402,15376100,4320554,15000,11200
BE Club 129,5,7cdc5c78-c824-4981-ac60-c065a701c67b,AggressiveTraderBot_129,BE,Europe/Rome,AggressiveTraderBot,3,3,6,7,16,7,28,1,330,4350,5200,4,9,6,2,217,921588,483,6951330,9017578,22200,21900
BE Club 59,5,3ce2d0b5-9834-4f9d-aca0-2d05a4acfa32,LadderGrinderBot_59,BE,Europe/Amsterdam,LadderGrinderBot,3,3,1,28,0,2,86,2,480,6000,7400,4,6,2,5,238,34846599,18152,9864340,3375298,15000,11000
CH Club 138,5,492508a8-01fb-4638-a96f-6f75549dc1e0,SocialBot_138,CH,Europe/Warsaw,SocialBot,3,3,12,3,18,9,18,4,720,9600,11800,5,9,5,2,210,51245964,12141,15379980,6034484,15000,13700
CH Club 18,5,62619cd8-64ad-40dc-9339-cb65538bc836,SocialBot_18,CH,Europe/Warsaw,SocialBot,3,3,14,7,14,9,30,3,590,7850,9600,5,10,2,1,234,46368670,16994,12530400,3955096,15000,10600
DE Club 101,5,2cf51899-9887-42fc-903b-967ec3d1967a,LadderGrinderBot_101,DE,Europe/Amsterdam,LadderGrinderBot,3,3,10,9,12,9,36,3,590,7850,9800,8,11,6,5,222,43720596,11336,12642750,4021299,15000,13240
DE Club 131,5,cfde46e7-93d7-47c5-bd87-009d21bd1d4f,LadderGrinderBot_131,DE,Europe/Amsterdam,LadderGrinderBot,3,3,11,18,3,9,63,2,460,6000,7800,6,7,5,4,237,25497412,18888,9844430,4247252,15000,10400
DE Club 141,5,7e1cd9ae-3a02-4cdd-91cf-3f233a94490c,AggressiveTraderBot_141,DE,Europe/Rome,AggressiveTraderBot,3,3,2,0,28,2,2,4,720,9600,11800,6,11,6,3,196,44901349,-56,15378000,5113115,22300,22900
ES Club 144,5,b58e2ae3-cb5e-4291-8508-631ece4472c7,SocialBot_144,ES,Europe/Warsaw,SocialBot,3,3,13,14,7,9,51,2,460,6100,7600,6,9,5,3,227,26983554,19647,9829050,4070974,15000,12200
ES Club 4,5,85120ad2-7fa3-4217-8604-f29bf87884d3,YouthFocusedBot_4,ES,Europe/Madrid,YouthFocusedBot,3,3,16,11,11,8,41,4,720,9500,12100,2,9,5,3,205,69499311,13,15418130,6348212,21800,22900
FR Club 142,5,60096c04-5158-4a2f-8934-81a7b1f99149,YouthFocusedBot_142,FR,Europe/Madrid,YouthFocusedBot,3,3,4,15,7,8,53,2,480,6000,7400,2,11,1,3,219,22543842,40,9817360,4874676,21700,22300
FR Club 22,5,673d69b5-669c-4786-9e06-d7aa63e589c6,YouthFocusedBot_22,FR,Europe/Madrid,YouthFocusedBot,3,3,9,12,9,9,45,1,340,4350,5400,6,8,5,2,207,13568138,199,7099880,4963414,21800,22600
FR Club 62,5,f24edcd9-ec85-45dc-a843-7ffe73560a01,ConservativeBot_62,FR,Europe/Paris,ConservativeBot,3,3,8,10,10,10,40,2,460,6100,7600,7,8,7,2,199,28229706,11859,9847130,4460579,15000,13460
IT Club 133,5,964149c1-5c4d-4fc5-a66f-ed386181abe4,NewManagerBot_133,IT,Europe/Berlin,NewManagerBot,3,3,3,7,15,8,29,1,330,4250,5300,6,8,3,6,221,9376348,19767,6928250,4805524,15000,10600
PT Club 130,5,7145701e-f8bd-42d6-9d35-945927b2a810,YouthFocusedBot_130,PT,Europe/Madrid,YouthFocusedBot,3,3,5,16,7,7,55,2,460,6100,7400,4,6,3,2,234,25930580,790,9770850,2986533,21700,20900
PT Club 140,5,9694c29c-f247-42b8-8997-0f26d442b2e2,ConservativeBot_140,PT,Europe/Paris,ConservativeBot,3,3,7,10,10,10,40,2,470,6100,7500,7,11,6,3,212,23361998,16082,9871730,3187997,15000,12000
AT Club 147,5,5aa85c20-0519-4beb-9fb9-6708f96e84af,AggressiveTraderBot_147,AT,Europe/Rome,AggressiveTraderBot,3,4,15,14,8,8,50,2,460,6100,7600,4,8,7,5,202,11629005,948,9853130,5807451,22300,21100
AT Club 157,5,f4ac4c0c-9b24-42ea-b416-093b9beedc65,NewManagerBot_157,AT,Europe/Berlin,NewManagerBot,3,4,6,12,7,11,47,3,590,7750,9800,6,6,4,5,215,40970346,18769,12593430,3928538,15000,11800
AT Club 27,5,7603bc01-2726-424b-bcc5-6a07d8f22a39,AggressiveTraderBot_27,AT,Europe/Rome,AggressiveTraderBot,3,4,16,8,14,8,32,3,590,7850,9700,3,8,7,2,208,40494114,1504,12622230,7302312,22400,22700
BE Club 159,5,89fdfe3e-2d80-4f2c-802c-d017187d79e5,AggressiveTraderBot_159,BE,Europe/Rome,AggressiveTraderBot,3,4,14,5,19,6,21,4,720,9500,12200,2,7,4,3,198,44236443,60,15447800,6836381,22000,22100
BE Club 29,5,cabd4b9e-d4ce-4811-af3e-1ccf7e3c7954,LadderGrinderBot_29,BE,Europe/Amsterdam,LadderGrinderBot,3,4,1,7,15,8,29,3,590,7850,9800,6,10,3,5,230,43956070,12642,12624950,4276679,15000,12680
ES Club 154,5,628d4312-db8c-4ba9-993b-6015197c410a,YouthFocusedBot_154,ES,Europe/Madrid,YouthFocusedBot,3,4,8,10,9,11,41,1,330,4350,5300,3,4,4,4,222,10570310,1822,7012850,6780355,22000,20100
FR Club 102,5,1057bce7-2dbd-4e33-bbce-6cd6f9e1f38b,SocialBot_102,FR,Europe/Warsaw,SocialBot,3,4,12,8,9,13,37,3,590,7850,9600,4,9,3,3,219,45631928,16376,12557100,4107220,15000,14520
FR Club 12,5,c637d677-633e-4315-a0a6-f26a3751e2f8,SocialBot_12,FR,Europe/Warsaw,SocialBot,3,4,7,9,10,11,38,1,330,4350,5300,8,10,5,7,210,17820643,13965,6988080,5930508,15000,14040
FR Club 152,5,4db15fa0-a26a-406e-8618-00b01f0dd73d,ConservativeBot_152,FR,Europe/Paris,ConservativeBot,3,4,4,9,8,13,40,1,330,4250,5400,6,8,2,3,217,9410299,11379,6936800,5161127,15000,15480
IT Club 153,5,5b71faac-8f2c-4285-b064-1e9ce698a595,AggressiveTraderBot_153,IT,Europe/Rome,AggressiveTraderBot,3,4,13,19,5,6,63,4,720,9500,12000,3,7,4,5,225,35505109,679,15396800,8868589,22600,21900
NL Club 155,5,8dd2028f-36e1-4e26-b433-e847bc872591,LadderGrinderBot_155,NL,Europe/Amsterdam,LadderGrinderBot,3,4,5,7,12,11,32,3,590,7950,9700,5,10,7,3,214,34541446,17706,12681230,5782465,15000,11400
NL Club 245,5,0d22986b-e0ff-4b27-901e-5016fa049f99,LadderGrinderBot_245,NL,Europe/Amsterdam,LadderGrinderBot,3,4,3,8,9,13,37,3,590,7750,9900,8,9,6,5,226,41092975,11142,12624630,3160983,15000,13600
PL Club 146,5,498d2e73-5d20-4a36-9099-e2ad585d8017,ConservativeBot_146,PL,Europe/Paris,ConservativeBot,3,4,11,9,8,13,40,3,590,7850,9600,9,10,4,5,233,35681128,10149,12566550,5129539,15000,11000
PL Club 156,5,a2e491fa-c50d-4485-ad90-4aff165f8c3b,SocialBot_156,PL,Europe/Warsaw,SocialBot,3,4,10,11,7,12,45,4,730,9500,12000,9,10,3,5,205,52542298,10809,15452440,3567405,15000,15420
PT Club 150,5,53c31711-ece7-44c8-9010-f5787b6c8a2c,SocialBot_150,PT,Europe/Warsaw,SocialBot,3,4,9,7,11,12,33,2,470,6200,7500,7,13,4,8,204,24031553,14677,9925880,3944188,15000,14660
PT Club 160,5,e6721176-f64f-47bd-9d13-860308346657,YouthFocusedBot_160,PT,Europe/Madrid,YouthFocusedBot,3,4,2,15,7,8,53,4,720,9500,12100,2,7,3,3,207,50676456,540,15409700,5267340,21700,21600
BE Club 139,5,cbf7970c-2f1d-418a-833e-0535364ed689,NewManagerBot_139,BE,Europe/Berlin,NewManagerBot,3,5,12,22,0,8,74,1,330,4250,5400,8,11,7,3,237,16416400,13644,6954530,5007639,15000,12600
BE Club 169,5,0018448d-cc8b-4968-a965-d6ed95a5d5ee,NewManagerBot_169,BE,Europe/Berlin,NewManagerBot,3,5,10,9,9,12,39,4,720,9700,11900,4,11,5,3,206,54495879,14582,15460530,4008184,15000,14320
BE Club 69,5,4a4ce3d8-58ff-45ab-876c-0acc4458bd2e,AggressiveTraderBot_69,BE,Europe/Rome,AggressiveTraderBot,3,5,4,6,13,11,29,1,330,4250,5400,6,9,5,5,229,8196860,1067,6963600,5050857,21900,20500
CH Club 168,5,973da36b-7346-4843-94cb-ed5ac76e792d,SocialBot_168,CH,Europe/Warsaw,SocialBot,3,5,7,8,13,9,33,1,330,4350,5400,7,8,3,5,214,12974816,10664,7009130,3390905,15000,11200
CH Club 68,5,fb90b587-dadf-49bd-9ace-7d8da42b9389,ConservativeBot_68,CH,Europe/Paris,ConservativeBot,3,5,8,13,8,9,48,3,600,7950,9700,6,7,5,5,202,41395661,16867,12768040,6198706,15000,12800
DE Club 151,5,92e8c246-dee3-4b60-9297-90ca4f6edddc,NewManagerBot_151,DE,Europe/Berlin,NewManagerBot,3,5,11,0,22,8,8,2,460,6100,7600,5,5,3,4,201,34477826,18336,9839000,5138129,15000,13800
DE Club 171,5,433ab017-968b-404a-9262-2ad4e76bdb9a,AggressiveTraderBot_171,DE,Europe/Rome,AggressiveTraderBot,3,5,3,13,6,11,50,4,720,9700,11900,6,7,4,5,211,43586314,1122,15491550,7658733,22500,22900
ES Club 174,5,024ed886-a400-4f98-8f69-6de68a8dc084,SocialBot_174,ES,Europe/Warsaw,SocialBot,3,5,9,9,9,12,39,4,720,9700,11900,9,10,5,5,222,50111178,11036,15477150,4003754,15000,13000
FR Club 32,5,a908df90-2ca1-4aeb-90e5-14f9f8ec6ee9,ConservativeBot_32,FR,Europe/Paris,ConservativeBot,3,5,1,12,5,13,49,1,330,4350,5200,6,8,6,4,210,19762784,15669,6975450,3414498,15000,13680
IT Club 163,5,aeebbfd9-f54e-42a8-8978-c101f9ddf84b,NewManagerBot_163,IT,Europe/Berlin,NewManagerBot,3,5,15,8,14,8,32,2,460,6200,7500,6,6,3,1,195,27723857,19664,9849900,4747011,15000,11200
NL Club 165,5,0d46166f-1c23-4fd1-8d98-9c303ba3ca81,AggressiveTraderBot_165,NL,Europe/Rome,AggressiveTraderBot,3,5,14,9,6,15,42,3,590,7750,9800,4,9,3,5,231,28141115,1183,12570600,6904622,22200,21100
PL Club 166,5,bf3feda8-e4cd-473c-865d-cfeac769a612,YouthFocusedBot_166,PL,Europe/Madrid,YouthFocusedBot,3,5,13,6,9,15,33,3,590,7750,9800,3,9,7,1,209,33920512,1318,12577230,5922925,21800,21000
PL Club 176,5,e09865c8-301c-4a45-b0ef-8e7b03a6cbbf,ConservativeBot_176,PL,Europe/Paris,ConservativeBot,3,5,5,6,5,19,37,1,330,4250,5400,3,7,4,4,220,12940138,16820,6957500,4953940,15000,13940
PT Club 170,5,bf2b8ed2-3e14-4913-9321-e67377c212e6,ConservativeBot_170,PT,Europe/Paris,ConservativeBot,3,5,16,14,8,8,50,1,330,4350,5200,7,8,4,4,214,11497066,13917,6953850,5445553,15000,13260
PT Club 20,5,5d15ac60-92b2-45c6-b41c-5320a627c958,ConservativeBot_20,PT,Europe/Paris,ConservativeBot,3,5,6,5,6,19,34,4,720,9500,12000,8,9,4,5,214,61364628,10396,15389300,4148825,15000,14240
PT Club 80,5,662d1daa-cb50-4e3d-9658-df500ce809e4,ConservativeBot_80,PT,Europe/Paris,ConservativeBot,3,5,2,5,12,13,28,3,600,8050,9600,7,11,4,3,195,45830544,12339,12762300,5825759,15000,15260
AT Club 177,5,8f9f4a3a-bea1-4316-bc6a-f39f505967c6,AggressiveTraderBot_177,AT,Europe/Rome,AggressiveTraderBot,3,6,15,13,10,7,46,2,460,6100,7600,5,5,3,3,203,11026896,247,9834350,7079008,22300,23100
AT Club 187,5,9e41080b-0a1c-43ec-a652-ffda1c3b89b5,NewManagerBot_187,AT,Europe/Berlin,NewManagerBot,3,6,8,12,10,8,44,4,720,9500,11800,10,11,3,3,200,56191002,8129,15290430,3636617,15000,12200
BE Club 189,5,4497be84-e199-4e43-ba29-5768a0e6218a,AggressiveTraderBot_189,BE,Europe/Rome,AggressiveTraderBot,3,6,14,6,8,16,34,2,460,6000,7500,2,11,5,2,201,9484544,957,9715700,10612581,22400,22900
CH Club 178,5,49819763-2993-4393-90f8-146e24a592e6,YouthFocusedBot_178,CH,Europe/Madrid,YouthFocusedBot,3,6,7,10,12,8,38,3,590,7850,9800,2,6,4,3,218,39452924,543,12645330,4485672,21100,21700
DE Club 181,5,4b256b0b-459a-4a00-9bfa-0c1726044877,NewManagerBot_181,DE,Europe/Berlin,NewManagerBot,3,6,9,12,10,8,44,1,340,4450,5300,8,10,4,3,213,10910133,10324,7113600,5590730,15000,14040
DE Club 191,5,5209c0b7-1b42-498c-b8ec-2a03c187686c,LadderGrinderBot_191,DE,Europe/Amsterdam,LadderGrinderBot,3,6,3,10,9,11,41,2,460,6100,7400,7,8,5,5,208,24647423,13725,9776100,5167167,15000,14460
ES Club 184,5,9ca77454-c39b-4b59-b123-435f3a956ffd,YouthFocusedBot_184,ES,Europe/Madrid,YouthFocusedBot,3,6,4,9,10,11,38,3,590,7750,9800,4,11,2,3,232,36961247,1269,12530000,4549463,21800,20900
ES Club 74,5,40cc7e01-3f6b-473e-b0f3-785115d6b7d5,ConservativeBot_74,ES,Europe/Paris,ConservativeBot,3,6,2,13,6,11,50,4,720,9500,12000,5,9,5,7,217,59905859,13981,15399480,4799679,15000,14700
FR Club 182,5,18279032-98b4-4926-8ab9-164cb988f81c,ConservativeBot_182,FR,Europe/Paris,ConservativeBot,3,6,11,11,9,10,43,1,330,4350,5500,9,11,6,5,216,12664666,17342,7041200,3290996,15000,10600
FR Club 192,5,f4750b95-fc78-4c49-ba82-cc1eb1bc7b47,SocialBot_192,FR,Europe/Warsaw,SocialBot,3,6,16,10,13,7,37,1,330,4450,5200,8,10,4,3,198,10686673,7318,6995130,3836509,15000,14240
NL Club 105,5,bee987f7-96fc-4ca3-aa1e-883868a97f56,AggressiveTraderBot_105,NL,Europe/Rome,AggressiveTraderBot,3,6,13,8,6,16,40,1,340,4350,5200,5,9,2,6,216,3116389,1048,7025250,7360694,22500,21900
NL Club 75,5,d745c013-0091-4430-ba89-8e45aa15aec5,AggressiveTraderBot_75,NL,Europe/Rome,AggressiveTraderBot,3,6,12,9,11,10,37,4,730,9700,11800,5,8,3,6,225,46816081,-375,15537940,6165475,22200,23500
PL Club 26,5,2feac2a4-af37-4a38-83a4-381b3f97cf44,ConservativeBot_26,PL,Europe/Paris,ConservativeBot,3,6,6,8,6,16,40,4,720,9500,12100,5,12,2,3,215,58068466,17750,15371330,3034220,15000,14100
PL Club 276,5,f26d2663-fed0-49cd-89c7-5c7beff462f7,SocialBot_276,PL,Europe/Warsaw,SocialBot,3,6,5,6,8,16,34,3,590,7950,9700,5,9,4,3,198,44469399,20746,12657930,3221719,15000,12700
PL Club 286,5,d1715c76-f74c-48ca-92e4-70cbebd64c71,YouthFocusedBot_286,PL,Europe/Madrid,YouthFocusedBot,3,6,10,10,12,8,38,1,330,4350,5300,4,9,4,4,223,10437842,1215,6981630,3942466,21800,21500
PT Club 60,5,60f577ef-d7cb-43ee-9c2b-5c18844d2f03,SocialBot_60,PT,Europe/Warsaw,SocialBot,3,6,1,6,13,11,29,2,460,6200,7500,4,9,3,4,195,25360875,15735,9842000,3936966,15000,13000
AT Club 167,5,4ff99c0f-f940-43af-b39e-85d4dbb6271e,LadderGrinderBot_167,AT,Europe/Amsterdam,LadderGrinderBot,3,7,16,7,9,14,35,2,460,6000,7600,5,8,5,4,197,27892777,14195,9770430,5521596,15000,13300
AT Club 197,5,1421dae4-4c13-4b29-b84a-e149a15de08b,LadderGrinderBot_197,AT,Europe/Amsterdam,LadderGrinderBot,3,7,8,13,9,8,47,3,610,7750,9600,5,6,5,6,211,39487702,16044,12707280,6114982,15000,14700
BE Club 199,5,54ff5ad4-faa4-4031-a15c-cb2dc743bd7c,NewManagerBot_199,BE,Europe/Berlin,NewManagerBot,3,7,3,9,11,10,37,1,340,4250,5400,7,9,4,4,221,13640580,14259,7023200,4615135,15000,13000
CH Club 198,5,b12f1edc-e973-459e-9661-eb8b94f20853,SocialBot_198,CH,Europe/Warsaw,SocialBot,3,7,15,9,7,14,41,3,590,7750,9800,7,10,7,4,200,35164345,13400,12590730,7334197,15000,14260
CH Club 48,5,5f2451f2-0668-4b60-98fc-bd64c9e6ae9c,SocialBot_48,CH,Europe/Warsaw,SocialBot,3,7,14,7,10,13,34,4,720,9600,12000,9,11,2,6,202,59416100,11711,15425600,4167008,15000,14020
CH Club 8,5,b027d720-ee06-4f8c-924d-112b01c3dc75,ConservativeBot_8,CH,Europe/Paris,ConservativeBot,3,7,12,6,13,11,29,2,460,6000,7400,7,8,7,5,201,39012714,16832,9738480,4004304,15000,11400
DE Club 41,5,3dc92206-3813-4c42-9ab2-03e6bc0cb5f0,LadderGrinderBot_41,DE,Europe/Amsterdam,LadderGrinderBot,3,7,10,8,8,14,38,4,720,9700,11900,7,10,1,3,215,72467157,14144,15435750,3951187,15000,14460
ES Club 204,5,f57a98e7-1fc6-400f-a6e8-570ac0ed9836,SocialBot_204,ES,Europe/Warsaw,SocialBot,3,7,5,11,6,13,46,1,330,4250,5300,6,11,5,4,203,7566095,16987,6913680,6596725,15000,11800
FR Club 202,5,04e6a2cf-e6c0-4928-a8a8-564f57062b36,YouthFocusedBot_202,FR,Europe/Madrid,YouthFocusedBot,3,7,7,9,13,8,35,1,340,4450,5200,3,10,6,4,233,6715346,1609,7106130,8160069,21800,21200
FR Club 252,5,3c1559dc-f84c-41c2-ba6b-a09bdb4ec5e7,SocialBot_252,FR,Europe/Warsaw,SocialBot,3,7,4,11,9,10,43,4,720,9600,11800,7,13,4,7,221,59557362,12434,15372300,4408319,15000,12200
IT Club 183,5,257bb0fb-4722-43fe-ac46-ab7aacc93603,AggressiveTraderBot_183,IT,Europe/Rome,AggressiveTraderBot,3,7,2,10,7,13,43,4,730,9600,12000,3,9,4,4,231,46784966,409,15520730,3528297,22400,22000
IT Club 203,5,919dde86-2d35-43ee-8c02-e290916835de,LadderGrinderBot_203,IT,Europe/Amsterdam,LadderGrinderBot,3,7,13,10,7,13,43,4,720,9500,12000,7,9,5,4,214,57258420,14906,15385130,3280912,15000,14660
IT Club 73,5,a5c71d17-12f8-4cdd-a0e0-181abab6a3e1,NewManagerBot_73,IT,Europe/Berlin,NewManagerBot,3,7,11,13,6,11,50,3,590,7950,9700,7,9,5,3,213,35603503,11654,12663930,5616846,15000,15060
NL Club 205,5,3fd072aa-fc30-4ce4-b2f3-fcef0f234790,NewManagerBot_205,NL,Europe/Berlin,NewManagerBot,3,7,9,8,8,14,38,3,600,7850,9700,4,8,5,5,214,33857665,15952,12705900,5602122,15000,14520
PL Club 206,5,9db8ed72-bdb5-4b95-b4a3-dfe8098bbd70,ConservativeBot_206,PL,Europe/Paris,ConservativeBot,3,7,1,7,10,13,34,3,590,8050,9600,5,8,6,5,230,36769646,19049,12721800,4968391,15000,10600
PT Club 200,5,651ff949-50ae-45d6-8489-7560835e6a17,ConservativeBot_200,PT,Europe/Paris,ConservativeBot,3,7,6,6,11,13,31,3,590,7750,9600,4,5,5,4,224,38179637,20489,12544650,4028294,15000,10600
CH Club 38,5,b06d0a6d-4efe-4488-b02e-6030ffbe434a,ConservativeBot_38,CH,Europe/Paris,ConservativeBot,3,8,13,9,11,10,37,2,460,6100,7500,6,12,1,2,198,28791073,14069,9739800,6423035,15000,14680
DE Club 211,5,8d3b1a03-6e77-462d-b5cf-23e60784c8e5,NewManagerBot_211,DE,Europe/Berlin,NewManagerBot,3,8,6,7,14,9,30,4,730,9600,11900,4,8,7,5,220,54293833,18357,15525610,7423450,15000,13120
DE Club 221,5,c2ee84de-1a9e-4427-b582-e08a783d636d,LadderGrinderBot_221,DE,Europe/Amsterdam,LadderGrinderBot,3,8,4,10,11,9,39,4,720,9500,11900,6,6,6,4,222,47510680,13888,15386850,5691035,15000,12400
DE Club 71,5,2c4a53fa-60af-49ce-a743-ec79a51856ba,LadderGrinderBot_71,DE,Europe/Amsterdam,LadderGrinderBot,3,8,11,0,30,0,0,2,460,6300,7400,7,10,5,4,204,25693687,6655,9889950,6027342,15000,14460
ES Club 214,5,438a011b-77a0-4955-a26e-aa44f847c545,YouthFocusedBot_214,ES,Europe/Madrid,YouthFocusedBot,3,8,8,16,8,6,54,1,340,4450,5300,4,7,5,6,204,10277521,299,7156960,4563689,21600,22800
ES Club 224,5,fde34949-443f-44d9-82d4-1108a8a113f1,ConservativeBot_224,ES,Europe/Paris,ConservativeBot,3,8,3,11,10,9,42,2,470,6200,7400,9,10,2,2,201,23304527,8727,9876600,4594740,15000,14020
ES Club 34,5,0f61cad3-969a-447b-b191-bcce5268cb56,YouthFocusedBot_34,ES,Europe/Madrid,YouthFocusedBot,3,8,10,27,0,3,84,3,590,7750,9900,2,9,5,2,229,54712508,1503,12603030,5528968,22100,21100
FR Club 222,5,d92752c6-ade6-4ecd-b7ad-5db16998b5c9,SocialBot_222,FR,Europe/Warsaw,SocialBot,3,8,2,0,29,1,1,3,590,7850,9800,8,9,4,4,200,38919170,12325,12634830,5634724,15000,15240
FR Club 42,5,17eab328-3e2a-4417-8362-83c387f0a589,SocialBot_42,FR,Europe/Warsaw,SocialBot,3,8,5,14,7,9,51,1,330,4250,5400,6,10,5,3,212,11586290,19262,6945680,5857995,15000,11600
IT Club 223,5,b33e05e6-5a0f-47ab-8f6b-317948bf2a99,NewManagerBot_223,IT,Europe/Berlin,NewManagerBot,3,8,15,10,13,7,37,3,590,7950,9600,6,6,2,2,196,37056689,18391,12637500,3924821,15000,14400
IT Club 83,5,3c825427-b8e4-4de6-a788-3e40683226c6,LadderGrinderBot_83,IT,Europe/Amsterdam,LadderGrinderBot,3,8,1,29,0,1,88,1,330,4250,5300,8,10,7,5,233,15211693,13295,6940880,5706879,15000,14440
PL Club 216,5,9b637931-3cc8-4eb1-8698-183124cb74bb,SocialBot_216,PL,Europe/Warsaw,SocialBot,3,8,9,0,27,3,3,1,330,4350,5400,6,8,2,6,198,9697647,17359,7012200,5043545,15000,13880
PL Club 256,5,c57fac4b-054c-4040-83bd-e60dc13a7259,YouthFocusedBot_256,PL,Europe/Madrid,YouthFocusedBot,3,8,12,30,0,0,90,3,600,7850,9700,4,6,2,2,234,45171051,216,12676700,3580790,21700,21600
PT Club 210,5,86e038fe-0ba4-4664-b86b-51cb891b8805,SocialBot_210,PT,Europe/Warsaw,SocialBot,3,8,7,8,16,6,30,3,590,7850,9600,8,9,3,4,207,37042549,13024,12559230,6737050,15000,13640
PT Club 220,5,7c28b66e-fc5e-4822-a33c-24f05aec4ca9,YouthFocusedBot_220,PT,Europe/Madrid,YouthFocusedBot,3,8,14,11,9,10,43,1,340,4250,5300,2,8,4,5,207,14470926,1117,7013550,3520164,21800,21400
PT Club 70,5,8ed79a7e-dfc8-4dc6-b3b4-c972b561ddeb,YouthFocusedBot_70,PT,Europe/Madrid,YouthFocusedBot,3,8,16,13,10,7,46,4,720,9600,11900,3,6,1,6,201,60193071,125,15416400,3482917,21900,23100
AT Club 227,5,c95b8b8e-554e-422c-a66c-d2e6e5e6fbb6,LadderGrinderBot_227,AT,Europe/Amsterdam,LadderGrinderBot,3,9,5,8,12,10,34,2,470,6200,7400,6,11,5,4,217,23772409,10506,9899290,3929348,15000,15480
AT Club 237,5,fc7c7c13-4f17-46ea-a935-bf02ad0466e8,AggressiveTraderBot_237,AT,Europe/Rome,AggressiveTraderBot,3,9,11,14,8,8,50,4,720,9600,12000,6,9,4,6,209,40709615,1273,15449150,7937742,22200,20900
AT Club 267,5,e3b70cb6-1354-400b-85e6-a68e77dc686d,AggressiveTraderBot_267,AT,Europe/Rome,AggressiveTraderBot,3,9,6,12,8,10,46,2,460,6000,7700,6,6,5,4,203,9254773,233,9814430,8348870,22200,22500
BE Club 239,5,aac97cd2-4015-4ebd-8173-40e2c488b36f,LadderGrinderBot_239,BE,Europe/Amsterdam,LadderGrinderBot,3,9,13,11,13,6,39,4,720,9600,12000,6,11,2,2,212,53208460,16145,15406500,4996896,15000,14280
BE Club 259,5,b828ba92-3787-49ca-83d1-66ed8b43da8a,NewManagerBot_259,BE,Europe/Berlin,NewManagerBot,3,9,9,0,28,2,2,3,590,7850,9800,6,8,3,4,195,39880436,14970,12635330,4355488,15000,12680
CH Club 238,5,e8ae7945-27c8-4a95-a035-d5ddf08ebb45,YouthFocusedBot_238,CH,Europe/Madrid,YouthFocusedBot,3,9,8,9,11,10,37,4,730,9600,11800,2,9,3,3,217,56343424,570,15447300,3645095,21500,21400
DE Club 231,5,947df70f-bccc-4983-a67e-88e5a984ff5f,AggressiveTraderBot_231,DE,Europe/Rome,AggressiveTraderBot,3,9,4,9,7,14,41,4,720,9500,12100,5,10,3,2,196,41945588,277,15382700,6934804,22100,22900
ES Club 234,5,0768c66b-b272-4b91-acc6-390a8cc9b906,SocialBot_234,ES,Europe/Warsaw,SocialBot,3,9,1,16,4,10,58,3,590,7850,9700,6,9,4,2,224,38236934,14956,12595830,6704038,15000,13080
FR Club 232,5,f5d01f5a-dffe-4682-adcb-4b5cf426340b,YouthFocusedBot_232,FR,Europe/Madrid,YouthFocusedBot,3,9,3,7,9,14,35,2,470,6100,7600,6,7,5,2,205,24563637,331,9910530,4495730,21800,23100
IT Club 233,5,ed4bacb7-638a-4081-b1bc-c2704a08a0ee,LadderGrinderBot_233,IT,Europe/Amsterdam,LadderGrinderBot,3,9,2,4,16,10,22,2,460,6000,7600,6,7,5,3,213,25973582,18534,9772700,2133793,15000,11400
IT Club 3,5,e5fadf32-ef6f-4b8b-9eb5-5dc8ad48463d,AggressiveTraderBot_3,IT,Europe/Rome,AggressiveTraderBot,3,9,15,9,8,13,40,2,480,6000,7400,5,7,3,3,196,37917313,230,9856210,6935976,22600,22900
IT Club 43,5,5e5ccef4-48ac-4d30-9573-c00f09609456,NewManagerBot_43,IT,Europe/Berlin,NewManagerBot,3,9,10,28,0,2,86,2,460,6000,7600,5,10,6,7,225,37281190,15251,9784380,6416607,15000,14100
NL Club 225,5,b0416165-d302-4781-9fb0-999f91c7c570,AggressiveTraderBot_225,NL,Europe/Rome,AggressiveTraderBot,3,9,14,13,11,6,45,2,460,6300,7500,5,8,3,5,197,18306224,467,9915900,8620605,22000,21900
NL Club 235,5,f0478c1e-b4b9-4ce1-9bbc-f88d6a9e8442,NewManagerBot_235,NL,Europe/Berlin,NewManagerBot,3,9,12,8,14,8,32,4,720,9600,11900,6,6,5,5,196,53826767,14970,15445250,2457942,15000,11200
PL Club 66,5,046ea3ba-9a18-466f-82c9-69395045c2ad,SocialBot_66,PL,Europe/Warsaw,SocialBot,3,9,7,11,9,10,43,3,590,7950,9700,7,7,4,2,199,41035279,15509,12666600,4453926,15000,11400
PT Club 240,5,3df323f7-54e6-4aea-a922-78d28a7e9a7b,SocialBot_240,PT,Europe/Warsaw,SocialBot,3,9,16,8,9,13,37,4,730,9600,11900,6,5,3,2,195,55342835,23953,15502210,4510124,15000,10800
AT Club 247,5,7e5e29cd-6198-4570-8200-84ac42851a81,NewManagerBot_247,AT,Europe/Berlin,NewManagerBot,3,10,6,17,2,11,62,3,600,7850,9700,4,9,6,3,230,40091690,17419,12688990,4305079,15000,12520
BE Club 249,5,afd5bcae-40a0-47b3-b596-49fe4228d660,AggressiveTraderBot_249,BE,Europe/Rome,AggressiveTraderBot,3,10,3,10,5,15,45,3,590,7950,9600,3,11,6,2,216,26481445,2047,12629880,8742151,22600,20700
CH Club 248,5,c473403a-c3e9-4b6e-b900-1e409ac13be4,ConservativeBot_248,CH,Europe/Paris,ConservativeBot,3,10,1,12,15,3,39,2,460,6000,7700,6,10,4,3,211,24839110,15302,9779600,5861505,15000,13480
DE Club 241,5,347f46bb-ae79-4372-9d22-ecbdb09d1908,NewManagerBot_241,DE,Europe/Berlin,NewManagerBot,3,10,5,2,17,11,17,3,600,7850,9600,5,8,1,4,202,39036541,13714,12641100,3919770,15000,11800
ES Club 164,5,88d98b40-9de2-4940-84c2-25a611ae25a4,ConservativeBot_164,ES,Europe/Paris,ConservativeBot,3,10,16,12,11,7,43,1,330,4550,5300,6,10,5,5,203,13526051,15934,7105080,4265429,15000,11000
ES Club 244,5,83878997-443b-4409-a13f-1a00dbad831a,YouthFocusedBot_244,ES,Europe/Madrid,YouthFocusedBot,3,10,9,0,28,2,2,2,460,6000,7700,4,7,5,5,203,24917526,2037,9811700,5789780,21500,19700
ES Club 254,5,c4b1d99c-7c2d-44da-92d7-819387cb982a,ConservativeBot_254,ES,Europe/Paris,ConservativeBot,3,10,2,15,12,3,48,3,590,7750,9800,7,10,3,4,205,40137531,16589,12550100,5154616,15000,13660
FR Club 242,5,6c6a4a3a-2c71-4337-a016-4b35b51ddf1f,ConservativeBot_242,FR,Europe/Paris,ConservativeBot,3,10,14,13,8,9,48,2,460,6200,7500,6,9,4,6,217,25350091,17479,9857850,4411678,15000,10400
NL Club 255,5,a1d96199-fa32-4c94-bdbf-0e82807a9537,AggressiveTraderBot_255,NL,Europe/Rome,AggressiveTraderBot,3,10,12,14,9,7,49,4,720,9500,11900,2,8,6,6,236,36372936,1146,15379850,8247410,22300,22100
NL Club 325,5,8bd7d416-ff20-4e6b-90ed-dc4a9565c6f1,NewManagerBot_325,NL,Europe/Berlin,NewManagerBot,3,10,11,9,14,7,34,4,720,9700,12000,5,10,4,6,217,59724412,19450,15503550,3416255,15000,10200
NL Club 45,5,163c7072-c34e-4c0d-9f40-7b8e9a45647a,AggressiveTraderBot_45,NL,Europe/Rome,AggressiveTraderBot,3,10,4,5,10,15,30,3,590,7850,9700,4,7,5,5,198,36684614,259,12633800,5100009,22500,23300
PL Club 246,5,affcb4a4-28bf-4225-a21d-f90c61023425,SocialBot_246,PL,Europe/Warsaw,SocialBot,3,10,8,0,29,1,1,1,340,4350,5300,6,9,6,3,198,4270283,18537,7073710,5331745,15000,12680
PL Club 296,5,d871e6af-7284-40b0-a391-408bff4b5dc6,ConservativeBot_296,PL,Europe/Paris,ConservativeBot,3,10,7,29,0,1,88,4,720,9500,11900,7,10,4,4,233,55558384,15888,15340650,5651206,15000,13460
PL Club 46,5,a7bbebd6-3fec-4035-b689-71f25c252a5c,YouthFocusedBot_46,PL,Europe/Madrid,YouthFocusedBot,3,10,10,28,0,2,86,1,330,4250,5400,5,9,2,4,234,15508967,1445,6926300,3950053,22100,21000
PL Club 96,5,ef7a53d4-cc9a-4c20-ac9d-f7c70917fd7f,SocialBot_96,PL,Europe/Warsaw,SocialBot,3,10,13,8,13,9,33,4,720,9500,11900,7,8,7,4,228,60318842,17084,15387180,6760590,15000,15060
PT Club 250,5,42534d20-9ead-4371-bf33-56b4f04cfad2,YouthFocusedBot_250,PT,Europe/Madrid,YouthFocusedBot,3,10,15,11,12,7,40,2,460,6200,7500,3,6,3,3,200,29322719,1290,9860730,4576906,21700,20200
AT Club 257,5,6b085cc3-b11f-464b-8f13-bb696a53eb49,LadderGrinderBot_257,AT,Europe/Amsterdam,LadderGrinderBot,3,11,2,9,12,9,36,1,330,4250,5200,7,9,7,3,215,15517675,16119,6910530,5925267,15000,13660
AT Club 37,5,b4a15045-0c9a-452e-995c-64c484d7be8a,NewManagerBot_37,AT,Europe/Berlin,NewManagerBot,3,11,15,11,11,8,41,1,330,4250,5300,7,8,4,3,202,17657655,19226,6923730,4021687,15000,10000
BE Club 269,5,55860fdb-1cea-414a-acec-147c63a1cd21,LadderGrinderBot_269,BE,Europe/Amsterdam,LadderGrinderBot,3,11,10,9,12,9,36,4,720,9500,11900,7,8,5,6,199,52244933,15809,15380400,4923663,15000,13860
CH Club 268,5,ce7561eb-6676-4d15-b9b3-21621d426a69,YouthFocusedBot_268,CH,Europe/Madrid,YouthFocusedBot,3,11,9,12,9,9,45,1,340,4250,5300,4,12,5,2,220,7883500,455,6968110,6419874,21700,22000
DE Club 261,5,9921044b-e3ce-49d1-9949-bd444b53bf9a,AggressiveTraderBot_261,DE,Europe/Rome,AggressiveTraderBot,3,11,1,12,9,9,45,1,330,4250,5200,3,4,2,2,220,-3866705,1407,6895800,8592145,19900,20000
DE Club 91,5,f236e20e-c5da-4b23-b5ef-cb3cab31feae,NewManagerBot_91,DE,Europe/Berlin,NewManagerBot,3,11,3,11,10,9,42,2,480,6100,7500,8,8,4,3,217,33654926,14987,9949810,5118327,15000,12000
FR Club 162,5,0be310f9-369b-454a-bdcb-0d4b0dfb486a,SocialBot_162,FR,Europe/Warsaw,SocialBot,3,11,12,9,10,11,38,1,330,4350,5400,5,7,5,7,211,4461157,8274,7040850,7713650,15000,16500
FR Club 262,5,1b091843-a469-4eb4-ba1c-3936c30e8dee,YouthFocusedBot_262,FR,Europe/Madrid,YouthFocusedBot,3,11,5,15,11,4,49,2,460,6000,7500,4,11,4,1,227,24465401,817,9703830,4624919,22200,21000
IT Club 213,5,75ce292d-1775-4ff0-bf8d-ee575b3e6f0c,AggressiveTraderBot_213,IT,Europe/Rome,AggressiveTraderBot,3,11,11,10,9,11,41,2,460,6000,7500,5,11,6,2,233,19994170,-514,9717300,4938203,22400,24300
IT Club 263,5,0a0fc346-85f5-487a-9910-c53e81742153,LadderGrinderBot_263,IT,Europe/Amsterdam,LadderGrinderBot,3,11,7,13,10,7,46,4,730,9600,11800,4,8,7,2,204,57453314,15764,15482700,3340647,15000,12120
IT Club 33,5,71dde067-d909-45a0-9bb0-df18d90431ec,AggressiveTraderBot_33,IT,Europe/Rome,AggressiveTraderBot,3,11,14,10,13,7,37,3,600,7850,9600,4,6,4,4,196,38092908,103,12672480,4397381,22000,22300
NL Club 265,5,3924ec2a-a12c-4fcb-a0c5-2e89a8e63f59,NewManagerBot_265,NL,Europe/Berlin,NewManagerBot,3,11,4,10,11,9,39,2,460,6000,7500,5,7,6,5,235,25911151,16826,9760650,2972172,15000,11400
NL Club 35,5,574d2ace-d632-4ab4-8fa2-97312a573816,LadderGrinderBot_35,NL,Europe/Amsterdam,LadderGrinderBot,3,11,6,11,15,4,37,2,460,6300,7500,6,7,3,4,208,30658267,16931,9918480,4755837,15000,11200
PL Club 266,5,61c9eee0-c373-4c47-b71c-69ad37f787a5,ConservativeBot_266,PL,Europe/Paris,ConservativeBot,3,11,8,10,13,7,37,3,600,7850,9700,5,6,4,1,228,39455927,18123,12694800,4671182,15000,14700
PT Club 260,5,a368befa-b280-4161-b1e0-64a658fdff05,ConservativeBot_260,PT,Europe/Paris,ConservativeBot,3,11,13,13,10,7,46,1,330,4250,5300,7,8,3,4,205,4587634,13424,6912900,4596433,15000,13860
PT Club 300,5,832500b9-87ae-4b57-bb4e-102c622e0d92,SocialBot_300,PT,Europe/Warsaw,SocialBot,3,11,16,11,11,8,41,1,340,4350,5300,4,8,6,4,207,11083710,12104,7087130,8844810,15000,13200
AT Club 287,5,8e873716-b7e4-4e0e-b308-9baa29921b98,LadderGrinderBot_287,AT,Europe/Amsterdam,LadderGrinderBot,3,12,8,8,13,9,33,4,720,9600,12100,10,10,5,4,207,49585790,11925,15469650,6066956,15000,11200
AT Club 317,5,5693b7b5-92f0-47d7-9920-e5178c5adff8,LadderGrinderBot_317,AT,Europe/Amsterdam,LadderGrinderBot,3,12,3,12,14,4,40,2,460,6100,7600,4,9,4,3,225,26561169,16636,9818730,5484260,15000,15520
AT Club 7,5,786c663b-ff16-4c41-bb24-56c96612ccef,NewManagerBot_7,AT,Europe/Berlin,NewManagerBot,3,12,12,13,9,8,47,3,590,7850,9700,7,10,4,3,204,66432995,13213,12593100,4040983,15000,15660
BE Club 89,5,ea4a2c63-09b1-4080-9bad-21b8a4498cb5,LadderGrinderBot_89,BE,Europe/Amsterdam,LadderGrinderBot,3,12,5,14,10,6,48,2,460,6100,7500,10,12,3,3,222,29019842,11868,9760230,4478507,15000,14200
CH Club 28,5,ae2c9e5a-e2f0-40bb-a7b6-ec45eff6959f,YouthFocusedBot_28,CH,Europe/Madrid,YouthFocusedBot,3,12,15,8,11,11,35,2,460,6000,7600,5,6,3,5,195,29114479,798,9772580,7208852,22000,22800
CH Club 288,5,27cf0581-ccc5-4343-b33a-311ef5a6e1da,SocialBot_288,CH,Europe/Warsaw,SocialBot,3,12,13,14,6,10,52,4,720,9500,11900,6,7,1,5,212,55041171,18861,15350000,4419416,15000,12080
CH Club 88,5,c529d1a9-ede4-46cc-b0e1-12e2dd244af0,YouthFocusedBot_88,CH,Europe/Madrid,YouthFocusedBot,3,12,11,9,13,8,35,3,590,7850,9800,4,7,4,2,224,44062263,376,12642200,5656146,22000,22900
DE Club 281,5,dc82693e-26a2-4196-b1d4-bfe6821d0c06,LadderGrinderBot_281,DE,Europe/Amsterdam,LadderGrinderBot,3,12,14,6,14,10,28,1,330,4450,5200,5,8,4,2,218,12807215,14761,7015230,4681027,15000,11400
ES Club 274,5,928ab7a5-90d7-47ad-8976-65733a4b7cae,YouthFocusedBot_274,ES,Europe/Madrid,YouthFocusedBot,3,12,10,29,0,1,88,2,460,6000,7700,5,9,3,5,238,22518493,683,9787850,5584615,21700,21400
ES Club 284,5,728a473c-8d8b-4456-8e22-20b98852cebc,ConservativeBot_284,ES,Europe/Paris,ConservativeBot,3,12,1,15,8,7,52,3,600,7850,9600,6,6,6,5,213,40383000,19798,12693600,3703457,15000,11400
FR Club 282,5,848feaba-5012-4469-9e8f-76e852a5eede,SocialBot_282,FR,Europe/Warsaw,SocialBot,3,12,9,0,29,1,1,3,590,7850,9600,6,7,5,4,204,41422342,16600,12600150,4403481,15000,13800
IT Club 273,5,7428545b-f9c6-4632-ac7d-32a60a5df8b9,AggressiveTraderBot_273,IT,Europe/Rome,AggressiveTraderBot,3,12,2,8,15,7,31,1,330,4450,5300,2,7,2,1,231,2293545,143,7022430,5028756,22300,23600
NL Club 275,5,3bacc5a6-d8c8-4aaf-b8b3-f49f9121f84d,LadderGrinderBot_275,NL,Europe/Amsterdam,LadderGrinderBot,3,12,6,10,14,6,36,4,730,9500,12000,5,6,5,5,211,49718185,14098,15492680,5078683,15000,14700
NL Club 285,5,cb7fcbd3-91ed-4c98-99aa-01083d216fb5,AggressiveTraderBot_285,NL,Europe/Rome,AggressiveTraderBot,3,12,7,13,8,9,48,1,330,4250,5200,2,7,4,4,220,2770900,142,6898500,3346220,21300,22200
PT Club 280,5,f22c5491-8230-489f-b733-198b210c1a9d,YouthFocusedBot_280,PT,Europe/Madrid,YouthFocusedBot,3,12,4,14,12,4,46,3,600,7750,9900,2,9,4,4,204,36881687,759,12683480,4476463,21600,21600
PT Club 40,5,90bbdc53-2250-451e-b664-bde75ab9f11a,YouthFocusedBot_40,PT,Europe/Madrid,YouthFocusedBot,3,12,16,11,8,11,44,4,720,9800,11800,4,7,5,5,196,56890774,813,15532800,4311204,21900,21100
BE Club 289,5,6e36a7dc-3db0-40ea-a152-db1fe7ff6f48,NewManagerBot_289,BE,Europe/Berlin,NewManagerBot,3,13,13,10,11,9,39,1,330,4350,5400,5,9,3,4,216,7234667,10729,7004630,5046908,15000,14400
BE Club 319,5,8014bbad-f8ee-46dd-a81d-231670231cb7,NewManagerBot_319,BE,Europe/Berlin,NewManagerBot,3,13,11,27,0,3,84,3,600,7750,9700,5,10,3,5,237,41813261,16650,12605150,3972250,15000,15300
BE Club 49,5,835ead42-51b0-46e8-aa8c-69f7496fc677,NewManagerBot_49,BE,Europe/Berlin,NewManagerBot,3,13,6,10,11,9,39,4,730,9500,11800,7,8,4,2,215,63015969,15240,15405000,3284332,15000,14060
CH Club 298,5,ef0bc666-b165-4223-8ca3-798191c85be5,YouthFocusedBot_298,CH,Europe/Madrid,YouthFocusedBot,3,13,10,6,9,15,33,1,340,4350,5300,5,8,3,4,203,15039334,546,7063830,5550029,21700,21200
DE Club 291,5,959db82e-e756-47cc-a245-20d5ff168816,AggressiveTraderBot_291,DE,Europe/Rome,AggressiveTraderBot,3,13,12,0,27,3,3,2,460,6200,7600,5,12,5,5,196,15418422,565,9877430,5739579,22100,21600
DE Club 301,5,57ffa470-a460-4b40-8ec0-0beedabcfd0a,NewManagerBot_301,DE,Europe/Berlin,NewManagerBot,3,13,3,9,13,8,35,3,590,7950,9600,8,9,6,6,221,37097232,15539,12665130,3961000,15000,11200
DE Club 81,5,0f19654f-f97f-4671-99ff-ea4cd47d453f,AggressiveTraderBot_81,DE,Europe/Rome,AggressiveTraderBot,3,13,16,11,8,11,44,2,460,6100,7600,5,11,3,2,200,16256347,1566,9791400,8047684,22200,21200
ES Club 294,5,d41e367b-19cb-4e49-9848-d885343ebfd0,SocialBot_294,ES,Europe/Warsaw,SocialBot,3,13,15,8,11,11,35,2,460,6100,7500,5,11,7,7,197,26998802,13197,9815880,4740314,15000,12900
ES Club 304,5,31ac1d45-013b-48d4-9197-319c77ede20a,YouthFocusedBot_304,ES,Europe/Madrid,YouthFocusedBot,3,13,4,13,9,8,47,2,460,6100,7600,6,10,5,4,200,23633349,946,9825200,6827251,21600,21900
FR Club 302,5,f3744923-3436-47ee-a7d4-272809b10350,ConservativeBot_302,FR,Europe/Paris,ConservativeBot,3,13,1,13,10,7,46,3,590,7850,9600,5,10,3,3,206,40817157,19774,12557100,3160938,15000,11400
IT Club 293,5,053bbd39-59a8-4217-a558-82000c52ae24,LadderGrinderBot_293,IT,Europe/Amsterdam,LadderGrinderBot,3,13,2,10,13,7,37,1,340,4550,5200,7,8,3,3,202,11161844,11005,7152760,4012714,15000,14460
IT Club 303,5,cccd4b83-a529-490b-aa85-1bb6153bb070,AggressiveTraderBot_303,IT,Europe/Rome,AggressiveTraderBot,3,13,5,11,10,9,42,2,470,6000,7400,2,7,5,3,224,6509178,548,9801900,7595287,22300,22500
NL Club 295,5,5573fdd1-aefc-4bb5-b6d2-da4bbefd1b9c,NewManagerBot_295,NL,Europe/Berlin,NewManagerBot,3,13,9,9,6,15,42,1,330,4250,5200,5,7,6,4,214,13732201,14643,6914280,3527374,15000,14300
PL Club 16,5,b5bc0bf1-1de2-4d3d-b4b7-a4f62f93a9d6,YouthFocusedBot_16,PL,Europe/Madrid,YouthFocusedBot,3,13,7,11,9,10,43,3,590,7750,9700,4,8,5,2,238,68378870,441,12542030,1993404,21500,22100
PT Club 290,5,00c4536b-bc4f-4588-a88d-2118d5d95b7e,ConservativeBot_290,PT,Europe/Paris,ConservativeBot,3,13,8,9,11,10,37,3,590,7750,9700,6,11,1,3,221,40991280,14414,12500400,6502488,15000,15480
PT Club 50,5,c8deae6a-242d-46ce-800d-5a4390ba8fc3,ConservativeBot_50,PT,Europe/Paris,ConservativeBot,3,13,14,11,10,9,42,1,330,4350,5400,5,5,4,4,199,17729567,14316,7035500,4632773,15000,11800
AT Club 307,5,ba673f0e-c45f-4c1b-abfd-a12efc683d73,NewManagerBot_307,AT,Europe/Berlin,NewManagerBot,3,14,13,11,12,7,40,1,330,4450,5200,9,11,6,5,221,5307013,6695,7020600,5323514,15000,14220
BE Club 309,5,188259ae-f01d-418c-b8b3-8d260c056a73,AggressiveTraderBot_309,BE,Europe/Rome,AggressiveTraderBot,3,14,4,9,11,10,37,2,460,6000,7600,2,9,3,7,225,9773732,734,9759080,6270242,22500,22700
BE Club 329,5,b0281a40-9c7b-43fb-9468-47b2cbbe9773,LadderGrinderBot_329,BE,Europe/Amsterdam,LadderGrinderBot,3,14,16,10,8,12,42,4,730,9500,12000,6,6,5,4,198,55398514,16906,15489600,4591474,15000,11400
CH Club 308,5,d55da4fb-efd6-4874-84c4-2c95a6452cd1,ConservativeBot_308,CH,Europe/Paris,ConservativeBot,3,14,3,11,9,10,43,2,460,6000,7600,7,11,6,4,230,22888223,12957,9763530,5158603,15000,13460
CH Club 318,5,49b1df9c-a60a-4aca-84fa-498d9f4cf4af,SocialBot_318,CH,Europe/Warsaw,SocialBot,3,14,14,12,11,7,43,4,720,9700,12000,10,12,5,6,210,51531912,7390,15504030,5719555,15000,14400
CH Club 58,5,8ec3792b-7f3a-4055-ba8b-3e90217e5a4e,YouthFocusedBot_58,CH,Europe/Madrid,YouthFocusedBot,3,14,15,8,10,12,36,3,590,7750,9800,5,8,6,8,198,42895570,1109,12608250,4560531,21900,20900
DE Club 311,5,1482ea13-d43f-4c4a-b270-24864d6c2dd9,LadderGrinderBot_311,DE,Europe/Amsterdam,LadderGrinderBot,3,14,6,13,9,8,47,1,330,4350,5400,6,11,7,6,225,7270802,13306,7022280,6638600,15000,13200
ES Club 314,5,3de018d4-d0e5-48d6-8039-685d6fb455d9,ConservativeBot_314,ES,Europe/Paris,ConservativeBot,3,14,12,14,7,9,51,1,340,4350,5400,3,9,5,4,205,11282395,19220,7100700,4749752,15000,10400
ES Club 64,5,20ac27c2-f80e-4cfd-8f92-415bb8148245,YouthFocusedBot_64,ES,Europe/Madrid,YouthFocusedBot,3,14,1,12,6,12,48,1,350,4250,5400,6,8,6,3,229,18241236,277,7128910,3054723,21700,21800
IT Club 313,5,9fdda90e-0d4e-4c12-9dc8-1007000548a8,NewManagerBot_313,IT,Europe/Berlin,NewManagerBot,3,14,7,13,6,11,50,2,460,6000,7500,5,10,3,5,216,25087407,15625,9721350,5843306,15000,13100
NL Club 305,5,e1edb26b-96f4-43ca-93ea-383795273365,LadderGrinderBot_305,NL,Europe/Amsterdam,LadderGrinderBot,3,14,5,9,13,8,35,4,720,9600,12100,6,9,3,2,226,56575413,12039,15459180,4610128,15000,14680
NL Club 55,5,d599d6f9-83d6-4dd5-aa33-26c62bc02dbb,NewManagerBot_55,NL,Europe/Berlin,NewManagerBot,3,14,11,7,14,9,30,3,600,7750,9700,9,12,4,4,214,48669408,15678,12602400,4406732,15000,10200
PL Club 306,5,766cf4e6-f46e-45ee-8f13-d46eb14dee2b,SocialBot_306,PL,Europe/Warsaw,SocialBot,3,14,10,11,11,8,41,2,460,6200,7600,9,10,4,4,218,23002743,9698,9879000,5711580,15000,14820
PL Club 316,5,d93663fb-8e4e-48b8-8793-3b45d3651426,YouthFocusedBot_316,PL,Europe/Madrid,YouthFocusedBot,3,14,8,6,13,11,29,2,460,6100,7400,4,12,6,4,221,22924807,1285,9759030,5864529,21600,20900
PL Club 36,5,bb4788ca-e910-463c-b118-fbeac8715be0,SocialBot_36,PL,Europe/Warsaw,SocialBot,3,14,9,11,11,8,41,2,460,6200,7400,5,10,3,4,227,32949262,20238,9805350,5931655,15000,12300
PT Club 320,5,96be8948-bc1b-4b84-af9b-0a7693f9a9bb,ConservativeBot_320,PT,Europe/Paris,ConservativeBot,3,14,2,6,12,12,30,4,720,9700,11800,7,8,7,3,219,56739097,8911,15476730,4517145,15000,13660
AT Club 327,5,982a589d-1b4b-4486-8b7d-10deb9199ab9,AggressiveTraderBot_327,AT,Europe/Rome,AggressiveTraderBot,3,15,10,7,11,12,33,2,460,6200,7600,3,8,6,3,211,15713205,140,9899030,7529202,21900,23700
BE Club 9,5,5e5b36ee-67dc-47c6-b0e2-65c5eb2315d1,AggressiveTraderBot_9,BE,Europe/Rome,AggressiveTraderBot,3,15,16,8,7,15,39,1,330,4350,5400,5,10,3,4,196,11794993,1488,6996030,8508309,22400,22100
CH Club 208,5,29f2d77f-a67c-4be4-80eb-9bdc438d93c9,YouthFocusedBot_208,CH,Europe/Madrid,YouthFocusedBot,3,15,1,12,7,11,47,1,330,4350,5400,5,9,5,5,233,12492950,207,7025180,6340543,21900,22800
CH Club 328,5,7c70796f-d4fc-4576-9f04-f5e378470172,YouthFocusedBot_328,CH,Europe/Madrid,YouthFocusedBot,3,15,15,7,8,15,36,2,460,6000,7600,3,7,4,5,218,29163893,1589,9774450,3891316,21900,21300
DE Club 321,5,b9afa409-2beb-4217-87d9-5470bda1fc4b,AggressiveTraderBot_321,DE,Europe/Rome,AggressiveTraderBot,3,15,11,5,13,12,27,3,600,7850,9600,2,6,6,5,208,28025010,391,12691500,8030010,22100,21700
DE Club 331,5,66b56dde-eb08-42ee-9dd7-48345ac0da11,NewManagerBot_331,DE,Europe/Berlin,NewManagerBot,3,15,2,7,12,11,32,4,730,9600,11900,8,9,1,3,210,48776796,12927,15469700,7191971,15000,14440
ES Club 324,5,058d9ba1-b321-4d19-825b-24e8496fc354,SocialBot_324,ES,Europe/Warsaw,SocialBot,3,15,7,12,3,15,51,2,460,6100,7400,7,10,2,5,219,25366747,17453,9738630,3003181,15000,13060
ES Club 334,5,850b5fa2-b621-4929-8c0a-b770d358e4b4,YouthFocusedBot_334,ES,Europe/Madrid,YouthFocusedBot,3,15,14,14,8,8,50,4,730,9500,11800,6,8,4,5,223,52530366,63,15418500,3265698,21300,22700
ES Club 54,5,6c8267d4-9ca5-4085-ba61-1012fc29b3bb,SocialBot_54,ES,Europe/Warsaw,SocialBot,3,15,5,8,11,11,35,2,460,6000,7700,9,9,7,1,206,28785688,10651,9794630,2533938,15000,12800
FR Club 322,5,008bec1c-9f84-4672-972d-467b38a59f97,YouthFocusedBot_322,FR,Europe/Madrid,YouthFocusedBot,3,15,4,13,13,4,43,3,590,7850,9900,6,9,7,5,214,41982686,220,12687230,5245705,21700,21800
FR Club 332,5,4fbfa595-58dd-49e7-b4f4-c12f94dd7399,ConservativeBot_332,FR,Europe/Paris,ConservativeBot,3,15,12,13,5,12,51,1,330,4250,5400,5,8,4,5,198,7748640,17153,6962000,5630545,15000,15300
FR Club 82,5,c6df28d8-1bf8-4dde-9c82-0b6372716413,YouthFocusedBot_82,FR,Europe/Madrid,YouthFocusedBot,3,15,8,3,12,15,24,1,330,4250,5500,5,11,4,7,195,9560371,446,6978350,6755388,21700,21400
IT Club 323,5,c8ef78ca-9653-420e-9514-703d0848a682,LadderGrinderBot_323,IT,Europe/Amsterdam,LadderGrinderBot,3,15,6,11,8,11,44,3,600,7750,9700,8,11,4,3,205,40453548,14001,12605130,3796431,15000,13640
PL Club 336,5,547fa7e4-f89e-4f59-a3a9-b370438df4e3,SocialBot_336,PL,Europe/Warsaw,SocialBot,3,15,9,11,7,12,45,2,470,6300,7400,6,7,6,6,197,27817280,20465,10010400,4172140,15000,11200
PL Club 6,5,ccb109de-ae0a-4c61-8908-682679edb582,SocialBot_6,PL,Europe/Warsaw,SocialBot,3,15,3,13,13,4,43,3,610,7750,9700,7,7,3,3,196,50219204,14857,12699230,5969904,15000,12200
PT Club 270,5,ef46c6d8-0ec4-44c5-b459-3d0a9e9c0eef,SocialBot_270,PT,Europe/Warsaw,SocialBot,3,15,13,8,14,8,32,1,330,4350,5400,7,7,5,4,230,15044763,17403,7028180,5224182,15000,11400
BE Club 39,6,bc3e1ffa-a7c5-4453-a010-a40c2e5624a4,AggressiveTraderBot_39,BE,Europe/Rome,AggressiveTraderBot,1,1,1,8,9,13,37,4,730,9500,12000,2,8,7,1,269,96448840,-85,25365130,6195418,22300,22400
DE Club 1,6,c4352b81-1f7e-499c-89c0-9cba713e88d6,NewManagerBot_1,DE,Europe/Berlin,NewManagerBot,1,1,13,12,8,10,46,1,330,4250,5500,8,9,5,6,266,41444811,9446,11462200,4907918,15000,15240
DE Club 251,6,03dbbe39-1400-4442-9cca-64f451eeb9ea,LadderGrinderBot_251,DE,Europe/Amsterdam,LadderGrinderBot,1,1,3,10,8,12,42,2,460,6000,7600,4,8,5,7,263,36727340,19612,16030450,3406491,15000,13520
DE Club 31,6,6ad35c8c-cfdc-47d9-81ec-da8f25a09138,NewManagerBot_31,DE,Europe/Berlin,NewManagerBot,1,1,9,11,10,9,42,4,720,9600,11900,7,8,6,5,255,109592529,18684,25297200,5986975,15000,13260
DE Club 61,6,ab2e3ad3-cf83-422e-8ff6-9df1784e3d15,NewManagerBot_61,DE,Europe/Berlin,NewManagerBot,1,1,14,8,12,10,34,4,730,9500,12000,7,8,6,6,265,112253145,15013,25373580,5282992,15000,10400
ES Club 104,6,72bd9a26-2e8d-480e-923d-7596f6d7f0f4,ConservativeBot_104,ES,Europe/Paris,ConservativeBot,1,1,5,13,9,8,47,2,460,6200,7400,10,10,5,5,245,44189345,13216,16099400,5391183,15000,12200
ES Club 134,6,5c8a1607-1688-40dc-922b-9eb09c33893d,ConservativeBot_134,ES,Europe/Paris,ConservativeBot,1,1,16,8,12,10,34,2,460,6100,7500,5,11,4,5,259,49365608,16790,16032800,4505941,15000,15700
FR Club 292,6,d6644096-93e9-4409-a37d-40fe2821e7ad,YouthFocusedBot_292,FR,Europe/Madrid,YouthFocusedBot,1,1,7,13,8,9,48,1,330,4250,5300,2,8,5,6,261,33151296,1608,11361900,4431505,21500,20800
FR Club 312,6,890628ae-5d85-4efa-8100-7fec7763dce5,SocialBot_312,FR,Europe/Warsaw,SocialBot,1,1,2,9,8,13,40,4,720,9700,11800,5,5,5,3,269,83110837,23291,25346100,5534488,15000,11600
FR Club 92,6,deb7446a-622e-4d65-be4a-05788e9559f6,ConservativeBot_92,FR,Europe/Paris,ConservativeBot,1,1,12,10,11,9,39,2,460,6000,7800,7,7,5,4,264,66435606,16689,16120800,4834302,15000,11000
NL Club 195,6,c060f2b9-e0be-4fab-a4d5-e6864530bd71,AggressiveTraderBot_195,NL,Europe/Rome,AggressiveTraderBot,1,1,10,10,11,9,39,4,730,9600,12000,6,10,5,2,266,80140357,979,25440550,7702595,22400,21700
NL Club 215,6,d13bb404-ed3e-4983-804a-ee7f9552736e,LadderGrinderBot_215,NL,Europe/Amsterdam,LadderGrinderBot,1,1,4,8,10,12,36,1,330,4450,5300,5,11,5,6,250,14134037,16479,11549050,6358020,15000,12600
NL Club 65,6,e1c26246-8404-4632-9dab-aade113a28eb,LadderGrinderBot_65,NL,Europe/Amsterdam,LadderGrinderBot,1,1,8,8,13,9,33,1,350,4250,5200,6,7,4,5,260,39671157,17941,11574630,2428595,15000,14280
PL Club 326,6,2052b1a0-fb68-4752-9fad-a0d695a68628,ConservativeBot_326,PL,Europe/Paris,ConservativeBot,1,1,15,12,8,10,46,4,720,9600,12000,4,9,4,4,261,95485011,20015,25320000,5471251,15000,14520
PL Club 76,6,ce73b2b1-9524-46ff-87e0-ee5423995657,YouthFocusedBot_76,PL,Europe/Madrid,YouthFocusedBot,1,1,11,11,10,9,42,4,720,9600,12000,3,10,6,6,264,102180186,1173,25337430,3921200,21600,20300
PT Club 30,6,f62dc6ea-9823-4457-8131-87240bfd98eb,SocialBot_30,PT,Europe/Warsaw,SocialBot,1,1,6,9,13,8,35,3,590,8150,9600,7,11,2,4,265,79886959,18886,20885250,3643007,15000,12860
AT Club 217,6,e0326af1-b314-4d98-9e91-42e35aaee33d,NewManagerBot_217,AT,Europe/Berlin,NewManagerBot,2,1,13,10,13,7,37,2,460,6100,7600,6,10,6,7,267,39144236,18757,12650580,4760624,15000,11400
AT Club 97,6,618ea146-3ba0-4ae0-b788-e4dafedba22b,NewManagerBot_97,AT,Europe/Berlin,NewManagerBot,2,1,6,11,10,9,42,2,460,6000,7800,5,13,6,3,240,34035340,20470,12605930,5202791,15000,13300
BE Club 119,6,01f3fc7b-ecc8-4da8-a134-205f5b0cc3be,LadderGrinderBot_119,BE,Europe/Amsterdam,LadderGrinderBot,2,1,5,10,11,9,39,2,460,6200,7600,10,12,3,5,244,29343499,12643,12683280,4865220,15000,12200
BE Club 149,6,5c2c6a66-57ac-498b-bc72-22c94ceb72c0,LadderGrinderBot_149,BE,Europe/Amsterdam,LadderGrinderBot,2,1,8,9,16,5,32,2,470,6100,7500,9,10,5,3,266,45753431,14317,12685680,4136029,15000,13220
BE Club 59,6,3ce2d0b5-9834-4f9d-aca0-2d05a4acfa32,LadderGrinderBot_59,BE,Europe/Amsterdam,LadderGrinderBot,2,1,2,10,12,8,38,2,480,6000,7400,4,7,2,5,268,43836893,20152,12678900,3688606,15000,13000
DE Club 131,6,cfde46e7-93d7-47c5-bd87-009d21bd1d4f,LadderGrinderBot_131,DE,Europe/Amsterdam,LadderGrinderBot,2,1,4,10,7,13,43,2,470,6000,7800,6,7,5,4,267,31816404,17208,12740870,6421878,15000,16680
DE Club 21,6,00f6fdb6-a2a1-40b2-a8dc-bbbfd111ed89,AggressiveTraderBot_21,DE,Europe/Rome,AggressiveTraderBot,2,1,14,13,10,7,46,3,600,7950,9700,3,7,2,2,258,57336315,1808,16366500,4618600,22100,21700
DE Club 51,6,348cf306-9bd1-412e-a9f9-2271d6198998,AggressiveTraderBot_51,DE,Europe/Rome,AggressiveTraderBot,2,1,3,7,10,13,34,4,730,9700,11800,3,9,3,2,259,66279415,249,19944000,4866925,22200,21800
ES Club 124,6,2ee52a8c-67ce-4898-a8c0-76a6418d21d0,YouthFocusedBot_124,ES,Europe/Madrid,YouthFocusedBot,2,1,15,14,6,10,52,3,590,7850,9700,5,10,6,3,251,47225438,1658,16199700,5894344,21600,20200
ES Club 14,6,8b3acb80-1554-4a27-aa02-46fb3057deae,ConservativeBot_14,ES,Europe/Paris,ConservativeBot,2,1,12,9,13,8,35,3,590,7850,10000,9,10,5,5,268,78079274,16952,16316300,3822191,15000,10600
IT Club 13,6,4b5d9e92-69e7-4e2a-827d-96be5393e740,NewManagerBot_13,IT,Europe/Berlin,NewManagerBot,2,1,10,11,8,11,44,3,600,7750,9900,6,10,7,4,268,65974292,16077,16310630,6558207,15000,11800
IT Club 143,6,a76986a8-37f4-48c8-b95e-8207314d2b86,LadderGrinderBot_143,IT,Europe/Amsterdam,LadderGrinderBot,2,1,7,16,9,5,53,1,330,4550,5300,4,9,4,6,257,21947309,17523,9147450,3488629,15000,13720
IT Club 23,6,36b04951-ec86-4657-8847-b76a079db506,LadderGrinderBot_23,IT,Europe/Amsterdam,LadderGrinderBot,2,1,9,8,11,11,35,2,460,6100,7700,8,10,4,6,247,46202805,17233,12668000,4837408,15000,13440
NL Club 115,6,93ce46a1-63e0-4b09-9eda-9aac2e3dc1e6,NewManagerBot_115,NL,Europe/Berlin,NewManagerBot,2,1,1,12,10,8,44,1,330,4450,5300,7,9,3,6,269,14961441,14051,9058500,3863263,15000,13660
PL Club 186,6,80f87715-d81f-4704-9b92-0f262de5aa52,SocialBot_186,PL,Europe/Warsaw,SocialBot,2,1,16,6,14,10,28,2,460,6100,7800,7,11,4,7,258,36661339,11395,12703730,7446480,15000,13860
PL Club 226,6,b63b1bdf-cd28-4a5c-a677-f48ff2336887,YouthFocusedBot_226,PL,Europe/Madrid,YouthFocusedBot,2,1,11,13,9,8,47,2,460,6100,7600,6,9,4,6,264,36752116,1691,12636500,4614821,21800,20700
AT Club 177,6,8f9f4a3a-bea1-4316-bc6a-f39f505967c6,AggressiveTraderBot_177,AT,Europe/Rome,AggressiveTraderBot,2,2,10,11,7,12,45,2,460,6200,7600,5,5,3,3,233,14981844,1647,12717000,8762052,21900,20500
BE Club 139,6,cbf7970c-2f1d-418a-833e-0535364ed689,NewManagerBot_139,BE,Europe/Berlin,NewManagerBot,2,2,3,7,6,17,38,1,330,4250,5400,8,12,8,3,267,19087807,13204,8939730,6268323,15000,15440
BE Club 279,6,066eabed-4679-4ade-8d76-9913e91fded9,AggressiveTraderBot_279,BE,Europe/Rome,AggressiveTraderBot,2,2,14,13,3,14,53,1,340,4350,5300,5,11,2,1,266,6653808,839,9032100,5276191,22300,22000
BE Club 79,6,050eab06-a8b8-44b4-b7bd-978fb2972ef7,NewManagerBot_79,BE,Europe/Berlin,NewManagerBot,2,2,13,3,13,14,23,2,460,6200,7400,5,10,4,4,240,32417060,16854,12621450,5890704,15000,14500
CH Club 158,6,dba3e857-0f27-467a-be50-c17b79e0ec65,ConservativeBot_158,CH,Europe/Paris,ConservativeBot,2,2,8,11,13,6,39,4,730,9600,12000,5,9,4,4,261,80046524,16757,19958100,5356286,15000,12200
ES Club 44,6,2de1f101-2294-4ec7-bfa3-c5bdbaca453d,ConservativeBot_44,ES,Europe/Paris,ConservativeBot,2,2,15,11,8,11,44,2,460,6200,7600,8,10,5,6,258,43311819,19314,12710180,4713446,15000,14840
ES Club 74,6,40cc7e01-3f6b-473e-b0f3-785115d6b7d5,ConservativeBot_74,ES,Europe/Paris,ConservativeBot,2,2,7,13,11,6,45,4,720,9500,12000,6,10,6,7,247,75198315,17381,19796130,4503674,15000,11600
FR Club 172,6,e72f24b6-7ab5-4d0e-aa4d-2ea29b171b82,YouthFocusedBot_172,FR,Europe/Madrid,YouthFocusedBot,2,2,9,7,11,12,33,1,330,4350,5400,5,10,2,5,255,21363707,771,8996400,4030195,21900,22200
FR Club 2,6,d7d3e20a-8306-409e-b6de-ae08adecd752,ConservativeBot_2,FR,Europe/Paris,ConservativeBot,2,2,12,13,9,8,47,1,340,4550,5300,7,12,5,5,248,31287755,14284,9220250,2513351,15000,13660
IT Club 153,6,5b71faac-8f2c-4285-b064-1e9ce698a595,AggressiveTraderBot_153,IT,Europe/Rome,AggressiveTraderBot,2,2,4,6,7,17,35,4,720,9600,12000,3,8,4,5,255,46551267,1479,19864500,8818342,22300,21500
NL Club 15,6,66ae8f2e-8ac4-4b98-8460-ffeaeb99340d,AggressiveTraderBot_15,NL,Europe/Rome,AggressiveTraderBot,2,2,16,8,11,11,35,1,330,4250,5400,5,10,4,5,245,23753248,517,8930300,3325996,22000,22700
NL Club 175,6,9e2dbcff-f250-428a-a497-2579eaad4bbb,NewManagerBot_175,NL,Europe/Berlin,NewManagerBot,2,2,11,9,13,8,35,1,330,4450,5400,7,8,4,2,260,21880982,16592,9093800,4808646,15000,14860
NL Club 185,6,fcec7403-56e0-4cd8-8dd1-a8bb20d39472,LadderGrinderBot_185,NL,Europe/Amsterdam,LadderGrinderBot,2,2,1,9,12,9,36,2,470,6000,7500,7,10,6,6,257,33423696,15089,12625970,3695165,15000,14260
PT Club 160,6,e6721176-f64f-47bd-9d13-860308346657,YouthFocusedBot_160,PT,Europe/Madrid,YouthFocusedBot,2,2,5,11,10,9,42,4,720,9500,12200,2,8,3,3,237,66361837,1640,19845800,4160419,21500,20400
PT Club 170,6,bf2b8ed2-3e14-4913-9321-e67377c212e6,ConservativeBot_170,PT,Europe/Paris,ConservativeBot,2,2,6,10,11,9,39,1,330,4350,5300,8,8,4,5,244,15705997,17717,8979650,4770719,15000,11200
PT Club 180,6,ae58b792-f6ce-4937-9ec1-7798eba68e69,SocialBot_180,PT,Europe/Warsaw,SocialBot,2,2,2,12,9,9,45,2,470,6000,7500,7,9,5,8,266,45997412,13733,12634100,4310356,15000,16660
AT Club 197,6,1421dae4-4c13-4b29-b84a-e149a15de08b,LadderGrinderBot_197,AT,Europe/Amsterdam,LadderGrinderBot,2,3,8,10,15,5,35,3,610,7750,9700,6,7,6,6,241,48986047,18644,16366430,6868085,15000,12400
AT Club 47,6,3d798a50-1e8e-4633-b4e3-e034e3f3f967,LadderGrinderBot_47,AT,Europe/Amsterdam,LadderGrinderBot,2,3,14,8,11,11,35,3,590,7750,9900,5,10,4,4,256,64082415,18988,16185000,3658907,15000,11400
AT Club 57,6,cdcabf4f-833f-48bf-845c-863511efb2a4,AggressiveTraderBot_57,AT,Europe/Rome,AggressiveTraderBot,2,3,15,17,8,5,56,3,590,7850,10000,3,10,6,7,250,54358028,-56,16340480,8486458,22300,23900
BE Club 179,6,c1cebfc9-532e-40f4-82c6-9349c429bcec,LadderGrinderBot_179,BE,Europe/Amsterdam,LadderGrinderBot,2,3,13,11,8,11,44,2,470,6000,7500,9,10,5,3,262,40408922,13222,12596870,6434171,15000,15820
BE Club 19,6,ae8c2222-89be-4d68-896d-d63a3ce6914a,NewManagerBot_19,BE,Europe/Berlin,NewManagerBot,2,3,12,8,12,10,34,1,330,4250,5200,6,6,6,5,245,32130406,21830,8892030,2607261,15000,12600
BE Club 219,6,11b113fe-aa84-4d84-868d-b16a13592b66,AggressiveTraderBot_219,BE,Europe/Rome,AggressiveTraderBot,2,3,10,6,11,13,31,2,460,6100,7700,4,9,5,6,245,30956113,342,12684900,5369085,22000,21800
BE Club 229,6,87b6b924-e37a-475e-9a97-8967b16211ca,NewManagerBot_229,BE,Europe/Berlin,NewManagerBot,2,3,5,12,10,8,44,2,470,6000,7400,7,9,4,5,256,34198677,16081,12576930,5922818,15000,10400
ES Club 234,6,0768c66b-b272-4b91-acc6-390a8cc9b906,SocialBot_234,ES,Europe/Warsaw,SocialBot,2,3,4,7,13,10,31,3,590,7850,9700,7,9,5,2,254,49358335,18156,16194330,5072929,15000,11800
FR Club 212,6,d6049ac0-45fc-408d-8ed1-62be0039ed2d,ConservativeBot_212,FR,Europe/Paris,ConservativeBot,2,3,9,11,6,13,46,1,330,4550,5200,5,8,6,5,254,14009009,18026,9127530,5668569,15000,14700
IT Club 43,6,5e5ccef4-48ac-4d30-9573-c00f09609456,NewManagerBot_43,IT,Europe/Berlin,NewManagerBot,2,3,3,13,7,10,49,2,460,6000,7600,6,10,7,8,255,45788873,16371,12574680,4066997,15000,13880
IT Club 73,6,a5c71d17-12f8-4cdd-a0e0-181abab6a3e1,NewManagerBot_73,IT,Europe/Berlin,NewManagerBot,2,3,6,10,12,8,38,3,590,7950,9800,8,9,6,3,243,46274447,11814,16325630,5654686,15000,14840
IT Club 83,6,3c825427-b8e4-4de6-a788-3e40683226c6,LadderGrinderBot_83,IT,Europe/Amsterdam,LadderGrinderBot,2,3,2,11,8,11,44,1,330,4250,5400,9,10,7,6,263,19152415,17695,8951450,5010728,15000,10600
NL Club 5,6,a662f6ad-98fd-4a61-aaea-a0dc2437d9ea,LadderGrinderBot_5,NL,Europe/Amsterdam,LadderGrinderBot,2,3,16,8,17,5,29,2,470,6000,7500,8,9,7,3,266,65399619,17246,12629930,5661785,15000,13400
PL Club 196,6,4869a90a-1243-45a7-86eb-bc8d9a148363,YouthFocusedBot_196,PL,Europe/Madrid,YouthFocusedBot,2,3,7,15,10,5,50,2,460,6200,7500,3,5,1,4,255,36171446,587,12666150,7011059,21800,22200
PL Club 256,6,c57fac4b-054c-4040-83bd-e60dc13a7259,YouthFocusedBot_256,PL,Europe/Madrid,YouthFocusedBot,2,3,1,8,11,11,35,3,600,7850,9800,4,7,2,2,264,56108767,1416,16333400,5395684,22300,21100
PL Club 56,6,bf2c47e6-76b3-42cd-b86e-a8e479e60804,ConservativeBot_56,PL,Europe/Paris,ConservativeBot,2,3,11,12,8,10,46,3,600,7750,9900,6,8,3,5,234,67676595,14190,16305500,6259770,15000,14680
AT Club 277,6,1e1139dc-0372-444a-beff-d52fc52a6be8,NewManagerBot_277,AT,Europe/Berlin,NewManagerBot,2,4,10,13,8,9,48,2,470,6000,7500,6,11,3,5,242,36592261,13964,12593100,6159397,15000,14280
CH Club 258,6,06f91eed-dd89-49a1-ba61-5e422468d5e4,SocialBot_258,CH,Europe/Warsaw,SocialBot,2,4,13,13,6,11,50,2,470,6200,7500,9,11,4,5,268,33464977,13292,12760500,4155577,15000,15020
CH Club 278,6,82195ca3-330f-4efe-a58b-2604bbc022d3,ConservativeBot_278,CH,Europe/Paris,ConservativeBot,2,4,14,6,13,11,29,2,460,6100,7500,7,8,5,2,254,44059935,18952,12596130,3438626,15000,13060
DE Club 271,6,7582aca5-6e27-44c7-922c-304c8637037f,NewManagerBot_271,DE,Europe/Berlin,NewManagerBot,2,4,11,10,10,10,40,4,720,9700,11900,7,9,5,5,260,74055354,15751,19909530,5087582,15000,13460
ES Club 264,6,45fa72ac-91e2-4882-8137-ff626d22ae1a,SocialBot_264,ES,Europe/Warsaw,SocialBot,2,4,7,8,10,12,36,4,720,9500,12100,6,10,5,7,248,68977447,17456,19827030,4998937,15000,11000
ES Club 274,6,928ab7a5-90d7-47ad-8976-65733a4b7cae,YouthFocusedBot_274,ES,Europe/Madrid,YouthFocusedBot,2,4,1,15,9,6,51,2,460,6000,7800,5,9,3,6,268,30948944,383,12617750,4187299,21900,22200
ES Club 284,6,728a473c-8d8b-4456-8e22-20b98852cebc,ConservativeBot_284,ES,Europe/Paris,ConservativeBot,2,4,4,11,8,11,44,3,600,7850,9600,6,6,6,5,243,53761245,22198,16302600,2924355,15000,12600
FR Club 262,6,1b091843-a469-4eb4-ba1c-3936c30e8dee,YouthFocusedBot_262,FR,Europe/Madrid,YouthFocusedBot,2,4,5,12,10,8,44,2,460,6000,7500,4,12,4,2,257,30971916,317,12477150,5970635,21400,21900
FR Club 272,6,a60e7403-d1a2-451f-9b36-6c8c85e1d78c,ConservativeBot_272,FR,Europe/Paris,ConservativeBot,2,4,12,10,10,10,40,3,590,7850,9800,6,9,4,8,240,52651487,13748,16258280,5739624,15000,14280
IT Club 243,6,57eeb85d-9fd3-4c86-bc74-881bb0616ec0,AggressiveTraderBot_243,IT,Europe/Rome,AggressiveTraderBot,2,4,6,10,12,8,38,2,470,6100,7400,6,9,6,4,242,26511585,-311,12669750,6992943,22200,23100
IT Club 283,6,6310b124-ddd3-4abe-be26-62a8ec6c5d55,NewManagerBot_283,IT,Europe/Berlin,NewManagerBot,2,4,8,10,8,12,42,2,460,6100,7700,6,11,3,3,266,37036259,12683,12638630,4413539,15000,12800
IT Club 53,6,d62fac56-1029-4f52-96f0-afda254d62bd,LadderGrinderBot_53,IT,Europe/Amsterdam,LadderGrinderBot,2,4,16,6,11,13,31,4,720,9500,11900,7,9,4,3,258,108181624,14740,19723200,2920059,15000,13260
NL Club 145,6,e75ee1c8-dc6c-4103-ab66-7fab1c96e63c,NewManagerBot_145,NL,Europe/Berlin,NewManagerBot,2,4,15,11,6,13,46,3,590,7750,9700,6,9,4,4,269,59301096,17382,16114230,2947765,15000,13880
PL Club 296,6,d871e6af-7284-40b0-a391-408bff4b5dc6,ConservativeBot_296,PL,Europe/Paris,ConservativeBot,2,4,2,9,15,6,33,4,720,9500,11900,8,11,4,5,263,71429640,20288,19724550,3853294,15000,10600
PL Club 46,6,a7bbebd6-3fec-4035-b689-71f25c252a5c,YouthFocusedBot_46,PL,Europe/Madrid,YouthFocusedBot,2,4,3,8,11,11,35,1,330,4250,5400,5,10,3,5,264,19459561,545,8923080,4972486,21500,22400
PT Club 260,6,a368befa-b280-4161-b1e0-64a658fdff05,ConservativeBot_260,PT,Europe/Paris,ConservativeBot,2,4,9,8,13,9,33,1,330,4250,5300,8,8,3,4,235,7717806,15824,8887500,5757328,15000,12600
AT Club 207,6,7932b925-6a12-4918-b062-d38b8b5151a4,AggressiveTraderBot_207,AT,Europe/Rome,AggressiveTraderBot,2,5,12,17,3,10,61,2,460,6100,7600,6,8,5,6,264,24351723,323,12653130,6687870,22300,23300
AT Club 297,6,27238e0c-a795-4c29-860e-713a1481a2cc,AggressiveTraderBot_297,AT,Europe/Rome,AggressiveTraderBot,2,5,14,8,12,10,34,4,720,9600,12100,6,9,7,3,255,62178942,113,19904930,7228634,22500,23300
AT Club 87,6,e7ee539b-b81c-457f-a4bc-963b97e6fd1c,AggressiveTraderBot_87,AT,Europe/Rome,AggressiveTraderBot,2,5,10,7,9,14,35,2,460,6200,7500,3,9,5,7,238,28875149,161,12689430,8140836,21800,22100
BE Club 319,6,8014bbad-f8ee-46dd-a81d-231670231cb7,NewManagerBot_319,BE,Europe/Berlin,NewManagerBot,2,5,1,10,11,9,39,3,600,7750,9800,6,11,3,6,267,53522613,20850,16248350,4538998,15000,10800
CH Club 78,6,60be413e-022e-4268-8258-e2194f43454e,SocialBot_78,CH,Europe/Warsaw,SocialBot,2,5,16,12,16,2,38,4,730,9500,12100,7,10,2,6,263,109386553,14765,19899950,6839011,15000,14060
ES Club 304,6,31ac1d45-013b-48d4-9197-319c77ede20a,YouthFocusedBot_304,ES,Europe/Madrid,YouthFocusedBot,2,5,8,9,13,8,35,2,460,6100,7600,6,10,5,4,230,29435934,946,12621900,6819315,22000,22000
ES Club 314,6,3de018d4-d0e5-48d6-8039-685d6fb455d9,ConservativeBot_314,ES,Europe/Paris,ConservativeBot,2,5,3,11,8,11,44,1,340,4350,5400,3,10,5,5,235,14797712,20680,9123450,5608133,15000,13540
ES Club 324,6,058d9ba1-b321-4d19-825b-24e8496fc354,SocialBot_324,ES,Europe/Warsaw,SocialBot,2,5,5,8,13,9,33,2,460,6100,7500,8,11,2,6,249,33181636,18813,12566150,4751261,15000,13640
ES Club 84,6,dc1e25b8-c625-4f27-81da-67d2b8ba9507,SocialBot_84,ES,Europe/Warsaw,SocialBot,2,5,2,11,10,9,42,4,720,9500,11800,11,13,4,7,244,86298486,6639,19679700,5187752,15000,15780
FR Club 332,6,4fbfa595-58dd-49e7-b4f4-c12f94dd7399,ConservativeBot_332,FR,Europe/Paris,ConservativeBot,2,5,4,8,11,11,35,1,330,4250,5500,6,9,5,6,228,11417895,21153,8988980,5319725,15000,11000
IT Club 313,6,9fdda90e-0d4e-4c12-9dc8-1007000548a8,NewManagerBot_313,IT,Europe/Berlin,NewManagerBot,2,5,6,13,8,9,48,2,460,6000,7600,6,10,4,5,246,34042920,14545,12535730,3580217,15000,16080
IT Club 333,6,ac195968-75a3-47b8-b7c4-5c8db15b7443,AggressiveTraderBot_333,IT,Europe/Rome,AggressiveTraderBot,2,5,11,3,17,10,19,2,470,6200,7500,2,7,5,5,239,15975687,1705,12793800,7149251,21900,21700
NL Club 335,6,b4f60935-4474-4a59-b671-1d2dd1587f6d,LadderGrinderBot_335,NL,Europe/Amsterdam,LadderGrinderBot,2,5,13,12,8,10,46,2,460,6100,7500,5,11,5,4,236,43226369,18186,12572430,4540583,15000,12700
NL Club 95,6,1aad108e-69ce-4f6f-8f02-db5ddf2e8e52,LadderGrinderBot_95,NL,Europe/Amsterdam,LadderGrinderBot,2,5,15,16,12,2,50,4,720,9500,12000,7,7,3,7,240,83074133,15001,19786950,4605753,15000,12600
PT Club 330,6,e683404b-44f6-40a7-a72b-f0ea46397232,SocialBot_330,PT,Europe/Warsaw,SocialBot,2,5,9,9,7,14,41,3,610,7750,9800,6,12,4,3,253,62836581,13919,16338230,5259543,15000,11600
PT Club 90,6,abd77e3b-565e-4a11-8f39-54f034800296,SocialBot_90,PT,Europe/Warsaw,SocialBot,2,5,7,13,9,8,47,4,730,9600,11900,9,10,7,3,243,77287664,13210,19927970,5837952,15000,12000
AT Club 107,6,b8cbcad1-6155-4e67-bb28-3941ecf4f0bc,LadderGrinderBot_107,AT,Europe/Amsterdam,LadderGrinderBot,3,1,4,13,8,9,48,1,340,4450,5300,5,10,4,6,248,15336602,18264,7126240,4178104,15000,13600
BE Club 109,6,585a27c8-a1a4-461b-8a09-9e95f6342f27,NewManagerBot_109,BE,Europe/Berlin,NewManagerBot,3,1,11,3,18,9,18,2,460,6100,7400,7,7,3,4,238,33426753,17002,9764580,3799471,15000,12200
BE Club 99,6,133ca065-3a25-49f7-9432-74ac3d3c0a4c,AggressiveTraderBot_99,BE,Europe/Rome,AggressiveTraderBot,3,1,6,3,23,4,13,3,600,8050,9700,4,8,7,4,229,34379038,301,12843180,6772643,22000,22100
CH Club 108,6,2b027f11-de59-420a-b7d0-ef5d314a04fa,SocialBot_108,CH,Europe/Warsaw,SocialBot,3,1,8,11,6,13,46,1,330,4450,5400,6,7,6,5,247,13176237,17375,7112430,6558733,15000,13480
DE Club 111,6,805596ae-c0b3-4c48-bba3-a6d4f8a1aa71,AggressiveTraderBot_111,DE,Europe/Rome,AggressiveTraderBot,3,1,3,8,13,9,33,3,590,8150,9700,4,8,4,7,228,28967022,126,12808700,9917472,22500,23900
ES Club 94,6,4aa1ccda-3a1d-4a25-a762-49aff917ed9b,YouthFocusedBot_94,ES,Europe/Madrid,YouthFocusedBot,3,1,10,13,9,8,47,3,590,7750,10000,3,10,4,4,246,68778485,1090,12625700,3302195,21600,22100
FR Club 112,6,a15b6a0b-37cb-4a21-ae23-4b81fd31f3b6,YouthFocusedBot_112,FR,Europe/Madrid,YouthFocusedBot,3,1,15,11,9,10,43,2,460,6100,7700,3,10,5,1,240,29006986,713,9842430,4595544,21300,21100
FR Club 52,6,64c2c870-4cd1-4757-a3a5-44b6c9811f67,YouthFocusedBot_52,FR,Europe/Madrid,YouthFocusedBot,3,1,7,6,11,13,31,1,330,4550,5400,6,9,7,6,245,15465974,1874,7164530,4554395,22100,21000
IT Club 103,6,60f61091-88a8-41c4-8e14-7f15e8d04cfc,NewManagerBot_103,IT,Europe/Berlin,NewManagerBot,3,1,1,7,13,10,31,4,720,9600,12100,5,8,4,5,250,64134133,18675,15481880,4933420,15000,13900
IT Club 123,6,abd03c1f-5074-48bf-a143-bd17d4591bea,AggressiveTraderBot_123,IT,Europe/Rome,AggressiveTraderBot,3,1,12,18,3,9,63,3,610,7750,9800,6,8,5,2,266,45476906,839,12732010,4458146,22000,21200
PL Club 106,6,4e4c2586-f2ba-40ab-9ac3-3378ba751f49,YouthFocusedBot_106,PL,Europe/Madrid,YouthFocusedBot,3,1,2,13,7,10,49,4,720,9500,12000,3,10,1,3,242,66934630,517,15341000,4700757,21700,21100
PL Club 136,6,70f861f6-8a3e-42c4-8761-6ac90a75e15b,YouthFocusedBot_136,PL,Europe/Madrid,YouthFocusedBot,3,1,14,6,20,4,22,1,340,4250,5500,2,7,6,4,234,13382352,1844,7091480,5872359,21900,20500
PT Club 100,6,8f2ff8e9-cfad-4c42-acf9-23f4ace61979,YouthFocusedBot_100,PT,Europe/Madrid,YouthFocusedBot,3,1,9,9,13,8,35,3,590,7850,9700,3,10,4,3,242,49755496,81,12595200,3567574,21500,22000
PT Club 110,6,18c26668-2250-45ff-bd3f-841825eff91c,ConservativeBot_110,PT,Europe/Paris,ConservativeBot,3,1,5,23,3,4,73,1,330,4450,5200,8,8,4,1,254,11740107,17744,7003230,6293442,15000,12800
PT Club 190,6,d557eb61-328b-455a-ac12-bdf7160c3c0a,YouthFocusedBot_190,PT,Europe/Madrid,YouthFocusedBot,3,1,16,9,11,10,37,1,330,4250,5400,2,5,4,4,230,20582520,-189,6972500,5477525,21700,21900
PT Club 230,6,2ec21bac-1f72-4504-8d74-e38dde7a5e88,ConservativeBot_230,PT,Europe/Paris,ConservativeBot,3,1,13,20,6,4,64,3,590,7950,9700,6,8,2,3,260,57323005,12466,12657000,5032878,15000,14480
AT Club 117,6,e6ca718d-1ead-4b7e-a9ac-c0ca863c7f73,AggressiveTraderBot_117,AT,Europe/Rome,AggressiveTraderBot,3,2,4,6,11,13,31,2,460,6000,7600,4,13,4,8,247,10583639,277,9750600,9376773,22400,22500
AT Club 127,6,d8a4463c-3898-4480-9e43-1ed7f1346e27,NewManagerBot_127,AT,Europe/Berlin,NewManagerBot,3,2,7,10,11,9,39,3,590,7750,9900,6,11,7,7,225,42413633,18364,12627000,4654857,15000,13880
AT Club 17,6,7f52514d-1425-4197-b719-69243e46b753,LadderGrinderBot_17,AT,Europe/Amsterdam,LadderGrinderBot,3,2,2,9,8,13,40,2,460,6100,7800,5,7,4,5,246,35204059,18787,9896180,4960197,15000,13700
CH Club 118,6,7483179c-ed57-4cee-a179-14c5a6ba9c62,YouthFocusedBot_118,CH,Europe/Madrid,YouthFocusedBot,3,2,8,11,10,9,42,3,590,7950,9700,5,10,6,3,233,49648383,903,12674400,4646464,21900,21000
CH Club 98,6,30333bdd-d11e-4e52-986b-c6fbd073b7a1,ConservativeBot_98,CH,Europe/Paris,ConservativeBot,3,2,12,12,6,12,48,2,460,6100,7700,6,8,4,4,244,37428121,15296,9862830,4873903,15000,14280
DE Club 121,6,1b250786-6d20-48be-abfc-65bb8adb920a,NewManagerBot_121,DE,Europe/Berlin,NewManagerBot,3,2,1,8,9,13,37,2,460,6100,7800,9,11,6,1,254,29917714,12258,9872030,4201072,15000,15620
ES Club 114,6,f3c2e9c0-a82f-4e00-a062-05a6ec4fb90b,SocialBot_114,ES,Europe/Warsaw,SocialBot,3,2,3,11,6,13,46,1,340,4350,5300,7,8,5,5,257,23517786,15118,7074610,1866823,15000,13460
ES Club 194,6,937a9d70-1cc0-4113-8471-2351989b0165,ConservativeBot_194,ES,Europe/Paris,ConservativeBot,3,2,10,8,11,11,35,4,730,9500,12000,8,10,4,5,229,70959409,6839,15460810,4838738,15000,16440
FR Club 122,6,7313cd66-e9c4-4710-a0ac-2423670ab347,ConservativeBot_122,FR,Europe/Paris,ConservativeBot,3,2,11,6,12,12,30,2,460,6100,7600,7,9,4,3,266,37852214,18264,9821100,4354427,15000,13260
IT Club 113,6,bb665cdd-dee0-487f-ace1-d75d7ebff188,LadderGrinderBot_113,IT,Europe/Amsterdam,LadderGrinderBot,3,2,13,8,12,10,34,1,340,4350,5400,6,7,4,3,263,15841842,20756,7094740,4029209,15000,11200
IT Club 193,6,e3c5b140-56f3-4708-b136-7f7ab0a3705b,NewManagerBot_193,IT,Europe/Berlin,NewManagerBot,3,2,14,12,8,10,46,2,460,6100,7400,5,6,5,4,256,45966184,18317,9788700,2227128,15000,13100
NL Club 125,6,20c0ee5d-34d1-4bc2-9c86-8e8b91513228,LadderGrinderBot_125,NL,Europe/Amsterdam,LadderGrinderBot,3,2,5,9,13,8,35,4,720,9700,12000,6,8,6,7,249,64196229,18780,15547580,4158449,15000,13680
NL Club 25,6,199d0dcf-02ce-4689-b524-4045b4b27001,NewManagerBot_25,NL,Europe/Berlin,NewManagerBot,3,2,15,10,6,14,44,1,340,4250,5300,8,9,5,4,229,18499582,18043,7009650,3476443,15000,14240
PL Club 116,6,47e4d6c7-4684-40ef-b555-2bf2bf45480b,ConservativeBot_116,PL,Europe/Paris,ConservativeBot,3,2,16,6,10,14,32,4,720,9600,11900,8,12,5,2,227,62746628,7271,15394980,5166054,15000,12600
PL Club 126,6,6311e709-b24e-4646-bc1b-16eb6e9a704c,SocialBot_126,PL,Europe/Warsaw,SocialBot,3,2,9,11,8,11,44,3,590,7750,9700,7,10,4,4,243,43032433,12821,12536430,4715656,15000,13260
PT Club 120,6,9e07ec54-6e86-4cb6-98b1-235b6a352569,SocialBot_120,PT,Europe/Warsaw,SocialBot,3,2,6,13,9,8,47,3,590,7850,9600,6,7,7,6,237,48341791,24158,12615480,3314087,15000,14280
AT Club 137,6,a2c2667c-93d8-4cee-835d-eb187ab094d2,LadderGrinderBot_137,AT,Europe/Amsterdam,LadderGrinderBot,3,3,6,11,8,11,44,4,720,9500,12100,7,8,2,4,228,60678748,20602,15406100,5851414,15000,10800
BE Club 129,6,7cdc5c78-c824-4981-ac60-c065a701c67b,AggressiveTraderBot_129,BE,Europe/Rome,AggressiveTraderBot,3,3,13,14,9,7,49,1,330,4350,5200,4,9,6,2,247,523377,383,6953700,7351911,22100,22200
BE Club 209,6,ad27e825-0edb-4922-b7c0-610ff60581e4,LadderGrinderBot_209,BE,Europe/Amsterdam,LadderGrinderBot,3,3,10,8,6,16,40,2,460,6000,7700,6,9,6,4,263,40001613,14031,9808800,4412331,15000,13880
CH Club 138,6,492508a8-01fb-4638-a96f-6f75549dc1e0,SocialBot_138,CH,Europe/Warsaw,SocialBot,3,3,15,14,6,10,52,4,730,9600,11800,6,9,6,3,240,61961702,13661,15470590,4754852,15000,13480
CH Club 18,6,62619cd8-64ad-40dc-9339-cb65538bc836,SocialBot_18,CH,Europe/Warsaw,SocialBot,3,3,11,11,9,10,43,3,590,7950,9600,5,11,2,1,264,54808004,19694,12593400,4154066,15000,12300
CH Club 228,6,9614f347-1916-45e7-95c9-43bf04e23284,SocialBot_228,CH,Europe/Warsaw,SocialBot,3,3,14,9,14,7,34,4,730,9600,11800,5,7,5,4,245,68793436,18936,15489640,7276628,15000,11800
DE Club 101,6,2cf51899-9887-42fc-903b-967ec3d1967a,LadderGrinderBot_101,DE,Europe/Amsterdam,LadderGrinderBot,3,3,9,6,8,16,34,3,590,7850,9900,9,12,6,6,252,51804313,11116,12668750,4585033,15000,15220
DE Club 141,6,7e1cd9ae-3a02-4cdd-91cf-3f233a94490c,AggressiveTraderBot_141,DE,Europe/Rome,AggressiveTraderBot,3,3,16,6,14,10,28,4,720,9600,11900,6,12,6,3,226,53009985,1344,15407000,7298364,21900,20500
ES Club 144,6,b58e2ae3-cb5e-4291-8508-631ece4472c7,SocialBot_144,ES,Europe/Warsaw,SocialBot,3,3,3,13,11,6,45,2,460,6100,7600,6,9,6,4,257,32294915,20767,9833880,4522519,15000,13880
ES Club 4,6,85120ad2-7fa3-4217-8604-f29bf87884d3,YouthFocusedBot_4,ES,Europe/Madrid,YouthFocusedBot,3,3,5,8,11,11,35,4,720,9500,12100,2,9,5,3,235,80262648,513,15411900,4648563,21600,21100
FR Club 142,6,60096c04-5158-4a2f-8934-81a7b1f99149,YouthFocusedBot_142,FR,Europe/Madrid,YouthFocusedBot,3,3,2,10,10,10,40,2,480,6000,7500,2,11,1,4,249,26351142,1840,9846050,6038750,21800,20000
FR Club 22,6,673d69b5-669c-4786-9e06-d7aa63e589c6,YouthFocusedBot_22,FR,Europe/Madrid,YouthFocusedBot,3,3,4,11,13,6,39,1,340,4450,5400,6,9,5,2,237,13812511,1299,7154700,6910327,21800,20700
FR Club 62,6,f24edcd9-ec85-45dc-a843-7ffe73560a01,ConservativeBot_62,FR,Europe/Paris,ConservativeBot,3,3,8,12,9,9,45,2,460,6100,7700,8,8,8,3,229,33893574,15659,9882080,4218212,15000,11200
IT Club 133,6,964149c1-5c4d-4fc5-a66f-ed386181abe4,NewManagerBot_133,IT,Europe/Berlin,NewManagerBot,3,3,12,9,11,10,37,1,330,4350,5300,6,8,4,7,251,9472453,21967,6994980,6898875,15000,12800
PT Club 130,6,7145701e-f8bd-42d6-9d35-945927b2a810,YouthFocusedBot_130,PT,Europe/Madrid,YouthFocusedBot,3,3,1,10,10,10,40,2,460,6200,7400,4,7,3,2,264,31209547,690,9824400,4545433,21500,21600
PT Club 140,6,9694c29c-f247-42b8-8997-0f26d442b2e2,ConservativeBot_140,PT,Europe/Paris,ConservativeBot,3,3,7,9,12,9,36,2,470,6100,7500,7,12,6,3,242,26130175,17482,9865500,7097323,15000,13600
AT Club 147,6,5aa85c20-0519-4beb-9fb9-6708f96e84af,AggressiveTraderBot_147,AT,Europe/Rome,AggressiveTraderBot,3,4,1,6,13,11,29,2,460,6100,7600,4,9,7,5,232,16156914,1448,9854400,5326491,22200,21700
AT Club 157,6,f4ac4c0c-9b24-42ea-b416-093b9beedc65,NewManagerBot_157,AT,Europe/Berlin,NewManagerBot,3,4,2,13,6,11,50,3,590,7750,9800,6,6,5,5,245,48820228,22969,12601530,4751648,15000,10800
AT Club 27,6,7603bc01-2726-424b-bcc5-6a07d8f22a39,AggressiveTraderBot_27,AT,Europe/Rome,AggressiveTraderBot,3,4,13,12,12,6,42,3,590,7850,9800,3,9,7,3,238,45492844,-96,12655850,7657120,22300,23900
BE Club 159,6,89fdfe3e-2d80-4f2c-802c-d017187d79e5,AggressiveTraderBot_159,BE,Europe/Rome,AggressiveTraderBot,3,4,16,0,26,4,4,4,720,9500,12200,2,8,4,4,228,52742221,160,15453150,6947372,22100,22000
BE Club 29,6,cabd4b9e-d4ce-4811-af3e-1ccf7e3c7954,LadderGrinderBot_29,BE,Europe/Amsterdam,LadderGrinderBot,3,4,15,26,0,4,82,3,590,7850,9900,7,11,4,5,260,51222900,13782,12655430,5388600,15000,13860
ES Club 154,6,628d4312-db8c-4ba9-993b-6015197c410a,YouthFocusedBot_154,ES,Europe/Madrid,YouthFocusedBot,3,4,4,13,9,8,47,1,330,4350,5300,3,4,4,4,252,15222710,22,7014000,2361600,22000,23800
FR Club 102,6,1057bce7-2dbd-4e33-bbce-6cd6f9e1f38b,SocialBot_102,FR,Europe/Warsaw,SocialBot,3,4,9,12,7,11,47,3,590,7950,9600,5,9,4,3,249,53939661,16476,12625830,4318097,15000,14900
FR Club 12,6,c637d677-633e-4315-a0a6-f26a3751e2f8,SocialBot_12,FR,Europe/Warsaw,SocialBot,3,4,7,11,11,8,41,1,330,4350,5400,9,10,5,7,240,19855428,13945,7019600,4984815,15000,15020
FR Club 152,6,4db15fa0-a26a-406e-8618-00b01f0dd73d,ConservativeBot_152,FR,Europe/Paris,ConservativeBot,3,4,6,19,4,7,64,1,330,4250,5500,7,8,2,3,247,11609417,14979,6959300,4760182,15000,11400
IT Club 173,6,159887e1-97be-479a-9c8f-3103bf6b079a,LadderGrinderBot_173,IT,Europe/Amsterdam,LadderGrinderBot,3,4,10,7,12,11,32,1,330,4350,5500,7,12,6,6,237,17252774,15830,7046700,4219461,15000,13000
IT Club 63,6,e40c8e5f-6802-45ea-a6ba-f4d271c91904,AggressiveTraderBot_63,IT,Europe/Rome,AggressiveTraderBot,3,4,12,26,0,4,82,3,600,7750,9900,4,10,7,4,267,46581675,183,12699010,4617418,22000,22200
NL Club 155,6,8dd2028f-36e1-4e26-b433-e847bc872591,LadderGrinderBot_155,NL,Europe/Amsterdam,LadderGrinderBot,3,4,14,12,12,6,42,3,590,7950,9700,5,11,7,3,244,41656111,18406,12675000,5560335,15000,14300
NL Club 245,6,0d22986b-e0ff-4b27-901e-5016fa049f99,LadderGrinderBot_245,NL,Europe/Amsterdam,LadderGrinderBot,3,4,8,11,11,8,41,3,590,7750,10000,8,10,6,5,256,48477913,12302,12646400,5261462,15000,13840
PL Club 146,6,498d2e73-5d20-4a36-9099-e2ad585d8017,ConservativeBot_146,PL,Europe/Paris,ConservativeBot,3,4,5,4,19,7,19,3,590,7950,9600,9,11,4,6,263,43496592,10729,12631950,4816486,15000,14420
PL Club 156,6,a2e491fa-c50d-4485-ad90-4aff165f8c3b,SocialBot_156,PL,Europe/Warsaw,SocialBot,3,4,3,9,13,8,35,4,730,9500,12100,10,10,3,5,235,63297503,14209,15476900,4721695,15000,11600
PT Club 150,6,53c31711-ece7-44c8-9010-f5787b6c8a2c,SocialBot_150,PT,Europe/Warsaw,SocialBot,3,4,11,0,26,4,4,2,470,6200,7500,8,14,5,8,234,25904466,14637,9927630,8054717,15000,15040
BE Club 169,6,0018448d-cc8b-4968-a965-d6ed95a5d5ee,NewManagerBot_169,BE,Europe/Berlin,NewManagerBot,3,5,6,15,5,10,55,4,720,9700,12000,5,12,6,4,236,64479027,16282,15504080,5520932,15000,13300
BE Club 69,6,4a4ce3d8-58ff-45ab-876c-0acc4458bd2e,AggressiveTraderBot_69,BE,Europe/Rome,AggressiveTraderBot,3,5,13,28,0,2,86,1,330,4250,5500,6,10,6,5,259,7321871,1667,6992930,7867919,22300,21700
CH Club 168,6,973da36b-7346-4843-94cb-ed5ac76e792d,SocialBot_168,CH,Europe/Warsaw,SocialBot,3,5,10,7,14,9,30,1,330,4350,5400,7,9,3,5,244,17243050,13064,7010400,2742166,15000,12600
CH Club 68,6,fb90b587-dadf-49bd-9ace-7d8da42b9389,ConservativeBot_68,CH,Europe/Paris,ConservativeBot,3,5,3,3,13,14,23,3,600,7950,9700,6,8,5,6,232,47108818,16587,12775350,7062193,15000,15280
DE Club 151,6,92e8c246-dee3-4b60-9297-90ca4f6edddc,NewManagerBot_151,DE,Europe/Berlin,NewManagerBot,3,5,16,0,25,5,5,2,460,6100,7600,5,5,3,4,231,38026081,21736,9840000,6291745,15000,11600
DE Club 171,6,433ab017-968b-404a-9262-2ad4e76bdb9a,AggressiveTraderBot_171,DE,Europe/Rome,AggressiveTraderBot,3,5,1,12,10,8,44,4,720,9700,11900,6,7,5,6,241,50327808,322,15505980,8764486,22300,23100
ES Club 174,6,024ed886-a400-4f98-8f69-6de68a8dc084,SocialBot_174,ES,Europe/Warsaw,SocialBot,3,5,5,5,15,10,25,4,720,9700,11900,9,11,5,6,252,58804722,10616,15483750,6790206,15000,15420
FR Club 132,6,205ec8dd-1081-4b46-9932-30787b94390e,SocialBot_132,FR,Europe/Warsaw,SocialBot,3,5,15,25,0,5,80,3,600,7750,9800,6,8,4,7,268,58664669,16060,12674900,4619839,15000,13880
FR Club 32,6,a908df90-2ca1-4aeb-90e5-14f9f8ec6ee9,ConservativeBot_32,FR,Europe/Paris,ConservativeBot,3,5,2,10,12,8,38,1,330,4350,5200,7,9,6,5,240,22580039,18609,6974550,4157295,15000,12060
IT Club 163,6,aeebbfd9-f54e-42a8-8978-c101f9ddf84b,NewManagerBot_163,IT,Europe/Berlin,NewManagerBot,3,5,12,11,6,13,46,2,460,6200,7500,6,6,3,2,225,31721130,21264,9856350,5859077,15000,13400
IT Club 253,6,25a12e17-2ad9-49a3-89f4-ce70388c9308,NewManagerBot_253,IT,Europe/Berlin,NewManagerBot,3,5,8,13,9,8,47,1,330,4250,5300,9,11,6,3,255,17423448,16260,6909930,2824862,15000,13820
NL Club 165,6,0d46166f-1c23-4fd1-8d98-9c303ba3ca81,AggressiveTraderBot_165,NL,Europe/Rome,AggressiveTraderBot,3,5,4,13,3,14,53,3,590,7750,9900,4,10,4,5,261,31114694,1283,12599930,9626351,21800,21700
PL Club 166,6,bf3feda8-e4cd-473c-865d-cfeac769a612,YouthFocusedBot_166,PL,Europe/Madrid,YouthFocusedBot,3,5,11,6,11,13,31,3,590,7750,9800,3,10,8,1,239,43801787,1418,12585330,2704055,21800,21700
PL Club 176,6,e09865c8-301c-4a45-b0ef-8e7b03a6cbbf,ConservativeBot_176,PL,Europe/Paris,ConservativeBot,3,5,7,9,13,8,35,1,330,4250,5400,4,7,4,4,250,13964921,19420,6958500,5933717,15000,12400
PT Club 20,6,5d15ac60-92b2-45c6-b41c-5320a627c958,ConservativeBot_20,PT,Europe/Paris,ConservativeBot,3,5,9,14,7,9,51,4,720,9500,12100,9,9,4,5,244,73965395,12796,15411800,2811033,15000,12600
PT Club 80,6,662d1daa-cb50-4e3d-9658-df500ce809e4,ConservativeBot_80,PT,Europe/Paris,ConservativeBot,3,5,14,0,28,2,2,3,600,8050,9700,8,11,5,4,225,51428546,15139,12798080,7200078,15000,12200
AT Club 187,6,9e41080b-0a1c-43ec-a652-ffda1c3b89b5,NewManagerBot_187,AT,Europe/Berlin,NewManagerBot,3,6,2,7,10,13,34,4,720,9500,11900,10,12,3,4,230,65142318,7929,15324050,6372734,15000,15200
AT Club 67,6,611ce365-1847-4d8e-8c43-9d9c8dd1fb74,NewManagerBot_67,AT,Europe/Berlin,NewManagerBot,3,6,12,10,12,8,38,2,460,6100,7500,8,10,7,5,247,45497546,16108,9816900,5606592,15000,13640
BE Club 189,6,4497be84-e199-4e43-ba29-5768a0e6218a,AggressiveTraderBot_189,BE,Europe/Rome,AggressiveTraderBot,3,6,13,9,11,10,37,2,460,6000,7500,2,12,5,2,231,9421381,1157,9709200,9772363,21900,21700
CH Club 128,6,bc14cf8f-78a7-4317-85fe-85b18d67f9b6,ConservativeBot_128,CH,Europe/Paris,ConservativeBot,3,6,16,13,8,9,48,3,590,7950,9900,5,7,5,6,231,48819547,18389,12761150,5804934,15000,15700
CH Club 178,6,49819763-2993-4393-90f8-146e24a592e6,YouthFocusedBot_178,CH,Europe/Madrid,YouthFocusedBot,3,6,8,9,11,10,37,3,590,7850,9900,2,7,5,4,248,46184219,1343,12688880,5957585,21700,20900
DE Club 181,6,4b256b0b-459a-4a00-9bfa-0c1726044877,NewManagerBot_181,DE,Europe/Berlin,NewManagerBot,3,6,1,10,7,13,43,1,350,4450,5300,9,11,5,3,243,13265995,11704,7194040,4838178,15000,13620
DE Club 191,6,5209c0b7-1b42-498c-b8ec-2a03c187686c,LadderGrinderBot_191,DE,Europe/Amsterdam,LadderGrinderBot,3,6,4,14,9,7,49,2,460,6100,7500,8,9,5,5,238,29897730,15485,9807200,4556893,15000,13240
ES Club 184,6,9ca77454-c39b-4b59-b123-435f3a956ffd,YouthFocusedBot_184,ES,Europe/Madrid,YouthFocusedBot,3,6,9,24,0,6,78,3,590,7750,9800,4,11,3,3,262,46115894,169,12538830,3384183,21300,22400
FR Club 182,6,18279032-98b4-4926-8ab9-164cb988f81c,ConservativeBot_182,FR,Europe/Paris,ConservativeBot,3,6,3,9,14,7,34,1,330,4350,5500,9,11,6,5,246,15696219,16522,7042200,4010647,15000,15820
FR Club 192,6,f4750b95-fc78-4c49-ba82-cc1eb1bc7b47,SocialBot_192,FR,Europe/Warsaw,SocialBot,3,6,10,0,24,6,6,1,330,4450,5300,9,10,5,4,228,11986625,10718,7038680,5738728,15000,11600
NL Club 105,6,bee987f7-96fc-4ca3-aa1e-883868a97f56,AggressiveTraderBot_105,NL,Europe/Rome,AggressiveTraderBot,3,6,5,17,7,6,57,1,340,4350,5200,5,9,2,7,246,3672343,1148,7024350,6468396,22100,22000
NL Club 75,6,d745c013-0091-4430-ba89-8e45aa15aec5,AggressiveTraderBot_75,NL,Europe/Rome,AggressiveTraderBot,3,6,11,12,10,8,44,4,730,9700,11800,5,8,3,6,255,57017752,1625,15533400,5331729,22100,20100
PL Club 26,6,2feac2a4-af37-4a38-83a4-381b3f97cf44,ConservativeBot_26,PL,Europe/Paris,ConservativeBot,3,6,6,7,17,6,27,4,720,9500,12100,6,12,2,3,245,68389532,18870,15365100,5044034,15000,13880
PL Club 276,6,f26d2663-fed0-49cd-89c7-5c7beff462f7,SocialBot_276,PL,Europe/Warsaw,SocialBot,3,6,14,11,9,10,43,3,590,8050,9700,6,9,4,3,228,52470774,21266,12719100,4717725,15000,14480
PL Club 286,6,d1715c76-f74c-48ca-92e4-70cbebd64c71,YouthFocusedBot_286,PL,Europe/Madrid,YouthFocusedBot,3,6,7,11,9,10,43,1,340,4350,5300,4,9,5,4,253,13771985,415,7062340,3728197,21600,22400
PT Club 60,6,60f577ef-d7cb-43ee-9c2b-5c18844d2f03,SocialBot_60,PT,Europe/Warsaw,SocialBot,3,6,15,8,13,9,33,2,460,6200,7600,4,9,4,4,225,31746279,16615,9879830,3494426,15000,14120
AT Club 167,6,4ff99c0f-f940-43af-b39e-85d4dbb6271e,LadderGrinderBot_167,AT,Europe/Amsterdam,LadderGrinderBot,3,7,11,0,26,4,4,2,460,6100,7600,6,8,5,5,227,29715501,13915,9835950,8013226,15000,15280
AT Club 77,6,a09cbe08-d33b-492c-8eac-8a985fe5293b,LadderGrinderBot_77,AT,Europe/Amsterdam,LadderGrinderBot,3,7,13,13,7,10,49,3,590,7850,9900,5,8,3,5,249,64902472,20577,12662600,4434134,15000,13000
BE Club 199,6,54ff5ad4-faa4-4031-a15c-cb2dc743bd7c,NewManagerBot_199,BE,Europe/Berlin,NewManagerBot,3,7,8,12,10,8,44,1,340,4250,5500,7,9,4,4,251,15957115,17059,7053200,4736665,15000,12200
CH Club 198,6,b12f1edc-e973-459e-9661-eb8b94f20853,SocialBot_198,CH,Europe/Warsaw,SocialBot,3,7,5,6,15,9,27,3,590,7850,9800,8,11,8,5,230,43604064,14360,12656580,4216861,15000,14040
CH Club 48,6,5f2451f2-0668-4b60-98fc-bd64c9e6ae9c,SocialBot_48,CH,Europe/Warsaw,SocialBot,3,7,14,7,13,10,31,4,720,9700,12000,10,11,2,6,232,72502444,13111,15480000,2393656,15000,13600
CH Club 8,6,b027d720-ee06-4f8c-924d-112b01c3dc75,ConservativeBot_8,CH,Europe/Paris,ConservativeBot,3,7,16,10,10,10,40,2,460,6100,7400,7,8,8,5,231,44566376,19372,9800130,4246468,15000,12460
DE Club 161,6,724b6093-c959-483a-9e1f-31d5fecc9162,LadderGrinderBot_161,DE,Europe/Amsterdam,LadderGrinderBot,3,7,10,10,11,9,39,4,720,9700,11900,5,12,5,6,247,65798533,16583,15468900,3491079,15000,13900
DE Club 41,6,3dc92206-3813-4c42-9ab2-03e6bc0cb5f0,LadderGrinderBot_41,DE,Europe/Amsterdam,LadderGrinderBot,3,7,6,15,6,9,54,4,720,9700,11900,8,11,1,4,245,81154755,18944,15442350,6754752,15000,10200
ES Club 204,6,f57a98e7-1fc6-400f-a6e8-570ac0ed9836,SocialBot_204,ES,Europe/Warsaw,SocialBot,3,7,1,9,9,12,39,1,330,4350,5300,6,12,5,4,233,10043374,19307,6967500,4490221,15000,12680
FR Club 202,6,04e6a2cf-e6c0-4928-a8a8-564f57062b36,YouthFocusedBot_202,FR,Europe/Madrid,YouthFocusedBot,3,7,9,11,10,9,42,1,340,4450,5300,3,10,6,5,263,10816433,1009,7132250,3031163,21900,22500
FR Club 252,6,3c1559dc-f84c-41c2-ba6b-a09bdb4ec5e7,SocialBot_252,FR,Europe/Warsaw,SocialBot,3,7,2,9,9,12,39,4,720,9600,11900,7,14,4,7,251,69585725,12374,15393800,5365437,15000,15060
IT Club 183,6,257bb0fb-4722-43fe-ac46-ab7aacc93603,AggressiveTraderBot_183,IT,Europe/Rome,AggressiveTraderBot,3,7,3,9,15,6,33,4,730,9600,12000,3,10,4,5,261,52847897,-391,15526350,9463419,21700,22500
IT Club 203,6,919dde86-2d35-43ee-8c02-e290916835de,LadderGrinderBot_203,IT,Europe/Amsterdam,LadderGrinderBot,3,7,4,15,9,6,51,4,720,9500,12000,8,10,5,4,244,68185796,16666,15386400,4459024,15000,13240
NL Club 205,6,3fd072aa-fc30-4ce4-b2f3-fcef0f234790,NewManagerBot_205,NL,Europe/Berlin,NewManagerBot,3,7,7,10,12,8,38,3,600,7850,9700,5,9,5,6,244,41356144,16652,12704850,5206371,15000,14300
PL Club 206,6,9db8ed72-bdb5-4b95-b4a3-dfe8098bbd70,ConservativeBot_206,PL,Europe/Paris,ConservativeBot,3,7,12,26,0,4,82,3,590,8050,9700,5,8,6,6,260,44114136,19749,12757250,5412760,15000,14300
PT Club 200,6,651ff949-50ae-45d6-8489-7560835e6a17,ConservativeBot_200,PT,Europe/Paris,ConservativeBot,3,7,15,10,10,10,40,3,600,7750,9600,4,6,5,5,254,45388288,20169,12627160,5418509,15000,15320
CH Club 188,6,0b899502-7cbb-4eb8-83eb-46db4b9bbe71,ConservativeBot_188,CH,Europe/Paris,ConservativeBot,3,8,10,16,4,10,58,1,330,4350,5400,4,9,3,5,253,13297180,19753,7000800,2763448,15000,13520
CH Club 38,6,b06d0a6d-4efe-4488-b02e-6030ffbe434a,ConservativeBot_38,CH,Europe/Paris,ConservativeBot,3,8,9,4,16,10,22,2,470,6100,7500,7,13,2,3,228,33250714,17469,9822490,5362849,15000,11600
DE Club 211,6,8d3b1a03-6e77-462d-b5cf-23e60784c8e5,NewManagerBot_211,DE,Europe/Berlin,NewManagerBot,3,8,13,12,9,9,45,4,730,9600,12000,5,9,8,6,250,65173023,18657,15569480,4690290,15000,14700
DE Club 221,6,c2ee84de-1a9e-4427-b582-e08a783d636d,LadderGrinderBot_221,DE,Europe/Amsterdam,LadderGrinderBot,3,8,7,18,3,9,63,4,720,9500,12000,6,7,6,4,252,56156983,14008,15416000,6769697,15000,14880
DE Club 71,6,2c4a53fa-60af-49ce-a743-ec79a51856ba,LadderGrinderBot_71,DE,Europe/Amsterdam,LadderGrinderBot,3,8,16,10,7,13,43,2,460,6300,7500,8,10,5,5,234,32103299,7015,9918050,3508438,15000,14640
ES Club 214,6,438a011b-77a0-4955-a26e-aa44f847c545,YouthFocusedBot_214,ES,Europe/Madrid,YouthFocusedBot,3,8,2,2,17,11,17,1,340,4450,5300,4,7,5,6,234,12166088,1799,7152300,5263733,21200,19700
ES Club 224,6,fde34949-443f-44d9-82d4-1108a8a113f1,ConservativeBot_224,ES,Europe/Paris,ConservativeBot,3,8,6,6,13,11,29,2,470,6200,7400,10,11,2,2,231,28209408,12327,9869100,4964219,15000,11400
ES Club 34,6,0f61cad3-969a-447b-b191-bcce5268cb56,YouthFocusedBot_34,ES,Europe/Madrid,YouthFocusedBot,3,8,1,17,2,11,62,3,590,7850,9900,2,10,5,2,259,62473966,303,12656700,4895242,21700,22900
FR Club 222,6,d92752c6-ade6-4ecd-b7ad-5db16998b5c9,SocialBot_222,FR,Europe/Warsaw,SocialBot,3,8,15,7,10,13,34,3,590,7850,9800,9,9,5,5,230,45528302,15325,12641880,6032748,15000,12000
FR Club 42,6,17eab328-3e2a-4417-8362-83c387f0a589,SocialBot_42,FR,Europe/Warsaw,SocialBot,3,8,3,7,14,9,30,1,330,4250,5400,6,11,5,4,242,12388434,21582,6943950,6141806,15000,12680
FR Club 72,6,6eb1e349-53a1-43a2-82a9-8bcd0ced166c,SocialBot_72,FR,Europe/Warsaw,SocialBot,3,8,11,14,9,7,49,3,610,7750,9600,6,8,6,4,251,64413496,22304,12696340,4873203,15000,13880
IT Club 223,6,b33e05e6-5a0f-47ab-8f6b-317948bf2a99,NewManagerBot_223,IT,Europe/Berlin,NewManagerBot,3,8,8,3,18,9,18,3,590,7950,9700,6,7,3,3,226,45703317,21191,12671180,4024552,15000,12200
PL Club 216,6,9b637931-3cc8-4eb1-8698-183124cb74bb,SocialBot_216,PL,Europe/Warsaw,SocialBot,3,8,14,9,12,9,36,1,330,4450,5400,7,9,2,6,228,10004033,21359,7067700,6761314,15000,11000
PT Club 210,6,86e038fe-0ba4-4664-b86b-51cb891b8805,SocialBot_210,PT,Europe/Warsaw,SocialBot,3,8,12,9,14,7,34,3,590,7850,9700,9,9,3,4,237,46829990,17024,12590600,2803159,15000,11000
PT Club 220,6,7c28b66e-fc5e-4822-a33c-24f05aec4ca9,YouthFocusedBot_220,PT,Europe/Madrid,YouthFocusedBot,3,8,5,13,6,11,50,1,340,4250,5400,2,9,5,5,237,17040221,2017,7043030,4473735,21500,20600
PT Club 70,6,8ed79a7e-dfc8-4dc6-b3b4-c972b561ddeb,YouthFocusedBot_70,PT,Europe/Madrid,YouthFocusedBot,3,8,4,14,7,9,51,4,720,9600,11900,3,6,1,6,231,69197520,725,15418500,6414051,22500,21900
AT Club 227,6,c95b8b8e-554e-422c-a66c-d2e6e5e6fbb6,LadderGrinderBot_227,AT,Europe/Amsterdam,LadderGrinderBot,3,9,11,10,8,12,42,2,470,6200,7500,7,11,5,4,247,30662549,11846,9923900,3033760,15000,13660
AT Club 237,6,fc7c7c13-4f17-46ea-a935-bf02ad0466e8,AggressiveTraderBot_237,AT,Europe/Rome,AggressiveTraderBot,3,9,1,8,11,11,35,4,720,9600,12000,6,10,4,6,239,48373557,673,15450300,7786358,22000,22600
AT Club 267,6,e3b70cb6-1354-400b-85e6-a68e77dc686d,AggressiveTraderBot_267,AT,Europe/Rome,AggressiveTraderBot,3,9,2,11,8,11,44,2,460,6000,7800,6,6,6,5,233,12666272,-267,9856880,6445381,21900,22400
BE Club 239,6,aac97cd2-4015-4ebd-8173-40e2c488b36f,LadderGrinderBot_239,BE,Europe/Amsterdam,LadderGrinderBot,3,9,7,13,6,11,50,4,720,9600,12100,7,11,3,2,242,64331000,17085,15437930,4315390,15000,14060
BE Club 259,6,b828ba92-3787-49ca-83d1-66ed8b43da8a,NewManagerBot_259,BE,Europe/Berlin,NewManagerBot,3,9,16,8,16,6,30,3,590,7850,9800,7,9,4,4,225,46942493,15910,12636930,5574873,15000,14060
CH Club 238,6,e8ae7945-27c8-4a95-a035-d5ddf08ebb45,YouthFocusedBot_238,CH,Europe/Madrid,YouthFocusedBot,3,9,8,6,13,11,29,4,730,9600,11800,2,10,3,3,247,66734235,1070,15449400,5058589,21700,21200
DE Club 11,6,a3d40f57-d6ad-4b1a-b7de-2b0475cada0d,LadderGrinderBot_11,DE,Europe/Amsterdam,LadderGrinderBot,3,9,13,14,9,7,49,4,740,9500,12000,6,9,5,4,255,89074091,13161,15545110,4900859,15000,15680
DE Club 231,6,947df70f-bccc-4983-a67e-88e5a984ff5f,AggressiveTraderBot_231,DE,Europe/Rome,AggressiveTraderBot,3,9,5,15,4,11,56,4,720,9500,12200,5,10,3,2,226,52260160,1577,15412700,5098128,22400,21100
FR Club 232,6,f5d01f5a-dffe-4682-adcb-4b5cf426340b,YouthFocusedBot_232,FR,Europe/Madrid,YouthFocusedBot,3,9,10,8,8,14,38,2,470,6100,7600,6,7,5,2,235,31398659,-169,9912900,3077878,21700,22200
IT Club 233,6,ed4bacb7-638a-4081-b1bc-c2704a08a0ee,LadderGrinderBot_233,IT,Europe/Amsterdam,LadderGrinderBot,3,9,14,9,14,7,34,2,460,6100,7600,6,8,5,3,243,29014463,19734,9834600,6793719,15000,13800
IT Club 3,6,e5fadf32-ef6f-4b8b-9eb5-5dc8ad48463d,AggressiveTraderBot_3,IT,Europe/Rome,AggressiveTraderBot,3,9,6,4,15,11,23,2,480,6000,7500,5,8,4,4,226,40213690,930,9900080,7603703,22200,21500
NL Club 225,6,b0416165-d302-4781-9fb0-999f91c7c570,AggressiveTraderBot_225,NL,Europe/Rome,AggressiveTraderBot,3,9,3,10,7,13,43,2,460,6400,7500,5,9,3,5,227,21545806,667,9978900,6739318,22300,22100
NL Club 235,6,f0478c1e-b4b9-4ce1-9bbc-f88d6a9e8442,NewManagerBot_235,NL,Europe/Berlin,NewManagerBot,3,9,12,8,10,12,36,4,720,9600,11900,6,7,5,5,226,65676767,16490,15446400,3596400,15000,13480
PL Club 66,6,046ea3ba-9a18-466f-82c9-69395045c2ad,SocialBot_66,PL,Europe/Warsaw,SocialBot,3,9,4,7,10,13,34,3,590,7950,9800,7,7,5,2,229,49525042,19509,12705530,4215767,15000,11000
PT Club 10,6,32c764f6-e8ba-4537-8e82-630aedd6593d,YouthFocusedBot_10,PT,Europe/Madrid,YouthFocusedBot,3,9,15,16,8,6,54,3,590,8050,9700,6,9,1,7,238,75105856,142,12720150,4043385,21600,22600
PT Club 240,6,3df323f7-54e6-4aea-a922-78d28a7e9a7b,SocialBot_240,PT,Europe/Warsaw,SocialBot,3,9,9,8,8,14,38,4,730,9700,11900,6,5,3,2,225,65524183,27353,15565800,5384452,15000,11600
AT Club 247,6,7e5e29cd-6198-4570-8200-84ac42851a81,NewManagerBot_247,AT,Europe/Berlin,NewManagerBot,3,10,1,13,9,8,47,3,600,7850,9700,5,9,7,4,260,46950624,18119,12704280,5845346,15000,14300
BE Club 249,6,afd5bcae-40a0-47b3-b596-49fe4228d660,AggressiveTraderBot_249,BE,Europe/Rome,AggressiveTraderBot,3,10,5,8,7,15,39,3,590,7950,9600,3,12,6,2,246,32155946,247,12624900,6950399,22300,24100
CH Club 248,6,c473403a-c3e9-4b6e-b900-1e409ac13be4,ConservativeBot_248,CH,Europe/Paris,ConservativeBot,3,10,8,9,10,11,38,2,460,6000,7700,7,11,5,3,241,28874494,16442,9780930,5745546,15000,13860
DE Club 241,6,347f46bb-ae79-4372-9d22-ecbdb09d1908,NewManagerBot_241,DE,Europe/Berlin,NewManagerBot,3,10,13,7,8,15,36,3,600,7850,9600,5,8,1,4,232,46513783,16314,12633600,5156358,15000,12400
ES Club 164,6,88d98b40-9de2-4940-84c2-25a611ae25a4,ConservativeBot_164,ES,Europe/Paris,ConservativeBot,3,10,6,7,8,15,36,1,330,4650,5300,6,11,5,5,233,16323248,16654,7168500,4371303,15000,14280
ES Club 244,6,83878997-443b-4409-a13f-1a00dbad831a,YouthFocusedBot_244,ES,Europe/Madrid,YouthFocusedBot,3,10,15,10,10,10,40,2,470,6000,7700,4,7,6,6,233,28754909,437,9902890,6065507,21600,23200
ES Club 254,6,c4b1d99c-7c2d-44da-92d7-819387cb982a,ConservativeBot_254,ES,Europe/Paris,ConservativeBot,3,10,3,11,7,12,45,3,600,7750,9800,8,11,4,4,235,46372042,17549,12636940,6402429,15000,14040
FR Club 242,6,6c6a4a3a-2c71-4337-a016-4b35b51ddf1f,ConservativeBot_242,FR,Europe/Paris,ConservativeBot,3,10,4,7,11,12,33,2,460,6200,7600,6,10,4,6,247,30609614,21479,9889100,4629577,15000,11000
NL Club 135,6,38443355-2c1c-4a4e-814d-b0fee917c753,AggressiveTraderBot_135,NL,Europe/Rome,AggressiveTraderBot,3,10,14,8,7,15,39,2,460,6200,7400,2,9,4,5,229,32309442,1493,9833100,5698477,22300,21900
NL Club 255,6,a1d96199-fa32-4c94-bdbf-0e82807a9537,AggressiveTraderBot_255,NL,Europe/Rome,AggressiveTraderBot,3,10,2,9,13,8,35,4,720,9500,11900,2,9,7,7,266,45498753,46,15393180,6267363,22400,23500
NL Club 325,6,8bd7d416-ff20-4e6b-90ed-dc4a9565c6f1,NewManagerBot_325,NL,Europe/Berlin,NewManagerBot,3,10,10,11,8,11,44,4,720,9800,12000,5,10,4,6,247,71055642,20150,15566700,4235470,15000,14300
NL Club 45,6,163c7072-c34e-4c0d-9f40-7b8e9a45647a,AggressiveTraderBot_45,NL,Europe/Rome,AggressiveTraderBot,3,10,12,0,26,4,4,3,590,7950,9700,4,8,6,5,228,40124297,259,12696030,9256347,22200,22200
NL Club 85,6,704c9670-99e6-42ee-820e-3cf20369bec1,NewManagerBot_85,NL,Europe/Berlin,NewManagerBot,3,10,9,8,11,11,35,2,460,6200,7500,6,7,6,7,268,42129083,22482,9893430,4777900,15000,10800
PL Club 246,6,affcb4a4-28bf-4225-a21d-f90c61023425,SocialBot_246,PL,Europe/Warsaw,SocialBot,3,10,16,10,10,10,40,1,340,4350,5300,7,9,7,3,228,8931976,18677,7076730,2415037,15000,14860
PL Club 96,6,ef7a53d4-cc9a-4c20-ac9d-f7c70917fd7f,SocialBot_96,PL,Europe/Warsaw,SocialBot,3,10,11,26,0,4,82,4,720,9600,11900,8,8,7,4,258,71388552,19484,15441000,4371290,15000,12600
PT Club 250,6,42534d20-9ead-4371-bf33-56b4f04cfad2,YouthFocusedBot_250,PT,Europe/Madrid,YouthFocusedBot,3,10,7,10,9,11,41,2,460,6200,7600,3,6,3,4,230,34286028,390,9894350,4931041,21800,22700
AT Club 257,6,6b085cc3-b11f-464b-8f13-bb696a53eb49,LadderGrinderBot_257,AT,Europe/Amsterdam,LadderGrinderBot,3,11,13,11,7,12,45,1,330,4250,5300,8,9,7,4,245,18679515,19319,6936650,3774810,15000,11800
AT Club 37,6,b4a15045-0c9a-452e-995c-64c484d7be8a,NewManagerBot_37,AT,Europe/Berlin,NewManagerBot,3,11,6,9,13,8,35,1,330,4250,5400,7,8,4,4,232,20549348,19366,6949850,4058157,15000,14860
BE Club 269,6,55860fdb-1cea-414a-acec-147c63a1cd21,LadderGrinderBot_269,BE,Europe/Amsterdam,LadderGrinderBot,3,11,14,7,11,12,33,4,720,9500,11900,8,9,5,6,229,63202045,15169,15372900,4415788,15000,15640
CH Club 218,6,63ef6e6c-901c-46d8-8fe3-694ec8c18275,ConservativeBot_218,CH,Europe/Paris,ConservativeBot,3,11,15,27,0,3,84,4,720,9700,12000,7,10,4,5,259,78624507,17908,15507530,7423159,15000,13060
CH Club 268,6,ce7561eb-6676-4d15-b9b3-21621d426a69,YouthFocusedBot_268,CH,Europe/Madrid,YouthFocusedBot,3,11,2,12,10,8,44,1,340,4250,5400,4,13,6,2,250,7010085,1055,7007630,7881045,21500,20900
DE Club 261,6,9921044b-e3ce-49d1-9949-bd444b53bf9a,AggressiveTraderBot_261,DE,Europe/Rome,AggressiveTraderBot,3,11,3,10,9,11,41,1,330,4250,5200,3,4,2,2,250,-2345040,1907,6895800,5374135,18500,18000
DE Club 91,6,f236e20e-c5da-4b23-b5ef-cb3cab31feae,NewManagerBot_91,DE,Europe/Berlin,NewManagerBot,3,11,4,9,10,11,38,2,480,6100,7600,8,8,4,4,247,38641884,18787,9985850,4998892,15000,11200
ES Club 24,6,9e342374-8609-4a0e-8b3c-38f074072dfd,SocialBot_24,ES,Europe/Warsaw,SocialBot,3,11,16,0,27,3,3,1,330,4350,5500,8,10,4,5,227,20058154,13681,7039850,4196373,15000,11200
FR Club 162,6,0be310f9-369b-454a-bdcb-0d4b0dfb486a,SocialBot_162,FR,Europe/Warsaw,SocialBot,3,11,9,10,9,11,41,1,330,4350,5500,6,7,6,7,241,6534946,8194,7079930,5006141,15000,15080
IT Club 213,6,75ce292d-1775-4ff0-bf8d-ee575b3e6f0c,AggressiveTraderBot_213,IT,Europe/Rome,AggressiveTraderBot,3,11,7,9,13,8,35,2,460,6000,7600,5,12,7,3,263,22958580,1486,9758480,6794070,22500,20500
IT Club 263,6,0a0fc346-85f5-487a-9910-c53e81742153,LadderGrinderBot_263,IT,Europe/Amsterdam,LadderGrinderBot,3,11,1,10,12,8,38,4,730,9700,11800,5,8,7,2,234,68251889,16664,15545700,4747125,15000,14100
IT Club 33,6,71dde067-d909-45a0-9bb0-df18d90431ec,AggressiveTraderBot_33,IT,Europe/Rome,AggressiveTraderBot,3,11,12,0,27,3,3,3,600,7950,9600,4,7,4,5,226,42834631,1503,12738150,7996427,21900,20500
NL Club 265,6,3924ec2a-a12c-4fcb-a0c5-2e89a8e63f59,NewManagerBot_265,NL,Europe/Berlin,NewManagerBot,3,11,8,13,9,8,47,2,460,6000,7500,5,7,6,6,265,29675846,21426,9765150,6000455,15000,10400
NL Club 35,6,574d2ace-d632-4ab4-8fa2-97312a573816,LadderGrinderBot_35,NL,Europe/Amsterdam,LadderGrinderBot,3,11,10,9,10,11,38,2,460,6300,7600,6,7,3,5,238,36166142,16051,9954350,4446475,15000,15880
PL Club 266,6,61c9eee0-c373-4c47-b71c-69ad37f787a5,ConservativeBot_266,PL,Europe/Paris,ConservativeBot,3,11,11,27,0,3,84,3,600,7850,9800,6,7,4,1,258,45243622,18643,12718400,6930705,15000,14480
PT Club 300,6,832500b9-87ae-4b57-bb4e-102c622e0d92,SocialBot_300,PT,Europe/Warsaw,SocialBot,3,11,5,13,9,8,47,1,340,4350,5400,4,8,6,4,237,13549989,14584,7109900,4643621,15000,12520
AT Club 287,6,8e873716-b7e4-4e0e-b308-9baa29921b98,LadderGrinderBot_287,AT,Europe/Amsterdam,LadderGrinderBot,3,12,11,8,10,12,36,4,720,9600,12200,10,10,5,4,237,60815780,15325,15500900,4270910,15000,11600
AT Club 317,6,5693b7b5-92f0-47d7-9920-e5178c5adff8,LadderGrinderBot_317,AT,Europe/Amsterdam,LadderGrinderBot,3,12,7,10,8,12,42,2,460,6100,7700,5,9,5,4,255,30052895,16536,9854780,6363054,15000,15100
AT Club 7,6,786c663b-ff16-4c41-bb24-56c96612ccef,NewManagerBot_7,AT,Europe/Berlin,NewManagerBot,3,12,4,11,6,13,46,3,600,7850,9700,8,11,5,3,234,73978390,16613,12673540,5128145,15000,11600
BE Club 89,6,ea4a2c63-09b1-4080-9bad-21b8a4498cb5,LadderGrinderBot_89,BE,Europe/Amsterdam,LadderGrinderBot,3,12,2,7,15,8,29,2,460,6100,7500,11,13,3,4,252,32991011,12288,9757350,5786181,15000,14580
CH Club 148,6,e8de3063-9c5f-45ba-a477-473c7f9d2f1f,YouthFocusedBot_148,CH,Europe/Madrid,YouthFocusedBot,3,12,16,10,7,13,43,1,330,4250,5600,3,8,5,4,237,17208045,353,7026450,5651452,22000,21700
CH Club 28,6,ae2c9e5a-e2f0-40bb-a7b6-ec45eff6959f,YouthFocusedBot_28,CH,Europe/Madrid,YouthFocusedBot,3,12,10,3,15,12,21,2,460,6000,7700,5,7,4,5,225,35366757,2098,9810830,3558552,21400,20100
CH Club 288,6,27cf0581-ccc5-4343-b33a-311ef5a6e1da,SocialBot_288,CH,Europe/Warsaw,SocialBot,3,12,1,15,7,8,53,4,720,9600,11900,7,8,2,6,242,65037200,20801,15416580,5420551,15000,13060
CH Club 88,6,c529d1a9-ede4-46cc-b0e1-12e2dd244af0,YouthFocusedBot_88,CH,Europe/Madrid,YouthFocusedBot,3,12,9,15,3,12,57,3,590,7850,9800,4,7,5,3,254,51018625,576,12647880,5691518,21500,21300
DE Club 281,6,dc82693e-26a2-4196-b1d4-bfe6821d0c06,LadderGrinderBot_281,DE,Europe/Amsterdam,LadderGrinderBot,3,12,14,14,8,8,50,1,330,4550,5200,5,9,5,2,248,14135229,15261,7076730,5748716,15000,14500
FR Club 282,6,848feaba-5012-4469-9e8f-76e852a5eede,SocialBot_282,FR,Europe/Warsaw,SocialBot,3,12,15,7,10,13,34,3,600,7850,9600,6,7,6,4,234,51828958,19800,12678640,2272024,15000,11800
IT Club 273,6,7428545b-f9c6-4632-ac7d-32a60a5df8b9,AggressiveTraderBot_273,IT,Europe/Rome,AggressiveTraderBot,3,12,13,8,14,8,32,1,330,4450,5300,2,8,3,1,261,2437454,-57,7032630,6888721,22500,22700
IT Club 93,6,06cdf872-b9ab-4e31-bc56-7fe198747b80,AggressiveTraderBot_93,IT,Europe/Rome,AggressiveTraderBot,3,12,12,10,8,12,42,2,460,6000,7500,4,10,5,4,248,15530682,1010,9732780,8535519,22100,21900
NL Club 275,6,3bacc5a6-d8c8-4aaf-b8b3-f49f9121f84d,LadderGrinderBot_275,NL,Europe/Amsterdam,LadderGrinderBot,3,12,8,8,10,12,36,4,730,9500,12000,6,6,5,5,241,61553335,17498,15494100,3658950,15000,11600
NL Club 285,6,cb7fcbd3-91ed-4c98-99aa-01083d216fb5,AggressiveTraderBot_285,NL,Europe/Rome,AggressiveTraderBot,3,12,3,6,11,13,31,1,330,4350,5200,2,7,4,5,250,3840089,942,6963750,5894561,22300,21500
PT Club 280,6,f22c5491-8230-489f-b733-198b210c1a9d,YouthFocusedBot_280,PT,Europe/Madrid,YouthFocusedBot,3,12,5,6,12,12,30,3,600,7750,9900,2,9,5,4,234,41979350,659,12685230,7587567,21600,21700
PT Club 40,6,90bbdc53-2250-451e-b664-bde75ab9f11a,YouthFocusedBot_40,PT,Europe/Madrid,YouthFocusedBot,3,12,6,12,6,12,48,4,720,9800,11800,4,7,6,5,226,67925811,-187,15542730,4507693,21500,22500
BE Club 289,6,6e36a7dc-3db0-40ea-a152-db1fe7ff6f48,NewManagerBot_289,BE,Europe/Berlin,NewManagerBot,3,13,8,11,13,6,39,1,340,4350,5400,5,10,4,4,246,9478051,11229,7084240,4840856,15000,14500
BE Club 299,6,9c2a7844-e1f6-47b5-94ea-a78914f3e64e,LadderGrinderBot_299,BE,Europe/Amsterdam,LadderGrinderBot,3,13,15,16,4,10,58,1,330,4250,5400,6,6,5,5,254,24022709,18905,6977330,3107789,15000,11200
BE Club 49,6,835ead42-51b0-46e8-aa8c-69f7496fc677,NewManagerBot_49,BE,Europe/Berlin,NewManagerBot,3,13,9,11,12,7,40,4,730,9500,11900,8,9,4,2,245,74427862,18840,15426500,4014607,15000,11400
CH Club 298,6,ef0bc666-b165-4223-8ca3-798191c85be5,YouthFocusedBot_298,CH,Europe/Madrid,YouthFocusedBot,3,13,14,6,11,13,31,1,340,4350,5300,5,9,4,4,233,14644941,646,7064430,7458823,21700,21600
DE Club 291,6,959db82e-e756-47cc-a245-20d5ff168816,AggressiveTraderBot_291,DE,Europe/Rome,AggressiveTraderBot,3,13,16,4,16,10,22,2,460,6200,7600,5,12,5,6,226,18221376,765,9875550,7072596,22300,22100
DE Club 301,6,57ffa470-a460-4b40-8ec0-0beedabcfd0a,NewManagerBot_301,DE,Europe/Berlin,NewManagerBot,3,13,12,9,13,8,35,3,590,7950,9600,8,9,6,6,251,44738155,15899,12657900,5016977,15000,14640
DE Club 81,6,0f19654f-f97f-4671-99ff-ea4cd47d453f,AggressiveTraderBot_81,DE,Europe/Rome,AggressiveTraderBot,3,13,2,11,14,5,38,2,460,6200,7600,5,11,3,2,230,19058224,1566,9846900,7045023,22100,22100
ES Club 294,6,d41e367b-19cb-4e49-9848-d885343ebfd0,SocialBot_294,ES,Europe/Warsaw,SocialBot,3,13,13,11,6,13,46,2,460,6200,7500,6,12,8,7,227,33851737,13917,9879630,3026695,15000,14280
FR Club 302,6,f3744923-3436-47ee-a7d4-272809b10350,ConservativeBot_302,FR,Europe/Paris,ConservativeBot,3,13,1,14,11,5,47,3,590,7850,9600,5,10,3,3,236,48046023,19874,12549600,5320734,15000,14900
IT Club 293,6,053bbd39-59a8-4217-a558-82000c52ae24,LadderGrinderBot_293,IT,Europe/Amsterdam,LadderGrinderBot,3,13,10,12,11,7,43,1,340,4550,5200,8,9,3,3,232,13708700,13365,7148100,4601244,15000,12640
IT Club 303,6,cccd4b83-a529-490b-aa85-1bb6153bb070,AggressiveTraderBot_303,IT,Europe/Rome,AggressiveTraderBot,3,13,4,9,9,12,39,2,470,6100,7400,2,8,6,4,254,10831466,548,9867480,5545192,22300,22300
NL Club 295,6,5573fdd1-aefc-4bb5-b6d2-da4bbefd1b9c,NewManagerBot_295,NL,Europe/Berlin,NewManagerBot,3,13,6,8,9,13,37,1,330,4250,5200,6,7,6,5,244,15983224,16563,6919050,4668027,15000,13080
PL Club 16,6,b5bc0bf1-1de2-4d3d-b4b7-a4f62f93a9d6,YouthFocusedBot_16,PL,Europe/Madrid,YouthFocusedBot,3,13,3,9,9,12,39,3,590,7750,9700,4,9,5,3,268,75552847,241,12547650,5373673,21300,21500
PL Club 86,6,e1abc38d-aa6c-4f3c-b826-7fab58373e1f,ConservativeBot_86,PL,Europe/Paris,ConservativeBot,3,13,7,13,11,6,45,1,330,4250,5200,5,5,5,5,263,27842126,22790,6925950,4424542,15000,12600
PT Club 290,6,00c4536b-bc4f-4588-a88d-2118d5d95b7e,ConservativeBot_290,PT,Europe/Paris,ConservativeBot,3,13,11,13,9,8,47,3,590,7750,9800,7,11,1,3,251,49336302,18214,12521900,4176878,15000,11200
PT Club 50,6,c8deae6a-242d-46ce-800d-5a4390ba8fc3,ConservativeBot_50,PT,Europe/Paris,ConservativeBot,3,13,5,9,8,13,40,1,330,4350,5500,5,5,4,5,229,19950599,16516,7069850,4848818,15000,12800
AT Club 307,6,ba673f0e-c45f-4c1b-abfd-a12efc683d73,NewManagerBot_307,AT,Europe/Berlin,NewManagerBot,3,14,8,12,12,6,42,1,330,4550,5200,10,12,7,6,251,8366523,6495,7088280,4028770,15000,15200
BE Club 309,6,188259ae-f01d-418c-b8b3-8d260c056a73,AggressiveTraderBot_309,BE,Europe/Rome,AggressiveTraderBot,3,14,10,9,13,8,35,2,460,6000,7600,2,10,4,7,255,9973423,234,9768330,9568639,22400,22900
BE Club 329,6,b0281a40-9c7b-43fb-9468-47b2cbbe9773,LadderGrinderBot_329,BE,Europe/Amsterdam,LadderGrinderBot,3,14,5,1,23,6,9,4,740,9500,12000,6,6,5,4,228,66336295,20506,15567610,4629829,15000,11400
CH Club 308,6,d55da4fb-efd6-4874-84c4-2c95a6452cd1,ConservativeBot_308,CH,Europe/Paris,ConservativeBot,3,14,4,6,14,10,28,2,460,6000,7600,8,12,6,5,260,22858348,13717,9760650,9790525,15000,14240
CH Club 318,6,49b1df9c-a60a-4aca-84fa-498d9f4cf4af,SocialBot_318,CH,Europe/Warsaw,SocialBot,3,14,3,14,6,10,52,4,720,9800,12000,11,12,5,6,240,59649632,10590,15559800,7442080,15000,11800
CH Club 58,6,8ec3792b-7f3a-4055-ba8b-3e90217e5a4e,YouthFocusedBot_58,CH,Europe/Madrid,YouthFocusedBot,3,14,11,1,19,10,13,3,590,7750,9900,5,8,7,8,228,51393098,1009,12645230,4147702,21700,21800
DE Club 201,6,296cf1c9-5fa8-4e58-916b-b920c77a1c34,AggressiveTraderBot_201,DE,Europe/Rome,AggressiveTraderBot,3,14,9,13,9,8,47,3,590,7850,9900,5,11,6,6,252,34472351,-453,12676130,8151663,22100,23100
DE Club 311,6,1482ea13-d43f-4c4a-b270-24864d6c2dd9,LadderGrinderBot_311,DE,Europe/Amsterdam,LadderGrinderBot,3,14,2,9,11,10,37,1,330,4350,5400,6,11,8,7,255,9810653,15026,7036980,4497129,15000,13280
ES Club 64,6,20ac27c2-f80e-4cfd-8f92-415bb8148245,YouthFocusedBot_64,ES,Europe/Madrid,YouthFocusedBot,3,14,1,11,9,10,43,1,350,4250,5500,6,9,6,3,259,17843774,177,7153100,7550562,22100,22200
NL Club 305,6,e1edb26b-96f4-43ca-93ea-383795273365,LadderGrinderBot_305,NL,Europe/Amsterdam,LadderGrinderBot,3,14,12,19,1,10,67,4,720,9600,12200,7,9,4,2,256,66977607,15639,15491030,5088836,15000,11400
NL Club 55,6,d599d6f9-83d6-4dd5-aa33-26c62bc02dbb,NewManagerBot_55,NL,Europe/Berlin,NewManagerBot,3,14,14,7,9,14,35,3,600,7750,9800,9,13,5,4,244,56493141,18078,12631730,4807997,15000,12600
PL Club 306,6,766cf4e6-f46e-45ee-8f13-d46eb14dee2b,SocialBot_306,PL,Europe/Warsaw,SocialBot,3,14,7,12,12,6,42,2,460,6200,7700,10,11,4,4,248,27120453,13098,9902600,5784890,15000,11600
PL Club 316,6,d93663fb-8e4e-48b8-8793-3b45d3651426,YouthFocusedBot_316,PL,Europe/Madrid,YouthFocusedBot,3,14,16,11,8,11,44,2,460,6100,7400,4,12,6,4,251,28092781,385,9751800,4583826,21900,22800
PL Club 36,6,bb4788ca-e910-463c-b118-fbeac8715be0,SocialBot_36,PL,Europe/Warsaw,SocialBot,3,14,6,23,1,6,75,2,460,6200,7500,6,10,3,5,257,37137573,21358,9838850,5650539,15000,13880
PT Club 310,6,fe5a44a9-ce25-4b0c-805f-aa58fad6f508,YouthFocusedBot_310,PT,Europe/Madrid,YouthFocusedBot,3,14,13,9,7,14,41,2,480,6100,7400,6,11,4,6,239,32624820,234,9913500,6395366,21700,22100
PT Club 320,6,96be8948-bc1b-4b84-af9b-0a7693f9a9bb,ConservativeBot_320,PT,Europe/Paris,ConservativeBot,3,14,15,8,11,11,35,4,720,9700,11800,8,9,7,3,249,67183750,11511,15471600,5026947,15000,12400
AT Club 327,6,982a589d-1b4b-4486-8b7d-10deb9199ab9,AggressiveTraderBot_327,AT,Europe/Rome,AggressiveTraderBot,3,15,11,10,11,9,39,2,460,6200,7600,3,9,7,3,241,16269200,740,9908130,9352135,22300,21700
BE Club 9,6,5e5b36ee-67dc-47c6-b0e2-65c5eb2315d1,AggressiveTraderBot_9,BE,Europe/Rome,AggressiveTraderBot,3,15,7,8,10,12,36,1,330,4350,5400,5,11,3,4,226,14860145,1588,6990900,3925748,22400,22300
CH Club 208,6,29f2d77f-a67c-4be4-80eb-9bdc438d93c9,YouthFocusedBot_208,CH,Europe/Madrid,YouthFocusedBot,3,15,2,8,10,12,36,1,330,4350,5500,5,9,5,6,263,14387716,207,7052450,5157684,21700,21700
CH Club 328,6,7c70796f-d4fc-4576-9f04-f5e378470172,YouthFocusedBot_328,CH,Europe/Madrid,YouthFocusedBot,3,15,9,10,10,10,40,2,460,6000,7600,3,7,4,6,248,33823046,289,9778950,5119797,21500,22800
DE Club 321,6,b9afa409-2beb-4217-87d9-5470bda1fc4b,AggressiveTraderBot_321,DE,Europe/Rome,AggressiveTraderBot,3,15,14,5,14,11,26,3,600,7950,9600,2,7,6,6,238,32797769,191,12758850,7986091,22100,22300
DE Club 331,6,66b56dde-eb08-42ee-9dd7-48345ac0da11,NewManagerBot_331,DE,Europe/Berlin,NewManagerBot,3,15,13,14,5,11,53,4,730,9700,11900,9,9,2,3,240,58098587,16927,15531930,6210139,15000,11000
ES Club 334,6,850b5fa2-b621-4929-8c0a-b770d358e4b4,YouthFocusedBot_334,ES,Europe/Madrid,YouthFocusedBot,3,15,1,10,8,12,42,4,740,9500,11800,6,9,5,5,253,63856472,163,15496840,4170734,21800,21700
ES Club 54,6,6c8267d4-9ca5-4085-ba61-1012fc29b3bb,SocialBot_54,ES,Europe/Warsaw,SocialBot,3,15,10,10,10,10,40,2,460,6000,7700,9,10,7,1,236,32106419,11231,9795900,6475169,15000,14420
FR Club 322,6,008bec1c-9f84-4672-972d-467b38a59f97,YouthFocusedBot_322,FR,Europe/Madrid,YouthFocusedBot,3,15,5,10,10,10,40,3,590,7950,9900,6,9,7,6,244,52885856,1620,12753750,1850580,21300,19900
FR Club 82,6,c6df28d8-1bf8-4dde-9c82-0b6372716413,YouthFocusedBot_82,FR,Europe/Madrid,YouthFocusedBot,3,15,15,10,9,11,41,1,330,4250,5500,5,11,5,7,225,10167569,1346,6979830,6372632,21600,20700
IT Club 323,6,c8ef78ca-9653-420e-9514-703d0848a682,LadderGrinderBot_323,IT,Europe/Amsterdam,LadderGrinderBot,3,15,4,9,11,10,37,3,600,7750,9700,9,11,5,3,235,49194243,12181,12605730,3865035,15000,16820
NL Club 315,6,cdac6461-18e6-4ea7-96ea-fc23ca7f1516,AggressiveTraderBot_315,NL,Europe/Rome,AggressiveTraderBot,3,15,16,9,10,11,38,1,330,4250,5200,3,7,1,3,237,2035980,-300,6869550,6449151,22100,23100
PL Club 236,6,25215cf6-7a90-459c-8736-014dae6827e1,ConservativeBot_236,PL,Europe/Paris,ConservativeBot,3,15,8,10,8,12,42,3,590,7850,9800,7,8,6,7,250,59414842,15717,12673980,7569173,15000,14060
PL Club 336,6,547fa7e4-f89e-4f59-a3a9-b370438df4e3,SocialBot_336,PL,Europe/Warsaw,SocialBot,3,15,3,11,9,10,43,2,470,6300,7400,6,7,6,7,227,33930874,21785,10009350,3895756,15000,13680
PL Club 6,6,ccb109de-ae0a-4c61-8908-682679edb582,SocialBot_6,PL,Europe/Warsaw,SocialBot,3,15,6,10,10,10,40,3,610,7750,9700,7,7,3,3,226,58375737,17257,12700500,4543967,15000,12600
PT Club 270,6,ef46c6d8-0ec4-44c5-b459-3d0a9e9c0eef,SocialBot_270,PT,Europe/Warsaw,SocialBot,3,15,12,11,10,9,42,1,330,4350,5400,7,8,5,4,260,16889317,21203,7029600,5185046,15000,11200
AT Club 207,7,7932b925-6a12-4918-b062-d38b8b5151a4,AggressiveTraderBot_207,AT,Europe/Rome,AggressiveTraderBot,1,1,1,12,9,9,45,2,460,6200,7600,6,9,5,6,294,32774119,1223,16220900,7798504,22400,21500
AT Club 57,7,cdcabf4f-833f-48bf-845c-863511efb2a4,AggressiveTraderBot_57,AT,Europe/Rome,AggressiveTraderBot,1,1,2,9,12,9,36,3,590,7850,10000,3,10,6,8,280,68203581,244,20833650,6988097,22200,21900
BE Club 279,7,066eabed-4679-4ade-8d76-9913e91fded9,AggressiveTraderBot_279,BE,Europe/Rome,AggressiveTraderBot,1,1,4,8,12,10,34,1,340,4350,5300,5,11,3,2,296,13831940,1339,11537580,4359448,22200,21700
BE Club 39,7,bc3e1ffa-a7c5-4453-a010-a40c2e5624a4,AggressiveTraderBot_39,BE,Europe/Rome,AggressiveTraderBot,1,1,16,9,14,7,34,4,730,9500,12000,2,9,7,1,299,116524139,1615,25359600,5284301,22000,20300
DE Club 1,7,c4352b81-1f7e-499c-89c0-9cba713e88d6,NewManagerBot_1,DE,Europe/Berlin,NewManagerBot,1,1,8,11,11,8,41,1,330,4250,5500,9,10,5,6,296,47396524,9226,11456400,5504687,15000,15220
DE Club 251,7,03dbbe39-1400-4442-9cca-64f451eeb9ea,LadderGrinderBot_251,DE,Europe/Amsterdam,LadderGrinderBot,1,1,12,9,13,8,35,2,460,6100,7600,5,9,6,7,293,45299555,19512,16131230,7559015,15000,15100
DE Club 31,7,6ad35c8c-cfdc-47d9-81ec-da8f25a09138,NewManagerBot_31,DE,Europe/Berlin,NewManagerBot,1,1,11,13,9,8,47,4,720,9600,11900,8,8,6,5,285,129037021,20884,25289700,5845208,15000,12800
ES Club 104,7,72bd9a26-2e8d-480e-923d-7596f6d7f0f4,ConservativeBot_104,ES,Europe/Paris,ConservativeBot,1,1,7,11,11,8,41,2,470,6200,7400,10,10,6,5,275,55915854,15616,16237070,4510561,15000,12600
ES Club 274,7,928ab7a5-90d7-47ad-8976-65733a4b7cae,YouthFocusedBot_274,ES,Europe/Madrid,YouthFocusedBot,1,1,5,15,9,6,51,2,460,6000,7800,5,9,4,6,298,41868271,583,16106430,5187103,22100,21900
FR Club 292,7,d6644096-93e9-4409-a37d-40fe2821e7ad,YouthFocusedBot_292,FR,Europe/Madrid,YouthFocusedBot,1,1,6,9,15,6,33,1,340,4250,5300,2,9,6,7,291,40851713,1108,11500520,3800103,22100,22600
FR Club 312,7,890628ae-5d85-4efa-8100-7fec7763dce5,SocialBot_312,FR,Europe/Warsaw,SocialBot,1,1,13,7,11,12,33,4,720,9700,11900,5,5,5,3,299,102799074,28291,25395400,5707163,15000,10000
FR Club 92,7,deb7446a-622e-4d65-be4a-05788e9559f6,ConservativeBot_92,FR,Europe/Paris,ConservativeBot,1,1,15,14,9,7,49,2,460,6100,7800,7,7,5,4,294,77383938,18689,16219400,5271068,15000,13000
IT Club 143,7,a76986a8-37f4-48c8-b95e-8207314d2b86,LadderGrinderBot_143,IT,Europe/Amsterdam,LadderGrinderBot,1,1,3,12,8,10,46,1,330,4550,5400,5,10,4,6,287,30299760,19923,11701600,3349149,15000,12600
NL Club 195,7,c060f2b9-e0be-4fab-a4d5-e6864530bd71,AggressiveTraderBot_195,NL,Europe/Rome,AggressiveTraderBot,1,1,14,11,7,12,45,4,730,9700,12000,6,10,6,3,296,99229446,779,25545680,6456591,22200,22400
PL Club 326,7,2052b1a0-fb68-4752-9fad-a0d695a68628,ConservativeBot_326,PL,Europe/Paris,ConservativeBot,1,1,9,13,8,9,48,4,720,9600,12000,5,10,4,5,291,116076813,20915,25316850,4725048,15000,14100
PL Club 76,7,ce73b2b1-9524-46ff-87e0-ee5423995657,YouthFocusedBot_76,PL,Europe/Madrid,YouthFocusedBot,1,1,10,8,13,9,33,4,720,9600,12000,3,11,6,6,294,122297423,73,25330200,5212963,21900,23000
AT Club 97,7,618ea146-3ba0-4ae0-b788-e4dafedba22b,NewManagerBot_97,AT,Europe/Berlin,NewManagerBot,2,1,13,12,7,11,47,2,470,6000,7800,6,13,7,3,270,40353129,22190,12707300,6389511,15000,13280
BE Club 119,7,01f3fc7b-ecc8-4da8-a134-205f5b0cc3be,LadderGrinderBot_119,BE,Europe/Amsterdam,LadderGrinderBot,2,1,14,7,12,11,32,2,460,6200,7600,10,13,4,6,274,34240574,10643,12688380,7791305,15000,17000
BE Club 129,7,7cdc5c78-c824-4981-ac60-c065a701c67b,AggressiveTraderBot_129,BE,Europe/Rome,AggressiveTraderBot,2,1,5,9,12,9,36,1,330,4350,5300,4,10,6,2,277,795512,383,8975000,8702865,22100,22100
BE Club 59,7,3ce2d0b5-9834-4f9d-aca0-2d05a4acfa32,LadderGrinderBot_59,BE,Europe/Amsterdam,LadderGrinderBot,2,1,15,5,10,15,30,2,480,6000,7500,4,7,2,6,298,48903733,21832,12713450,7646610,15000,13320
CH Club 138,7,492508a8-01fb-4638-a96f-6f75549dc1e0,SocialBot_138,CH,Europe/Warsaw,SocialBot,2,1,4,13,7,10,49,4,730,9600,11800,7,10,7,3,270,79570450,14001,19892130,2283382,15000,14660
CH Club 98,7,30333bdd-d11e-4e52-986b-c6fbd073b7a1,ConservativeBot_98,CH,Europe/Paris,ConservativeBot,2,1,6,12,9,9,45,2,460,6200,7700,7,9,4,5,274,45961299,15236,12750450,4217272,15000,15060
DE Club 131,7,cfde46e7-93d7-47c5-bd87-009d21bd1d4f,LadderGrinderBot_131,DE,Europe/Amsterdam,LadderGrinderBot,2,1,12,9,10,11,38,2,470,6000,7900,7,7,6,4,297,39550018,19608,12789830,5056216,15000,12600
DE Club 21,7,00f6fdb6-a2a1-40b2-a8dc-bbbfd111ed89,AggressiveTraderBot_21,DE,Europe/Rome,AggressiveTraderBot,2,1,9,9,15,6,33,3,600,7950,9800,3,7,3,2,288,67386666,108,16414730,6364379,22000,23700
ES Club 124,7,2ee52a8c-67ce-4898-a8c0-76a6418d21d0,YouthFocusedBot_124,ES,Europe/Madrid,YouthFocusedBot,2,1,3,7,13,10,31,3,590,7850,9700,5,11,6,4,281,56853445,1658,16204050,6576043,22000,22000
IT Club 13,7,4b5d9e92-69e7-4e2a-827d-96be5393e740,NewManagerBot_13,IT,Europe/Berlin,NewManagerBot,2,1,11,10,9,11,41,3,600,7750,9900,6,11,8,4,298,77494819,20477,16320030,4799503,15000,10600
NL Club 115,7,93ce46a1-63e0-4b09-9eda-9aac2e3dc1e6,NewManagerBot_115,NL,Europe/Berlin,NewManagerBot,2,1,10,15,9,6,51,1,330,4450,5300,8,9,3,6,299,18089654,16851,9051000,5922787,15000,12200
NL Club 215,7,d13bb404-ed3e-4983-804a-ee7f9552736e,LadderGrinderBot_215,NL,Europe/Amsterdam,LadderGrinderBot,2,1,16,10,5,15,45,1,330,4450,5400,5,12,5,6,280,16187041,17179,9089900,7036896,15000,14300
PL Club 226,7,b63b1bdf-cd28-4a5c-a677-f48ff2336887,YouthFocusedBot_226,PL,Europe/Madrid,YouthFocusedBot,2,1,7,21,3,6,69,2,460,6100,7600,6,10,4,6,294,43454436,791,12630300,5927980,21900,22800
PT Club 110,7,18c26668-2250-45ff-bd3f-841825eff91c,ConservativeBot_110,PT,Europe/Paris,ConservativeBot,2,1,1,7,12,11,32,1,330,4550,5200,8,9,4,2,284,17847925,19104,9087750,2979932,15000,13640
PT Club 120,7,9e07ec54-6e86-4cb6-98b1-235b6a352569,SocialBot_120,PT,Europe/Warsaw,SocialBot,2,1,8,3,21,6,15,3,590,7850,9700,7,8,7,7,267,56520761,25098,16246850,8067880,15000,14060
PT Club 230,7,2ec21bac-1f72-4504-8d74-e38dde7a5e88,ConservativeBot_230,PT,Europe/Paris,ConservativeBot,2,1,2,12,7,11,47,3,590,7950,9800,7,9,3,4,290,67782836,15266,16313180,5853349,15000,12200
AT Club 177,7,8f9f4a3a-bea1-4316-bc6a-f39f505967c6,AggressiveTraderBot_177,AT,Europe/Rome,AggressiveTraderBot,2,2,10,0,27,3,3,2,460,6200,7700,5,6,3,4,263,22376602,747,12761750,5366992,22400,23300
BE Club 139,7,cbf7970c-2f1d-418a-833e-0535364ed689,NewManagerBot_139,BE,Europe/Berlin,NewManagerBot,2,2,15,10,9,11,41,1,330,4250,5500,9,13,9,4,297,24452593,11984,8982380,3617594,15000,16220
BE Club 29,7,cabd4b9e-d4ce-4811-af3e-1ccf7e3c7954,LadderGrinderBot_29,BE,Europe/Amsterdam,LadderGrinderBot,2,2,3,8,11,11,35,3,590,7850,9900,8,12,5,6,290,59753775,11742,16275180,7744305,15000,17040
BE Club 69,7,4a4ce3d8-58ff-45ab-876c-0acc4458bd2e,AggressiveTraderBot_69,BE,Europe/Rome,AggressiveTraderBot,2,2,1,7,14,9,30,1,330,4250,5600,6,10,7,6,289,8188042,67,9029180,8163009,22900,24500
CH Club 158,7,dba3e857-0f27-467a-be50-c17b79e0ec65,ConservativeBot_158,CH,Europe/Paris,ConservativeBot,2,2,13,12,9,9,45,4,730,9600,12000,5,10,4,4,291,95797840,19357,19950600,4199284,15000,12400
ES Club 184,7,9ca77454-c39b-4b59-b123-435f3a956ffd,YouthFocusedBot_184,ES,Europe/Madrid,YouthFocusedBot,2,2,5,10,10,10,40,3,590,7750,9900,4,12,4,4,292,57633381,-31,16175780,4658293,21800,22000
ES Club 44,7,2de1f101-2294-4ec7-bfa3-c5bdbaca453d,ConservativeBot_44,ES,Europe/Paris,ConservativeBot,2,2,11,13,9,8,47,2,460,6200,7600,9,11,5,6,288,51056861,18294,12711900,4966858,15000,16020
ES Club 74,7,40cc7e01-3f6b-473e-b0f3-785115d6b7d5,ConservativeBot_74,ES,Europe/Paris,ConservativeBot,2,2,8,9,8,13,40,4,720,9500,12100,6,10,6,8,277,90233760,20581,19830950,4795505,15000,11800
FR Club 132,7,205ec8dd-1081-4b46-9932-30787b94390e,SocialBot_132,FR,Europe/Warsaw,SocialBot,2,2,4,11,8,11,44,3,600,7850,9800,7,8,4,7,298,71432619,16600,16355700,3587750,15000,14460
FR Club 2,7,d7d3e20a-8306-409e-b6de-ae08adecd752,ConservativeBot_2,FR,Europe/Paris,ConservativeBot,2,2,7,8,9,13,37,1,340,4550,5300,8,12,5,5,278,36293068,18684,9224100,4218787,15000,10600
IT Club 63,7,e40c8e5f-6802-45ea-a6ba-f4d271c91904,AggressiveTraderBot_63,IT,Europe/Rome,AggressiveTraderBot,2,2,2,14,7,9,51,3,600,7850,9900,4,10,8,5,297,54366057,1483,16402680,8618298,22400,21100
NL Club 105,7,bee987f7-96fc-4ca3-aa1e-883868a97f56,AggressiveTraderBot_105,NL,Europe/Rome,AggressiveTraderBot,2,2,6,10,10,10,40,1,340,4450,5200,5,10,3,8,276,6710931,1148,9120780,6082192,22400,22400
PT Club 160,7,e6721176-f64f-47bd-9d13-860308346657,YouthFocusedBot_160,PT,Europe/Madrid,YouthFocusedBot,2,2,12,9,13,8,35,4,720,9500,12300,2,8,4,4,267,80319882,-60,19889480,5931435,21700,23400
PT Club 170,7,bf2b8ed2-3e14-4913-9321-e67377c212e6,ConservativeBot_170,PT,Europe/Paris,ConservativeBot,2,2,14,9,12,9,36,1,330,4350,5300,8,8,5,6,274,20009840,21117,8993280,4689437,15000,11600
PT Club 180,7,ae58b792-f6ce-4937-9ec1-7798eba68e69,SocialBot_180,PT,Europe/Warsaw,SocialBot,2,2,9,27,0,3,84,2,470,6000,7500,8,10,5,8,296,53909741,14893,12630300,4717971,15000,13840
PT Club 30,7,f62dc6ea-9823-4457-8131-87240bfd98eb,SocialBot_30,PT,Europe/Warsaw,SocialBot,2,2,16,9,10,11,38,3,590,8150,9600,8,11,2,5,295,91099750,19246,16372650,5159859,15000,14640
AT Club 197,7,1421dae4-4c13-4b29-b84a-e149a15de08b,LadderGrinderBot_197,AT,Europe/Amsterdam,LadderGrinderBot,2,3,15,10,13,7,37,3,610,7750,9800,6,8,7,6,271,59891237,20364,16406030,5500840,15000,13280
BE Club 179,7,c1cebfc9-532e-40f4-82c6-9349c429bcec,LadderGrinderBot_179,BE,Europe/Amsterdam,LadderGrinderBot,2,3,13,10,11,9,39,2,470,6000,7600,10,11,5,4,292,47863182,17222,12642350,5188090,15000,11000
BE Club 229,7,87b6b924-e37a-475e-9a97-8967b16211ca,NewManagerBot_229,BE,Europe/Berlin,NewManagerBot,2,3,11,13,10,7,46,2,470,6100,7400,7,9,4,6,286,44074285,17421,12652350,2776742,15000,13660
DE Club 221,7,c2ee84de-1a9e-4427-b582-e08a783d636d,LadderGrinderBot_221,DE,Europe/Amsterdam,LadderGrinderBot,2,3,2,6,16,8,26,4,730,9500,12000,7,7,6,4,282,71604960,16808,19897370,4449393,15000,12200
DE Club 231,7,947df70f-bccc-4983-a67e-88e5a984ff5f,AggressiveTraderBot_231,DE,Europe/Rome,AggressiveTraderBot,2,3,4,0,27,3,3,4,720,9500,12200,5,11,4,2,256,62966868,1377,19827930,9121222,22400,22600
DE Club 41,7,3dc92206-3813-4c42-9ab2-03e6bc0cb5f0,LadderGrinderBot_41,DE,Europe/Amsterdam,LadderGrinderBot,2,3,6,11,11,8,41,4,720,9700,12000,8,11,2,4,275,96063435,20304,19895930,4987250,15000,13640
DE Club 61,7,ab2e3ad3-cf83-422e-8ff6-9df1784e3d15,NewManagerBot_61,DE,Europe/Berlin,NewManagerBot,2,3,16,13,10,7,46,4,730,9500,12000,7,8,7,6,295,128774167,16753,19910130,3389108,15000,13260
ES Club 34,7,0f61cad3-969a-447b-b191-bcce5268cb56,YouthFocusedBot_34,ES,Europe/Madrid,YouthFocusedBot,2,3,3,27,0,3,84,3,590,7850,9900,2,10,5,2,289,74829579,703,16265100,3909487,21600,21200
FR Club 212,7,d6049ac0-45fc-408d-8ed1-62be0039ed2d,ConservativeBot_212,FR,Europe/Paris,ConservativeBot,2,3,10,11,13,6,39,1,330,4650,5200,6,9,6,5,284,18763713,20226,9198600,4443896,15000,12800
IT Club 43,7,5e5ccef4-48ac-4d30-9573-c00f09609456,NewManagerBot_43,IT,Europe/Berlin,NewManagerBot,2,3,8,14,9,7,49,2,460,6100,7600,7,10,7,8,285,52712089,19571,12653400,5730184,15000,11800
IT Club 73,7,a5c71d17-12f8-4cdd-a0e0-181abab6a3e1,NewManagerBot_73,IT,Europe/Berlin,NewManagerBot,2,3,14,11,10,9,42,3,590,8050,9800,9,10,7,3,273,57312460,12994,16413330,5375317,15000,13820
IT Club 83,7,3c825427-b8e4-4de6-a788-3e40683226c6,LadderGrinderBot_83,IT,Europe/Amsterdam,LadderGrinderBot,2,3,12,10,13,7,37,1,330,4350,5400,9,10,8,7,293,24550765,22695,9043380,3645030,15000,10000
PL Club 196,7,4869a90a-1243-45a7-86eb-bc8d9a148363,YouthFocusedBot_196,PL,Europe/Madrid,YouthFocusedBot,2,3,7,9,14,7,34,2,460,6200,7600,3,6,2,5,285,44743090,2087,12718880,4147236,21300,19800
PL Club 206,7,9db8ed72-bdb5-4b95-b4a3-dfe8098bbd70,ConservativeBot_206,PL,Europe/Paris,ConservativeBot,2,3,1,16,6,8,56,3,590,8150,9700,6,8,6,6,290,55839505,21149,16468500,4743131,15000,13600
PL Club 56,7,bf2c47e6-76b3-42cd-b86e-a8e479e60804,ConservativeBot_56,PL,Europe/Paris,ConservativeBot,2,3,9,13,11,6,45,3,600,7850,9900,7,8,3,6,264,80407651,14930,16381950,3650894,15000,14260
PT Club 10,7,32c764f6-e8ba-4537-8e82-630aedd6593d,YouthFocusedBot_10,PT,Europe/Madrid,YouthFocusedBot,2,3,5,11,11,8,41,3,590,8050,9800,6,10,1,7,268,87135469,942,16384400,4354787,21500,20700
AT Club 247,7,7e5e29cd-6198-4570-8200-84ac42851a81,NewManagerBot_247,AT,Europe/Berlin,NewManagerBot,2,4,8,6,12,12,30,3,600,7850,9800,6,9,8,4,290,59409107,18839,16368230,3909747,15000,14280
AT Club 277,7,1e1139dc-0372-444a-beff-d52fc52a6be8,NewManagerBot_277,AT,Europe/Berlin,NewManagerBot,2,4,7,12,6,12,48,2,470,6100,7500,7,11,4,5,272,44052260,15504,12671730,5211731,15000,13460
CH Club 218,7,63ef6e6c-901c-46d8-8fe3-694ec8c18275,ConservativeBot_218,CH,Europe/Paris,ConservativeBot,2,4,1,8,12,10,34,4,730,9700,12000,8,10,5,5,289,94255397,19668,20033000,4402110,15000,13240
CH Club 258,7,06f91eed-dd89-49a1-ba61-5e422468d5e4,SocialBot_258,CH,Europe/Warsaw,SocialBot,2,4,6,17,4,9,60,2,470,6200,7500,10,12,4,5,298,43049804,13692,12755700,3170873,15000,14600
CH Club 288,7,27cf0581-ccc5-4343-b33a-311ef5a6e1da,SocialBot_288,CH,Europe/Warsaw,SocialBot,2,4,5,4,17,9,21,4,720,9600,12000,8,8,3,6,272,79794148,24801,19854530,5097582,15000,11000
CH Club 88,7,c529d1a9-ede4-46cc-b0e1-12e2dd244af0,YouthFocusedBot_88,CH,Europe/Madrid,YouthFocusedBot,2,4,4,16,8,6,54,3,590,7950,9800,4,7,5,3,284,59885477,476,16331400,7464548,21700,21800
DE Club 271,7,7582aca5-6e27-44c7-922c-304c8637037f,NewManagerBot_271,DE,Europe/Berlin,NewManagerBot,2,4,13,10,8,12,42,4,720,9700,11900,8,9,5,5,290,89596812,16311,19902300,4360842,15000,14440
ES Club 134,7,5c8a1607-1688-40dc-922b-9eb09c33893d,ConservativeBot_134,ES,Europe/Paris,ConservativeBot,2,4,16,11,10,9,42,2,460,6100,7500,6,12,5,6,289,55062482,19590,12583980,6887106,15000,12200
ES Club 284,7,728a473c-8d8b-4456-8e22-20b98852cebc,ConservativeBot_284,ES,Europe/Paris,ConservativeBot,2,4,11,10,12,8,38,3,600,7850,9600,6,6,6,5,273,61326906,22998,16302600,8736939,15000,14200
FR Club 262,7,1b091843-a469-4eb4-ba1c-3936c30e8dee,YouthFocusedBot_262,FR,Europe/Madrid,YouthFocusedBot,2,4,10,9,9,12,39,2,460,6000,7600,4,13,5,2,287,38539415,1217,12515330,4947831,21500,20600
FR Club 272,7,a60e7403-d1a2-451f-9b36-6c8c85e1d78c,ConservativeBot_272,FR,Europe/Paris,ConservativeBot,2,4,14,8,10,12,36,3,600,7850,9800,7,9,4,9,270,62511061,17148,16356320,6496746,15000,11600
IT Club 243,7,57eeb85d-9fd3-4c86-bc74-881bb0616ec0,AggressiveTraderBot_243,IT,Europe/Rome,AggressiveTraderBot,2,4,15,10,11,9,39,2,470,6200,7400,6,10,7,4,272,32005922,1289,12748530,7254193,22600,21000
IT Club 283,7,6310b124-ddd3-4abe-be26-62a8ec6c5d55,NewManagerBot_283,IT,Europe/Berlin,NewManagerBot,2,4,12,12,10,8,44,2,460,6100,7800,6,12,4,3,296,46739704,14203,12678230,2974785,15000,13480
NL Club 145,7,e75ee1c8-dc6c-4103-ab66-7fab1c96e63c,NewManagerBot_145,NL,Europe/Berlin,NewManagerBot,2,4,9,9,9,12,39,3,590,7750,9700,7,10,4,5,299,70433714,21582,16118850,4986232,15000,10800
PL Club 266,7,61c9eee0-c373-4c47-b71c-69ad37f787a5,ConservativeBot_266,PL,Europe/Paris,ConservativeBot,2,4,2,12,8,10,46,3,600,7850,9900,7,8,4,1,288,55964579,19583,16376600,5655643,15000,14060
PL Club 96,7,ef7a53d4-cc9a-4c20-ac9d-f7c70917fd7f,SocialBot_96,PL,Europe/Warsaw,SocialBot,2,4,3,8,16,6,30,4,720,9600,11900,8,8,8,4,288,85589321,23684,19848330,5647561,15000,10800
BE Club 299,7,9c2a7844-e1f6-47b5-94ea-a78914f3e64e,LadderGrinderBot_299,BE,Europe/Amsterdam,LadderGrinderBot,2,5,3,12,8,10,46,1,330,4250,5400,6,6,5,5,284,28458580,22305,8962200,4526329,15000,11600
BE Club 319,7,8014bbad-f8ee-46dd-a81d-231670231cb7,NewManagerBot_319,BE,Europe/Berlin,NewManagerBot,2,5,14,6,9,15,33,3,600,7750,9900,6,12,3,7,297,64803440,20970,16284350,5003523,15000,14880
CH Club 78,7,60be413e-022e-4268-8258-e2194f43454e,SocialBot_78,CH,Europe/Warsaw,SocialBot,2,5,15,9,12,9,36,4,730,9500,12100,8,10,2,7,293,124581527,13725,19898250,4703276,15000,16040
DE Club 331,7,66b56dde-eb08-42ee-9dd7-48345ac0da11,NewManagerBot_331,DE,Europe/Berlin,NewManagerBot,2,5,4,8,12,10,34,4,730,9700,12000,9,10,2,4,270,72207122,17907,20013950,5905415,15000,14020
ES Club 314,7,3de018d4-d0e5-48d6-8039-685d6fb455d9,ConservativeBot_314,ES,Europe/Paris,ConservativeBot,2,5,10,8,7,15,39,1,340,4350,5400,4,10,5,5,265,20288615,23680,9116100,3625197,15000,12000
ES Club 84,7,dc1e25b8-c625-4f27-81da-67d2b8ba9507,SocialBot_84,ES,Europe/Warsaw,SocialBot,2,5,12,12,11,7,43,4,720,9600,11800,12,13,4,7,274,99559172,6679,19750500,6489814,15000,14960
FR Club 302,7,f3744923-3436-47ee-a7d4-272809b10350,ConservativeBot_302,FR,Europe/Paris,ConservativeBot,2,5,7,12,11,7,43,3,590,7950,9600,6,10,3,3,266,58600686,20794,16214700,5660037,15000,14080
IT Club 313,7,9fdda90e-0d4e-4c12-9dc8-1007000548a8,NewManagerBot_313,IT,Europe/Berlin,NewManagerBot,2,5,6,10,13,7,37,2,460,6000,7700,7,10,4,5,276,43459422,17345,12575000,3158498,15000,12200
NL Club 305,7,e1edb26b-96f4-43ca-93ea-383795273365,LadderGrinderBot_305,NL,Europe/Amsterdam,LadderGrinderBot,2,5,2,13,10,7,46,4,720,9600,12200,7,10,4,3,286,80799442,16979,19921050,6099215,15000,13660
NL Club 335,7,b4f60935-4474-4a59-b671-1d2dd1587f6d,LadderGrinderBot_335,NL,Europe/Amsterdam,LadderGrinderBot,2,5,9,7,8,15,36,2,460,6200,7500,6,11,6,4,266,50185897,17906,12661530,5702002,15000,15280
NL Club 65,7,e1c26246-8404-4632-9dab-aade113a28eb,LadderGrinderBot_65,NL,Europe/Amsterdam,LadderGrinderBot,2,5,16,12,9,9,45,1,350,4250,5200,7,7,5,5,290,42317585,22141,9082230,6435802,15000,10800
NL Club 95,7,1aad108e-69ce-4f6f-8f02-db5ddf2e8e52,LadderGrinderBot_95,NL,Europe/Amsterdam,LadderGrinderBot,2,5,5,13,10,7,46,4,720,9600,12000,7,7,3,7,270,98422603,18201,19865400,4516930,15000,11800
PL Club 336,7,547fa7e4-f89e-4f59-a3a9-b370438df4e3,SocialBot_336,PL,Europe/Warsaw,SocialBot,2,5,11,11,12,7,40,2,470,6400,7400,7,8,7,7,257,41464103,25185,12939030,5405801,15000,11600
PL Club 36,7,bb4788ca-e910-463c-b118-fbeac8715be0,SocialBot_36,PL,Europe/Warsaw,SocialBot,2,5,1,10,13,7,37,2,460,6200,7600,7,11,3,5,287,45348467,23698,12689900,4479006,15000,12660
PT Club 330,7,e683404b-44f6-40a7-a72b-f0ea46397232,SocialBot_330,PT,Europe/Warsaw,SocialBot,2,5,13,9,6,15,42,3,610,7750,9900,6,13,4,3,283,73974973,14639,16370000,5231608,15000,14280
PT Club 90,7,abd77e3b-565e-4a11-8f39-54f034800296,SocialBot_90,PT,Europe/Warsaw,SocialBot,2,5,8,11,12,7,40,4,730,9600,11900,9,10,7,3,273,91677530,14990,19923900,5534034,15000,13220
AT Club 107,7,b8cbcad1-6155-4e67-bb28-3941ecf4f0bc,LadderGrinderBot_107,AT,Europe/Amsterdam,LadderGrinderBot,3,1,3,11,12,7,40,1,340,4450,5400,5,11,4,6,278,16717224,20564,7150700,5770078,15000,12700
AT Club 217,7,e0326af1-b314-4d98-9e91-42e35aaee33d,NewManagerBot_217,AT,Europe/Berlin,NewManagerBot,3,1,7,27,0,3,84,2,460,6200,7600,6,11,6,7,297,45608505,18677,9901200,3436931,15000,15080
BE Club 109,7,585a27c8-a1a4-461b-8a09-9e95f6342f27,NewManagerBot_109,BE,Europe/Berlin,NewManagerBot,3,1,15,7,13,10,31,2,460,6100,7500,7,8,3,5,268,37913140,18342,9798350,5311963,15000,13660
BE Club 99,7,133ca065-3a25-49f7-9432-74ac3d3c0a4c,AggressiveTraderBot_99,BE,Europe/Rome,AggressiveTraderBot,3,1,16,13,7,10,49,3,600,8150,9700,4,9,8,4,259,41354759,1701,12906930,5931209,22000,20600
CH Club 108,7,2b027f11-de59-420a-b7d0-ef5d314a04fa,SocialBot_108,CH,Europe/Warsaw,SocialBot,3,1,5,5,11,14,29,1,330,4450,5500,7,8,6,5,277,15641458,18715,7134200,4668979,15000,13660
DE Club 111,7,805596ae-c0b3-4c48-bba3-a6d4f8a1aa71,AggressiveTraderBot_111,DE,Europe/Rome,AggressiveTraderBot,3,1,10,9,10,11,38,3,590,8150,9700,4,9,4,8,258,34975867,226,12814050,6805205,22600,22500
ES Club 234,7,0768c66b-b272-4b91-acc6-390a8cc9b906,SocialBot_234,ES,Europe/Warsaw,SocialBot,3,1,11,9,12,9,36,3,590,7950,9700,7,10,5,2,284,56423333,19696,12659700,5594702,15000,13460
ES Club 94,7,4aa1ccda-3a1d-4a25-a762-49aff917ed9b,YouthFocusedBot_94,ES,Europe/Madrid,YouthFocusedBot,3,1,4,12,11,7,43,3,590,7850,10000,3,11,5,4,276,76659552,1790,12687930,4806863,21600,20900
FR Club 112,7,a15b6a0b-37cb-4a21-ae23-4b81fd31f3b6,YouthFocusedBot_112,FR,Europe/Madrid,YouthFocusedBot,3,1,6,11,5,14,47,2,460,6100,7700,3,10,5,1,270,36582176,1413,9835200,2260010,21500,20800
FR Club 52,7,64c2c870-4cd1-4757-a3a5-44b6c9811f67,YouthFocusedBot_52,FR,Europe/Madrid,YouthFocusedBot,3,1,13,10,12,8,38,1,330,4550,5500,6,9,7,7,275,17630197,1174,7199150,5034927,22100,22800
IT Club 103,7,60f61091-88a8-41c4-8e14-7f15e8d04cfc,NewManagerBot_103,IT,Europe/Berlin,NewManagerBot,3,1,12,12,9,9,45,4,720,9700,12100,6,9,4,5,280,75695429,21475,15544200,3982904,15000,12200
IT Club 123,7,abd03c1f-5074-48bf-a143-bd17d4591bea,AggressiveTraderBot_123,IT,Europe/Rome,AggressiveTraderBot,3,1,1,9,7,14,41,3,610,7850,9800,6,9,5,2,296,52407171,739,12795600,5865335,21900,22000
PL Club 106,7,4e4c2586-f2ba-40ab-9ac3-3378ba751f49,YouthFocusedBot_106,PL,Europe/Madrid,YouthFocusedBot,3,1,2,7,9,14,35,4,720,9500,12000,3,11,1,3,272,79380939,817,15342000,2895691,21300,21000
PL Club 136,7,70f861f6-8a3e-42c4-8761-6ac90a75e15b,YouthFocusedBot_136,PL,Europe/Madrid,YouthFocusedBot,3,1,14,12,10,8,44,1,340,4250,5600,2,8,7,5,264,14135113,444,7126580,6373819,22000,23400
PT Club 100,7,8f2ff8e9-cfad-4c42-acf9-23f4ace61979,YouthFocusedBot_100,PT,Europe/Madrid,YouthFocusedBot,3,1,9,10,9,11,41,3,590,7950,9700,3,11,5,3,272,55853597,381,12656430,6558329,21900,21600
PT Club 190,7,d557eb61-328b-455a-ac12-bdf7160c3c0a,YouthFocusedBot_190,PT,Europe/Madrid,YouthFocusedBot,3,1,8,0,27,3,3,1,330,4350,5400,2,6,5,4,260,21844193,1411,7042230,5780557,21700,20100
AT Club 117,7,e6ca718d-1ead-4b7e-a9ac-c0ca863c7f73,AggressiveTraderBot_117,AT,Europe/Rome,AggressiveTraderBot,3,2,14,12,11,7,43,2,460,6000,7700,4,13,4,9,277,12741576,477,9776450,7618513,22300,22100
AT Club 127,7,d8a4463c-3898-4480-9e43-1ed7f1346e27,NewManagerBot_127,AT,Europe/Berlin,NewManagerBot,3,2,7,5,18,7,22,3,590,7750,9900,7,12,8,8,255,48729863,20764,12631680,6315450,15000,12600
AT Club 17,7,7f52514d-1425-4197-b719-69243e46b753,LadderGrinderBot_17,AT,Europe/Amsterdam,LadderGrinderBot,3,2,6,10,7,13,43,2,460,6100,7900,6,7,4,5,276,37068348,21987,9926600,8062311,15000,11800
BE Club 219,7,11b113fe-aa84-4d84-868d-b16a13592b66,AggressiveTraderBot_219,BE,Europe/Rome,AggressiveTraderBot,3,2,15,8,13,9,33,2,460,6100,7800,4,10,5,6,275,33622912,1342,9894200,7227401,22000,21000
CH Club 118,7,7483179c-ed57-4cee-a179-14c5a6ba9c62,YouthFocusedBot_118,CH,Europe/Madrid,YouthFocusedBot,3,2,5,7,10,13,34,3,590,7950,9700,5,10,6,4,263,58487481,-197,12671250,3832152,21700,22800
DE Club 121,7,1b250786-6d20-48be-abfc-65bb8adb920a,NewManagerBot_121,DE,Europe/Berlin,NewManagerBot,3,2,8,18,5,7,61,2,460,6200,7800,10,11,6,2,284,36011669,13858,9931050,3837095,15000,13400
ES Club 114,7,f3c2e9c0-a82f-4e00-a062-05a6ec4fb90b,SocialBot_114,ES,Europe/Warsaw,SocialBot,3,2,2,9,12,9,36,1,340,4350,5300,8,9,5,5,287,25155494,19518,7077300,5439592,15000,10600
ES Club 14,7,8b3acb80-1554-4a27-aa02-46fb3057deae,ConservativeBot_14,ES,Europe/Paris,ConservativeBot,3,2,9,9,12,9,36,3,600,7850,10000,9,10,5,5,298,84393532,16132,12772810,6458552,15000,15820
ES Club 194,7,937a9d70-1cc0-4113-8471-2351989b0165,ConservativeBot_194,ES,Europe/Paris,ConservativeBot,3,2,11,0,30,0,0,4,730,9500,12000,9,11,4,6,259,82174763,8219,15460350,4244996,15000,13620
FR Club 122,7,7313cd66-e9c4-4710-a0ac-2423670ab347,ConservativeBot_122,FR,Europe/Paris,ConservativeBot,3,2,16,13,8,9,48,2,460,6100,7600,8,10,5,3,296,44176289,20624,9821430,3497355,15000,12640
IT Club 113,7,bb665cdd-dee0-487f-ace1-d75d7ebff188,LadderGrinderBot_113,IT,Europe/Amsterdam,LadderGrinderBot,3,2,12,30,0,0,90,1,340,4350,5500,6,8,4,4,293,17411917,21356,7131050,5560975,15000,14400
IT Club 193,7,e3c5b140-56f3-4708-b136-7f7ab0a3705b,NewManagerBot_193,IT,Europe/Berlin,NewManagerBot,3,2,1,12,9,9,45,2,460,6200,7400,6,7,5,5,286,51024666,19837,9853950,4795468,15000,13480
NL Club 125,7,20c0ee5d-34d1-4bc2-9c86-8e8b91513228,LadderGrinderBot_125,NL,Europe/Amsterdam,LadderGrinderBot,3,2,10,12,9,9,45,4,720,9700,12000,7,9,6,7,279,72694606,19920,15541500,7043123,15000,13860
NL Club 25,7,199d0dcf-02ce-4689-b524-4045b4b27001,NewManagerBot_25,NL,Europe/Berlin,NewManagerBot,3,2,4,11,10,9,42,1,340,4250,5400,9,10,6,4,259,18772255,18823,7039130,6766457,15000,14220
PL Club 116,7,47e4d6c7-4684-40ef-b555-2bf2bf45480b,ConservativeBot_116,PL,Europe/Paris,ConservativeBot,3,2,13,11,12,7,40,4,720,9600,11900,8,12,5,2,257,74425352,8231,15387900,3709176,15000,14040
PL Club 126,7,6311e709-b24e-4646-bc1b-16eb6e9a704c,SocialBot_126,PL,Europe/Warsaw,SocialBot,3,2,3,10,11,9,39,3,590,7750,9800,8,11,4,4,273,50000838,14581,12558200,5589795,15000,13240
AT Club 137,7,a2c2667c-93d8-4cee-835d-eb187ab094d2,LadderGrinderBot_137,AT,Europe/Amsterdam,LadderGrinderBot,3,3,3,0,28,2,2,4,730,9500,12100,7,8,3,5,258,72535840,18942,15489790,3632698,15000,16660
BE Club 209,7,ad27e825-0edb-4922-b7c0-610ff60581e4,LadderGrinderBot_209,BE,Europe/Amsterdam,LadderGrinderBot,3,3,7,21,4,5,68,2,460,6100,7700,7,10,6,5,293,46990611,15371,9866550,2877552,15000,13660
CH Club 18,7,62619cd8-64ad-40dc-9339-cb65538bc836,SocialBot_18,CH,Europe/Warsaw,SocialBot,3,3,4,28,0,2,86,3,590,7950,9700,6,11,3,1,294,60446958,21014,12624830,6985876,15000,13680
CH Club 228,7,9614f347-1916-45e7-95c9-43bf04e23284,SocialBot_228,CH,Europe/Warsaw,SocialBot,3,3,13,9,13,8,35,4,730,9600,11800,5,7,6,5,275,81412187,18836,15497280,2878529,15000,15100
DE Club 101,7,2cf51899-9887-42fc-903b-967ec3d1967a,LadderGrinderBot_101,DE,Europe/Amsterdam,LadderGrinderBot,3,3,14,13,9,8,47,3,590,7850,9900,10,12,7,6,282,61680362,12116,12670230,2794181,15000,14000
DE Club 141,7,7e1cd9ae-3a02-4cdd-91cf-3f233a94490c,AggressiveTraderBot_141,DE,Europe/Rome,AggressiveTraderBot,3,3,16,0,27,3,3,4,720,9600,12000,6,12,7,3,256,62800768,1544,15437330,5646547,22500,22300
ES Club 144,7,b58e2ae3-cb5e-4291-8508-631ece4472c7,SocialBot_144,ES,Europe/Warsaw,SocialBot,3,3,1,23,3,4,73,2,460,6100,7700,7,10,7,5,287,35586568,21367,9875480,6583827,15000,14400
ES Club 4,7,85120ad2-7fa3-4217-8604-f29bf87884d3,YouthFocusedBot_4,ES,Europe/Madrid,YouthFocusedBot,3,3,12,12,10,8,44,4,720,9500,12200,2,10,6,4,265,93029826,713,15453080,2685902,21400,21200
FR Club 142,7,60096c04-5158-4a2f-8934-81a7b1f99149,YouthFocusedBot_142,FR,Europe/Madrid,YouthFocusedBot,3,3,6,7,8,15,36,2,480,6000,7500,2,12,2,4,279,30710211,840,9855030,5495961,22000,23000
FR Club 22,7,673d69b5-669c-4786-9e06-d7aa63e589c6,YouthFocusedBot_22,FR,Europe/Madrid,YouthFocusedBot,3,3,8,4,21,5,17,1,340,4450,5500,6,9,5,2,267,16942504,999,7178300,4048307,21700,22000
FR Club 62,7,f24edcd9-ec85-45dc-a843-7ffe73560a01,ConservativeBot_62,FR,Europe/Paris,ConservativeBot,3,3,2,3,23,4,13,2,460,6100,7800,8,9,8,3,259,38722690,16019,9912500,5083384,15000,14640
IT Club 133,7,964149c1-5c4d-4fc5-a66f-ed386181abe4,NewManagerBot_133,IT,Europe/Berlin,NewManagerBot,3,3,9,11,8,11,44,1,330,4450,5300,6,9,4,7,281,11115184,21487,7058400,5415669,15000,15480
IT Club 23,7,36b04951-ec86-4657-8847-b76a079db506,LadderGrinderBot_23,IT,Europe/Amsterdam,LadderGrinderBot,3,3,11,10,12,8,38,2,470,6100,7700,9,11,5,6,277,53010795,17813,9935440,3127450,15000,14420
NL Club 5,7,a662f6ad-98fd-4a61-aaea-a0dc2437d9ea,LadderGrinderBot_5,NL,Europe/Amsterdam,LadderGrinderBot,3,3,15,27,0,3,84,2,470,6000,7500,8,10,7,4,296,70885179,19446,9829950,4344390,15000,12800
PT Club 130,7,7145701e-f8bd-42d6-9d35-945927b2a810,YouthFocusedBot_130,PT,Europe/Madrid,YouthFocusedBot,3,3,5,8,7,15,39,2,460,6200,7500,4,7,3,2,294,34388237,1290,9848000,6669310,21500,20900
PT Club 140,7,9694c29c-f247-42b8-8997-0f26d442b2e2,ConservativeBot_140,PT,Europe/Paris,ConservativeBot,3,3,10,8,11,11,35,2,480,6100,7500,7,13,7,3,272,29529305,21282,9943840,6544710,15000,11200
AT Club 147,7,5aa85c20-0519-4beb-9fb9-6708f96e84af,AggressiveTraderBot_147,AT,Europe/Rome,AggressiveTraderBot,3,4,13,0,25,5,5,2,460,6100,7700,4,10,7,6,262,20862306,1648,9880250,5174858,22500,22300
AT Club 157,7,f4ac4c0c-9b24-42ea-b416-093b9beedc65,NewManagerBot_157,AT,Europe/Berlin,NewManagerBot,3,4,2,8,12,10,34,3,590,7750,9900,6,6,6,5,275,58381695,24169,12638630,3077163,15000,13800
AT Club 27,7,7603bc01-2726-424b-bcc5-6a07d8f22a39,AggressiveTraderBot_27,AT,Europe/Rome,AggressiveTraderBot,3,4,6,4,11,15,27,3,600,7850,9800,3,10,7,4,268,51365377,1404,12731860,6859327,22100,20600
BE Club 159,7,89fdfe3e-2d80-4f2c-802c-d017187d79e5,AggressiveTraderBot_159,BE,Europe/Rome,AggressiveTraderBot,3,4,16,8,12,10,34,4,720,9600,12200,2,9,4,5,258,62146593,-340,15511050,6106678,22000,22500
DE Club 51,7,348cf306-9bd1-412e-a9f9-2271d6198998,AggressiveTraderBot_51,DE,Europe/Rome,AggressiveTraderBot,3,4,11,8,10,12,36,4,730,9800,11800,3,10,4,2,289,77093451,-151,15576630,4762594,22200,22600
ES Club 154,7,628d4312-db8c-4ba9-993b-6015197c410a,YouthFocusedBot_154,ES,Europe/Madrid,YouthFocusedBot,3,4,3,12,12,6,42,1,330,4350,5300,3,4,4,4,282,18285962,322,7014000,3950748,22100,21800
ES Club 264,7,45fa72ac-91e2-4882-8137-ff626d22ae1a,SocialBot_264,ES,Europe/Warsaw,SocialBot,3,4,9,6,13,11,29,4,720,9500,12200,6,10,6,8,278,79432714,21456,15463580,5008313,15000,11000
FR Club 102,7,1057bce7-2dbd-4e33-bbce-6cd6f9e1f38b,SocialBot_102,FR,Europe/Warsaw,SocialBot,3,4,4,12,12,6,42,3,590,8050,9600,6,10,5,3,279,59311206,16796,12696930,7325385,15000,14680
FR Club 12,7,c637d677-633e-4315-a0a6-f26a3751e2f8,SocialBot_12,FR,Europe/Warsaw,SocialBot,3,4,8,9,10,11,38,1,330,4350,5400,10,11,6,8,270,19310677,13145,7032780,7577531,15000,15800
FR Club 152,7,4db15fa0-a26a-406e-8618-00b01f0dd73d,ConservativeBot_152,FR,Europe/Paris,ConservativeBot,3,4,1,12,8,10,46,1,330,4250,5600,7,8,2,3,277,13805606,18579,6989300,4793111,15000,11400
IT Club 173,7,159887e1-97be-479a-9c8f-3103bf6b079a,LadderGrinderBot_173,IT,Europe/Amsterdam,LadderGrinderBot,3,4,12,10,8,12,42,1,330,4350,5500,7,13,7,7,267,21289434,15570,7051380,3014720,15000,15260
NL Club 155,7,8dd2028f-36e1-4e26-b433-e847bc872591,LadderGrinderBot_155,NL,Europe/Amsterdam,LadderGrinderBot,3,4,5,11,4,15,48,3,590,8050,9700,6,12,7,3,274,49302050,16926,12728400,5082461,15000,16480
NL Club 245,7,0d22986b-e0ff-4b27-901e-5016fa049f99,LadderGrinderBot_245,NL,Europe/Amsterdam,LadderGrinderBot,3,4,7,10,9,11,41,3,600,7750,10000,9,11,6,5,286,58369788,15902,12717910,2826035,15000,11400
PL Club 146,7,498d2e73-5d20-4a36-9099-e2ad585d8017,ConservativeBot_146,PL,Europe/Paris,ConservativeBot,3,4,14,25,0,5,80,3,590,7950,9600,10,11,5,6,293,53780274,9929,12634530,2350848,15000,15800
PL Club 156,7,a2e491fa-c50d-4485-ad90-4aff165f8c3b,SocialBot_156,PL,Europe/Warsaw,SocialBot,3,4,10,13,6,11,50,4,730,9500,12200,10,10,4,6,265,71843174,16409,15519080,6973409,15000,12800
PT Club 150,7,53c31711-ece7-44c8-9010-f5787b6c8a2c,SocialBot_150,PT,Europe/Warsaw,SocialBot,3,4,15,12,8,10,46,2,470,6200,7500,9,14,5,9,264,30690210,14217,9924750,5139006,15000,15420
BE Club 149,7,5c2c6a66-57ac-498b-bc72-22c94ceb72c0,LadderGrinderBot_149,BE,Europe/Amsterdam,LadderGrinderBot,3,5,10,10,5,15,45,2,470,6100,7600,10,11,5,3,296,48800034,15317,9893900,6847297,15000,14000
BE Club 169,7,0018448d-cc8b-4968-a965-d6ed95a5d5ee,NewManagerBot_169,BE,Europe/Berlin,NewManagerBot,3,5,1,5,11,14,29,4,720,9700,12000,6,12,6,4,266,76880489,20482,15498000,3096538,15000,10800
CH Club 168,7,973da36b-7346-4843-94cb-ed5ac76e792d,SocialBot_168,CH,Europe/Warsaw,SocialBot,3,5,12,9,6,15,42,1,330,4450,5400,7,10,3,6,274,16399781,16064,7068150,7911419,15000,12000
CH Club 68,7,fb90b587-dadf-49bd-9ace-7d8da42b9389,ConservativeBot_68,CH,Europe/Paris,ConservativeBot,3,5,14,10,9,11,41,3,600,7950,9700,7,9,5,6,262,53717000,18127,12768000,6159818,15000,13460
DE Club 151,7,92e8c246-dee3-4b60-9297-90ca4f6edddc,NewManagerBot_151,DE,Europe/Berlin,NewManagerBot,3,5,15,14,8,8,50,2,460,6100,7700,5,5,3,4,261,43448626,24736,9869000,4446455,15000,12000
DE Club 171,7,433ab017-968b-404a-9262-2ad4e76bdb9a,AggressiveTraderBot_171,DE,Europe/Rome,AggressiveTraderBot,3,5,6,11,9,10,43,4,730,9700,11900,6,7,5,6,271,59512666,522,15584410,6399552,21900,21700
ES Club 174,7,024ed886-a400-4f98-8f69-6de68a8dc084,SocialBot_174,ES,Europe/Warsaw,SocialBot,3,5,13,9,10,11,38,4,720,9700,12000,10,11,5,6,282,69656870,10416,15505400,4653252,15000,15200
FR Club 32,7,a908df90-2ca1-4aeb-90e5-14f9f8ec6ee9,ConservativeBot_32,FR,Europe/Paris,ConservativeBot,3,5,7,11,11,8,41,1,330,4350,5300,8,10,7,5,270,22943699,19769,7004030,6640370,15000,13840
IT Club 163,7,aeebbfd9-f54e-42a8-8978-c101f9ddf84b,NewManagerBot_163,IT,Europe/Berlin,NewManagerBot,3,5,5,9,11,10,37,2,460,6200,7500,6,6,4,3,255,37740400,23864,9868680,3849410,15000,12400
IT Club 253,7,25a12e17-2ad9-49a3-89f4-ce70388c9308,NewManagerBot_253,IT,Europe/Berlin,NewManagerBot,3,5,4,10,12,8,38,1,330,4250,5300,10,11,6,4,285,20096355,16860,6914550,4241643,15000,14400
NL Club 165,7,0d46166f-1c23-4fd1-8d98-9c303ba3ca81,AggressiveTraderBot_165,NL,Europe/Rome,AggressiveTraderBot,3,5,2,11,5,14,47,3,590,7750,10000,4,10,5,5,291,34852926,-117,12630530,8892298,22100,23500
PL Club 166,7,bf3feda8-e4cd-473c-865d-cfeac769a612,YouthFocusedBot_166,PL,Europe/Madrid,YouthFocusedBot,3,5,11,6,9,15,33,3,590,7750,9800,3,11,8,1,269,50829608,418,12578100,5550279,21800,22800
PL Club 176,7,e09865c8-301c-4a45-b0ef-8e7b03a6cbbf,ConservativeBot_176,PL,Europe/Paris,ConservativeBot,3,5,8,11,11,8,41,1,330,4250,5500,4,8,4,5,280,16641752,22020,6991850,4315019,15000,12400
PL Club 46,7,a7bbebd6-3fec-4035-b689-71f25c252a5c,YouthFocusedBot_46,PL,Europe/Madrid,YouthFocusedBot,3,5,9,5,10,15,30,1,330,4350,5400,5,10,4,5,294,22133684,445,7001130,4327007,21600,21700
PT Club 20,7,5d15ac60-92b2-45c6-b41c-5320a627c958,ConservativeBot_20,PT,Europe/Paris,ConservativeBot,3,5,3,12,10,8,44,4,720,9500,12200,9,10,4,5,274,83465681,11376,15441800,5941514,15000,16420
PT Club 80,7,662d1daa-cb50-4e3d-9658-df500ce809e4,ConservativeBot_80,PT,Europe/Paris,ConservativeBot,3,5,16,8,14,8,32,3,600,8050,9700,8,12,5,4,255,58823132,19139,12799500,5404914,15000,11000
AT Club 187,7,9e41080b-0a1c-43ec-a652-ffda1c3b89b5,NewManagerBot_187,AT,Europe/Berlin,NewManagerBot,3,6,11,0,26,4,4,4,720,9500,12000,11,12,3,4,260,75489094,11929,15346700,4999924,15000,11000
AT Club 67,7,611ce365-1847-4d8e-8c43-9d9c8dd1fb74,NewManagerBot_67,AT,Europe/Berlin,NewManagerBot,3,6,7,9,11,10,37,2,460,6100,7600,9,11,7,5,277,49377608,14088,9838400,5958338,15000,17020
BE Club 189,7,4497be84-e199-4e43-ba29-5768a0e6218a,AggressiveTraderBot_189,BE,Europe/Rome,AggressiveTraderBot,3,6,9,8,12,10,34,2,460,6000,7600,2,12,6,2,261,10796654,357,9738530,8363257,22000,22800
CH Club 128,7,bc14cf8f-78a7-4317-85fe-85b18d67f9b6,ConservativeBot_128,CH,Europe/Paris,ConservativeBot,3,6,2,6,9,15,33,3,590,7950,9900,6,7,5,7,261,56218328,20189,12759150,5360369,15000,13200
CH Club 178,7,49819763-2993-4393-90f8-146e24a592e6,YouthFocusedBot_178,CH,Europe/Madrid,YouthFocusedBot,3,6,8,11,9,10,43,3,590,7850,9900,2,8,5,4,278,52316956,43,12682800,6550063,21600,22900
DE Club 181,7,4b256b0b-459a-4a00-9bfa-0c1726044877,NewManagerBot_181,DE,Europe/Berlin,NewManagerBot,3,6,6,10,13,7,37,1,350,4450,5400,10,11,6,3,273,16375041,13104,7226330,4117284,15000,13600
DE Club 191,7,5209c0b7-1b42-498c-b8ec-2a03c187686c,LadderGrinderBot_191,DE,Europe/Amsterdam,LadderGrinderBot,3,6,1,9,6,15,42,2,460,6100,7500,9,9,6,5,268,32760731,17685,9808530,6945529,15000,12800
FR Club 182,7,18279032-98b4-4926-8ab9-164cb988f81c,ConservativeBot_182,FR,Europe/Paris,ConservativeBot,3,6,10,12,8,10,46,1,330,4350,5500,10,12,6,6,276,16347243,19322,7046550,6395526,15000,12200
FR Club 192,7,f4750b95-fc78-4c49-ba82-cc1eb1bc7b47,SocialBot_192,FR,Europe/Warsaw,SocialBot,3,6,16,9,15,6,33,1,330,4450,5300,9,10,5,5,258,14690671,11898,7044450,4340404,15000,13820
NL Club 75,7,d745c013-0091-4430-ba89-8e45aa15aec5,AggressiveTraderBot_75,NL,Europe/Rome,AggressiveTraderBot,3,6,3,9,11,10,37,4,730,9700,11800,5,9,3,6,285,67365331,1025,15533400,5185821,22000,22600
PL Club 186,7,80f87715-d81f-4704-9b92-0f262de5aa52,SocialBot_186,PL,Europe/Warsaw,SocialBot,3,6,14,25,0,5,80,2,460,6100,7800,8,11,4,7,288,43420061,15395,9876600,3117878,15000,11000
PL Club 26,7,2feac2a4-af37-4a38-83a4-381b3f97cf44,ConservativeBot_26,PL,Europe/Paris,ConservativeBot,3,6,15,15,9,6,51,4,730,9500,12100,7,12,3,4,275,80165669,21670,15455290,3679153,15000,12200
PL Club 276,7,f26d2663-fed0-49cd-89c7-5c7beff462f7,SocialBot_276,PL,Europe/Warsaw,SocialBot,3,6,5,13,10,7,46,3,590,8050,9700,7,10,5,3,258,61099368,22606,12729030,4100436,15000,13660
PL Club 286,7,d1715c76-f74c-48ca-92e4-70cbebd64c71,YouthFocusedBot_286,PL,Europe/Madrid,YouthFocusedBot,3,6,4,11,9,10,43,1,350,4350,5300,4,9,5,4,283,16414928,1715,7143310,4500367,21800,20500
PL Club 296,7,d871e6af-7284-40b0-a391-408bff4b5dc6,ConservativeBot_296,PL,Europe/Paris,ConservativeBot,3,6,12,26,0,4,82,4,720,9600,11900,8,12,5,6,293,81341381,24088,15410880,5499139,15000,11200
PT Club 60,7,60f577ef-d7cb-43ee-9c2b-5c18844d2f03,SocialBot_60,PT,Europe/Warsaw,SocialBot,3,6,13,0,25,5,5,2,460,6200,7700,5,9,4,5,255,38056411,17715,9914450,3604318,15000,13900
AT Club 167,7,4ff99c0f-f940-43af-b39e-85d4dbb6271e,LadderGrinderBot_167,AT,Europe/Amsterdam,LadderGrinderBot,3,7,16,10,6,14,44,2,460,6100,7600,7,8,5,5,257,36193209,15455,9838200,3360492,15000,13460
AT Club 77,7,a09cbe08-d33b-492c-8eac-8a985fe5293b,LadderGrinderBot_77,AT,Europe/Amsterdam,LadderGrinderBot,3,7,2,5,16,9,24,3,590,7850,10000,5,8,3,6,279,72688483,21077,12696950,4910939,15000,14500
BE Club 199,7,54ff5ad4-faa4-4031-a15c-cb2dc743bd7c,NewManagerBot_199,BE,Europe/Berlin,NewManagerBot,3,7,3,7,14,9,30,1,340,4250,5500,7,9,4,4,281,18512582,21059,7054200,4498733,15000,11000
CH Club 198,7,b12f1edc-e973-459e-9661-eb8b94f20853,SocialBot_198,CH,Europe/Warsaw,SocialBot,3,7,15,6,10,14,32,3,590,7950,9800,9,12,8,5,260,52115549,17760,12712500,4201015,15000,11600
CH Club 48,7,5f2451f2-0668-4b60-98fc-bd64c9e6ae9c,SocialBot_48,CH,Europe/Warsaw,SocialBot,3,7,14,6,12,12,30,4,720,9700,12100,11,11,3,7,262,82938816,17711,15523280,5086908,15000,10400
CH Club 8,7,b027d720-ee06-4f8c-924d-112b01c3dc75,ConservativeBot_8,CH,Europe/Paris,ConservativeBot,3,7,6,8,11,11,35,2,460,6100,7400,8,9,8,5,261,46487440,18132,9802500,7881436,15000,16240
DE Club 161,7,724b6093-c959-483a-9e1f-31d5fecc9162,LadderGrinderBot_161,DE,Europe/Amsterdam,LadderGrinderBot,3,7,7,14,8,8,50,4,720,9700,11900,6,13,5,6,277,75044897,17503,15468900,6222536,15000,14080
ES Club 204,7,f57a98e7-1fc6-400f-a6e8-570ac0ed9836,SocialBot_204,ES,Europe/Warsaw,SocialBot,3,7,9,6,13,11,29,1,330,4350,5300,7,12,5,5,263,12180126,19647,6966450,4829698,15000,14660
FR Club 202,7,04e6a2cf-e6c0-4928-a8a8-564f57062b36,YouthFocusedBot_202,FR,Europe/Madrid,YouthFocusedBot,3,7,4,14,7,9,51,1,340,4450,5400,3,11,7,5,293,13756487,909,7170230,4230176,21700,21800
FR Club 252,7,3c1559dc-f84c-41c2-ba6b-a09bdb4ec5e7,SocialBot_252,FR,Europe/Warsaw,SocialBot,3,7,8,8,14,8,32,4,720,9700,11900,8,14,5,7,281,78825107,13534,15456030,6216648,15000,13840
IT Club 183,7,257bb0fb-4722-43fe-ac46-ab7aacc93603,AggressiveTraderBot_183,IT,Europe/Rome,AggressiveTraderBot,3,7,12,8,13,9,33,4,730,9600,12100,3,10,4,6,291,60933059,1109,15552350,7467188,22300,20800
IT Club 203,7,919dde86-2d35-43ee-8c02-e290916835de,LadderGrinderBot_203,IT,Europe/Amsterdam,LadderGrinderBot,3,7,1,16,5,9,57,4,720,9500,12100,9,11,5,4,274,79557668,16446,15407900,4036028,15000,15220
NL Club 185,7,fcec7403-56e0-4cd8-8dd1-a8bb20d39472,LadderGrinderBot_185,NL,Europe/Amsterdam,LadderGrinderBot,3,7,11,13,8,9,48,2,470,6100,7500,8,10,6,7,287,38596239,16049,9888750,4716207,15000,14040
NL Club 205,7,3fd072aa-fc30-4ce4-b2f3-fcef0f234790,NewManagerBot_205,NL,Europe/Berlin,NewManagerBot,3,7,10,13,6,11,50,3,600,7850,9700,6,9,6,7,274,50137761,16772,12709680,3928063,15000,14880
PT Club 200,7,651ff949-50ae-45d6-8489-7560835e6a17,ConservativeBot_200,PT,Europe/Paris,ConservativeBot,3,7,5,11,8,11,44,3,600,7850,9600,5,7,5,5,284,52032116,22569,12683400,6039572,15000,12600
PT Club 260,7,a368befa-b280-4161-b1e0-64a658fdff05,ConservativeBot_260,PT,Europe/Paris,ConservativeBot,3,7,13,12,6,12,48,1,330,4350,5300,8,9,3,5,265,8371034,16584,6978150,6324922,15000,14240
CH Club 188,7,0b899502-7cbb-4eb8-83eb-46db4b9bbe71,ConservativeBot_188,CH,Europe/Paris,ConservativeBot,3,8,1,6,9,15,33,1,330,4350,5400,5,10,3,6,283,14483341,20453,7007250,5821089,15000,14300
CH Club 38,7,b06d0a6d-4efe-4488-b02e-6030ffbe434a,ConservativeBot_38,CH,Europe/Paris,ConservativeBot,3,8,14,13,12,5,44,2,470,6100,7500,7,14,3,4,258,37624064,19409,9830280,5456930,15000,13060
DE Club 211,7,8d3b1a03-6e77-462d-b5cf-23e60784c8e5,NewManagerBot_211,DE,Europe/Berlin,NewManagerBot,3,8,5,10,7,13,43,4,740,9600,12000,6,10,9,7,280,76814961,23657,15653590,4011652,15000,10000
DE Club 71,7,2c4a53fa-60af-49ce-a743-ec79a51856ba,LadderGrinderBot_71,DE,Europe/Amsterdam,LadderGrinderBot,3,8,6,7,10,13,34,2,460,6400,7500,9,10,6,5,264,37380549,8195,9987930,4710680,15000,13820
ES Club 214,7,438a011b-77a0-4955-a26e-aa44f847c545,YouthFocusedBot_214,ES,Europe/Madrid,YouthFocusedBot,3,8,16,10,11,9,39,1,340,4450,5400,4,8,6,7,264,14770598,1699,7193480,4588970,21900,22000
ES Club 224,7,fde34949-443f-44d9-82d4-1108a8a113f1,ConservativeBot_224,ES,Europe/Paris,ConservativeBot,3,8,13,12,13,5,41,2,470,6200,7400,10,12,2,2,261,34172602,14727,9861600,3898406,15000,12600
FR Club 222,7,d92752c6-ade6-4ecd-b7ad-5db16998b5c9,SocialBot_222,FR,Europe/Warsaw,SocialBot,3,8,10,11,10,9,42,3,590,7950,9800,9,10,6,5,260,52972649,19325,12711030,5266683,15000,11000
FR Club 42,7,17eab328-3e2a-4417-8362-83c387f0a589,SocialBot_42,FR,Europe/Warsaw,SocialBot,3,8,12,8,15,7,31,1,330,4350,5400,7,11,5,4,272,16078019,24522,6997500,3307915,15000,12060
FR Club 72,7,6eb1e349-53a1-43a2-82a9-8bcd0ced166c,SocialBot_72,FR,Europe/Warsaw,SocialBot,3,8,4,8,12,10,34,3,610,7750,9600,7,9,6,4,281,73148357,23444,12691800,3956939,15000,13860
IT Club 223,7,b33e05e6-5a0f-47ab-8f6b-317948bf2a99,NewManagerBot_223,IT,Europe/Berlin,NewManagerBot,3,8,15,11,10,9,42,3,590,7950,9700,6,8,4,4,256,52384404,20511,12677280,5996193,15000,15680
IT Club 53,7,d62fac56-1029-4f52-96f0-afda254d62bd,LadderGrinderBot_53,IT,Europe/Amsterdam,LadderGrinderBot,3,8,11,15,8,7,52,4,720,9600,11900,8,9,4,4,288,120203664,15700,15409050,3387010,15000,14040
NL Club 175,7,9e2dbcff-f250-428a-a497-2579eaad4bbb,NewManagerBot_175,NL,Europe/Berlin,NewManagerBot,3,8,8,29,0,1,88,1,330,4450,5400,8,9,4,2,290,21939981,17752,7068000,7009001,15000,13840
PL Club 216,7,9b637931-3cc8-4eb1-8698-183124cb74bb,SocialBot_216,PL,Europe/Warsaw,SocialBot,3,8,7,0,29,1,1,1,330,4450,5400,7,9,2,6,258,12732613,23299,7062300,4333720,15000,13060
PT Club 210,7,86e038fe-0ba4-4664-b86b-51cb891b8805,SocialBot_210,PT,Europe/Warsaw,SocialBot,3,8,9,10,11,9,39,3,590,7850,9800,9,10,4,4,267,54236488,17804,12628430,5221932,15000,14220
PT Club 220,7,7c28b66e-fc5e-4822-a33c-24f05aec4ca9,YouthFocusedBot_220,PT,Europe/Madrid,YouthFocusedBot,3,8,3,12,8,10,46,1,340,4250,5400,2,9,6,6,267,19916265,1017,7048980,4172936,21800,22800
PT Club 70,7,8ed79a7e-dfc8-4dc6-b3b4-c972b561ddeb,YouthFocusedBot_70,PT,Europe/Madrid,YouthFocusedBot,3,8,2,9,6,15,42,4,720,9700,11900,3,7,1,6,261,80851653,1625,15479400,3825267,21100,20200
AT Club 227,7,c95b8b8e-554e-422c-a66c-d2e6e5e6fbb6,LadderGrinderBot_227,AT,Europe/Amsterdam,LadderGrinderBot,3,9,5,10,11,9,39,2,470,6200,7600,8,12,5,4,277,35907625,9206,9953900,4708824,15000,17640
AT Club 237,7,fc7c7c13-4f17-46ea-a935-bf02ad0466e8,AggressiveTraderBot_237,AT,Europe/Rome,AggressiveTraderBot,3,9,10,12,8,10,46,4,720,9600,12000,6,10,4,7,269,56185409,1473,15447150,7635298,22300,21500
AT Club 267,7,e3b70cb6-1354-400b-85e6-a68e77dc686d,AggressiveTraderBot_267,AT,Europe/Rome,AggressiveTraderBot,3,9,3,9,5,16,43,2,460,6000,7800,6,7,6,5,263,14803073,1533,9858300,7721499,22400,20600
BE Club 239,7,aac97cd2-4015-4ebd-8173-40e2c488b36f,LadderGrinderBot_239,BE,Europe/Amsterdam,LadderGrinderBot,3,9,1,6,8,16,34,4,720,9700,12100,8,12,3,3,272,74439873,21085,15504450,5395577,15000,11000
BE Club 259,7,b828ba92-3787-49ca-83d1-66ed8b43da8a,NewManagerBot_259,BE,Europe/Berlin,NewManagerBot,3,9,13,5,19,6,21,3,590,7850,9900,8,10,5,5,255,53879461,17070,12670880,5733912,15000,13840
CH Club 238,7,e8ae7945-27c8-4a95-a035-d5ddf08ebb45,YouthFocusedBot_238,CH,Europe/Madrid,YouthFocusedBot,3,9,15,8,9,13,37,4,730,9600,11900,2,10,3,4,277,77203669,1370,15475250,5005816,21400,21100
CH Club 278,7,82195ca3-330f-4efe-a58b-2604bbc022d3,ConservativeBot_278,CH,Europe/Paris,ConservativeBot,3,9,14,19,5,6,63,2,460,6100,7600,8,8,5,2,284,48390463,21152,9823700,5493172,15000,12800
DE Club 11,7,a3d40f57-d6ad-4b1a-b7de-2b0475cada0d,LadderGrinderBot_11,DE,Europe/Amsterdam,LadderGrinderBot,3,9,2,8,6,16,40,4,740,9500,12000,7,9,5,5,285,99301188,11301,15552150,5325053,15000,16860
FR Club 232,7,f5d01f5a-dffe-4682-adcb-4b5cf426340b,YouthFocusedBot_232,FR,Europe/Madrid,YouthFocusedBot,3,9,6,11,10,9,42,2,470,6100,7700,6,8,5,2,265,36129940,1931,9941900,5210619,21600,19500
IT Club 233,7,ed4bacb7-638a-4081-b1bc-c2704a08a0ee,LadderGrinderBot_233,IT,Europe/Amsterdam,LadderGrinderBot,3,9,11,7,14,9,30,2,460,6100,7600,6,9,6,3,273,34307241,19254,9837030,4544252,15000,15480
IT Club 3,7,e5fadf32-ef6f-4b8b-9eb5-5dc8ad48463d,AggressiveTraderBot_3,IT,Europe/Rome,AggressiveTraderBot,3,9,16,9,8,13,40,2,480,6000,7500,5,9,5,4,256,43069760,1630,9901830,7045760,22100,21400
NL Club 15,7,66ae8f2e-8ac4-4b98-8460-ffeaeb99340d,AggressiveTraderBot_15,NL,Europe/Rome,AggressiveTraderBot,3,9,9,8,12,10,34,1,330,4250,5500,5,11,4,6,275,23892125,217,6973850,6834973,22600,22900
NL Club 225,7,b0416165-d302-4781-9fb0-999f91c7c570,AggressiveTraderBot_225,NL,Europe/Rome,AggressiveTraderBot,3,9,4,5,9,16,31,2,460,6400,7600,5,9,3,5,257,25246320,1467,10002500,6301986,21900,21100
NL Club 235,7,f0478c1e-b4b9-4ce1-9bbc-f88d6a9e8442,NewManagerBot_235,NL,Europe/Berlin,NewManagerBot,3,9,8,10,8,12,42,4,720,9600,12000,7,8,5,5,256,75875661,18230,15467900,5269006,15000,13260
PL Club 66,7,046ea3ba-9a18-466f-82c9-69395045c2ad,SocialBot_66,PL,Europe/Warsaw,SocialBot,3,9,12,14,7,9,51,3,590,8050,9800,7,8,5,3,259,56446197,21049,12772050,5850895,15000,13460
PT Club 240,7,3df323f7-54e6-4aea-a922-78d28a7e9a7b,SocialBot_240,PT,Europe/Warsaw,SocialBot,3,9,7,8,10,12,36,4,730,9700,11900,6,5,4,2,255,74902511,29553,15575730,6197402,15000,12800
BE Club 249,7,afd5bcae-40a0-47b3-b596-49fe4228d660,AggressiveTraderBot_249,BE,Europe/Rome,AggressiveTraderBot,3,10,6,9,7,14,41,3,590,8050,9600,3,12,6,3,276,36721561,447,12682650,8117035,22500,22300
CH Club 248,7,c473403a-c3e9-4b6e-b900-1e409ac13be4,ConservativeBot_248,CH,Europe/Paris,ConservativeBot,3,10,8,9,4,17,44,2,460,6000,7700,8,12,5,3,271,34230307,15402,9773700,4417887,15000,16040
DE Club 241,7,347f46bb-ae79-4372-9d22-ecbdb09d1908,NewManagerBot_241,DE,Europe/Berlin,NewManagerBot,3,10,10,7,12,11,32,3,600,7850,9600,5,8,1,4,262,55486741,20314,12633600,3660642,15000,11000
ES Club 164,7,88d98b40-9de2-4940-84c2-25a611ae25a4,ConservativeBot_164,ES,Europe/Paris,ConservativeBot,3,10,9,12,7,11,47,1,330,4650,5400,7,11,5,5,263,18431814,17194,7192100,5083534,15000,14460
ES Club 244,7,83878997-443b-4409-a13f-1a00dbad831a,YouthFocusedBot_244,ES,Europe/Madrid,YouthFocusedBot,3,10,4,9,12,9,36,2,470,6100,7700,4,7,7,7,263,33523669,1937,9979080,5210320,22000,20500
ES Club 254,7,c4b1d99c-7c2d-44da-92d7-819387cb982a,ConservativeBot_254,ES,Europe/Paris,ConservativeBot,3,10,1,12,11,7,43,3,600,7850,9800,9,11,5,4,265,54988372,17529,12701130,4084800,15000,15020
ES Club 304,7,31ac1d45-013b-48d4-9197-319c77ede20a,YouthFocusedBot_304,ES,Europe/Madrid,YouthFocusedBot,3,10,12,0,26,4,4,2,460,6100,7600,6,10,6,5,260,34980095,1046,9830880,4286719,21600,21500
FR Club 242,7,6c6a4a3a-2c71-4337-a016-4b35b51ddf1f,ConservativeBot_242,FR,Europe/Paris,ConservativeBot,3,10,15,8,14,8,32,2,460,6200,7600,6,11,4,6,277,35848447,21999,9882600,4643767,15000,14480
IT Club 153,7,5b71faac-8f2c-4285-b064-1e9ce698a595,AggressiveTraderBot_153,IT,Europe/Rome,AggressiveTraderBot,3,10,14,10,7,13,43,4,720,9600,12000,3,8,4,5,285,53611473,679,15453300,8393094,22300,23100
NL Club 135,7,38443355-2c1c-4a4e-814d-b0fee917c753,AggressiveTraderBot_135,NL,Europe/Rome,AggressiveTraderBot,3,10,7,4,9,17,29,2,460,6200,7400,2,9,5,6,259,34090255,-107,9837780,8056967,21700,23300
NL Club 255,7,a1d96199-fa32-4c94-bdbf-0e82807a9537,AggressiveTraderBot_255,NL,Europe/Rome,AggressiveTraderBot,3,10,11,26,0,4,82,4,730,9500,11900,2,10,7,7,296,52884247,546,15464110,8078616,22800,22300
NL Club 325,7,8bd7d416-ff20-4e6b-90ed-dc4a9565c6f1,NewManagerBot_325,NL,Europe/Berlin,NewManagerBot,3,10,2,11,12,7,40,4,720,9800,12000,6,10,4,7,277,81550215,20670,15573150,5078577,15000,14480
NL Club 45,7,163c7072-c34e-4c0d-9f40-7b8e9a45647a,AggressiveTraderBot_45,NL,Europe/Rome,AggressiveTraderBot,3,10,16,14,8,8,50,3,590,7950,9700,4,8,6,5,258,45209172,359,12690900,7606025,22500,22400
NL Club 85,7,704c9670-99e6-42ee-820e-3cf20369bec1,NewManagerBot_85,NL,Europe/Berlin,NewManagerBot,3,10,13,7,10,13,34,2,460,6200,7600,6,7,6,7,298,46156636,22802,9924800,5897247,15000,14680
PL Club 246,7,affcb4a4-28bf-4225-a21d-f90c61023425,SocialBot_246,PL,Europe/Warsaw,SocialBot,3,10,5,7,9,14,35,1,340,4350,5300,8,10,8,3,258,12066127,21677,7084830,3950679,15000,12000
PT Club 250,7,42534d20-9ead-4371-bf33-56b4f04cfad2,YouthFocusedBot_250,PT,Europe/Madrid,YouthFocusedBot,3,10,3,12,9,9,45,2,460,6200,7700,3,7,3,4,260,38176046,990,9924500,6034482,21700,21100
AT Club 257,7,6b085cc3-b11f-464b-8f13-bb696a53eb49,LadderGrinderBot_257,AT,Europe/Amsterdam,LadderGrinderBot,3,11,3,9,11,10,37,1,330,4350,5300,8,10,8,5,275,19515896,18679,7010880,6174499,15000,15640
AT Club 37,7,b4a15045-0c9a-452e-995c-64c484d7be8a,NewManagerBot_37,AT,Europe/Berlin,NewManagerBot,3,11,11,9,11,10,37,1,330,4350,5400,8,8,4,5,262,23680388,22366,7016250,3885210,15000,12000
BE Club 269,7,55860fdb-1cea-414a-acec-147c63a1cd21,LadderGrinderBot_269,BE,Europe/Amsterdam,LadderGrinderBot,3,11,14,6,17,7,25,4,720,9600,11900,9,10,5,6,259,75211710,15949,15426300,3416635,15000,14220
CH Club 268,7,ce7561eb-6676-4d15-b9b3-21621d426a69,YouthFocusedBot_268,CH,Europe/Madrid,YouthFocusedBot,3,11,4,11,9,10,43,1,340,4350,5400,4,13,6,2,280,9377587,1055,7062300,4694798,21400,21400
DE Club 261,7,9921044b-e3ce-49d1-9949-bd444b53bf9a,AggressiveTraderBot_261,DE,Europe/Rome,AggressiveTraderBot,3,11,5,6,11,13,31,1,330,4250,5200,3,4,2,2,280,-2043008,1407,6895800,6593768,19700,20200
DE Club 91,7,f236e20e-c5da-4b23-b5ef-cb3cab31feae,NewManagerBot_91,DE,Europe/Berlin,NewManagerBot,3,11,8,8,15,7,31,2,480,6100,7700,8,8,4,5,277,44533795,20987,10020350,4128439,15000,12800
ES Club 24,7,9e342374-8609-4a0e-8b3c-38f074072dfd,SocialBot_24,ES,Europe/Warsaw,SocialBot,3,11,15,10,7,13,43,1,330,4450,5500,8,11,4,6,257,23711738,16881,7098750,3445166,15000,11800
FR Club 162,7,0be310f9-369b-454a-bdcb-0d4b0dfb486a,SocialBot_162,FR,Europe/Warsaw,SocialBot,3,11,6,11,6,13,46,1,330,4350,5600,7,8,6,7,271,9581418,8734,7110200,4063728,15000,14460
FR Club 172,7,e72f24b6-7ab5-4d0e-aa4d-2ea29b171b82,YouthFocusedBot_172,FR,Europe/Madrid,YouthFocusedBot,3,11,13,17,6,7,58,1,330,4350,5500,5,10,3,5,285,22162026,2071,7024130,6225811,21600,20300
FR Club 332,7,4fbfa595-58dd-49e7-b4f4-c12f94dd7399,ConservativeBot_332,FR,Europe/Paris,ConservativeBot,3,11,12,11,9,10,43,1,330,4250,5500,6,10,6,7,258,14117486,22073,7002780,4303189,15000,14080
IT Club 213,7,75ce292d-1775-4ff0-bf8d-ee575b3e6f0c,AggressiveTraderBot_213,IT,Europe/Rome,AggressiveTraderBot,3,11,10,12,4,14,50,2,460,6000,7700,5,12,7,4,293,23836601,1386,9785750,8907729,22600,22700
IT Club 263,7,0a0fc346-85f5-487a-9910-c53e81742153,LadderGrinderBot_263,IT,Europe/Amsterdam,LadderGrinderBot,3,11,7,15,8,7,52,4,730,9800,11800,6,8,7,2,264,79125943,19664,15608700,4734646,15000,12000
IT Club 33,7,71dde067-d909-45a0-9bb0-df18d90431ec,AggressiveTraderBot_33,IT,Europe/Rome,AggressiveTraderBot,3,11,16,7,10,13,34,3,600,7950,9600,4,7,5,6,256,49352221,1303,12745080,6227490,22300,22500
NL Club 265,7,3924ec2a-a12c-4fcb-a0c5-2e89a8e63f59,NewManagerBot_265,NL,Europe/Berlin,NewManagerBot,3,11,1,20,0,10,70,2,460,6000,7600,5,8,6,6,295,34189876,22926,9794300,5280270,15000,13500
NL Club 35,7,574d2ace-d632-4ab4-8fa2-97312a573816,LadderGrinderBot_35,NL,Europe/Amsterdam,LadderGrinderBot,3,11,9,4,12,14,26,2,460,6300,7700,7,8,3,5,268,40843513,16191,9984500,5307129,15000,14860
PT Club 300,7,832500b9-87ae-4b57-bb4e-102c622e0d92,SocialBot_300,PT,Europe/Warsaw,SocialBot,3,11,2,0,20,10,10,1,340,4350,5400,5,8,6,4,267,16559453,16284,7110900,4101436,15000,13300
AT Club 287,7,8e873716-b7e4-4e0e-b308-9baa29921b98,LadderGrinderBot_287,AT,Europe/Amsterdam,LadderGrinderBot,3,12,8,10,7,13,43,4,720,9600,12300,10,10,5,5,267,72316228,17325,15535250,4034802,15000,13000
AT Club 317,7,5693b7b5-92f0-47d7-9920-e5178c5adff8,LadderGrinderBot_317,AT,Europe/Amsterdam,LadderGrinderBot,3,12,5,7,11,12,33,2,470,6100,7700,6,10,5,4,285,35394782,14456,9934210,4592323,15000,17080
AT Club 7,7,786c663b-ff16-4c41-bb24-56c96612ccef,NewManagerBot_7,AT,Europe/Berlin,NewManagerBot,3,12,3,14,9,7,49,3,600,7850,9800,8,12,5,3,264,81674536,16373,12698000,5001854,15000,15240
AT Club 87,7,e7ee539b-b81c-457f-a4bc-963b97e6fd1c,AggressiveTraderBot_87,AT,Europe/Rome,AggressiveTraderBot,3,12,9,6,8,16,34,2,460,6200,7600,3,10,5,8,268,28381022,1161,9906050,10400177,22300,21300
BE Club 79,7,050eab06-a8b8-44b4-b7bd-978fb2972ef7,NewManagerBot_79,BE,Europe/Berlin,NewManagerBot,3,12,15,13,10,7,46,2,460,6200,7500,6,11,5,5,270,36447939,19654,9854780,5823901,15000,12200
BE Club 89,7,ea4a2c63-09b1-4080-9bad-21b8a4498cb5,LadderGrinderBot_89,BE,Europe/Amsterdam,LadderGrinderBot,3,12,14,7,9,14,35,2,460,6100,7600,12,14,3,4,282,37125737,11528,9779000,5644274,15000,15760
CH Club 148,7,e8de3063-9c5f-45ba-a477-473c7f9d2f1f,YouthFocusedBot_148,CH,Europe/Madrid,YouthFocusedBot,3,12,4,9,14,7,34,1,330,4350,5600,3,9,6,4,267,20764634,1353,7087830,3531241,21800,20800
CH Club 28,7,ae2c9e5a-e2f0-40bb-a7b6-ec45eff6959f,YouthFocusedBot_28,CH,Europe/Madrid,YouthFocusedBot,3,12,16,10,13,7,37,2,460,6000,7700,5,8,4,6,255,39616751,298,9808950,5558956,21300,23100
DE Club 281,7,dc82693e-26a2-4196-b1d4-bfe6821d0c06,LadderGrinderBot_281,DE,Europe/Amsterdam,LadderGrinderBot,3,12,1,13,11,6,45,1,330,4550,5200,6,10,5,2,278,19649420,17781,7071600,1557409,15000,12480
FR Club 282,7,848feaba-5012-4469-9e8f-76e852a5eede,SocialBot_282,FR,Europe/Warsaw,SocialBot,3,12,10,8,6,16,40,3,600,7850,9600,6,8,7,4,264,59422007,24000,12689430,5096381,15000,10800
IT Club 273,7,7428545b-f9c6-4632-ac7d-32a60a5df8b9,AggressiveTraderBot_273,IT,Europe/Rome,AggressiveTraderBot,3,12,11,11,9,10,43,1,330,4450,5400,2,8,4,1,291,2593600,643,7062230,6906084,22600,21900
IT Club 93,7,06cdf872-b9ab-4e31-bc56-7fe198747b80,AggressiveTraderBot_93,IT,Europe/Rome,AggressiveTraderBot,3,12,6,11,7,12,45,2,460,6100,7500,4,10,5,5,278,18464782,1410,9790950,6856850,22400,22000
NL Club 275,7,3bacc5a6-d8c8-4aaf-b8b3-f49f9121f84d,LadderGrinderBot_275,NL,Europe/Amsterdam,LadderGrinderBot,3,12,7,7,10,13,34,4,730,9500,12100,6,6,6,6,271,73740601,21698,15535280,3348014,15000,10800
NL Club 285,7,cb7fcbd3-91ed-4c98-99aa-01083d216fb5,AggressiveTraderBot_285,NL,Europe/Rome,AggressiveTraderBot,3,12,12,9,11,10,37,1,330,4350,5200,2,7,4,5,280,5674099,1542,6966000,5131990,22000,21400
PT Club 280,7,f22c5491-8230-489f-b733-198b210c1a9d,YouthFocusedBot_280,PT,Europe/Madrid,YouthFocusedBot,3,12,13,9,7,14,41,3,600,7750,10000,2,9,5,4,264,51374605,-241,12714500,3319245,21400,22300
PT Club 40,7,90bbdc53-2250-451e-b664-bde75ab9f11a,YouthFocusedBot_40,PT,Europe/Madrid,YouthFocusedBot,3,12,2,11,13,6,39,4,720,9800,11900,4,7,6,6,256,78880796,813,15576350,4621365,22200,21200
AT Club 297,7,27238e0c-a795-4c29-860e-713a1481a2cc,AggressiveTraderBot_297,AT,Europe/Rome,AggressiveTraderBot,3,13,14,10,9,11,41,4,720,9700,12100,6,10,8,4,285,67797251,913,15564180,9945871,22100,21300
BE Club 289,7,6e36a7dc-3db0-40ea-a152-db1fe7ff6f48,NewManagerBot_289,BE,Europe/Berlin,NewManagerBot,3,13,7,11,6,13,46,1,340,4450,5400,6,11,4,5,276,11874846,15429,7144950,4748155,15000,10800
BE Club 49,7,835ead42-51b0-46e8-aa8c-69f7496fc677,NewManagerBot_49,BE,Europe/Berlin,NewManagerBot,3,13,5,9,10,11,38,4,730,9500,11900,8,10,4,2,275,84192467,20800,15420000,5655395,15000,13040
CH Club 298,7,ef0bc666-b165-4223-8ca3-798191c85be5,YouthFocusedBot_298,CH,Europe/Madrid,YouthFocusedBot,3,13,15,9,7,14,41,1,340,4350,5400,5,10,4,4,263,17122834,1446,7086200,4608307,21700,20900
DE Club 291,7,959db82e-e756-47cc-a245-20d5ff168816,AggressiveTraderBot_291,DE,Europe/Rome,AggressiveTraderBot,3,13,16,7,9,14,35,2,460,6200,7700,5,13,5,7,256,19473606,765,9909050,8656820,22100,22100
DE Club 301,7,57ffa470-a460-4b40-8ec0-0beedabcfd0a,NewManagerBot_301,DE,Europe/Berlin,NewManagerBot,3,13,12,8,12,10,34,3,590,7950,9700,9,10,6,7,281,51339150,20299,12691250,6090255,15000,10600
DE Club 81,7,0f19654f-f97f-4671-99ff-ea4cd47d453f,AggressiveTraderBot_81,DE,Europe/Rome,AggressiveTraderBot,3,13,10,12,11,7,43,2,460,6200,7700,5,12,4,2,260,20534512,266,9885830,8409542,22100,23400
ES Club 294,7,d41e367b-19cb-4e49-9848-d885343ebfd0,SocialBot_294,ES,Europe/Warsaw,SocialBot,3,13,2,15,5,10,55,2,470,6200,7500,7,12,8,7,257,35913899,14057,9952510,7890348,15000,14860
IT Club 293,7,053bbd39-59a8-4217-a558-82000c52ae24,LadderGrinderBot_293,IT,Europe/Amsterdam,LadderGrinderBot,3,13,4,0,28,2,2,1,340,4650,5200,9,10,3,4,262,15452759,14145,7205850,5461791,15000,14220
IT Club 303,7,cccd4b83-a529-490b-aa85-1bb6153bb070,AggressiveTraderBot_303,IT,Europe/Rome,AggressiveTraderBot,3,13,9,11,12,7,40,2,470,6100,7400,2,9,6,4,284,14643559,1648,9862500,6050407,22200,21100
NL Club 295,7,5573fdd1-aefc-4bb5-b6d2-da4bbefd1b9c,NewManagerBot_295,NL,Europe/Berlin,NewManagerBot,3,13,11,12,8,10,46,1,330,4350,5200,7,7,7,5,274,18768257,20163,6987930,4202897,15000,11400
PL Club 16,7,b5bc0bf1-1de2-4d3d-b4b7-a4f62f93a9d6,YouthFocusedBot_16,PL,Europe/Madrid,YouthFocusedBot,3,13,8,6,11,13,31,3,590,7850,9700,4,9,6,3,298,83041299,1841,12609030,5120578,22000,20400
PL Club 256,7,c57fac4b-054c-4040-83bd-e60dc13a7259,YouthFocusedBot_256,PL,Europe/Madrid,YouthFocusedBot,3,13,13,9,10,11,38,3,600,7850,9900,4,8,3,2,294,66041711,-384,12737030,2804086,21800,23600
PL Club 86,7,e1abc38d-aa6c-4f3c-b826-7fab58373e1f,ConservativeBot_86,PL,Europe/Paris,ConservativeBot,3,13,3,28,0,2,86,1,330,4250,5200,5,5,5,5,293,30602421,24190,6926100,4165805,15000,13600
PT Club 290,7,00c4536b-bc4f-4588-a88d-2118d5d95b7e,ConservativeBot_290,PT,Europe/Paris,ConservativeBot,3,13,1,5,15,10,25,3,590,7750,9800,7,11,1,3,281,55563722,17554,12522900,6295480,15000,15660
PT Club 50,7,c8deae6a-242d-46ce-800d-5a4390ba8fc3,ConservativeBot_50,PT,Europe/Paris,ConservativeBot,3,13,6,10,9,11,41,1,330,4350,5600,5,5,5,5,259,21153671,21516,7107830,5904758,15000,10000
AT Club 307,7,ba673f0e-c45f-4c1b-abfd-a12efc683d73,NewManagerBot_307,AT,Europe/Berlin,NewManagerBot,3,14,5,8,10,12,36,1,330,4550,5200,11,13,7,7,281,9861815,7315,7087650,5592358,15000,14180
AT Club 47,7,3d798a50-1e8e-4633-b4e3-e034e3f3f967,LadderGrinderBot_47,AT,Europe/Amsterdam,LadderGrinderBot,3,14,10,13,9,8,47,3,590,7750,9900,5,10,4,4,286,69932456,21588,12589200,6739159,15000,12400
BE Club 309,7,188259ae-f01d-418c-b8b3-8d260c056a73,AggressiveTraderBot_309,BE,Europe/Rome,AggressiveTraderBot,3,14,9,9,13,8,35,2,460,6000,7600,2,10,5,8,285,13938678,134,9773280,5808025,22200,22300
BE Club 329,7,b0281a40-9c7b-43fb-9468-47b2cbbe9773,LadderGrinderBot_329,BE,Europe/Amsterdam,LadderGrinderBot,3,14,16,9,6,15,42,4,740,9500,12100,6,7,5,5,258,75253649,19826,15603650,6686296,15000,15680
CH Club 308,7,d55da4fb-efd6-4874-84c4-2c95a6452cd1,ConservativeBot_308,CH,Europe/Paris,ConservativeBot,3,14,14,8,11,11,35,2,460,6100,7600,9,13,7,6,290,26832121,13297,9826380,5852607,15000,15420
CH Club 318,7,49b1df9c-a60a-4aca-84fa-498d9f4cf4af,SocialBot_318,CH,Europe/Warsaw,SocialBot,3,14,1,15,10,5,50,4,720,9900,12000,11,13,6,6,270,72078952,13790,15630630,3201310,15000,11800
CH Club 58,7,8ec3792b-7f3a-4055-ba8b-3e90217e5a4e,YouthFocusedBot_58,CH,Europe/Madrid,YouthFocusedBot,3,14,15,6,9,15,33,3,590,7750,10000,5,9,8,8,258,58290736,309,12683330,5785692,21700,22400
DE Club 201,7,296cf1c9-5fa8-4e58-916b-b920c77a1c34,AggressiveTraderBot_201,DE,Europe/Rome,AggressiveTraderBot,3,14,2,10,15,5,35,3,590,7850,10000,5,12,7,6,282,41444526,1547,12706730,5734555,22600,20600
DE Club 311,7,1482ea13-d43f-4c4a-b270-24864d6c2dd9,LadderGrinderBot_311,DE,Europe/Amsterdam,LadderGrinderBot,3,14,8,11,14,5,38,1,330,4350,5400,7,11,9,7,285,13494228,16166,7045230,3361655,15000,13860
ES Club 324,7,058d9ba1-b321-4d19-825b-24e8496fc354,SocialBot_324,ES,Europe/Warsaw,SocialBot,3,14,13,11,8,11,44,2,460,6100,7500,9,11,2,7,279,38960643,20793,9770250,3991243,15000,13020
ES Club 64,7,20ac27c2-f80e-4cfd-8f92-415bb8148245,YouthFocusedBot_64,ES,Europe/Madrid,YouthFocusedBot,3,14,4,10,8,12,42,1,350,4250,5500,6,9,6,3,289,20500354,977,7146600,4490020,21800,21000
NL Club 55,7,d599d6f9-83d6-4dd5-aa33-26c62bc02dbb,NewManagerBot_55,NL,Europe/Berlin,NewManagerBot,3,14,12,9,14,7,34,3,600,7850,9800,9,13,5,4,274,64486666,19458,12686400,4692875,15000,13620
PL Club 306,7,766cf4e6-f46e-45ee-8f13-d46eb14dee2b,SocialBot_306,PL,Europe/Warsaw,SocialBot,3,14,6,10,8,12,42,2,460,6200,7700,10,11,5,4,278,32875025,11898,9903930,4149358,15000,16200
PL Club 316,7,d93663fb-8e4e-48b8-8793-3b45d3651426,YouthFocusedBot_316,PL,Europe/Madrid,YouthFocusedBot,3,14,3,8,10,12,36,2,460,6100,7500,4,12,7,5,281,35194067,1685,9792980,2691694,21800,20500
PT Club 310,7,fe5a44a9-ce25-4b0c-805f-aa58fad6f508,YouthFocusedBot_310,PT,Europe/Madrid,YouthFocusedBot,3,14,7,14,11,5,47,2,480,6100,7400,6,11,4,6,269,38487656,534,9913500,4050664,21900,21600
PT Club 320,7,96be8948-bc1b-4b84-af9b-0a7693f9a9bb,ConservativeBot_320,PT,Europe/Paris,ConservativeBot,3,14,11,14,9,7,49,4,720,9700,11900,8,10,7,3,279,77836932,15111,15493100,4839918,15000,11400
AT Club 327,7,982a589d-1b4b-4486-8b7d-10deb9199ab9,AggressiveTraderBot_327,AT,Europe/Rome,AggressiveTraderBot,3,15,9,9,11,10,37,2,460,6200,7600,3,10,7,4,271,19482036,1440,9905250,6692414,22400,21700
BE Club 19,7,ae8c2222-89be-4d68-896d-d63a3ce6914a,NewManagerBot_19,BE,Europe/Berlin,NewManagerBot,3,15,14,9,12,9,36,1,330,4250,5300,6,7,6,6,275,33594036,20950,6960050,5496420,15000,15880
BE Club 9,7,5e5b36ee-67dc-47c6-b0e2-65c5eb2315d1,AggressiveTraderBot_9,BE,Europe/Rome,AggressiveTraderBot,3,15,13,12,9,9,45,1,330,4350,5400,5,11,3,5,256,15526044,1588,6987750,6321851,22100,22100
CH Club 208,7,29f2d77f-a67c-4be4-80eb-9bdc438d93c9,YouthFocusedBot_208,CH,Europe/Madrid,YouthFocusedBot,3,15,12,20,4,6,66,1,330,4350,5500,5,9,5,6,293,15476790,407,7053600,5964526,21900,21700
CH Club 328,7,7c70796f-d4fc-4576-9f04-f5e378470172,YouthFocusedBot_328,CH,Europe/Madrid,YouthFocusedBot,3,15,5,13,11,6,45,2,460,6000,7600,3,8,4,6,278,40006548,689,9779100,3595598,22100,21700
DE Club 321,7,b9afa409-2beb-4217-87d9-5470bda1fc4b,AggressiveTraderBot_321,DE,Europe/Rome,AggressiveTraderBot,3,15,15,12,9,9,45,3,600,7950,9700,2,8,7,6,268,35250888,1591,12790430,10337311,22500,21100
ES Club 334,7,850b5fa2-b621-4929-8c0a-b770d358e4b4,YouthFocusedBot_334,ES,Europe/Madrid,YouthFocusedBot,3,15,2,7,6,17,38,4,740,9500,11900,6,10,5,6,283,74728310,463,15525650,4653812,21800,21500
ES Club 54,7,6c8267d4-9ca5-4085-ba61-1012fc29b3bb,SocialBot_54,ES,Europe/Warsaw,SocialBot,3,15,7,8,10,12,36,2,460,6000,7700,10,10,7,1,266,36676035,13831,9788400,5218784,15000,12400
FR Club 322,7,008bec1c-9f84-4672-972d-467b38a59f97,YouthFocusedBot_322,FR,Europe/Madrid,YouthFocusedBot,3,15,6,11,13,6,39,3,600,7950,9900,6,10,7,6,274,59534621,420,12834010,6185245,21700,22900
FR Club 82,7,c6df28d8-1bf8-4dde-9c82-0b6372716413,YouthFocusedBot_82,FR,Europe/Madrid,YouthFocusedBot,3,15,4,3,23,4,13,1,330,4250,5500,5,11,5,7,255,11560779,946,6980100,5586890,21400,21800
IT Club 323,7,c8ef78ca-9653-420e-9514-703d0848a682,LadderGrinderBot_323,IT,Europe/Amsterdam,LadderGrinderBot,3,15,11,4,20,6,18,3,600,7750,9700,10,11,6,4,265,57575187,11181,12618180,4237236,15000,16000
IT Club 333,7,ac195968-75a3-47b8-b7c4-5c8db15b7443,AggressiveTraderBot_333,IT,Europe/Rome,AggressiveTraderBot,3,15,16,9,12,9,36,2,470,6200,7600,2,8,5,5,269,19648537,-195,9988400,6315550,22200,24100
NL Club 315,7,cdac6461-18e6-4ea7-96ea-fc23ca7f1516,AggressiveTraderBot_315,NL,Europe/Rome,AggressiveTraderBot,3,15,10,11,9,10,43,1,330,4250,5300,3,7,2,4,267,2078023,200,6910880,6868837,22200,21700
PL Club 236,7,25215cf6-7a90-459c-8736-014dae6827e1,ConservativeBot_236,PL,Europe/Paris,ConservativeBot,3,15,3,23,3,4,73,3,590,7850,9800,8,8,7,7,280,67314790,19917,12674730,4774782,15000,10800
PL Club 6,7,ccb109de-ae0a-4c61-8908-682679edb582,SocialBot_6,PL,Europe/Warsaw,SocialBot,3,15,8,10,8,12,42,3,610,7750,9700,7,7,4,3,256,67285148,20857,12708330,3798919,15000,11400
PT Club 270,7,ef46c6d8-0ec4-44c5-b459-3d0a9e9c0eef,SocialBot_270,PT,Europe/Warsaw,SocialBot,3,15,1,6,7,17,35,1,330,4350,5500,7,9,5,4,290,19369840,21943,7051100,4570577,15000,14260
AT Club 207,8,7932b925-6a12-4918-b062-d38b8b5151a4,AggressiveTraderBot_207,AT,Europe/Rome,AggressiveTraderBot,1,1,11,12,9,9,45,2,460,6200,7600,6,9,5,7,324,41464191,1023,16221150,7531078,22600,22800
AT Club 57,8,cdcabf4f-833f-48bf-845c-863511efb2a4,AggressiveTraderBot_57,AT,Europe/Rome,AggressiveTraderBot,1,1,15,13,7,10,49,3,590,7850,10100,3,11,6,8,310,80285412,1344,20883100,8801269,22400,21300
CH Club 258,8,06f91eed-dd89-49a1-ba61-5e422468d5e4,SocialBot_258,CH,Europe/Warsaw,SocialBot,1,1,4,11,8,11,44,2,470,6200,7600,11,12,5,6,328,54548486,13912,16322980,4824298,15000,14780
DE Club 1,8,c4352b81-1f7e-499c-89c0-9cba713e88d6,NewManagerBot_1,DE,Europe/Berlin,NewManagerBot,1,1,13,8,8,14,38,1,330,4250,5500,10,11,5,7,326,53463041,9426,11453250,5386733,15000,14800
DE Club 251,8,03dbbe39-1400-4442-9cca-64f451eeb9ea,LadderGrinderBot_251,DE,Europe/Amsterdam,LadderGrinderBot,1,1,16,7,13,10,31,2,460,6100,7700,6,10,7,8,323,55970065,21632,16188880,5518370,15000,12880
DE Club 31,8,6ad35c8c-cfdc-47d9-81ec-da8f25a09138,NewManagerBot_31,DE,Europe/Berlin,NewManagerBot,1,1,8,14,10,6,48,4,720,9600,12000,8,9,6,5,315,149345015,21444,25339000,5031006,15000,14440
ES Club 104,8,72bd9a26-2e8d-480e-923d-7596f6d7f0f4,ConservativeBot_104,ES,Europe/Paris,ConservativeBot,1,1,14,8,8,14,38,2,470,6300,7400,10,11,6,5,305,67715511,15816,16340300,4540643,15000,14800
ES Club 274,8,928ab7a5-90d7-47ad-8976-65733a4b7cae,YouthFocusedBot_274,ES,Europe/Madrid,YouthFocusedBot,1,1,5,9,12,9,36,2,460,6100,7800,5,10,5,7,328,53347710,1983,16217480,4738041,21300,19900
ES Club 34,8,0f61cad3-969a-447b-b191-bcce5268cb56,YouthFocusedBot_34,ES,Europe/Madrid,YouthFocusedBot,1,1,2,13,10,7,46,3,590,7850,10000,2,11,6,3,319,90805685,603,20809180,4833074,21700,21800
FR Club 92,8,deb7446a-622e-4d65-be4a-05788e9559f6,ConservativeBot_92,FR,Europe/Paris,ConservativeBot,1,1,6,12,9,9,45,2,460,6100,7900,7,8,5,5,324,88401787,19229,16276450,5258601,15000,14460
IT Club 143,8,a76986a8-37f4-48c8-b95e-8207314d2b86,LadderGrinderBot_143,IT,Europe/Amsterdam,LadderGrinderBot,1,1,10,7,9,14,35,1,330,4550,5400,5,11,5,7,317,34808709,24123,11707980,7199031,15000,10800
NL Club 195,8,c060f2b9-e0be-4fab-a4d5-e6864530bd71,AggressiveTraderBot_195,NL,Europe/Rome,AggressiveTraderBot,1,1,12,9,12,9,36,4,730,9700,12100,6,11,6,3,326,116797684,379,25598800,8030562,22200,22600
NL Club 305,8,e1edb26b-96f4-43ca-93ea-383795273365,LadderGrinderBot_305,NL,Europe/Amsterdam,LadderGrinderBot,1,1,9,9,7,14,41,4,720,9600,12300,8,11,5,4,316,100736015,20379,25463980,5527407,15000,11600
PL Club 226,8,b63b1bdf-cd28-4a5c-a677-f48ff2336887,YouthFocusedBot_226,PL,Europe/Madrid,YouthFocusedBot,1,1,3,8,11,11,35,2,460,6200,7600,6,11,5,6,324,56076778,991,16205630,3583288,21600,21400
PL Club 326,8,2052b1a0-fb68-4752-9fad-a0d695a68628,ConservativeBot_326,PL,Europe/Paris,ConservativeBot,1,1,7,10,14,6,36,4,720,9700,12000,6,11,5,5,321,135739710,22835,25415930,5753033,15000,13080
PT Club 180,8,ae58b792-f6ce-4937-9ec1-7798eba68e69,SocialBot_180,PT,Europe/Warsaw,SocialBot,1,1,1,10,13,7,37,2,470,6000,7500,9,11,6,9,326,62691846,16493,16106280,7324175,15000,13400
AT Club 217,8,e0326af1-b314-4d98-9e91-42e35aaee33d,NewManagerBot_217,AT,Europe/Berlin,NewManagerBot,2,1,3,13,11,6,45,2,460,6200,7600,7,12,6,7,327,53044471,22477,12717000,5281034,15000,11200
AT Club 97,8,618ea146-3ba0-4ae0-b788-e4dafedba22b,NewManagerBot_97,AT,Europe/Berlin,NewManagerBot,2,1,10,8,11,11,35,2,470,6100,7800,7,14,7,3,300,48878591,22930,12789300,4263838,15000,14260
BE Club 129,8,7cdc5c78-c824-4981-ac60-c065a701c67b,AggressiveTraderBot_129,BE,Europe/Rome,AggressiveTraderBot,2,1,15,8,8,14,38,1,330,4350,5300,4,11,6,3,307,3039292,1183,8973150,6729370,22300,21500
BE Club 39,8,bc3e1ffa-a7c5-4453-a010-a40c2e5624a4,AggressiveTraderBot_39,BE,Europe/Rome,AggressiveTraderBot,2,1,16,8,8,14,38,4,730,9600,12000,2,9,7,1,329,128074220,615,19958700,8408619,22200,23200
BE Club 99,8,133ca065-3a25-49f7-9432-74ac3d3c0a4c,AggressiveTraderBot_99,BE,Europe/Rome,AggressiveTraderBot,2,1,8,14,14,2,44,3,600,8250,9700,4,9,9,4,289,52614579,701,16659930,5400110,21800,22800
CH Club 138,8,492508a8-01fb-4638-a96f-6f75549dc1e0,SocialBot_138,CH,Europe/Warsaw,SocialBot,2,1,7,14,14,2,44,4,730,9600,11900,8,11,7,4,300,94962149,16001,19926950,4535251,15000,13000
CH Club 18,8,62619cd8-64ad-40dc-9339-cb65538bc836,SocialBot_18,CH,Europe/Warsaw,SocialBot,2,1,2,8,14,8,32,3,590,7950,9700,7,12,4,2,324,72792916,22754,16252080,3906122,15000,13260
CH Club 98,8,30333bdd-d11e-4e52-986b-c6fbd073b7a1,ConservativeBot_98,CH,Europe/Paris,ConservativeBot,2,1,11,7,13,10,31,2,460,6200,7700,8,10,4,5,304,54525208,16836,12745800,4181891,15000,13400
DE Club 121,8,1b250786-6d20-48be-abfc-65bb8adb920a,NewManagerBot_121,DE,Europe/Berlin,NewManagerBot,2,1,5,11,10,9,42,2,460,6200,7900,11,11,6,2,314,43111808,16258,12810200,5710061,15000,12600
DE Club 131,8,cfde46e7-93d7-47c5-bd87-009d21bd1d4f,LadderGrinderBot_131,DE,Europe/Amsterdam,LadderGrinderBot,2,1,14,10,11,9,39,2,470,6000,7900,7,7,6,5,327,49421552,22008,12795750,2924216,15000,12600
IT Club 113,8,bb665cdd-dee0-487f-ace1-d75d7ebff188,LadderGrinderBot_113,IT,Europe/Amsterdam,LadderGrinderBot,2,1,1,14,8,8,50,1,340,4450,5500,6,9,4,4,323,22786848,24356,9235800,3860869,15000,12000
IT Club 13,8,4b5d9e92-69e7-4e2a-827d-96be5393e740,NewManagerBot_13,IT,Europe/Berlin,NewManagerBot,2,1,13,11,10,9,42,3,600,7750,9900,6,12,9,4,328,88181679,21997,16320630,5633770,15000,13480
NL Club 115,8,93ce46a1-63e0-4b09-9eda-9aac2e3dc1e6,NewManagerBot_115,NL,Europe/Berlin,NewManagerBot,2,1,6,10,11,9,39,1,330,4450,5300,8,10,4,7,329,22160627,18211,9063180,4992207,15000,13640
NL Club 215,8,d13bb404-ed3e-4983-804a-ee7f9552736e,LadderGrinderBot_215,NL,Europe/Amsterdam,LadderGrinderBot,2,1,12,13,7,10,49,1,330,4550,5400,6,12,5,6,310,21946223,19179,9162000,3402818,15000,13000
NL Club 5,8,a662f6ad-98fd-4a61-aaea-a0dc2437d9ea,LadderGrinderBot_5,NL,Europe/Amsterdam,LadderGrinderBot,2,1,4,11,13,6,39,2,470,6000,7600,8,11,7,5,326,78793371,23846,12663050,4754858,15000,10600
PT Club 230,8,2ec21bac-1f72-4504-8d74-e38dde7a5e88,ConservativeBot_230,PT,Europe/Paris,ConservativeBot,2,1,9,11,8,11,44,3,590,7950,9900,7,9,4,5,320,78612107,14206,16357280,5528009,15000,16060
BE Club 139,8,cbf7970c-2f1d-418a-833e-0535364ed689,NewManagerBot_139,BE,Europe/Berlin,NewManagerBot,2,2,11,17,4,9,60,1,330,4250,5600,10,13,9,4,327,26975527,11784,9014300,6491366,15000,15200
BE Club 279,8,066eabed-4679-4ade-8d76-9913e91fded9,AggressiveTraderBot_279,BE,Europe/Rome,AggressiveTraderBot,2,2,16,13,8,9,48,1,340,4350,5300,5,12,3,2,326,16399389,439,9039900,6472451,22300,23200
CH Club 158,8,dba3e857-0f27-467a-be50-c17b79e0ec65,ConservativeBot_158,CH,Europe/Paris,ConservativeBot,2,2,9,10,9,11,41,4,730,9700,12000,5,11,5,4,321,110413809,22157,20029230,5413261,15000,12200
DE Club 151,8,92e8c246-dee3-4b60-9297-90ca4f6edddc,NewManagerBot_151,DE,Europe/Berlin,NewManagerBot,2,2,5,11,9,10,43,2,460,6100,7700,5,6,3,4,291,52695802,25336,12682200,3435024,15000,14400
ES Club 184,8,9ca77454-c39b-4b59-b123-435f3a956ffd,YouthFocusedBot_184,ES,Europe/Madrid,YouthFocusedBot,2,2,12,4,17,9,21,3,590,7850,9900,4,13,5,5,322,69516274,269,16260480,4377587,21600,21300
ES Club 44,8,2de1f101-2294-4ec7-bfa3-c5bdbaca453d,ConservativeBot_44,ES,Europe/Paris,ConservativeBot,2,2,7,12,9,9,45,2,460,6200,7700,10,11,5,7,318,56570360,19494,12746450,7232951,15000,13800
ES Club 74,8,40cc7e01-3f6b-473e-b0f3-785115d6b7d5,ConservativeBot_74,ES,Europe/Paris,ConservativeBot,2,2,14,10,15,5,35,4,720,9500,12200,6,11,6,8,307,105084081,23981,19870100,5019779,15000,11600
FR Club 132,8,205ec8dd-1081-4b46-9932-30787b94390e,SocialBot_132,FR,Europe/Warsaw,SocialBot,2,2,10,9,10,11,38,3,600,7850,9800,8,9,5,7,328,82231175,17360,16366230,5567674,15000,14240
IT Club 63,8,e40c8e5f-6802-45ea-a6ba-f4d271c91904,AggressiveTraderBot_63,IT,Europe/Rome,AggressiveTraderBot,2,2,4,13,8,9,48,3,600,7850,9900,4,10,9,5,327,63963957,1483,16413630,6815730,22300,22300
NL Club 105,8,bee987f7-96fc-4ca3-aa1e-883868a97f56,AggressiveTraderBot_105,NL,Europe/Rome,AggressiveTraderBot,2,2,13,15,10,5,50,1,340,4450,5300,5,11,3,9,306,7549231,948,9158450,8320150,22100,22300
NL Club 165,8,0d46166f-1c23-4fd1-8d98-9c303ba3ca81,AggressiveTraderBot_165,NL,Europe/Rome,AggressiveTraderBot,2,2,8,9,12,9,36,3,590,7750,10100,4,10,5,5,321,43329814,583,16274300,7797412,22000,21300
PL Club 146,8,498d2e73-5d20-4a36-9099-e2ad585d8017,ConservativeBot_146,PL,Europe/Paris,ConservativeBot,2,2,2,8,12,10,34,3,600,7950,9600,11,12,5,7,323,63982705,10149,16343420,6140989,15000,14780
PL Club 156,8,a2e491fa-c50d-4485-ad90-4aff165f8c3b,SocialBot_156,PL,Europe/Warsaw,SocialBot,2,2,6,9,11,10,37,4,730,9500,12200,10,11,4,6,295,86390769,16009,19949100,5401505,15000,15400
PL Club 186,8,80f87715-d81f-4704-9b92-0f262de5aa52,SocialBot_186,PL,Europe/Warsaw,SocialBot,2,2,3,8,13,9,33,2,460,6100,7900,8,11,4,7,318,53323539,19595,12735500,2832022,15000,10800
PL Club 296,8,d871e6af-7284-40b0-a391-408bff4b5dc6,ConservativeBot_296,PL,Europe/Paris,ConservativeBot,2,2,1,12,8,10,46,4,720,9600,11900,8,12,6,6,323,96640678,23248,19811130,4511833,15000,15840
PT Club 30,8,f62dc6ea-9823-4457-8131-87240bfd98eb,SocialBot_30,PT,Europe/Warsaw,SocialBot,2,2,15,8,13,9,33,3,590,8150,9600,9,11,2,6,325,102254371,24046,16377150,5222529,15000,10200
BE Club 229,8,87b6b924-e37a-475e-9a97-8967b16211ca,NewManagerBot_229,BE,Europe/Berlin,NewManagerBot,2,3,10,7,9,14,35,2,470,6100,7500,8,9,5,6,316,53107139,17381,12700730,3667876,15000,15040
CH Club 278,8,82195ca3-330f-4efe-a58b-2604bbc022d3,ConservativeBot_278,CH,Europe/Paris,ConservativeBot,2,3,2,7,15,8,29,2,460,6100,7700,8,9,5,2,314,54387851,25152,12665600,6668212,15000,11000
DE Club 41,8,3dc92206-3813-4c42-9ab2-03e6bc0cb5f0,LadderGrinderBot_41,DE,Europe/Amsterdam,LadderGrinderBot,2,3,13,12,12,6,42,4,720,9800,12000,9,12,2,4,305,110465456,24304,19975800,5573779,15000,11000
DE Club 61,8,ab2e3ad3-cf83-422e-8ff6-9df1784e3d15,NewManagerBot_61,DE,Europe/Berlin,NewManagerBot,2,3,9,9,7,14,41,4,730,9500,12000,8,9,8,6,325,144006824,17713,19918230,4685573,15000,14040
FR Club 202,8,04e6a2cf-e6c0-4928-a8a8-564f57062b36,YouthFocusedBot_202,FR,Europe/Madrid,YouthFocusedBot,2,3,6,8,12,10,34,1,340,4450,5500,3,12,7,5,323,19450011,1009,9243500,3549976,21200,21100
FR Club 212,8,d6049ac0-45fc-408d-8ed1-62be0039ed2d,ConservativeBot_212,FR,Europe/Paris,ConservativeBot,2,3,15,7,10,13,34,1,330,4750,5200,6,10,6,6,314,23806032,21946,9276450,4234131,15000,13280
FR Club 292,8,d6644096-93e9-4409-a37d-40fe2821e7ad,YouthFocusedBot_292,FR,Europe/Madrid,YouthFocusedBot,2,3,16,10,7,13,43,1,340,4350,5300,2,10,6,8,321,44988806,1208,9103350,4966257,21500,21400
IT Club 203,8,919dde86-2d35-43ee-8c02-e290916835de,LadderGrinderBot_203,IT,Europe/Amsterdam,LadderGrinderBot,2,3,3,13,7,10,49,4,720,9500,12200,10,12,6,5,304,93898879,18246,19848680,5507469,15000,13200
IT Club 43,8,5e5ccef4-48ac-4d30-9573-c00f09609456,NewManagerBot_43,IT,Europe/Berlin,NewManagerBot,2,3,8,20,2,8,68,2,460,6200,7600,7,11,8,8,315,60447640,18111,12742230,5006679,15000,16460
IT Club 53,8,d62fac56-1029-4f52-96f0-afda254d62bd,LadderGrinderBot_53,IT,Europe/Amsterdam,LadderGrinderBot,2,3,5,12,8,10,46,4,720,9600,11900,9,9,4,5,318,134391846,18900,19813050,5624868,15000,11800
IT Club 73,8,a5c71d17-12f8-4cdd-a0e0-181abab6a3e1,NewManagerBot_73,IT,Europe/Berlin,NewManagerBot,2,3,12,7,13,10,31,3,590,8050,9900,10,11,8,3,303,70378330,13194,16454330,3388460,15000,14800
NL Club 175,8,9e2dbcff-f250-428a-a497-2579eaad4bbb,NewManagerBot_175,NL,Europe/Berlin,NewManagerBot,2,3,1,15,7,8,53,1,330,4550,5400,9,10,5,2,320,23877518,16332,9166230,7228693,15000,16420
PL Club 206,8,9db8ed72-bdb5-4b95-b4a3-dfe8098bbd70,ConservativeBot_206,PL,Europe/Paris,ConservativeBot,2,3,4,7,13,10,31,3,590,8150,9800,6,9,7,7,320,68264341,22269,16521080,4096244,15000,13880
PL Club 56,8,bf2c47e6-76b3-42cd-b86e-a8e479e60804,ConservativeBot_56,PL,Europe/Paris,ConservativeBot,2,3,11,13,7,10,49,3,600,7850,10000,8,8,4,6,294,92010157,19130,16430330,4827824,15000,10800
PL Club 66,8,046ea3ba-9a18-466f-82c9-69395045c2ad,SocialBot_66,PL,Europe/Warsaw,SocialBot,2,3,7,2,20,8,14,3,590,8050,9900,8,8,5,3,289,68472812,24449,16445300,4418685,15000,11600
PT Club 10,8,32c764f6-e8ba-4537-8e82-630aedd6593d,YouthFocusedBot_10,PT,Europe/Madrid,YouthFocusedBot,2,3,14,12,12,6,42,3,590,8050,9900,6,11,2,8,298,96272662,442,16428080,7290887,22100,22600
AT Club 277,8,1e1139dc-0372-444a-beff-d52fc52a6be8,NewManagerBot_277,AT,Europe/Berlin,NewManagerBot,2,4,7,7,11,12,33,2,470,6100,7600,8,11,4,5,302,53058004,18304,12712400,3706656,15000,12200
AT Club 7,8,786c663b-ff16-4c41-bb24-56c96612ccef,NewManagerBot_7,AT,Europe/Berlin,NewManagerBot,2,4,6,9,8,13,40,3,600,7950,9800,9,13,6,4,294,93282254,18973,16408980,4801262,15000,12400
BE Club 79,8,050eab06-a8b8-44b4-b7bd-978fb2972ef7,NewManagerBot_79,BE,Europe/Berlin,NewManagerBot,2,4,8,11,7,12,45,2,460,6200,7500,6,12,6,6,300,40873548,21174,12673080,8247471,15000,13480
CH Club 88,8,c529d1a9-ede4-46cc-b0e1-12e2dd244af0,YouthFocusedBot_88,CH,Europe/Madrid,YouthFocusedBot,2,4,4,16,4,10,58,3,590,7950,9900,4,8,6,3,314,72903554,1676,16379630,3361553,21700,20500
DE Club 271,8,7582aca5-6e27-44c7-922c-304c8637037f,NewManagerBot_271,DE,Europe/Berlin,NewManagerBot,2,4,12,10,9,11,41,4,720,9700,11900,9,10,5,5,320,104729106,20711,19902300,4770006,15000,10600
ES Club 134,8,5c8a1607-1688-40dc-922b-9eb09c33893d,ConservativeBot_134,ES,Europe/Paris,ConservativeBot,2,4,11,9,10,11,38,2,460,6200,7500,6,12,5,6,319,61396811,23790,12655200,6320871,15000,10800
FR Club 172,8,e72f24b6-7ab5-4d0e-aa4d-2ea29b171b82,YouthFocusedBot_172,FR,Europe/Madrid,YouthFocusedBot,2,4,3,4,16,10,22,1,330,4350,5500,5,10,4,5,315,25900864,-129,9043830,5304992,21600,23800
FR Club 262,8,1b091843-a469-4eb4-ba1c-3936c30e8dee,YouthFocusedBot_262,FR,Europe/Madrid,YouthFocusedBot,2,4,15,9,12,9,36,2,460,6000,7700,4,14,5,2,317,45771287,1917,12547100,5315228,22000,21300
IT Club 243,8,57eeb85d-9fd3-4c86-bc74-881bb0616ec0,AggressiveTraderBot_243,IT,Europe/Rome,AggressiveTraderBot,2,4,13,1,14,15,18,2,470,6200,7400,6,10,8,4,302,35970734,1689,12751830,8787018,22300,21900
IT Club 283,8,6310b124-ddd3-4abe-be26-62a8ec6c5d55,NewManagerBot_283,IT,Europe/Berlin,NewManagerBot,2,4,10,13,6,11,50,2,460,6200,7800,7,12,4,3,326,53836060,14743,12750600,5654244,15000,14460
NL Club 145,8,e75ee1c8-dc6c-4103-ab66-7fab1c96e63c,NewManagerBot_145,NL,Europe/Berlin,NewManagerBot,2,4,14,14,1,15,57,3,590,7750,9700,7,11,4,6,329,81500435,24582,16115850,5049129,15000,12000
NL Club 255,8,a1d96199-fa32-4c94-bdbf-0e82807a9537,AggressiveTraderBot_255,NL,Europe/Rome,AggressiveTraderBot,2,4,1,12,9,9,45,4,730,9500,12000,2,11,8,8,326,69234787,946,19910780,3560240,22400,22000
NL Club 265,8,3924ec2a-a12c-4fcb-a0c5-2e89a8e63f59,NewManagerBot_265,NL,Europe/Berlin,NewManagerBot,2,4,2,9,12,9,36,2,460,6000,7600,6,9,7,6,325,42751428,24246,12580830,4019278,15000,13680
NL Club 45,8,163c7072-c34e-4c0d-9f40-7b8e9a45647a,AggressiveTraderBot_45,NL,Europe/Rome,AggressiveTraderBot,2,4,5,8,9,13,37,3,590,7950,9800,4,8,7,5,288,55580612,-341,16350230,5978790,22100,22800
PL Club 266,8,61c9eee0-c373-4c47-b71c-69ad37f787a5,ConservativeBot_266,PL,Europe/Paris,ConservativeBot,2,4,9,6,13,11,29,3,600,7850,9900,8,8,5,1,318,68043504,21183,16378230,4299305,15000,13400
PL Club 76,8,ce73b2b1-9524-46ff-87e0-ee5423995657,YouthFocusedBot_76,PL,Europe/Madrid,YouthFocusedBot,2,4,16,12,9,9,45,4,720,9600,12100,3,11,7,7,324,137709192,573,19907780,4496011,21700,21200
BE Club 299,8,9c2a7844-e1f6-47b5-94ea-a78914f3e64e,LadderGrinderBot_299,BE,Europe/Amsterdam,LadderGrinderBot,2,5,8,7,12,11,32,1,330,4250,5400,6,6,6,5,314,33078076,24305,8970030,4350534,15000,13000
CH Club 208,8,29f2d77f-a67c-4be4-80eb-9bdc438d93c9,YouthFocusedBot_208,CH,Europe/Madrid,YouthFocusedBot,2,5,3,24,0,6,78,1,340,4350,5500,5,9,5,6,323,18908840,207,9163670,5731620,21600,21800
CH Club 318,8,49b1df9c-a60a-4aca-84fa-498d9f4cf4af,SocialBot_318,CH,Europe/Warsaw,SocialBot,2,5,5,8,11,11,35,4,720,9900,12100,11,14,7,7,300,87869029,12610,20135780,4345703,15000,16180
ES Club 294,8,d41e367b-19cb-4e49-9848-d885343ebfd0,SocialBot_294,ES,Europe/Warsaw,SocialBot,2,5,4,0,24,6,6,2,470,6200,7500,8,13,8,8,287,43697282,15217,12793950,5010567,15000,13840
ES Club 314,8,3de018d4-d0e5-48d6-8039-685d6fb455d9,ConservativeBot_314,ES,Europe/Paris,ConservativeBot,2,5,15,0,30,0,0,1,340,4350,5400,4,11,5,5,295,23036589,26280,9116100,6368126,15000,12400
ES Club 84,8,dc1e25b8-c625-4f27-81da-67d2b8ba9507,SocialBot_84,ES,Europe/Warsaw,SocialBot,2,5,10,11,9,10,43,4,720,9700,11800,13,14,5,7,304,114874599,6539,19839330,4523903,15000,15140
FR Club 302,8,f3744923-3436-47ee-a7d4-272809b10350,ConservativeBot_302,FR,Europe/Paris,ConservativeBot,2,5,11,8,9,13,37,3,590,8050,9600,7,11,4,4,296,71843704,22334,16307880,3064862,15000,13460
FR Club 312,8,890628ae-5d85-4efa-8100-7fec7763dce5,SocialBot_312,FR,Europe/Warsaw,SocialBot,2,5,16,30,0,0,90,4,720,9700,12000,5,5,5,4,329,117505897,32091,19965350,5258527,15000,11200
NL Club 65,8,e1c26246-8404-4632-9dab-aade113a28eb,LadderGrinderBot_65,NL,Europe/Amsterdam,LadderGrinderBot,2,5,9,9,11,10,37,1,350,4250,5300,7,7,5,5,320,46914707,23141,9120200,4523078,15000,14000
NL Club 95,8,1aad108e-69ce-4f6f-8f02-db5ddf2e8e52,LadderGrinderBot_95,NL,Europe/Amsterdam,LadderGrinderBot,2,5,7,12,7,11,47,4,730,9600,12000,7,7,3,7,300,114115864,21001,19967570,4274309,15000,12200
PL Club 236,8,25215cf6-7a90-459c-8736-014dae6827e1,ConservativeBot_236,PL,Europe/Paris,ConservativeBot,2,5,2,6,12,12,30,3,600,7850,9800,8,8,7,8,310,79231118,21917,16383620,4467292,15000,13000
PL Club 336,8,547fa7e4-f89e-4f59-a3a9-b370438df4e3,SocialBot_336,PL,Europe/Warsaw,SocialBot,2,5,14,5,15,10,25,2,470,6400,7400,7,9,8,8,287,50137151,25725,12946680,4273632,15000,14460
PL Club 86,8,e1abc38d-aa6c-4f3c-b826-7fab58373e1f,ConservativeBot_86,PL,Europe/Paris,ConservativeBot,2,5,1,12,6,12,48,1,340,4250,5200,5,5,5,5,323,35163131,25790,8991170,4430460,15000,13400
PT Club 320,8,96be8948-bc1b-4b84-af9b-0a7693f9a9bb,ConservativeBot_320,PT,Europe/Paris,ConservativeBot,2,5,6,11,8,11,44,4,720,9700,11900,8,11,7,3,309,90571243,16071,19902000,7167689,15000,14040
PT Club 330,8,e683404b-44f6-40a7-a72b-f0ea46397232,SocialBot_330,PT,Europe/Warsaw,SocialBot,2,5,12,9,8,13,40,3,610,7750,9900,7,14,4,4,313,84284971,18039,16368150,6058152,15000,11600
PT Club 90,8,abd77e3b-565e-4a11-8f39-54f034800296,SocialBot_90,PT,Europe/Warsaw,SocialBot,2,5,13,15,5,10,55,4,730,9700,11900,10,11,8,3,303,105806744,18190,20010030,5880816,15000,11800
AT Club 107,8,b8cbcad1-6155-4e67-bb28-3941ecf4f0bc,LadderGrinderBot_107,AT,Europe/Amsterdam,LadderGrinderBot,3,1,7,10,12,8,38,1,340,4550,5400,6,11,5,6,308,20079401,23084,7212930,3850753,15000,12480
BE Club 109,8,585a27c8-a1a4-461b-8a09-9e95f6342f27,NewManagerBot_109,BE,Europe/Berlin,NewManagerBot,3,1,14,12,10,8,44,2,460,6100,7600,8,9,3,6,298,42407601,18702,9825350,5330889,15000,14640
CH Club 108,8,2b027f11-de59-420a-b7d0-ef5d314a04fa,SocialBot_108,CH,Europe/Warsaw,SocialBot,3,1,15,9,10,11,38,1,330,4450,5600,8,9,6,5,307,19810968,20275,7156700,2987190,15000,13440
DE Club 111,8,805596ae-c0b3-4c48-bba3-a6d4f8a1aa71,AggressiveTraderBot_111,DE,Europe/Rome,AggressiveTraderBot,3,1,9,5,14,11,26,3,590,8250,9700,4,10,4,8,288,38548726,1226,12867600,9294741,22300,21300
DE Club 21,8,00f6fdb6-a2a1-40b2-a8dc-bbbfd111ed89,AggressiveTraderBot_21,DE,Europe/Rome,AggressiveTraderBot,3,1,13,10,12,8,38,3,600,8050,9800,3,7,3,2,318,72615692,1308,12832200,7603174,22200,21000
ES Club 234,8,0768c66b-b272-4b91-acc6-390a8cc9b906,SocialBot_234,ES,Europe/Warsaw,SocialBot,3,1,10,14,5,11,53,3,590,7950,9800,8,10,5,3,314,64084083,23496,12687650,5026900,15000,11200
ES Club 94,8,4aa1ccda-3a1d-4a25-a762-49aff917ed9b,YouthFocusedBot_94,ES,Europe/Madrid,YouthFocusedBot,3,1,4,8,11,11,35,3,590,7850,10100,3,11,5,5,306,84629465,1890,12716150,4746237,21400,21300
FR Club 112,8,a15b6a0b-37cb-4a21-ae23-4b81fd31f3b6,YouthFocusedBot_112,FR,Europe/Madrid,YouthFocusedBot,3,1,1,7,8,15,36,2,460,6200,7700,3,11,6,1,300,41732471,713,9903930,4753635,21700,22400
FR Club 52,8,64c2c870-4cd1-4757-a3a5-44b6c9811f67,YouthFocusedBot_52,FR,Europe/Madrid,YouthFocusedBot,3,1,8,12,10,8,44,1,330,4650,5500,6,10,7,8,305,20420376,74,7265550,4475371,21400,22500
IT Club 103,8,60f61091-88a8-41c4-8e14-7f15e8d04cfc,NewManagerBot_103,IT,Europe/Berlin,NewManagerBot,3,1,2,8,7,15,39,4,720,9700,12100,6,10,5,5,310,86654192,25075,15546630,4587867,15000,11400
IT Club 123,8,abd03c1f-5074-48bf-a143-bd17d4591bea,AggressiveTraderBot_123,IT,Europe/Rome,AggressiveTraderBot,3,1,6,5,13,12,27,3,610,7850,9900,6,9,6,2,326,57385878,-161,12827030,7848323,21900,22800
PL Club 106,8,4e4c2586-f2ba-40ab-9ac3-3378ba751f49,YouthFocusedBot_106,PL,Europe/Madrid,YouthFocusedBot,3,1,11,12,11,7,43,4,720,9500,12100,3,11,1,3,302,89581060,17,15363500,5163379,21400,22200
PL Club 136,8,70f861f6-8a3e-42c4-8761-6ac90a75e15b,YouthFocusedBot_136,PL,Europe/Madrid,YouthFocusedBot,3,1,3,11,8,11,44,1,340,4250,5600,2,9,8,5,294,16010395,344,7128330,5253048,21300,21400
PL Club 196,8,4869a90a-1243-45a7-86eb-bc8d9a148363,YouthFocusedBot_196,PL,Europe/Madrid,YouthFocusedBot,3,1,12,11,12,7,40,2,460,6300,7600,3,7,2,6,315,49112696,287,9957150,5587544,21600,23400
PT Club 100,8,8f2ff8e9-cfad-4c42-acf9-23f4ace61979,YouthFocusedBot_100,PT,Europe/Madrid,YouthFocusedBot,3,1,5,13,5,12,51,3,590,7950,9700,3,11,6,3,302,64787741,1881,12659130,3724986,21600,20100
PT Club 190,8,d557eb61-328b-455a-ac12-bdf7160c3c0a,YouthFocusedBot_190,PT,Europe/Madrid,YouthFocusedBot,3,1,16,10,9,11,41,1,330,4350,5400,2,7,5,5,290,24798325,1111,7041450,4087318,21900,22200
AT Club 117,8,e6ca718d-1ead-4b7e-a9ac-c0ca863c7f73,AggressiveTraderBot_117,AT,Europe/Rome,AggressiveTraderBot,3,2,4,10,10,10,40,2,460,6000,7800,4,14,4,10,307,15310112,377,9810950,7242414,22000,22100
AT Club 127,8,d8a4463c-3898-4480-9e43-1ed7f1346e27,NewManagerBot_127,AT,Europe/Berlin,NewManagerBot,3,2,15,16,8,6,54,3,590,7750,10000,7,13,8,9,285,57651699,21704,12657950,3736114,15000,14060
AT Club 17,8,7f52514d-1425-4197-b719-69243e46b753,LadderGrinderBot_17,AT,Europe/Amsterdam,LadderGrinderBot,3,2,5,13,6,11,50,2,460,6100,8000,6,8,4,6,306,41587437,22707,9960950,5441861,15000,14280
BE Club 219,8,11b113fe-aa84-4d84-868d-b16a13592b66,AggressiveTraderBot_219,BE,Europe/Rome,AggressiveTraderBot,3,2,12,13,12,5,44,2,460,6200,7800,4,10,5,7,305,37364446,842,9952950,6211416,22500,23000
CH Club 118,8,7483179c-ed57-4cee-a179-14c5a6ba9c62,YouthFocusedBot_118,CH,Europe/Madrid,YouthFocusedBot,3,2,11,12,13,5,41,3,590,7950,9800,5,11,6,4,293,66562423,903,12700400,4625458,21900,20800
DE Club 221,8,c2ee84de-1a9e-4427-b582-e08a783d636d,LadderGrinderBot_221,DE,Europe/Amsterdam,LadderGrinderBot,3,2,14,9,15,6,33,4,730,9600,12000,7,7,7,5,312,80974848,18808,15563280,6193392,15000,13000
ES Club 114,8,f3c2e9c0-a82f-4e00-a062-05a6ec4fb90b,SocialBot_114,ES,Europe/Warsaw,SocialBot,3,2,10,11,9,10,43,1,340,4350,5300,8,10,6,5,317,25651348,22118,7077630,6581776,15000,12400
ES Club 14,8,8b3acb80-1554-4a27-aa02-46fb3057deae,ConservativeBot_14,ES,Europe/Paris,ConservativeBot,3,2,9,9,11,10,37,3,600,7850,10100,10,10,5,5,328,92012715,20332,12804500,5185317,15000,10800
ES Club 194,8,937a9d70-1cc0-4113-8471-2351989b0165,ConservativeBot_194,ES,Europe/Paris,ConservativeBot,3,2,16,8,16,6,30,4,730,9600,12000,10,11,4,6,289,92949080,9619,15513900,4739583,15000,13600
FR Club 122,8,7313cd66-e9c4-4710-a0ac-2423670ab347,ConservativeBot_122,FR,Europe/Paris,ConservativeBot,3,2,1,11,9,10,43,2,460,6100,7600,9,10,5,4,326,49750800,23824,9818550,4244039,15000,11800
IT Club 193,8,e3c5b140-56f3-4708-b136-7f7ab0a3705b,NewManagerBot_193,IT,Europe/Berlin,NewManagerBot,3,2,2,9,11,10,37,2,460,6300,7400,7,7,6,5,316,57067915,24637,9917430,3874181,15000,10200
NL Club 125,8,20c0ee5d-34d1-4bc2-9c86-8e8b91513228,LadderGrinderBot_125,NL,Europe/Amsterdam,LadderGrinderBot,3,2,3,10,10,10,40,4,720,9800,12000,8,10,7,7,309,84443718,21280,15602730,3853618,15000,13640
NL Club 25,8,199d0dcf-02ce-4689-b524-4045b4b27001,NewManagerBot_25,NL,Europe/Berlin,NewManagerBot,3,2,6,6,13,11,29,1,340,4250,5400,10,11,6,5,289,20210447,17423,7037250,5599058,15000,16400
PL Club 116,8,47e4d6c7-4684-40ef-b555-2bf2bf45480b,ConservativeBot_116,PL,Europe/Paris,ConservativeBot,3,2,7,11,11,8,41,4,720,9600,12000,9,13,6,2,287,84829145,8011,15424730,5020937,15000,15220
PL Club 126,8,6311e709-b24e-4646-bc1b-16eb6e9a704c,SocialBot_126,PL,Europe/Warsaw,SocialBot,3,2,8,11,11,8,41,3,590,7850,9800,9,11,5,4,303,57819808,18181,12620430,4801460,15000,11400
PT Club 110,8,18c26668-2250-45ff-bd3f-841825eff91c,ConservativeBot_110,PT,Europe/Paris,ConservativeBot,3,2,13,15,9,6,51,1,330,4650,5200,9,10,4,2,314,20433393,20284,7124400,4538932,15000,13820
AT Club 137,8,a2c2667c-93d8-4cee-835d-eb187ab094d2,LadderGrinderBot_137,AT,Europe/Amsterdam,LadderGrinderBot,3,3,16,10,10,10,40,4,730,9500,12200,8,8,3,5,288,83189594,23342,15521900,4868146,15000,10600
BE Club 119,8,01f3fc7b-ecc8-4da8-a134-205f5b0cc3be,LadderGrinderBot_119,BE,Europe/Amsterdam,LadderGrinderBot,3,3,11,9,9,12,39,2,460,6200,7700,11,13,4,7,304,38264287,11263,9893450,5869737,15000,14380
BE Club 209,8,ad27e825-0edb-4922-b7c0-610ff60581e4,LadderGrinderBot_209,BE,Europe/Amsterdam,LadderGrinderBot,3,3,2,11,12,7,40,2,460,6100,7700,8,11,7,6,323,52480093,17131,9873480,4383998,15000,13240
CH Club 228,8,9614f347-1916-45e7-95c9-43bf04e23284,SocialBot_228,CH,Europe/Warsaw,SocialBot,3,3,9,13,7,10,49,4,730,9700,11800,6,8,6,6,305,94100860,20956,15562950,2874277,15000,12880
DE Club 101,8,2cf51899-9887-42fc-903b-967ec3d1967a,LadderGrinderBot_101,DE,Europe/Amsterdam,LadderGrinderBot,3,3,3,13,8,9,48,3,590,7850,9900,11,13,8,6,312,69445681,13336,12678330,4913011,15000,13780
DE Club 141,8,7e1cd9ae-3a02-4cdd-91cf-3f233a94490c,AggressiveTraderBot_141,DE,Europe/Rome,AggressiveTraderBot,3,3,14,9,11,10,37,4,720,9600,12100,6,12,7,3,286,70590960,544,15467600,7677408,22500,23500
DE Club 231,8,947df70f-bccc-4983-a67e-88e5a984ff5f,AggressiveTraderBot_231,DE,Europe/Rome,AggressiveTraderBot,3,3,15,10,10,10,40,4,720,9500,12200,5,11,5,3,286,69840714,1477,15426480,8552634,22300,22200
ES Club 144,8,b58e2ae3-cb5e-4291-8508-631ece4472c7,SocialBot_144,ES,Europe/Warsaw,SocialBot,3,3,1,12,11,7,43,2,460,6200,7700,7,11,7,5,317,37955664,21907,9930300,7561204,15000,14460
ES Club 4,8,85120ad2-7fa3-4217-8604-f29bf87884d3,YouthFocusedBot_4,ES,Europe/Madrid,YouthFocusedBot,3,3,4,8,13,9,33,4,720,9500,12300,2,10,6,5,295,104000223,313,15480350,4509953,21500,21900
FR Club 142,8,60096c04-5158-4a2f-8934-81a7b1f99149,YouthFocusedBot_142,FR,Europe/Madrid,YouthFocusedBot,3,3,8,10,8,12,42,2,480,6000,7600,2,13,3,4,309,34872734,140,9884630,5722107,21300,22000
FR Club 22,8,673d69b5-669c-4786-9e06-d7aa63e589c6,YouthFocusedBot_22,FR,Europe/Madrid,YouthFocusedBot,3,3,12,9,9,12,39,1,340,4450,5500,6,10,5,3,297,19982940,1599,7183650,4143214,21800,21200
FR Club 62,8,f24edcd9-ec85-45dc-a843-7ffe73560a01,ConservativeBot_62,FR,Europe/Paris,ConservativeBot,3,3,13,11,9,10,43,2,460,6200,7800,9,10,9,4,289,42406131,15999,9979080,6295639,15000,15020
IT Club 133,8,964149c1-5c4d-4fc5-a66f-ed386181abe4,NewManagerBot_133,IT,Europe/Berlin,NewManagerBot,3,3,5,9,11,10,37,1,330,4450,5300,7,10,4,8,311,13498459,22827,7057350,4674075,15000,13660
IT Club 23,8,36b04951-ec86-4657-8847-b76a079db506,LadderGrinderBot_23,IT,Europe/Amsterdam,LadderGrinderBot,3,3,7,8,10,12,36,2,470,6100,7700,10,11,6,7,307,58231083,20613,9943080,4722792,15000,12200
PT Club 130,8,7145701e-f8bd-42d6-9d35-945927b2a810,YouthFocusedBot_130,PT,Europe/Madrid,YouthFocusedBot,3,3,6,11,9,10,43,2,460,6200,7600,4,8,4,3,324,41464476,1890,9890180,2813941,21600,21000
PT Club 140,8,9694c29c-f247-42b8-8997-0f26d442b2e2,ConservativeBot_140,PT,Europe/Paris,ConservativeBot,3,3,10,7,13,10,31,2,480,6100,7600,7,13,8,3,302,32551840,25682,9976130,6953595,15000,10600
AT Club 147,8,5aa85c20-0519-4beb-9fb9-6708f96e84af,AggressiveTraderBot_147,AT,Europe/Rome,AggressiveTraderBot,3,4,16,11,10,9,42,2,460,6100,7700,4,10,7,6,292,24201685,1048,9873900,6534521,22100,22700
AT Club 157,8,f4ac4c0c-9b24-42ea-b416-093b9beedc65,NewManagerBot_157,AT,Europe/Berlin,NewManagerBot,3,4,11,8,13,9,33,3,590,7750,9900,6,6,6,5,305,65936939,24969,12639900,5084656,15000,14200
AT Club 27,8,7603bc01-2726-424b-bcc5-6a07d8f22a39,AggressiveTraderBot_27,AT,Europe/Rome,AggressiveTraderBot,3,4,15,10,11,9,39,3,600,7850,9900,3,11,8,5,298,59176200,204,12768380,4957557,22100,23300
BE Club 159,8,89fdfe3e-2d80-4f2c-802c-d017187d79e5,AggressiveTraderBot_159,BE,Europe/Rome,AggressiveTraderBot,3,4,12,13,8,9,48,4,720,9700,12200,2,9,4,5,288,70407272,1460,15566700,7306021,22500,20700
DE Club 51,8,348cf306-9bd1-412e-a9f9-2271d6198998,AggressiveTraderBot_51,DE,Europe/Rome,AggressiveTraderBot,3,4,10,12,10,8,44,4,730,9800,11800,3,11,5,2,319,84369479,449,15579330,8303302,21900,21300
ES Club 124,8,2ee52a8c-67ce-4898-a8c0-76a6418d21d0,YouthFocusedBot_124,ES,Europe/Madrid,YouthFocusedBot,3,4,13,9,11,10,37,3,590,7850,9800,5,12,6,4,311,65438600,358,12629900,4044745,21500,22800
ES Club 154,8,628d4312-db8c-4ba9-993b-6015197c410a,YouthFocusedBot_154,ES,Europe/Madrid,YouthFocusedBot,3,4,4,7,12,11,32,1,330,4450,5300,3,5,4,4,312,17919852,-278,7074900,7441010,21500,22100
ES Club 264,8,45fa72ac-91e2-4882-8137-ff626d22ae1a,SocialBot_264,ES,Europe/Warsaw,SocialBot,3,4,14,11,9,10,43,4,720,9500,12200,6,11,7,8,308,87865213,20976,15472830,7040331,15000,15480
ES Club 284,8,728a473c-8d8b-4456-8e22-20b98852cebc,ConservativeBot_284,ES,Europe/Paris,ConservativeBot,3,4,8,10,10,10,40,3,600,7850,9600,6,6,6,6,303,69809485,25598,12697950,4215371,15000,12400
FR Club 102,8,1057bce7-2dbd-4e33-bbce-6cd6f9e1f38b,SocialBot_102,FR,Europe/Warsaw,SocialBot,3,4,5,8,9,13,37,3,590,8050,9700,7,11,6,3,309,66845744,20796,12728630,5194092,15000,11000
FR Club 12,8,c637d677-633e-4315-a0a6-f26a3751e2f8,SocialBot_12,FR,Europe/Warsaw,SocialBot,3,4,9,10,12,8,38,1,330,4350,5400,11,12,7,8,300,22168645,16945,7033530,4175562,15000,11200
FR Club 152,8,4db15fa0-a26a-406e-8618-00b01f0dd73d,ConservativeBot_152,FR,Europe/Paris,ConservativeBot,3,4,2,13,7,10,49,1,330,4250,5600,7,9,3,4,307,15295925,20119,7002480,5512161,15000,13460
IT Club 173,8,159887e1-97be-479a-9c8f-3103bf6b079a,LadderGrinderBot_173,IT,Europe/Amsterdam,LadderGrinderBot,3,4,6,9,8,13,40,1,340,4350,5500,8,14,8,7,297,25174648,15930,7130140,3244926,15000,14640
NL Club 155,8,8dd2028f-36e1-4e26-b433-e847bc872591,LadderGrinderBot_155,NL,Europe/Amsterdam,LadderGrinderBot,3,4,1,7,13,10,31,3,590,8150,9700,7,12,8,3,304,57970885,18266,12791730,4122895,15000,13660
NL Club 245,8,0d22986b-e0ff-4b27-901e-5016fa049f99,LadderGrinderBot_245,NL,Europe/Amsterdam,LadderGrinderBot,3,4,7,10,10,10,40,3,600,7750,10000,9,11,7,5,316,67124507,16482,12720930,3966211,15000,14420
PT Club 150,8,53c31711-ece7-44c8-9010-f5787b6c8a2c,SocialBot_150,PT,Europe/Warsaw,SocialBot,3,4,3,12,7,11,47,2,480,6200,7500,10,14,6,10,294,35910659,17617,10015090,4794641,15000,11600
BE Club 149,8,5c2c6a66-57ac-498b-bc72-22c94ceb72c0,LadderGrinderBot_149,BE,Europe/Amsterdam,LadderGrinderBot,3,5,1,7,12,11,32,2,470,6100,7600,11,12,5,3,326,53669420,15137,9887400,5018014,15000,15180
BE Club 169,8,0018448d-cc8b-4968-a965-d6ed95a5d5ee,NewManagerBot_169,BE,Europe/Berlin,NewManagerBot,3,5,16,5,21,4,19,4,720,9700,12000,6,13,6,5,296,87932358,22402,15502350,4450481,15000,13080
BE Club 59,8,3ce2d0b5-9834-4f9d-aca0-2d05a4acfa32,LadderGrinderBot_59,BE,Europe/Amsterdam,LadderGrinderBot,3,5,14,23,0,7,76,2,480,6000,7600,5,7,3,6,328,55596531,22332,9931130,3238332,15000,14500
CH Club 168,8,973da36b-7346-4843-94cb-ed5ac76e792d,SocialBot_168,CH,Europe/Warsaw,SocialBot,3,5,4,10,9,11,41,1,340,4450,5400,7,11,4,6,304,18156300,19864,7148740,5392221,15000,11200
CH Club 68,8,fb90b587-dadf-49bd-9ace-7d8da42b9389,ConservativeBot_68,CH,Europe/Paris,ConservativeBot,3,5,7,13,11,6,45,3,600,7950,9800,8,9,6,7,292,64087622,19487,12801680,2431058,15000,13640
DE Club 171,8,433ab017-968b-404a-9262-2ad4e76bdb9a,AggressiveTraderBot_171,DE,Europe/Rome,AggressiveTraderBot,3,5,3,9,10,11,38,4,730,9700,11900,6,7,5,6,301,69020457,1422,15587100,6079309,21800,20900
ES Club 174,8,024ed886-a400-4f98-8f69-6de68a8dc084,SocialBot_174,ES,Europe/Warsaw,SocialBot,3,5,9,18,3,9,63,4,720,9700,12100,11,12,5,7,312,80922250,10836,15539750,4274370,15000,14580
FR Club 272,8,a60e7403-d1a2-451f-9b36-6c8c85e1d78c,ConservativeBot_272,FR,Europe/Paris,ConservativeBot,3,5,11,10,10,10,40,3,600,7850,9900,7,10,4,9,300,68498779,17688,12761900,6774182,15000,14460
FR Club 32,8,a908df90-2ca1-4aeb-90e5-14f9f8ec6ee9,ConservativeBot_32,FR,Europe/Paris,ConservativeBot,3,5,6,12,8,10,46,1,330,4450,5300,9,11,8,5,300,24824704,22369,7066530,5185525,15000,12400
IT Club 163,8,aeebbfd9-f54e-42a8-8978-c101f9ddf84b,NewManagerBot_163,IT,Europe/Berlin,NewManagerBot,3,5,10,3,18,9,18,2,460,6200,7600,6,6,5,3,285,41936214,26464,9905930,5710116,15000,12400
IT Club 253,8,25a12e17-2ad9-49a3-89f4-ce70388c9308,NewManagerBot_253,IT,Europe/Berlin,NewManagerBot,3,5,8,11,13,6,39,1,330,4250,5400,11,11,6,4,315,21627306,20060,6943700,5412749,15000,11800
PL Club 166,8,bf3feda8-e4cd-473c-865d-cfeac769a612,YouthFocusedBot_166,PL,Europe/Madrid,YouthFocusedBot,3,5,12,10,10,10,40,3,600,7750,9800,3,11,8,1,299,59328284,1918,12648610,4149934,21600,20100
PL Club 176,8,e09865c8-301c-4a45-b0ef-8e7b03a6cbbf,ConservativeBot_176,PL,Europe/Paris,ConservativeBot,3,5,5,8,12,10,34,1,330,4250,5600,4,9,5,5,310,18406077,23100,7022330,5258005,15000,13920
PL Club 46,8,a7bbebd6-3fec-4035-b689-71f25c252a5c,YouthFocusedBot_46,PL,Europe/Madrid,YouthFocusedBot,3,5,15,21,5,4,67,1,330,4350,5500,5,11,4,6,324,22672635,945,7036850,6497899,21800,21300
PT Club 20,8,5d15ac60-92b2-45c6-b41c-5320a627c958,ConservativeBot_20,PT,Europe/Paris,ConservativeBot,3,5,2,12,7,11,47,4,720,9500,12300,10,10,4,5,304,95886169,16376,15464300,3043812,15000,10000
PT Club 80,8,662d1daa-cb50-4e3d-9658-df500ce809e4,ConservativeBot_80,PT,Europe/Paris,ConservativeBot,3,5,13,0,23,7,7,3,600,8050,9800,8,13,6,4,285,64856395,22139,12828830,6795567,15000,12000
AT Club 187,8,9e41080b-0a1c-43ec-a652-ffda1c3b89b5,NewManagerBot_187,AT,Europe/Berlin,NewManagerBot,3,6,16,10,5,15,45,4,720,9500,12000,11,13,3,5,290,86688001,13149,15352050,4153143,15000,13780
AT Club 67,8,611ce365-1847-4d8e-8c43-9d9c8dd1fb74,NewManagerBot_67,AT,Europe/Berlin,NewManagerBot,3,6,9,14,7,9,51,2,460,6100,7600,10,11,8,6,307,52678589,12088,9844080,6543099,15000,17000
BE Club 189,8,4497be84-e199-4e43-ba29-5768a0e6218a,AggressiveTraderBot_189,BE,Europe/Rome,AggressiveTraderBot,3,6,11,11,9,10,43,2,460,6000,7600,2,12,7,3,291,12115925,157,9751980,8432709,22500,22700
CH Club 128,8,bc14cf8f-78a7-4317-85fe-85b18d67f9b6,ConservativeBot_128,CH,Europe/Paris,ConservativeBot,3,6,13,13,9,8,47,3,590,7950,10000,6,8,6,7,291,64358079,24189,12796130,4656379,15000,11000
CH Club 178,8,49819763-2993-4393-90f8-146e24a592e6,YouthFocusedBot_178,CH,Europe/Madrid,YouthFocusedBot,3,6,5,9,14,7,34,3,590,7850,9900,2,8,6,4,308,58992715,1443,12683130,6007371,21800,20400
CH Club 218,8,63ef6e6c-901c-46d8-8fe3-694ec8c18275,ConservativeBot_218,CH,Europe/Paris,ConservativeBot,3,6,10,7,14,9,30,4,730,9700,12000,9,10,5,6,319,103647142,19048,15594450,6202705,15000,15620
DE Club 181,8,4b256b0b-459a-4a00-9bfa-0c1726044877,NewManagerBot_181,DE,Europe/Berlin,NewManagerBot,3,6,7,7,14,9,30,1,350,4450,5400,11,12,7,3,303,15149774,16304,7235430,8460697,15000,11800
DE Club 191,8,5209c0b7-1b42-498c-b8ec-2a03c187686c,LadderGrinderBot_191,DE,Europe/Amsterdam,LadderGrinderBot,3,6,6,14,9,7,49,2,460,6100,7600,9,9,7,6,298,36673297,21085,9849980,5937414,15000,11600
FR Club 182,8,18279032-98b4-4926-8ab9-164cb988f81c,ConservativeBot_182,FR,Europe/Paris,ConservativeBot,3,6,3,11,9,10,43,1,330,4350,5500,10,13,6,7,306,19302745,22122,7043550,4088048,15000,12200
FR Club 192,8,f4750b95-fc78-4c49-ba82-cc1eb1bc7b47,SocialBot_192,FR,Europe/Warsaw,SocialBot,3,6,12,9,11,10,37,1,330,4450,5400,10,10,5,6,288,16162229,14098,7077950,5606392,15000,12800
NL Club 75,8,d745c013-0091-4430-ba89-8e45aa15aec5,AggressiveTraderBot_75,NL,Europe/Rome,AggressiveTraderBot,3,6,8,14,7,9,51,4,740,9700,11800,5,9,4,6,315,77708713,1325,15611740,5268358,22200,21900
PL Club 26,8,2feac2a4-af37-4a38-83a4-381b3f97cf44,ConservativeBot_26,PL,Europe/Paris,ConservativeBot,3,6,1,10,12,8,38,4,730,9600,12100,7,13,3,4,305,91105618,22610,15519300,4579351,15000,14060
PL Club 276,8,f26d2663-fed0-49cd-89c7-5c7beff462f7,SocialBot_276,PL,Europe/Warsaw,SocialBot,3,6,2,12,10,8,44,3,590,8050,9800,8,11,6,4,288,67215815,22766,12762980,6646533,15000,14840
PL Club 286,8,d1715c76-f74c-48ca-92e4-70cbebd64c71,YouthFocusedBot_286,PL,Europe/Madrid,YouthFocusedBot,3,6,4,9,11,10,37,1,350,4350,5400,4,9,6,4,313,20412961,815,7182830,3184797,21900,22800
PT Club 120,8,9e07ec54-6e86-4cb6-98b1-235b6a352569,SocialBot_120,PT,Europe/Warsaw,SocialBot,3,6,14,9,13,8,35,3,590,7850,9800,8,9,8,8,297,65354284,25658,12686180,3852657,15000,14440
PT Club 60,8,60f577ef-d7cb-43ee-9c2b-5c18844d2f03,SocialBot_60,PT,Europe/Warsaw,SocialBot,3,6,15,5,10,15,30,2,460,6200,7800,6,9,5,6,285,44360359,19235,9956780,3652832,15000,13480
AT Club 167,8,4ff99c0f-f940-43af-b39e-85d4dbb6271e,LadderGrinderBot_167,AT,Europe/Amsterdam,LadderGrinderBot,3,7,6,2,23,5,11,2,460,6200,7600,8,9,6,5,287,39064880,19455,9906930,7035259,15000,11000
AT Club 77,8,a09cbe08-d33b-492c-8eac-8a985fe5293b,LadderGrinderBot_77,AT,Europe/Amsterdam,LadderGrinderBot,3,7,16,4,10,16,28,3,590,7850,10100,6,8,3,6,309,80331376,22397,12727100,5084207,15000,13680
BE Club 199,8,54ff5ad4-faa4-4031-a15c-cb2dc743bd7c,NewManagerBot_199,BE,Europe/Berlin,NewManagerBot,3,7,13,9,15,6,33,1,340,4250,5500,7,10,4,5,311,20096578,24259,7058550,5474554,15000,11800
CH Club 198,8,b12f1edc-e973-459e-9661-eb8b94f20853,SocialBot_198,CH,Europe/Warsaw,SocialBot,3,7,11,4,15,11,23,3,600,7950,9800,9,13,8,5,290,60165469,20160,12785110,4735190,15000,12600
CH Club 48,8,5f2451f2-0668-4b60-98fc-bd64c9e6ae9c,SocialBot_48,CH,Europe/Warsaw,SocialBot,3,7,14,15,9,6,51,4,720,9800,12100,11,11,4,8,292,93378802,20711,15597780,5157794,15000,12000
CH Club 8,8,b027d720-ee06-4f8c-924d-112b01c3dc75,ConservativeBot_8,CH,Europe/Paris,ConservativeBot,3,7,8,10,7,13,43,2,460,6100,7500,9,10,8,5,291,50971156,17912,9824000,5340284,15000,15220
DE Club 161,8,724b6093-c959-483a-9e1f-31d5fecc9162,LadderGrinderBot_161,DE,Europe/Amsterdam,LadderGrinderBot,3,7,1,12,8,10,46,4,720,9700,11900,7,14,6,7,307,85932670,20703,15473580,4585807,15000,11800
ES Club 204,8,f57a98e7-1fc6-400f-a6e8-570ac0ed9836,SocialBot_204,ES,Europe/Warsaw,SocialBot,3,7,15,10,4,16,46,1,330,4350,5400,8,12,6,6,293,14942808,22647,7007780,4245098,15000,12000
FR Club 2,8,d7d3e20a-8306-409e-b6de-ae08adecd752,ConservativeBot_2,FR,Europe/Paris,ConservativeBot,3,7,7,7,10,13,34,1,340,4650,5300,8,13,5,5,308,39085368,20244,7234200,4441900,15000,13440
FR Club 252,8,3c1559dc-f84c-41c2-ba6b-a09bdb4ec5e7,SocialBot_252,FR,Europe/Warsaw,SocialBot,3,7,10,5,11,14,29,4,720,9700,12000,9,15,6,7,311,89490766,13314,15495230,4829571,15000,15220
IT Club 183,8,257bb0fb-4722-43fe-ac46-ab7aacc93603,AggressiveTraderBot_183,IT,Europe/Rome,AggressiveTraderBot,3,7,9,11,5,14,47,4,730,9700,12100,3,10,5,7,321,66347046,809,15626580,10212593,22200,22500
NL Club 185,8,fcec7403-56e0-4cd8-8dd1-a8bb20d39472,LadderGrinderBot_185,NL,Europe/Amsterdam,LadderGrinderBot,3,7,3,7,14,9,30,2,470,6100,7500,9,11,7,7,317,43840517,20649,9898830,4654552,15000,10400
NL Club 205,8,3fd072aa-fc30-4ce4-b2f3-fcef0f234790,NewManagerBot_205,NL,Europe/Berlin,NewManagerBot,3,7,2,8,12,10,34,3,600,7850,9700,7,10,6,8,304,57540021,18112,12714450,5312190,15000,13660
PL Club 96,8,ef7a53d4-cc9a-4c20-ac9d-f7c70917fd7f,SocialBot_96,PL,Europe/Warsaw,SocialBot,3,7,12,15,4,11,56,4,720,9600,12000,8,8,8,4,318,98417723,25484,15480200,2651798,15000,13200
PT Club 200,8,651ff949-50ae-45d6-8489-7560835e6a17,ConservativeBot_200,PT,Europe/Paris,ConservativeBot,3,7,5,23,2,5,74,3,600,7850,9600,5,7,6,5,314,61430524,24269,12685830,3287422,15000,13300
PT Club 260,8,a368befa-b280-4161-b1e0-64a658fdff05,ConservativeBot_260,PT,Europe/Paris,ConservativeBot,3,7,4,14,7,9,51,1,330,4350,5400,9,10,3,6,295,10135658,17764,7006250,5241626,15000,13820
AT Club 247,8,7e5e29cd-6198-4570-8200-84ac42851a81,NewManagerBot_247,AT,Europe/Berlin,NewManagerBot,3,8,15,27,0,3,84,3,600,7850,9800,7,9,8,4,320,67736018,18779,12742800,4415889,15000,15060
CH Club 188,8,0b899502-7cbb-4eb8-83eb-46db4b9bbe71,ConservativeBot_188,CH,Europe/Paris,ConservativeBot,3,8,13,9,10,11,38,1,330,4350,5500,6,11,3,6,313,17349942,21573,7028900,4162299,15000,13880
CH Club 38,8,b06d0a6d-4efe-4488-b02e-6030ffbe434a,ConservativeBot_38,CH,Europe/Paris,ConservativeBot,3,8,2,6,10,14,32,2,470,6200,7500,8,14,3,5,288,43417497,20169,9888450,4095017,15000,14240
DE Club 211,8,8d3b1a03-6e77-462d-b5cf-23e60784c8e5,NewManagerBot_211,DE,Europe/Berlin,NewManagerBot,3,8,3,14,8,8,50,4,740,9600,12100,6,11,9,7,310,86955144,23777,15678200,5538017,15000,14880
DE Club 71,8,2c4a53fa-60af-49ce-a743-ec79a51856ba,LadderGrinderBot_71,DE,Europe/Amsterdam,LadderGrinderBot,3,8,12,9,13,8,35,2,460,6400,7600,10,11,7,6,294,43012843,9795,10031480,4399186,15000,13400
ES Club 214,8,438a011b-77a0-4955-a26e-aa44f847c545,YouthFocusedBot_214,ES,Europe/Madrid,YouthFocusedBot,3,8,9,12,9,9,45,1,340,4450,5500,4,9,6,7,294,17245530,1299,7216400,4741468,21600,22000
ES Club 224,8,fde34949-443f-44d9-82d4-1108a8a113f1,ConservativeBot_224,ES,Europe/Paris,ConservativeBot,3,8,7,11,9,10,43,2,470,6200,7500,10,12,2,3,291,39168641,14727,9887450,4891411,15000,15000
FR Club 222,8,d92752c6-ade6-4ecd-b7ad-5db16998b5c9,SocialBot_222,FR,Europe/Warsaw,SocialBot,3,8,4,8,14,8,32,3,590,7950,9900,9,10,7,6,290,60405800,20305,12747080,5313929,15000,14020
FR Club 42,8,17eab328-3e2a-4417-8362-83c387f0a589,SocialBot_42,FR,Europe/Warsaw,SocialBot,3,8,14,10,9,11,41,1,330,4350,5500,8,12,5,4,302,17096121,26322,7028600,6010498,15000,13200
FR Club 72,8,6eb1e349-53a1-43a2-82a9-8bcd0ced166c,SocialBot_72,FR,Europe/Warsaw,SocialBot,3,8,11,13,9,8,47,3,610,7750,9700,8,10,7,5,311,80223610,23404,12725480,5650227,15000,15040
IT Club 223,8,b33e05e6-5a0f-47ab-8f6b-317948bf2a99,NewManagerBot_223,IT,Europe/Berlin,NewManagerBot,3,8,5,7,12,11,32,3,590,8050,9700,7,8,4,4,286,58377379,20651,12731100,6738125,15000,14860
PL Club 216,8,9b637931-3cc8-4eb1-8698-183124cb74bb,SocialBot_216,PL,Europe/Warsaw,SocialBot,3,8,16,0,27,3,3,1,330,4450,5400,8,10,2,7,288,13312887,24459,7066650,6486376,15000,13840
PT Club 170,8,bf2b8ed2-3e14-4913-9321-e67377c212e6,ConservativeBot_170,PT,Europe/Paris,ConservativeBot,3,8,10,9,12,9,36,1,330,4450,5300,8,8,5,6,304,23178314,23317,7062000,3893526,15000,12800
PT Club 210,8,86e038fe-0ba4-4664-b86b-51cb891b8805,SocialBot_210,PT,Europe/Warsaw,SocialBot,3,8,8,9,11,10,37,3,590,7950,9800,10,11,4,4,297,62710274,21204,12683100,4209314,15000,11600
PT Club 220,8,7c28b66e-fc5e-4822-a33c-24f05aec4ca9,YouthFocusedBot_220,PT,Europe/Madrid,YouthFocusedBot,3,8,1,10,6,14,44,1,340,4250,5400,2,9,6,7,297,22472446,717,7053750,4497569,21700,22000
PT Club 70,8,8ed79a7e-dfc8-4dc6-b3b4-c972b561ddeb,YouthFocusedBot_70,PT,Europe/Madrid,YouthFocusedBot,3,8,6,12,7,11,47,4,720,9800,11900,3,7,1,6,291,90403152,1325,15534900,5983401,22000,22300
AT Club 227,8,c95b8b8e-554e-422c-a66c-d2e6e5e6fbb6,LadderGrinderBot_227,AT,Europe/Amsterdam,LadderGrinderBot,3,9,7,11,8,11,44,2,480,6200,7600,9,13,5,4,307,39869133,9986,10025410,6063902,15000,14220
AT Club 237,8,fc7c7c13-4f17-46ea-a935-bf02ad0466e8,AggressiveTraderBot_237,AT,Europe/Rome,AggressiveTraderBot,3,9,1,15,7,8,53,4,720,9600,12100,6,10,4,7,299,64656702,1073,15476300,7005007,22300,22700
AT Club 267,8,e3b70cb6-1354-400b-85e6-a68e77dc686d,AggressiveTraderBot_267,AT,Europe/Rome,AggressiveTraderBot,3,9,2,7,15,8,29,2,460,6000,7800,6,7,6,6,293,19314012,1633,9855150,5344211,22400,22300
BE Club 239,8,aac97cd2-4015-4ebd-8173-40e2c488b36f,LadderGrinderBot_239,BE,Europe/Amsterdam,LadderGrinderBot,3,9,12,14,10,6,48,4,720,9700,12200,8,12,3,3,302,86375903,25685,15528200,3592170,15000,10400
BE Club 259,8,b828ba92-3787-49ca-83d1-66ed8b43da8a,NewManagerBot_259,BE,Europe/Berlin,NewManagerBot,3,9,15,9,15,6,33,3,590,7950,9900,9,11,6,5,285,62874361,19650,12733530,3738630,15000,12420
CH Club 238,8,e8ae7945-27c8-4a95-a035-d5ddf08ebb45,YouthFocusedBot_238,CH,Europe/Madrid,YouthFocusedBot,3,9,8,8,11,11,35,4,730,9600,11900,2,10,3,5,307,86983909,370,15480750,5700510,21700,22700
CH Club 288,8,27cf0581-ccc5-4343-b33a-311ef5a6e1da,SocialBot_288,CH,Europe/Warsaw,SocialBot,3,9,16,15,9,6,51,4,720,9600,12100,8,9,3,6,302,92382890,27401,15478700,2889958,15000,12400
DE Club 11,8,a3d40f57-d6ad-4b1a-b7de-2b0475cada0d,LadderGrinderBot_11,DE,Europe/Amsterdam,LadderGrinderBot,3,9,6,16,2,12,60,4,740,9600,12000,8,10,5,6,315,109336408,15301,15617550,5582330,15000,11000
FR Club 232,8,f5d01f5a-dffe-4682-adcb-4b5cf426340b,YouthFocusedBot_232,FR,Europe/Madrid,YouthFocusedBot,3,9,3,5,12,13,28,2,470,6100,7700,6,8,6,3,295,39405926,1731,9947580,6671594,22000,22200
IT Club 233,8,ed4bacb7-638a-4081-b1bc-c2704a08a0ee,LadderGrinderBot_233,IT,Europe/Amsterdam,LadderGrinderBot,3,9,14,13,9,8,47,2,460,6100,7700,7,9,6,3,303,40747811,20594,9858800,3418230,15000,13660
IT Club 3,8,e5fadf32-ef6f-4b8b-9eb5-5dc8ad48463d,AggressiveTraderBot_3,IT,Europe/Rome,AggressiveTraderBot,3,9,5,2,16,12,18,2,480,6000,7500,5,9,6,4,286,44184489,1830,9902430,8787701,22500,22300
NL Club 15,8,66ae8f2e-8ac4-4b98-8460-ffeaeb99340d,AggressiveTraderBot_15,NL,Europe/Rome,AggressiveTraderBot,3,9,11,10,14,6,36,1,330,4250,5500,5,12,4,7,305,22689862,517,6971850,8174113,22200,21900
NL Club 225,8,b0416165-d302-4781-9fb0-999f91c7c570,AggressiveTraderBot_225,NL,Europe/Rome,AggressiveTraderBot,3,9,13,9,13,8,35,2,460,6400,7700,5,10,4,5,287,28360229,1167,10040330,6926421,22200,22500
NL Club 235,8,f0478c1e-b4b9-4ce1-9bbc-f88d6a9e8442,NewManagerBot_235,NL,Europe/Berlin,NewManagerBot,3,9,4,12,5,13,49,4,720,9600,12000,8,9,5,5,286,85125456,17590,15461400,6211605,15000,15640
PT Club 160,8,e6721176-f64f-47bd-9d13-860308346657,YouthFocusedBot_160,PT,Europe/Madrid,YouthFocusedBot,3,9,10,9,15,6,33,4,720,9600,12300,2,9,5,5,297,91864533,1240,15548880,4004229,21800,20500
PT Club 240,8,3df323f7-54e6-4aea-a922-78d28a7e9a7b,SocialBot_240,PT,Europe/Warsaw,SocialBot,3,9,9,15,9,6,51,4,730,9700,11900,6,6,4,3,285,86188124,32153,15580350,4294737,15000,12400
BE Club 249,8,afd5bcae-40a0-47b3-b596-49fe4228d660,AggressiveTraderBot_249,BE,Europe/Rome,AggressiveTraderBot,3,10,6,12,10,8,44,3,590,8050,9600,3,12,6,4,306,43045570,147,12689250,6365241,22000,22300
BE Club 29,8,cabd4b9e-d4ce-4811-af3e-1ccf7e3c7954,LadderGrinderBot_29,BE,Europe/Amsterdam,LadderGrinderBot,3,10,10,17,3,10,61,3,590,7850,9900,9,12,5,7,320,67753456,12722,12658650,4658969,15000,14020
CH Club 248,8,c473403a-c3e9-4b6e-b900-1e409ac13be4,ConservativeBot_248,CH,Europe/Paris,ConservativeBot,3,10,3,13,9,8,47,2,460,6100,7700,9,13,5,3,301,38072447,17602,9827100,5984960,15000,12800
DE Club 241,8,347f46bb-ae79-4372-9d22-ecbdb09d1908,NewManagerBot_241,DE,Europe/Berlin,NewManagerBot,3,10,14,6,13,11,29,3,600,7850,9700,5,9,1,4,292,63640266,22214,12662600,4509075,15000,13100
ES Club 164,8,88d98b40-9de2-4940-84c2-25a611ae25a4,ConservativeBot_164,ES,Europe/Paris,ConservativeBot,3,10,1,9,8,13,40,1,330,4650,5400,8,12,5,6,293,17077265,17354,7197450,8551999,15000,14840
ES Club 244,8,83878997-443b-4409-a13f-1a00dbad831a,YouthFocusedBot_244,ES,Europe/Madrid,YouthFocusedBot,3,10,9,3,17,10,19,2,470,6100,7700,4,7,7,7,293,38524757,1237,9981600,4980512,21500,22200
ES Club 254,8,c4b1d99c-7c2d-44da-92d7-819387cb982a,ConservativeBot_254,ES,Europe/Paris,ConservativeBot,3,10,4,9,13,8,35,3,600,7850,9900,10,12,5,4,295,61412046,18329,12732500,6308826,15000,14200
ES Club 304,8,31ac1d45-013b-48d4-9197-319c77ede20a,YouthFocusedBot_304,ES,Europe/Madrid,YouthFocusedBot,3,10,16,11,5,14,47,2,460,6100,7600,6,10,7,5,290,39828439,446,9839130,4990786,21600,22200
FR Club 242,8,6c6a4a3a-2c71-4337-a016-4b35b51ddf1f,ConservativeBot_242,FR,Europe/Paris,ConservativeBot,3,10,13,13,6,11,50,2,460,6200,7700,7,12,5,7,307,41590369,23139,9916280,4174358,15000,13860
IT Club 153,8,5b71faac-8f2c-4285-b064-1e9ce698a595,AggressiveTraderBot_153,IT,Europe/Rome,AggressiveTraderBot,3,10,5,10,12,8,38,4,720,9600,12000,3,8,5,5,315,60822176,1079,15461130,8250427,22400,22000
NL Club 135,8,38443355-2c1c-4a4e-814d-b0fee917c753,AggressiveTraderBot_135,NL,Europe/Rome,AggressiveTraderBot,3,10,15,5,11,14,29,2,460,6300,7400,2,9,5,7,289,37958131,593,9903450,6035574,22400,21700
NL Club 325,8,8bd7d416-ff20-4e6b-90ed-dc4a9565c6f1,NewManagerBot_325,NL,Europe/Berlin,NewManagerBot,3,10,7,8,11,11,35,4,720,9800,12000,7,11,5,8,307,90838826,20610,15585480,6296869,15000,15060
NL Club 85,8,704c9670-99e6-42ee-820e-3cf20369bec1,NewManagerBot_85,NL,Europe/Berlin,NewManagerBot,3,10,12,27,0,3,84,2,460,6200,7600,7,8,6,7,328,50967170,22342,9925800,5115266,15000,15460
PL Club 246,8,affcb4a4-28bf-4225-a21d-f90c61023425,SocialBot_246,PL,Europe/Warsaw,SocialBot,3,10,11,0,27,3,3,1,340,4350,5300,8,11,9,3,288,13810936,23037,7085430,5340621,15000,13640
PL Club 36,8,bb4788ca-e910-463c-b118-fbeac8715be0,SocialBot_36,PL,Europe/Warsaw,SocialBot,3,10,8,11,8,11,44,2,460,6300,7600,8,11,4,5,317,50028952,23858,9931230,5250745,15000,14840
PT Club 250,8,42534d20-9ead-4371-bf33-56b4f04cfad2,YouthFocusedBot_250,PT,Europe/Madrid,YouthFocusedBot,3,10,2,8,9,13,37,2,460,6300,7700,3,7,4,4,290,42754992,-110,9986730,5407784,21800,22900
AT Club 257,8,6b085cc3-b11f-464b-8f13-bb696a53eb49,LadderGrinderBot_257,AT,Europe/Amsterdam,LadderGrinderBot,3,11,8,8,11,11,35,1,330,4350,5300,9,11,8,5,305,19510780,19859,7005900,7011016,15000,13820
AT Club 37,8,b4a15045-0c9a-452e-995c-64c484d7be8a,NewManagerBot_37,AT,Europe/Berlin,NewManagerBot,3,11,9,11,9,10,43,1,330,4450,5400,8,9,4,5,292,25804299,23326,7079400,4955489,15000,14040
BE Club 269,8,55860fdb-1cea-414a-acec-147c63a1cd21,LadderGrinderBot_269,BE,Europe/Amsterdam,LadderGrinderBot,3,11,15,8,15,7,31,4,720,9600,12000,10,10,6,7,289,85712711,19149,15462080,4961079,15000,11800
BE Club 69,8,4a4ce3d8-58ff-45ab-876c-0acc4458bd2e,AggressiveTraderBot_69,BE,Europe/Rome,AggressiveTraderBot,3,11,13,11,13,6,39,1,330,4250,5700,6,10,7,7,319,6732926,867,7062650,8517766,22500,21700
CH Club 268,8,ce7561eb-6676-4d15-b9b3-21621d426a69,YouthFocusedBot_268,CH,Europe/Madrid,YouthFocusedBot,3,11,4,17,6,7,58,1,340,4350,5400,4,13,6,3,310,13360828,55,7068750,3085509,21200,22200
DE Club 261,8,9921044b-e3ce-49d1-9949-bd444b53bf9a,AggressiveTraderBot_261,DE,Europe/Rome,AggressiveTraderBot,3,11,12,16,7,7,55,1,330,4250,5200,3,5,2,2,310,1297006,907,6895800,3555786,21100,21600
DE Club 91,8,f236e20e-c5da-4b23-b5ef-cb3cab31feae,NewManagerBot_91,DE,Europe/Berlin,NewManagerBot,3,11,11,7,16,7,28,2,480,6100,7800,8,9,4,5,307,50671096,20547,10050500,3913199,15000,15440
ES Club 24,8,9e342374-8609-4a0e-8b3c-38f074072dfd,SocialBot_24,ES,Europe/Warsaw,SocialBot,3,11,6,9,14,7,34,1,330,4450,5500,8,12,4,7,287,24315066,16041,7097850,6494522,15000,15840
FR Club 162,8,0be310f9-369b-454a-bdcb-0d4b0dfb486a,SocialBot_162,FR,Europe/Warsaw,SocialBot,3,11,3,6,17,7,25,1,330,4350,5700,8,9,6,7,301,11060951,10694,7132700,5653167,15000,13040
FR Club 332,8,4fbfa595-58dd-49e7-b4f4-c12f94dd7399,ConservativeBot_332,FR,Europe/Paris,ConservativeBot,3,11,5,14,9,7,49,1,330,4250,5500,7,10,6,8,288,14938267,25673,7000050,6179269,15000,11400
IT Club 213,8,75ce292d-1775-4ff0-bf8d-ee575b3e6f0c,AggressiveTraderBot_213,IT,Europe/Rome,AggressiveTraderBot,3,11,2,19,1,10,67,2,460,6000,7700,5,13,8,4,323,27852479,986,9794730,5778852,21900,22300
IT Club 263,8,0a0fc346-85f5-487a-9910-c53e81742153,LadderGrinderBot_263,IT,Europe/Amsterdam,LadderGrinderBot,3,11,1,1,19,10,13,4,730,9800,11800,6,9,7,2,294,89197140,20184,15610800,5539603,15000,14480
IT Club 313,8,9fdda90e-0d4e-4c12-9dc8-1007000548a8,NewManagerBot_313,IT,Europe/Berlin,NewManagerBot,3,11,7,11,8,11,44,2,460,6000,7700,7,10,4,5,306,47539461,21145,9782100,5702061,15000,11200
IT Club 33,8,71dde067-d909-45a0-9bb0-df18d90431ec,AggressiveTraderBot_33,IT,Europe/Rome,AggressiveTraderBot,3,11,10,9,11,10,37,3,600,7950,9700,4,7,6,6,286,54544879,1403,12782330,7589672,22400,22300
NL Club 35,8,574d2ace-d632-4ab4-8fa2-97312a573816,LadderGrinderBot_35,NL,Europe/Amsterdam,LadderGrinderBot,3,11,14,13,11,6,45,2,460,6400,7700,8,8,4,5,298,45653903,18791,10046730,5236340,15000,12400
PT Club 300,8,832500b9-87ae-4b57-bb4e-102c622e0d92,SocialBot_300,PT,Europe/Warsaw,SocialBot,3,11,16,15,8,7,52,1,340,4350,5400,6,9,6,4,297,19016879,17404,7110900,4653474,15000,13880
AT Club 177,8,8f9f4a3a-bea1-4316-bc6a-f39f505967c6,AggressiveTraderBot_177,AT,Europe/Rome,AggressiveTraderBot,3,12,16,12,6,12,48,2,460,6300,7700,5,7,4,4,293,26866188,247,9994230,5504644,22400,22900
AT Club 287,8,8e873716-b7e4-4e0e-b308-9baa29921b98,LadderGrinderBot_287,AT,Europe/Amsterdam,LadderGrinderBot,3,12,4,13,10,7,46,4,720,9700,12300,10,10,6,5,297,85150815,20925,15605130,2770543,15000,11400
AT Club 317,8,5693b7b5-92f0-47d7-9920-e5178c5adff8,LadderGrinderBot_317,AT,Europe/Amsterdam,LadderGrinderBot,3,12,15,6,12,12,30,2,470,6100,7700,7,10,5,5,315,40367296,17056,9933750,4961236,15000,12400
AT Club 87,8,e7ee539b-b81c-457f-a4bc-963b97e6fd1c,AggressiveTraderBot_87,AT,Europe/Rome,AggressiveTraderBot,3,12,14,13,9,8,47,2,460,6200,7600,3,11,5,8,298,32739465,1561,9899700,5541257,21900,21500
BE Club 89,8,ea4a2c63-09b1-4080-9bad-21b8a4498cb5,LadderGrinderBot_89,BE,Europe/Amsterdam,LadderGrinderBot,3,12,11,12,6,12,48,2,460,6100,7600,13,14,4,4,312,41804868,12388,9780330,5101199,15000,14140
CH Club 148,8,e8de3063-9c5f-45ba-a477-473c7f9d2f1f,YouthFocusedBot_148,CH,Europe/Madrid,YouthFocusedBot,3,12,12,6,12,12,30,1,330,4450,5600,3,10,6,4,297,22418524,1853,7143600,5489710,21600,21100
CH Club 28,8,ae2c9e5a-e2f0-40bb-a7b6-ec45eff6959f,YouthFocusedBot_28,CH,Europe/Madrid,YouthFocusedBot,3,12,8,13,6,11,50,2,460,6100,7700,5,9,4,6,285,43506608,998,9862500,5972643,21700,21000
CH Club 78,8,60be413e-022e-4268-8258-e2194f43454e,SocialBot_78,CH,Europe/Warsaw,SocialBot,3,12,10,15,8,7,52,4,730,9500,12200,9,10,2,7,323,134561104,16105,15507800,5528223,15000,12620
DE Club 281,8,dc82693e-26a2-4196-b1d4-bfe6821d0c06,LadderGrinderBot_281,DE,Europe/Amsterdam,LadderGrinderBot,3,12,1,5,18,7,22,1,330,4550,5300,7,10,5,2,308,23067358,19321,7093100,3675162,15000,13460
FR Club 282,8,848feaba-5012-4469-9e8f-76e852a5eede,SocialBot_282,FR,Europe/Warsaw,SocialBot,3,12,6,7,15,8,29,3,600,7850,9600,6,8,8,5,294,66959030,25320,12694380,5157357,15000,13680
IT Club 273,8,7428545b-f9c6-4632-ac7d-32a60a5df8b9,AggressiveTraderBot_273,IT,Europe/Rome,AggressiveTraderBot,3,12,3,10,13,7,37,1,330,4450,5400,2,8,4,2,321,4940198,1143,7067850,4721252,22300,21800
IT Club 93,8,06cdf872-b9ab-4e31-bc56-7fe198747b80,AggressiveTraderBot_93,IT,Europe/Rome,AggressiveTraderBot,3,12,2,18,5,7,61,2,460,6100,7500,4,11,5,5,308,23080793,1410,9793200,5177189,22000,22000
NL Club 275,8,3bacc5a6-d8c8-4aaf-b8b3-f49f9121f84d,LadderGrinderBot_275,NL,Europe/Amsterdam,LadderGrinderBot,3,12,13,9,13,8,35,4,730,9600,12100,6,6,6,6,301,86301422,25698,15597600,3036779,15000,11000
NL Club 285,8,cb7fcbd3-91ed-4c98-99aa-01083d216fb5,AggressiveTraderBot_285,NL,Europe/Rome,AggressiveTraderBot,3,12,9,8,15,7,31,1,340,4350,5200,2,8,5,5,310,4922827,642,7051840,7803112,22100,23000
PT Club 280,8,f22c5491-8230-489f-b733-198b210c1a9d,YouthFocusedBot_280,PT,Europe/Madrid,YouthFocusedBot,3,12,5,15,7,8,53,3,600,7750,10000,2,9,5,5,294,59326032,759,12719850,4768423,21400,20400
PT Club 40,8,90bbdc53-2250-451e-b664-bde75ab9f11a,YouthFocusedBot_40,PT,Europe/Madrid,YouthFocusedBot,3,12,7,6,13,11,29,4,720,9900,11900,4,8,6,6,286,89324636,1213,15638400,5194560,22100,21700
AT Club 297,8,27238e0c-a795-4c29-860e-713a1481a2cc,AggressiveTraderBot_297,AT,Europe/Rome,AggressiveTraderBot,3,13,4,16,4,10,58,4,720,9800,12100,6,10,8,4,315,76141183,1313,15620100,7276168,22300,21900
BE Club 179,8,c1cebfc9-532e-40f4-82c6-9349c429bcec,LadderGrinderBot_179,BE,Europe/Amsterdam,LadderGrinderBot,3,13,8,11,7,12,45,2,470,6000,7600,10,12,6,5,322,52802748,21422,9841080,4901514,15000,10800
BE Club 289,8,6e36a7dc-3db0-40ea-a152-db1fe7ff6f48,NewManagerBot_289,BE,Europe/Berlin,NewManagerBot,3,13,2,10,11,9,39,1,340,4550,5400,6,12,4,5,306,15857078,16949,7200600,3218368,15000,13480
BE Club 49,8,835ead42-51b0-46e8-aa8c-69f7496fc677,NewManagerBot_49,BE,Europe/Berlin,NewManagerBot,3,13,10,8,6,16,40,4,730,9500,12000,9,11,4,2,305,96375394,23800,15441500,3258573,15000,12000
CH Club 298,8,ef0bc666-b165-4223-8ca3-798191c85be5,YouthFocusedBot_298,CH,Europe/Madrid,YouthFocusedBot,3,13,6,13,9,8,47,1,350,4350,5400,5,11,5,5,293,19027163,-554,7169890,5265561,21600,23600
DE Club 291,8,959db82e-e756-47cc-a245-20d5ff168816,AggressiveTraderBot_291,DE,Europe/Rome,AggressiveTraderBot,3,13,12,5,16,9,24,2,460,6200,7800,5,13,5,8,286,22134029,365,9936050,7275627,22300,22700
DE Club 301,8,57ffa470-a460-4b40-8ec0-0beedabcfd0a,NewManagerBot_301,DE,Europe/Berlin,NewManagerBot,3,13,13,11,9,10,43,3,590,7950,9800,9,10,6,8,311,58533411,23699,12718250,5523989,15000,11600
DE Club 81,8,0f19654f-f97f-4671-99ff-ea4cd47d453f,AggressiveTraderBot_81,DE,Europe/Rome,AggressiveTraderBot,3,13,3,4,16,10,22,2,460,6200,7800,5,13,4,3,290,23611128,166,9912950,6836334,22100,22200
IT Club 293,8,053bbd39-59a8-4217-a558-82000c52ae24,LadderGrinderBot_293,IT,Europe/Amsterdam,LadderGrinderBot,3,13,16,7,13,10,31,1,340,4650,5300,10,11,3,4,292,18863779,18745,7229600,3818580,15000,10400
IT Club 303,8,cccd4b83-a529-490b-aa85-1bb6153bb070,AggressiveTraderBot_303,IT,Europe/Rome,AggressiveTraderBot,3,13,7,7,11,12,33,2,470,6100,7400,2,10,6,4,314,19031757,548,9855000,5466802,22200,23300
NL Club 295,8,5573fdd1-aefc-4bb5-b6d2-da4bbefd1b9c,NewManagerBot_295,NL,Europe/Berlin,NewManagerBot,3,13,1,11,10,9,42,1,330,4350,5300,7,7,7,5,304,21496439,23763,7019300,4291118,15000,11400
NL Club 335,8,b4f60935-4474-4a59-b671-1d2dd1587f6d,LadderGrinderBot_335,NL,Europe/Amsterdam,LadderGrinderBot,3,13,11,16,5,9,57,2,470,6200,7500,7,12,6,4,296,54196566,19246,9930310,5919641,15000,13660
PL Club 16,8,b5bc0bf1-1de2-4d3d-b4b7-a4f62f93a9d6,YouthFocusedBot_16,PL,Europe/Madrid,YouthFocusedBot,3,13,14,9,11,10,37,3,590,7950,9700,4,10,6,3,328,91792646,1141,12672300,3920953,21500,22200
PL Club 256,8,c57fac4b-054c-4040-83bd-e60dc13a7259,YouthFocusedBot_256,PL,Europe/Madrid,YouthFocusedBot,3,13,9,6,8,16,34,3,600,7850,10000,4,8,4,2,324,74198693,1516,12767630,4610648,21500,19600
PT Club 290,8,00c4536b-bc4f-4588-a88d-2118d5d95b7e,ConservativeBot_290,PT,Europe/Paris,ConservativeBot,3,13,15,13,7,10,49,3,590,7750,9800,8,11,2,4,311,64027873,17914,12535080,4070929,15000,14640
PT Club 50,8,c8deae6a-242d-46ce-800d-5a4390ba8fc3,ConservativeBot_50,PT,Europe/Paris,ConservativeBot,3,13,5,9,13,8,35,1,330,4450,5600,5,5,5,5,289,23798972,23916,7170000,4524699,15000,12600
AT Club 307,8,ba673f0e-c45f-4c1b-abfd-a12efc683d73,NewManagerBot_307,AT,Europe/Berlin,NewManagerBot,3,14,9,7,15,8,29,1,330,4550,5200,12,14,7,7,311,11564366,7155,7080300,5377749,15000,15160
AT Club 47,8,3d798a50-1e8e-4633-b4e3-e034e3f3f967,LadderGrinderBot_47,AT,Europe/Amsterdam,LadderGrinderBot,3,14,2,9,9,12,39,3,590,7750,10000,5,10,5,5,316,80004617,22888,12630380,2558219,15000,13700
BE Club 309,8,188259ae-f01d-418c-b8b3-8d260c056a73,AggressiveTraderBot_309,BE,Europe/Rome,AggressiveTraderBot,3,14,12,11,9,10,43,2,460,6000,7600,2,11,5,9,315,17005932,1034,9778050,6710796,22400,21500
BE Club 329,8,b0281a40-9c7b-43fb-9468-47b2cbbe9773,LadderGrinderBot_329,BE,Europe/Amsterdam,LadderGrinderBot,3,14,6,7,13,10,31,4,740,9500,12100,7,8,6,6,288,83770576,23426,15609480,7092553,15000,11400
CH Club 308,8,d55da4fb-efd6-4874-84c4-2c95a6452cd1,ConservativeBot_308,CH,Europe/Paris,ConservativeBot,3,14,13,9,11,10,37,2,460,6100,7600,10,14,8,7,320,30412963,14497,9833580,6252738,15000,13800
CH Club 58,8,8ec3792b-7f3a-4055-ba8b-3e90217e5a4e,YouthFocusedBot_58,CH,Europe/Madrid,YouthFocusedBot,3,14,16,13,6,11,50,3,590,7750,10100,5,10,8,9,288,66536138,1709,12710450,4465048,21900,20500
DE Club 201,8,296cf1c9-5fa8-4e58-916b-b920c77a1c34,AggressiveTraderBot_201,DE,Europe/Rome,AggressiveTraderBot,3,14,11,9,11,10,37,3,590,7850,10000,5,13,8,6,312,47511399,747,12708330,6641457,22700,23500
DE Club 311,8,1482ea13-d43f-4c4a-b270-24864d6c2dd9,LadderGrinderBot_311,DE,Europe/Amsterdam,LadderGrinderBot,3,14,7,11,6,13,46,1,330,4450,5400,8,11,9,8,315,18630470,16726,7110750,1974508,15000,14440
DE Club 331,8,66b56dde-eb08-42ee-9dd7-48345ac0da11,NewManagerBot_331,DE,Europe/Berlin,NewManagerBot,3,14,15,6,13,11,29,4,730,9700,12000,10,11,2,4,300,82534085,17107,15561300,5234337,15000,15800
ES Club 324,8,058d9ba1-b321-4d19-825b-24e8496fc354,SocialBot_324,ES,Europe/Warsaw,SocialBot,3,14,3,11,11,8,41,2,470,6100,7500,10,11,2,8,309,44966722,21193,9852760,3846681,15000,14600
ES Club 64,8,20ac27c2-f80e-4cfd-8f92-415bb8148245,YouthFocusedBot_64,ES,Europe/Madrid,YouthFocusedBot,3,14,4,11,11,8,41,1,350,4250,5500,6,9,6,3,319,23051096,-123,7146600,4595858,21700,22800
IT Club 83,8,3c825427-b8e4-4de6-a788-3e40683226c6,LadderGrinderBot_83,IT,Europe/Amsterdam,LadderGrinderBot,3,14,8,6,11,13,31,1,330,4350,5500,9,10,8,7,323,26688796,22075,7073900,4935869,15000,15620
NL Club 55,8,d599d6f9-83d6-4dd5-aa33-26c62bc02dbb,NewManagerBot_55,NL,Europe/Berlin,NewManagerBot,3,14,14,11,9,10,43,3,600,7950,9800,10,13,6,4,304,73571855,20058,12757230,3672041,15000,14400
PL Club 306,8,766cf4e6-f46e-45ee-8f13-d46eb14dee2b,SocialBot_306,PL,Europe/Warsaw,SocialBot,3,14,5,13,7,10,49,2,460,6300,7700,11,11,6,5,308,38121701,12898,9977280,4730604,15000,14000
PL Club 316,8,d93663fb-8e4e-48b8-8793-3b45d3651426,YouthFocusedBot_316,PL,Europe/Madrid,YouthFocusedBot,3,14,10,15,7,8,53,2,460,6100,7500,4,13,8,5,311,39310470,385,9802230,5685827,22100,23400
PT Club 310,8,fe5a44a9-ce25-4b0c-805f-aa58fad6f508,YouthFocusedBot_310,PT,Europe/Madrid,YouthFocusedBot,3,14,1,9,9,12,39,2,480,6100,7500,6,11,5,6,299,42967118,1034,9950330,5470868,21400,20900
AT Club 197,8,1421dae4-4c13-4b29-b84a-e149a15de08b,LadderGrinderBot_197,AT,Europe/Amsterdam,LadderGrinderBot,3,15,8,10,8,12,42,3,610,7750,9800,7,8,7,6,301,68049898,22104,12768900,4610239,15000,13260
AT Club 327,8,982a589d-1b4b-4486-8b7d-10deb9199ab9,AggressiveTraderBot_327,AT,Europe/Rome,AggressiveTraderBot,3,15,9,11,8,11,44,2,460,6300,7600,3,11,8,5,301,19749363,840,9970980,9703653,22500,23100
BE Club 19,8,ae8c2222-89be-4d68-896d-d63a3ce6914a,NewManagerBot_19,BE,Europe/Berlin,NewManagerBot,3,15,10,8,11,11,35,1,330,4350,5300,7,7,7,7,305,37226293,24750,7026780,3394523,15000,11200
BE Club 319,8,8014bbad-f8ee-46dd-a81d-231670231cb7,NewManagerBot_319,BE,Europe/Berlin,NewManagerBot,3,15,14,14,8,8,50,3,600,7750,9900,7,12,3,8,327,68889150,21110,12664650,8578940,15000,14860
BE Club 9,8,5e5b36ee-67dc-47c6-b0e2-65c5eb2315d1,AggressiveTraderBot_9,BE,Europe/Rome,AggressiveTraderBot,3,15,3,11,12,7,40,1,330,4350,5400,5,11,4,6,286,14478792,988,7000080,8047332,22800,23400
CH Club 328,8,7c70796f-d4fc-4576-9f04-f5e378470172,YouthFocusedBot_328,CH,Europe/Madrid,YouthFocusedBot,3,15,1,8,12,10,34,2,460,6100,7600,3,8,4,6,308,43769143,1689,9832500,6069905,21500,20500
DE Club 321,8,b9afa409-2beb-4217-87d9-5470bda1fc4b,AggressiveTraderBot_321,DE,Europe/Rome,AggressiveTraderBot,3,15,2,12,8,10,46,3,600,8050,9700,2,9,8,6,298,41471679,1191,12852930,6632139,22000,22400
ES Club 334,8,850b5fa2-b621-4929-8c0a-b770d358e4b4,YouthFocusedBot_334,ES,Europe/Madrid,YouthFocusedBot,3,15,7,8,10,12,36,4,740,9500,11900,6,10,5,7,313,87320918,363,15523650,2931042,21400,21500
ES Club 54,8,6c8267d4-9ca5-4085-ba61-1012fc29b3bb,SocialBot_54,ES,Europe/Warsaw,SocialBot,3,15,12,9,10,11,38,2,460,6000,7800,10,10,8,2,296,39692319,16231,9829580,6813296,15000,12600
FR Club 322,8,008bec1c-9f84-4672-972d-467b38a59f97,YouthFocusedBot_322,FR,Europe/Madrid,YouthFocusedBot,3,15,6,9,10,11,38,3,600,7950,10000,6,11,7,6,304,68768465,1820,12858200,3624356,21500,20100
FR Club 82,8,c6df28d8-1bf8-4dde-9c82-0b6372716413,YouthFocusedBot_82,FR,Europe/Madrid,YouthFocusedBot,3,15,16,13,8,9,48,1,330,4250,5500,5,11,5,8,285,14822798,1646,6984450,3722431,21700,21000
IT Club 323,8,c8ef78ca-9653-420e-9514-703d0848a682,LadderGrinderBot_323,IT,Europe/Amsterdam,LadderGrinderBot,3,15,15,8,13,9,33,3,600,7750,9800,11,12,6,5,295,66410953,11801,12651950,3816184,15000,14380
IT Club 333,8,ac195968-75a3-47b8-b7c4-5c8db15b7443,AggressiveTraderBot_333,IT,Europe/Rome,AggressiveTraderBot,3,15,11,10,9,11,41,2,470,6300,7600,2,8,5,5,299,22986811,405,10042800,6704526,22200,21600
NL Club 315,8,cdac6461-18e6-4ea7-96ea-fc23ca7f1516,AggressiveTraderBot_315,NL,Europe/Rome,AggressiveTraderBot,3,15,4,12,11,7,43,1,330,4350,5300,3,8,2,4,297,961128,200,6973200,8090095,22300,22300
PL Club 6,8,ccb109de-ae0a-4c61-8908-682679edb582,SocialBot_6,PL,Europe/Warsaw,SocialBot,3,15,5,10,9,11,41,3,610,7850,9700,7,8,4,3,286,75424059,21997,12769500,4630589,15000,13860
PT Club 270,8,ef46c6d8-0ec4-44c5-b459-3d0a9e9c0eef,SocialBot_270,PT,Europe/Warsaw,SocialBot,3,15,13,8,14,8,32,1,330,4350,5500,8,10,5,5,320,21490391,22103,7048950,4928399,15000,14840
AT Club 207,9,7932b925-6a12-4918-b062-d38b8b5151a4,AggressiveTraderBot_207,AT,Europe/Rome,AggressiveTraderBot,1,1,9,9,14,7,34,2,460,6200,7700,6,10,5,7,354,49761591,223,16270600,7973200,22400,23200
AT Club 57,9,cdcabf4f-833f-48bf-845c-863511efb2a4,AggressiveTraderBot_57,AT,Europe/Rome,AggressiveTraderBot,1,1,6,10,12,8,38,3,590,7850,10200,3,11,6,9,340,90418628,444,20930950,10797734,22100,23000
BE Club 139,9,cbf7970c-2f1d-418a-833e-0535364ed689,NewManagerBot_139,BE,Europe/Berlin,NewManagerBot,1,1,3,7,9,14,35,1,330,4350,5600,11,14,10,4,357,36081950,13204,11607230,2500807,15000,13580
CH Club 258,9,06f91eed-dd89-49a1-ba61-5e422468d5e4,SocialBot_258,CH,Europe/Warsaw,SocialBot,1,1,11,9,8,13,40,2,470,6200,7700,12,12,5,6,358,63603966,17112,16374400,7318920,15000,11800
CH Club 88,9,c529d1a9-ede4-46cc-b0e1-12e2dd244af0,YouthFocusedBot_88,CH,Europe/Madrid,YouthFocusedBot,1,1,4,9,7,14,41,3,590,7950,10000,4,9,7,3,344,89665437,1576,20934430,4172547,21600,21700
DE Club 1,9,c4352b81-1f7e-499c-89c0-9cba713e88d6,NewManagerBot_1,DE,Europe/Berlin,NewManagerBot,1,1,13,9,11,10,37,1,330,4250,5600,11,12,5,8,356,59499333,6846,11499550,5463258,15000,17580
DE Club 31,9,6ad35c8c-cfdc-47d9-81ec-da8f25a09138,NewManagerBot_31,DE,Europe/Berlin,NewManagerBot,1,1,7,13,9,8,47,4,720,9600,12100,9,9,7,5,345,168591935,25044,25390330,6143410,15000,11400
ES Club 104,9,72bd9a26-2e8d-480e-923d-7596f6d7f0f4,ConservativeBot_104,ES,Europe/Paris,ConservativeBot,1,1,14,11,9,10,43,2,470,6300,7400,11,12,7,5,335,78092669,18216,16344030,5966872,15000,12600
ES Club 34,9,0f61cad3-969a-447b-b191-bcce5268cb56,YouthFocusedBot_34,ES,Europe/Madrid,YouthFocusedBot,1,1,8,9,13,8,35,3,590,7950,10000,2,12,7,4,349,107227672,1003,20914580,4492593,21500,21100
FR Club 312,9,890628ae-5d85-4efa-8100-7fec7763dce5,SocialBot_312,FR,Europe/Warsaw,SocialBot,1,1,1,12,7,11,47,4,720,9700,12000,5,5,5,4,359,138948867,36091,25452600,4009630,15000,11000
FR Club 92,9,deb7446a-622e-4d65-be4a-05788e9559f6,ConservativeBot_92,FR,Europe/Paris,ConservativeBot,1,1,10,14,9,7,49,2,460,6100,7900,8,9,5,6,354,99468313,19389,16275150,5208624,15000,14840
IT Club 113,9,bb665cdd-dee0-487f-ace1-d75d7ebff188,LadderGrinderBot_113,IT,Europe/Amsterdam,LadderGrinderBot,1,1,5,12,10,8,44,1,340,4450,5600,6,9,5,5,353,29652197,23276,11835580,4970231,15000,16080
IT Club 43,9,5e5ccef4-48ac-4d30-9573-c00f09609456,NewManagerBot_43,IT,Europe/Berlin,NewManagerBot,1,1,2,7,12,11,32,2,460,6200,7700,8,12,8,9,345,72119315,20111,16288750,4617075,15000,13000
NL Club 305,9,e1edb26b-96f4-43ca-93ea-383795273365,LadderGrinderBot_305,NL,Europe/Amsterdam,LadderGrinderBot,1,1,12,8,9,13,37,4,720,9700,12300,8,12,6,4,346,120598128,22339,25565030,5702917,15000,13040
PL Club 326,9,2052b1a0-fb68-4752-9fad-a0d695a68628,ConservativeBot_326,PL,Europe/Paris,ConservativeBot,1,1,16,6,13,11,29,4,720,9700,12000,7,11,6,6,351,157694174,26635,25424280,3469816,15000,11200
PT Club 180,9,ae58b792-f6ce-4937-9ec1-7798eba68e69,SocialBot_180,PT,Europe/Warsaw,SocialBot,1,1,15,13,6,11,50,2,470,6100,7500,9,11,6,9,356,73577393,16873,16197800,5312253,15000,14620
AT Club 127,9,d8a4463c-3898-4480-9e43-1ed7f1346e27,NewManagerBot_127,AT,Europe/Berlin,NewManagerBot,2,1,1,4,18,8,20,3,590,7750,10100,8,13,8,10,315,65501784,22864,16298450,8448365,15000,13840
AT Club 217,9,e0326af1-b314-4d98-9e91-42e35aaee33d,NewManagerBot_217,AT,Europe/Berlin,NewManagerBot,2,1,8,9,9,12,39,2,460,6200,7700,7,12,6,7,357,60348650,26277,12747200,5443021,15000,11200
BE Club 99,9,133ca065-3a25-49f7-9432-74ac3d3c0a4c,AggressiveTraderBot_99,BE,Europe/Rome,AggressiveTraderBot,2,1,10,11,10,9,42,3,600,8250,9800,4,10,9,4,319,59919726,1101,16700600,9395453,22000,21600
CH Club 138,9,492508a8-01fb-4638-a96f-6f75549dc1e0,SocialBot_138,CH,Europe/Warsaw,SocialBot,2,1,9,10,11,9,39,4,730,9600,12000,8,12,7,4,330,109217213,14161,19958600,5703536,15000,16840
CH Club 228,9,9614f347-1916-45e7-95c9-43bf04e23284,SocialBot_228,CH,Europe/Warsaw,SocialBot,2,1,6,10,10,10,40,4,730,9700,11900,7,8,6,7,335,108862718,24556,20028350,5266492,15000,11400
DE Club 101,9,2cf51899-9887-42fc-903b-967ec3d1967a,LadderGrinderBot_101,DE,Europe/Amsterdam,LadderGrinderBot,2,1,7,9,9,12,39,3,590,7850,10000,12,14,9,6,342,80434706,16136,16330430,5341405,15000,12200
DE Club 121,9,1b250786-6d20-48be-abfc-65bb8adb920a,NewManagerBot_121,DE,Europe/Berlin,NewManagerBot,2,1,13,11,12,7,40,2,460,6200,7900,11,11,7,2,344,53107201,20058,12819330,2823937,15000,11200
ES Club 234,9,0768c66b-b272-4b91-acc6-390a8cc9b906,SocialBot_234,ES,Europe/Warsaw,SocialBot,2,1,2,18,4,8,62,3,590,7950,9800,8,11,6,3,344,75205845,22856,16319430,5197668,15000,15640
ES Club 274,9,928ab7a5-90d7-47ad-8976-65733a4b7cae,YouthFocusedBot_274,ES,Europe/Madrid,YouthFocusedBot,2,1,16,10,10,10,40,2,460,6100,7900,5,11,5,8,358,59916373,1483,12755450,6186787,21500,22000
IT Club 13,9,4b5d9e92-69e7-4e2a-827d-96be5393e740,NewManagerBot_13,IT,Europe/Berlin,NewManagerBot,2,1,12,5,10,15,30,3,600,7750,10000,7,13,10,4,358,100338058,22737,16358930,4202551,15000,14260
NL Club 115,9,93ce46a1-63e0-4b09-9eda-9aac2e3dc1e6,NewManagerBot_115,NL,Europe/Berlin,NewManagerBot,2,1,15,10,10,10,40,1,340,4450,5300,9,11,5,8,359,26442773,19991,9167750,4885604,15000,13220
NL Club 215,9,d13bb404-ed3e-4983-804a-ee7f9552736e,LadderGrinderBot_215,NL,Europe/Amsterdam,LadderGrinderBot,2,1,5,10,10,10,40,1,330,4650,5400,6,12,5,7,340,24257000,21299,9247350,6936573,15000,12880
NL Club 5,9,a662f6ad-98fd-4a61-aaea-a0dc2437d9ea,LadderGrinderBot_5,NL,Europe/Amsterdam,LadderGrinderBot,2,1,14,12,11,7,43,2,470,6000,7600,8,12,8,5,356,88053437,24406,12664830,3404764,15000,14440
PT Club 100,9,8f2ff8e9-cfad-4c42-acf9-23f4ace61979,YouthFocusedBot_100,PT,Europe/Madrid,YouthFocusedBot,2,1,4,10,10,10,40,3,590,7950,9700,3,11,6,3,332,76510189,1181,16273200,4550752,21600,22300
PT Club 110,9,18c26668-2250-45ff-bd3f-841825eff91c,ConservativeBot_110,PT,Europe/Paris,ConservativeBot,2,1,3,10,10,10,40,1,330,4650,5200,10,10,4,3,344,25221239,22884,9160950,4373104,15000,12400
PT Club 230,9,2ec21bac-1f72-4504-8d74-e38dde7a5e88,ConservativeBot_230,PT,Europe/Paris,ConservativeBot,2,1,11,10,5,15,45,3,590,7950,9900,8,10,4,6,350,89515992,17606,16363350,5459465,15000,11600
AT Club 67,9,611ce365-1847-4d8e-8c43-9d9c8dd1fb74,NewManagerBot_67,AT,Europe/Berlin,NewManagerBot,2,2,4,6,10,14,32,2,460,6100,7600,11,12,9,6,337,62738237,12708,12655530,2595882,15000,14380
BE Club 159,9,89fdfe3e-2d80-4f2c-802c-d017187d79e5,AggressiveTraderBot_159,BE,Europe/Rome,AggressiveTraderBot,2,2,9,0,26,4,4,4,720,9800,12200,2,10,5,5,318,81111498,560,20097330,9393104,22600,23500
BE Club 279,9,066eabed-4679-4ade-8d76-9913e91fded9,AggressiveTraderBot_279,BE,Europe/Rome,AggressiveTraderBot,2,2,8,11,11,8,41,1,340,4350,5400,5,13,4,2,356,19863570,-561,9077930,5613749,22000,23000
BE Club 59,9,3ce2d0b5-9834-4f9d-aca0-2d05a4acfa32,LadderGrinderBot_59,BE,Europe/Amsterdam,LadderGrinderBot,2,2,1,15,8,7,52,2,480,6000,7700,6,8,3,6,358,65783589,23852,12799700,2612642,15000,13480
CH Club 158,9,dba3e857-0f27-467a-be50-c17b79e0ec65,ConservativeBot_158,CH,Europe/Paris,ConservativeBot,2,2,13,12,8,10,46,4,740,9700,12000,5,12,6,5,351,125442816,23657,20136350,5107343,15000,13500
DE Club 151,9,92e8c246-dee3-4b60-9297-90ca4f6edddc,NewManagerBot_151,DE,Europe/Berlin,NewManagerBot,2,2,12,5,18,7,22,2,460,6100,7700,5,7,3,5,321,59594877,25436,12679050,5779975,15000,14900
ES Club 44,9,2de1f101-2294-4ec7-bfa3-c5bdbaca453d,ConservativeBot_44,ES,Europe/Paris,ConservativeBot,2,2,11,18,5,7,61,2,460,6200,7700,11,11,5,7,348,65539100,23294,12747900,3779160,15000,11200
FR Club 132,9,205ec8dd-1081-4b46-9932-30787b94390e,SocialBot_132,FR,Europe/Warsaw,SocialBot,2,2,14,8,12,10,34,3,600,7850,9800,9,10,6,7,358,95969604,16540,16366830,2628401,15000,15820
FR Club 152,9,4db15fa0-a26a-406e-8618-00b01f0dd73d,ConservativeBot_152,FR,Europe/Paris,ConservativeBot,2,2,6,9,10,11,38,1,330,4350,5600,8,10,3,4,337,19708520,20279,9075300,4662705,15000,14840
IT Club 63,9,e40c8e5f-6802-45ea-a6ba-f4d271c91904,AggressiveTraderBot_63,IT,Europe/Rome,AggressiveTraderBot,2,2,7,11,11,8,41,3,600,7850,10000,4,10,10,5,357,73138212,1383,16459430,7285175,22200,22300
NL Club 105,9,bee987f7-96fc-4ca3-aa1e-883868a97f56,AggressiveTraderBot_105,NL,Europe/Rome,AggressiveTraderBot,2,2,5,10,9,11,41,1,340,4450,5300,5,11,3,9,336,9753638,548,9152400,6947993,22500,22900
NL Club 195,9,c060f2b9-e0be-4fab-a4d5-e6864530bd71,AggressiveTraderBot_195,NL,Europe/Rome,AggressiveTraderBot,2,2,16,27,0,3,84,4,730,9800,12100,6,12,6,3,356,127169897,1479,20145600,9773387,22200,21100
NL Club 75,9,d745c013-0091-4430-ba89-8e45aa15aec5,AggressiveTraderBot_75,NL,Europe/Rome,AggressiveTraderBot,2,2,3,10,6,14,44,4,740,9700,11800,5,9,4,7,345,88741310,225,20069850,9037253,22200,23300
PL Club 156,9,a2e491fa-c50d-4485-ad90-4aff165f8c3b,SocialBot_156,PL,Europe/Warsaw,SocialBot,2,2,15,0,27,3,3,4,730,9500,12300,11,11,4,7,325,100388123,19009,19983650,5986296,15000,12000
PL Club 296,9,d871e6af-7284-40b0-a391-408bff4b5dc6,ConservativeBot_296,PL,Europe/Paris,ConservativeBot,2,2,10,26,0,4,82,4,720,9600,11900,9,13,6,6,353,110421032,26648,19811400,6031046,15000,11600
PL Club 46,9,a7bbebd6-3fec-4035-b689-71f25c252a5c,YouthFocusedBot_46,PL,Europe/Madrid,YouthFocusedBot,2,2,2,8,15,7,31,1,330,4450,5500,5,11,5,6,354,26040102,-155,9127230,5759763,21700,22800
AT Club 237,9,fc7c7c13-4f17-46ea-a935-bf02ad0466e8,AggressiveTraderBot_237,AT,Europe/Rome,AggressiveTraderBot,2,3,6,11,12,7,40,4,720,9600,12200,6,10,4,7,329,78580295,973,19930400,6006807,22100,22200
AT Club 247,9,7e5e29cd-6198-4570-8200-84ac42851a81,NewManagerBot_247,AT,Europe/Berlin,NewManagerBot,2,3,1,9,9,12,39,3,600,7850,9900,8,10,8,5,350,77831789,19339,16411850,6316079,15000,14440
BE Club 229,9,87b6b924-e37a-475e-9a97-8967b16211ca,NewManagerBot_229,BE,Europe/Berlin,NewManagerBot,2,3,16,13,10,7,46,2,480,6100,7500,9,9,6,7,346,61234176,19581,12813950,4686913,15000,12800
DE Club 11,9,a3d40f57-d6ad-4b1a-b7de-2b0475cada0d,LadderGrinderBot_11,DE,Europe/Amsterdam,LadderGrinderBot,2,3,3,9,12,9,36,4,740,9600,12100,8,11,5,6,345,125479518,17261,20100800,3957690,15000,13040
DE Club 211,9,8d3b1a03-6e77-462d-b5cf-23e60784c8e5,NewManagerBot_211,DE,Europe/Berlin,NewManagerBot,2,3,7,7,16,7,28,4,740,9600,12100,7,12,10,8,340,104711915,25517,20143680,2386909,15000,13260
DE Club 41,9,3dc92206-3813-4c42-9ab2-03e6bc0cb5f0,LadderGrinderBot_41,DE,Europe/Amsterdam,LadderGrinderBot,2,3,12,12,8,10,46,4,720,9800,12000,9,13,2,5,335,124895475,25704,19975350,5545331,15000,13600
DE Club 61,9,ab2e3ad3-cf83-422e-8ff6-9df1784e3d15,NewManagerBot_61,DE,Europe/Berlin,NewManagerBot,2,3,14,23,1,6,75,4,730,9500,12000,9,10,9,6,355,160466676,20713,19918830,3458978,15000,12000
FR Club 292,9,d6644096-93e9-4409-a37d-40fe2821e7ad,YouthFocusedBot_292,FR,Europe/Madrid,YouthFocusedBot,2,3,11,8,12,10,34,1,340,4350,5300,2,10,7,8,351,48096402,608,9106530,5998934,21900,22500
IT Club 203,9,919dde86-2d35-43ee-8c02-e290916835de,LadderGrinderBot_203,IT,Europe/Amsterdam,LadderGrinderBot,2,3,8,16,7,7,55,4,720,9500,12200,11,13,7,5,334,108665349,21846,19850730,5084260,15000,11400
IT Club 53,9,d62fac56-1029-4f52-96f0-afda254d62bd,LadderGrinderBot_53,IT,Europe/Amsterdam,LadderGrinderBot,2,3,10,13,6,11,50,4,720,9600,12000,9,9,4,6,348,149325945,21300,19855250,4921151,15000,12600
NL Club 175,9,9e2dbcff-f250-428a-a497-2579eaad4bbb,NewManagerBot_175,NL,Europe/Berlin,NewManagerBot,2,3,5,12,11,7,43,1,330,4550,5400,10,11,6,3,350,27967408,16132,9173880,5083990,15000,15200
PL Club 226,9,b63b1bdf-cd28-4a5c-a677-f48ff2336887,YouthFocusedBot_226,PL,Europe/Madrid,YouthFocusedBot,2,3,15,10,13,7,37,2,470,6200,7600,6,12,6,6,354,63850462,791,12811700,5038016,21700,21900
PL Club 56,9,bf2c47e6-76b3-42cd-b86e-a8e479e60804,ConservativeBot_56,PL,Europe/Paris,ConservativeBot,2,3,9,6,13,11,29,3,600,7850,10000,8,9,4,7,324,102684485,21130,16436250,5761922,15000,13000
PL Club 96,9,ef7a53d4-cc9a-4c20-ac9d-f7c70917fd7f,SocialBot_96,PL,Europe/Warsaw,SocialBot,2,3,4,12,9,9,45,4,720,9600,12000,8,9,8,4,348,111983507,25844,19887600,6321816,15000,14640
PT Club 10,9,32c764f6-e8ba-4537-8e82-630aedd6593d,YouthFocusedBot_10,PT,Europe/Madrid,YouthFocusedBot,2,3,13,1,23,6,9,3,600,8050,9900,6,11,2,8,328,108147141,842,16521770,4647291,21700,21300
PT Club 200,9,651ff949-50ae-45d6-8489-7560835e6a17,ConservativeBot_200,PT,Europe/Paris,ConservativeBot,2,3,2,9,9,12,39,3,600,7950,9600,6,8,7,6,344,73036161,27869,16385580,4779943,15000,11400
AT Club 7,9,786c663b-ff16-4c41-bb24-56c96612ccef,NewManagerBot_7,AT,Europe/Berlin,NewManagerBot,2,4,13,3,13,14,23,3,600,7950,9800,9,14,6,4,324,103444765,22173,16404600,6242089,15000,11800
BE Club 29,9,cabd4b9e-d4ce-4811-af3e-1ccf7e3c7954,LadderGrinderBot_29,BE,Europe/Amsterdam,LadderGrinderBot,2,4,4,7,9,14,35,3,590,7950,9900,10,13,6,7,350,79331245,11722,16358730,4780941,15000,16000
BE Club 79,9,050eab06-a8b8-44b4-b7bd-978fb2972ef7,NewManagerBot_79,BE,Europe/Berlin,NewManagerBot,2,4,11,10,13,7,37,2,460,6200,7500,7,12,6,7,330,47824817,22514,12670350,5719081,15000,13660
CH Club 268,9,ce7561eb-6676-4d15-b9b3-21621d426a69,YouthFocusedBot_268,CH,Europe/Madrid,YouthFocusedBot,2,4,5,14,6,10,52,1,340,4350,5500,4,14,6,3,340,16547969,1155,9130400,5943259,21900,20800
DE Club 271,9,7582aca5-6e27-44c7-922c-304c8637037f,NewManagerBot_271,DE,Europe/Berlin,NewManagerBot,2,4,12,13,10,7,46,4,720,9800,11900,9,11,5,6,350,119716477,24111,19977450,4990079,15000,11600
ES Club 134,9,5c8a1607-1688-40dc-922b-9eb09c33893d,ConservativeBot_134,ES,Europe/Paris,ConservativeBot,2,4,14,13,3,14,53,2,460,6200,7500,6,12,5,7,349,69974661,26110,12662250,4084400,15000,12680
IT Club 143,9,a76986a8-37f4-48c8-b95e-8207314d2b86,LadderGrinderBot_143,IT,Europe/Amsterdam,LadderGrinderBot,2,4,16,19,4,7,64,1,330,4550,5500,5,11,5,7,347,40623997,24023,9214400,3399112,15000,15100
IT Club 213,9,75ce292d-1775-4ff0-bf8d-ee575b3e6f0c,AggressiveTraderBot_213,IT,Europe/Rome,AggressiveTraderBot,2,4,2,10,8,12,42,2,460,6000,7800,5,13,8,4,353,33316647,686,12619400,7155232,22600,22900
IT Club 283,9,6310b124-ddd3-4abe-be26-62a8ec6c5d55,NewManagerBot_283,IT,Europe/Berlin,NewManagerBot,2,4,8,28,0,2,86,2,460,6200,7900,8,13,4,4,356,63214264,15503,12795350,3417146,15000,14240
IT Club 93,9,06cdf872-b9ab-4e31-bc56-7fe198747b80,AggressiveTraderBot_93,IT,Europe/Rome,AggressiveTraderBot,2,4,3,9,7,14,41,2,460,6100,7600,4,11,6,5,338,27622153,-490,12625430,8084070,22000,23900
NL Club 145,9,e75ee1c8-dc6c-4103-ab66-7fab1c96e63c,NewManagerBot_145,NL,Europe/Berlin,NewManagerBot,2,4,6,6,14,10,28,3,590,7750,9700,7,11,5,6,359,94562636,28182,16116330,3054129,15000,11400
NL Club 255,9,a1d96199-fa32-4c94-bdbf-0e82807a9537,AggressiveTraderBot_255,NL,Europe/Rome,AggressiveTraderBot,2,4,9,11,10,9,42,4,730,9500,12100,2,12,9,8,356,80980529,946,19950530,8204788,22200,22200
NL Club 45,9,163c7072-c34e-4c0d-9f40-7b8e9a45647a,AggressiveTraderBot_45,NL,Europe/Rome,AggressiveTraderBot,2,4,15,4,19,7,19,3,590,7950,9900,4,8,8,6,318,64292652,559,16401680,7689640,22600,21700
NL Club 85,9,704c9670-99e6-42ee-820e-3cf20369bec1,NewManagerBot_85,NL,Europe/Berlin,NewManagerBot,2,4,1,8,10,12,36,2,460,6200,7600,8,8,6,7,358,58097793,24542,12739500,5608877,15000,12800
PL Club 76,9,ce73b2b1-9524-46ff-87e0-ee5423995657,YouthFocusedBot_76,PL,Europe/Madrid,YouthFocusedBot,2,4,10,10,11,9,39,4,720,9600,12100,3,12,7,7,354,153771421,1773,19909500,3847271,21500,20300
PT Club 280,9,f22c5491-8230-489f-b733-198b210c1a9d,YouthFocusedBot_280,PT,Europe/Madrid,YouthFocusedBot,2,4,7,0,28,2,2,3,600,7750,10000,2,9,5,5,324,70188049,259,16347000,5484983,21600,22100
AT Club 297,9,27238e0c-a795-4c29-860e-713a1481a2cc,AggressiveTraderBot_297,AT,Europe/Rome,AggressiveTraderBot,2,5,2,9,8,13,40,4,720,9800,12100,6,11,8,5,345,90547375,413,20077950,5671758,21900,22800
BE Club 319,9,8014bbad-f8ee-46dd-a81d-231670231cb7,NewManagerBot_319,BE,Europe/Berlin,NewManagerBot,2,5,6,12,10,8,44,3,600,7750,9900,8,12,4,8,357,82425731,22670,16290630,2754049,15000,13440
CH Club 208,9,29f2d77f-a67c-4be4-80eb-9bdc438d93c9,YouthFocusedBot_208,CH,Europe/Madrid,YouthFocusedBot,2,5,1,8,9,13,37,1,340,4350,5500,5,10,5,6,353,24293484,207,9167100,3782456,21500,21500
CH Club 58,9,8ec3792b-7f3a-4055-ba8b-3e90217e5a4e,YouthFocusedBot_58,CH,Europe/Madrid,YouthFocusedBot,2,5,7,10,7,13,43,3,590,7750,10100,5,10,9,10,318,77814594,-91,16330080,5051624,21900,23700
DE Club 251,9,03dbbe39-1400-4442-9cca-64f451eeb9ea,LadderGrinderBot_251,DE,Europe/Amsterdam,LadderGrinderBot,2,5,16,19,0,11,68,2,460,6200,7700,7,10,8,9,353,63993106,24832,12785580,4762539,15000,11800
ES Club 84,9,dc1e25b8-c625-4f27-81da-67d2b8ba9507,SocialBot_84,ES,Europe/Warsaw,SocialBot,2,5,12,10,11,9,39,4,720,9700,11900,14,15,5,8,334,129880987,6019,19876850,4870462,15000,15520
FR Club 302,9,f3744923-3436-47ee-a7d4-272809b10350,ConservativeBot_302,FR,Europe/Paris,ConservativeBot,2,5,15,0,19,11,11,3,590,8050,9700,8,12,4,4,326,82474290,24734,16341200,5710614,15000,12600
FR Club 82,9,c6df28d8-1bf8-4dde-9c82-0b6372716413,YouthFocusedBot_82,FR,Europe/Madrid,YouthFocusedBot,2,5,8,7,10,13,34,1,330,4250,5500,5,12,5,9,315,19311167,1146,8981550,4493181,21700,22200
NL Club 335,9,b4f60935-4474-4a59-b671-1d2dd1587f6d,LadderGrinderBot_335,NL,Europe/Amsterdam,LadderGrinderBot,2,5,3,14,10,6,48,2,470,6300,7500,8,13,6,4,326,59029725,18606,12838200,8005041,15000,15640
NL Club 65,9,e1c26246-8404-4632-9dab-aade113a28eb,LadderGrinderBot_65,NL,Europe/Amsterdam,LadderGrinderBot,2,5,14,15,10,5,50,1,350,4250,5300,7,7,6,6,350,52221363,24341,9133680,3827024,15000,13800
NL Club 95,9,1aad108e-69ce-4f6f-8f02-db5ddf2e8e52,LadderGrinderBot_95,NL,Europe/Amsterdam,LadderGrinderBot,2,5,10,8,9,13,37,4,730,9600,12100,7,8,4,7,330,128883832,21941,20016530,5248562,15000,14060
PL Club 316,9,d93663fb-8e4e-48b8-8793-3b45d3651426,YouthFocusedBot_316,PL,Europe/Madrid,YouthFocusedBot,2,5,5,10,12,8,38,2,460,6100,7600,4,13,8,6,341,45262273,685,12631250,6679447,21500,21200
PL Club 86,9,e1abc38d-aa6c-4f3c-b826-7fab58373e1f,ConservativeBot_86,PL,Europe/Paris,ConservativeBot,2,5,9,9,8,13,40,1,340,4350,5200,5,6,5,5,353,39660465,26290,9072900,4575566,15000,14500
PT Club 320,9,96be8948-bc1b-4b84-af9b-0a7693f9a9bb,ConservativeBot_320,PT,Europe/Paris,ConservativeBot,2,5,11,11,10,9,42,4,720,9800,11900,9,11,8,3,339,103875386,18271,19980630,6676487,15000,12800
PT Club 330,9,e683404b-44f6-40a7-a72b-f0ea46397232,SocialBot_330,PT,Europe/Warsaw,SocialBot,2,5,13,10,15,5,35,3,610,7750,10000,7,15,5,5,343,94420540,18779,16410680,6275111,15000,14260
PT Club 90,9,abd77e3b-565e-4a11-8f39-54f034800296,SocialBot_90,PT,Europe/Warsaw,SocialBot,2,5,4,10,14,6,36,4,730,9800,11900,10,12,9,4,333,118991572,18190,20095980,6911152,15000,15000
AT Club 107,9,b8cbcad1-6155-4e67-bb28-3941ecf4f0bc,LadderGrinderBot_107,AT,Europe/Amsterdam,LadderGrinderBot,3,1,10,14,5,11,53,1,340,4550,5400,7,12,5,7,338,22297088,24024,7219650,5001963,15000,14060
BE Club 109,9,585a27c8-a1a4-461b-8a09-9e95f6342f27,NewManagerBot_109,BE,Europe/Berlin,NewManagerBot,3,1,2,10,14,6,36,2,460,6100,7600,9,9,4,6,328,44953590,22102,9826830,7280841,15000,11600
CH Club 108,9,2b027f11-de59-420a-b7d0-ef5d314a04fa,SocialBot_108,CH,Europe/Warsaw,SocialBot,3,1,11,5,11,14,29,1,330,4550,5600,9,9,6,5,337,21958370,24675,7211100,5063698,15000,10600
DE Club 111,9,805596ae-c0b3-4c48-bba3-a6d4f8a1aa71,AggressiveTraderBot_111,DE,Europe/Rome,AggressiveTraderBot,3,1,16,0,26,4,4,3,590,8350,9700,4,11,4,8,318,44977265,26,12923100,6494561,22400,23600
DE Club 131,9,cfde46e7-93d7-47c5-bd87-009d21bd1d4f,LadderGrinderBot_131,DE,Europe/Amsterdam,LadderGrinderBot,3,1,7,12,10,8,44,2,470,6000,7900,7,8,6,5,357,52452920,25808,9961500,6930132,15000,11200
DE Club 21,9,00f6fdb6-a2a1-40b2-a8dc-bbbfd111ed89,AggressiveTraderBot_21,DE,Europe/Rome,AggressiveTraderBot,3,1,9,5,14,11,26,3,600,8050,9800,3,7,3,3,348,76384000,108,12838650,9070342,22300,23500
ES Club 94,9,4aa1ccda-3a1d-4a25-a762-49aff917ed9b,YouthFocusedBot_94,ES,Europe/Madrid,YouthFocusedBot,3,1,13,11,10,9,42,3,590,7850,10100,3,11,6,5,336,93199426,590,12725130,4155169,21500,22800
FR Club 112,9,a15b6a0b-37cb-4a21-ae23-4b81fd31f3b6,YouthFocusedBot_112,FR,Europe/Madrid,YouthFocusedBot,3,1,12,11,5,14,47,2,460,6200,7700,3,11,7,1,330,47628267,613,9906630,4010834,21700,21800
FR Club 52,9,64c2c870-4cd1-4757-a3a5-44b6c9811f67,YouthFocusedBot_52,FR,Europe/Madrid,YouthFocusedBot,3,1,1,14,10,6,48,1,330,4650,5500,6,11,8,8,335,21043893,1274,7268130,6644613,22100,20900
IT Club 103,9,60f61091-88a8-41c4-8e14-7f15e8d04cfc,NewManagerBot_103,IT,Europe/Berlin,NewManagerBot,3,1,8,10,12,8,38,4,720,9800,12100,6,11,5,6,340,97569832,24595,15604650,4689010,15000,15480
IT Club 123,9,abd03c1f-5074-48bf-a143-bd17d4591bea,AggressiveTraderBot_123,IT,Europe/Rome,AggressiveTraderBot,3,1,15,26,0,4,82,3,610,7850,9900,6,10,7,2,356,63710521,139,12836130,6511487,22500,22200
IT Club 73,9,a5c71d17-12f8-4cdd-a0e0-181abab6a3e1,NewManagerBot_73,IT,Europe/Berlin,NewManagerBot,3,1,14,10,11,9,39,3,590,8050,9900,11,12,9,3,333,77375691,17194,12806430,5809069,15000,11000
PL Club 106,9,4e4c2586-f2ba-40ab-9ac3-3378ba751f49,YouthFocusedBot_106,PL,Europe/Madrid,YouthFocusedBot,3,1,4,5,11,14,29,4,720,9500,12200,3,12,1,4,332,101133636,1417,15397850,3845274,22200,20800
PL Club 136,9,70f861f6-8a3e-42c4-8761-6ac90a75e15b,YouthFocusedBot_136,PL,Europe/Madrid,YouthFocusedBot,3,1,3,11,5,14,47,1,340,4250,5600,2,10,8,6,324,20082504,1944,7125450,3053341,21900,20300
PL Club 196,9,4869a90a-1243-45a7-86eb-bc8d9a148363,YouthFocusedBot_196,PL,Europe/Madrid,YouthFocusedBot,3,1,6,19,3,8,65,2,470,6300,7600,3,8,3,7,345,53311749,1587,10042090,5843037,22200,20900
PT Club 190,9,d557eb61-328b-455a-ac12-bdf7160c3c0a,YouthFocusedBot_190,PT,Europe/Madrid,YouthFocusedBot,3,1,5,3,19,8,17,1,330,4350,5400,2,8,6,6,320,28081589,11,7046280,3763016,21500,22600
AT Club 117,9,e6ca718d-1ead-4b7e-a9ac-c0ca863c7f73,AggressiveTraderBot_117,AT,Europe/Rome,AggressiveTraderBot,3,2,9,11,8,11,44,2,460,6000,7900,4,14,4,11,337,16786548,977,9837800,8361364,22600,22000
AT Club 17,9,7f52514d-1425-4197-b719-69243e46b753,LadderGrinderBot_17,AT,Europe/Amsterdam,LadderGrinderBot,3,2,1,16,8,6,54,2,460,6100,8000,7,8,4,7,336,48236383,22447,9958950,3310004,15000,15260
BE Club 219,9,11b113fe-aa84-4d84-868d-b16a13592b66,AggressiveTraderBot_219,BE,Europe/Rome,AggressiveTraderBot,3,2,2,8,16,6,30,2,460,6200,7900,4,11,5,8,335,38141157,42,9988550,9211839,22100,22900
BE Club 39,9,bc3e1ffa-a7c5-4453-a010-a40c2e5624a4,AggressiveTraderBot_39,BE,Europe/Rome,AggressiveTraderBot,3,2,10,8,11,11,35,4,730,9600,12100,2,9,7,1,359,136172517,1415,15561800,7463503,22100,21300
CH Club 118,9,7483179c-ed57-4cee-a179-14c5a6ba9c62,YouthFocusedBot_118,CH,Europe/Madrid,YouthFocusedBot,3,2,5,12,10,8,44,3,590,7950,9800,5,11,6,4,323,75613555,1203,12693900,3642768,21700,21400
CH Club 278,9,82195ca3-330f-4efe-a58b-2604bbc022d3,ConservativeBot_278,CH,Europe/Paris,ConservativeBot,3,2,15,22,2,6,72,2,460,6200,7700,8,10,5,2,344,59850555,27752,9908100,4445396,15000,12400
DE Club 221,9,c2ee84de-1a9e-4427-b582-e08a783d636d,LadderGrinderBot_221,DE,Europe/Amsterdam,LadderGrinderBot,3,2,13,14,11,5,47,4,730,9600,12000,7,7,7,5,342,91532141,21408,15565800,5008507,15000,12400
ES Club 114,9,f3c2e9c0-a82f-4e00-a062-05a6ec4fb90b,SocialBot_114,ES,Europe/Warsaw,SocialBot,3,2,4,14,10,6,48,1,340,4350,5400,8,11,6,6,347,28051175,23278,7103750,4703923,15000,13840
ES Club 14,9,8b3acb80-1554-4a27-aa02-46fb3057deae,ConservativeBot_14,ES,Europe/Paris,ConservativeBot,3,2,11,5,14,11,26,3,600,7850,10200,10,10,5,5,358,101861965,24132,12834500,2985250,15000,11200
ES Club 194,9,937a9d70-1cc0-4113-8471-2351989b0165,ConservativeBot_194,ES,Europe/Paris,ConservativeBot,3,2,14,11,14,5,38,4,730,9600,12100,11,12,4,7,319,104032662,9439,15549350,4465768,15000,15180
FR Club 122,9,7313cd66-e9c4-4710-a0ac-2423670ab347,ConservativeBot_122,FR,Europe/Paris,ConservativeBot,3,2,3,10,14,6,36,2,460,6100,7700,9,10,5,4,356,57265402,27824,9847700,2333098,15000,11000
IT Club 193,9,e3c5b140-56f3-4708-b136-7f7ab0a3705b,NewManagerBot_193,IT,Europe/Berlin,NewManagerBot,3,2,12,14,5,11,53,2,460,6300,7400,7,7,6,5,346,60385296,26237,9919800,6602419,15000,13400
NL Club 125,9,20c0ee5d-34d1-4bc2-9c86-8e8b91513228,LadderGrinderBot_125,NL,Europe/Amsterdam,LadderGrinderBot,3,2,8,12,13,5,41,4,720,9800,12100,9,11,7,7,339,95329765,25280,15626600,4740553,15000,11000
NL Club 25,9,199d0dcf-02ce-4689-b524-4045b4b27001,NewManagerBot_25,NL,Europe/Berlin,NewManagerBot,3,2,16,2,22,6,12,1,340,4350,5400,11,12,6,6,319,21330841,18843,7095150,5974756,15000,13580
PL Club 116,9,47e4d6c7-4684-40ef-b555-2bf2bf45480b,ConservativeBot_116,PL,Europe/Paris,ConservativeBot,3,2,7,13,12,5,44,4,720,9700,12000,10,13,6,2,317,93440322,8611,15479400,6868223,15000,14400
PL Club 126,9,6311e709-b24e-4646-bc1b-16eb6e9a704c,SocialBot_126,PL,Europe/Warsaw,SocialBot,3,2,6,10,12,8,38,3,590,7850,9900,9,11,6,5,333,66073676,19761,12663980,4410112,15000,13420
AT Club 137,9,a2c2667c-93d8-4cee-835d-eb187ab094d2,LadderGrinderBot_137,AT,Europe/Amsterdam,LadderGrinderBot,3,3,6,0,29,1,1,4,730,9500,12300,8,9,3,6,318,92832845,27142,15556250,5912999,15000,11200
BE Club 119,9,01f3fc7b-ecc8-4da8-a134-205f5b0cc3be,LadderGrinderBot_119,BE,Europe/Amsterdam,LadderGrinderBot,3,3,8,9,10,11,38,2,460,6200,7700,12,13,5,8,334,43750300,14463,9906780,4420767,15000,11800
BE Club 129,9,7cdc5c78-c824-4981-ac60-c065a701c67b,AggressiveTraderBot_129,BE,Europe/Rome,AggressiveTraderBot,3,3,10,5,11,14,29,1,330,4350,5300,4,11,7,3,337,2678739,1683,6981030,7341583,22500,22000
BE Club 209,9,ad27e825-0edb-4922-b7c0-610ff60581e4,LadderGrinderBot_209,BE,Europe/Amsterdam,LadderGrinderBot,3,3,5,29,0,1,88,2,460,6100,7800,9,11,7,6,353,55370833,17911,9895400,7004660,15000,14220
DE Club 141,9,7e1cd9ae-3a02-4cdd-91cf-3f233a94490c,AggressiveTraderBot_141,DE,Europe/Rome,AggressiveTraderBot,3,3,12,2,21,7,13,4,720,9600,12100,6,13,7,4,316,81870123,944,15472950,4193787,21900,21500
DE Club 231,9,947df70f-bccc-4983-a67e-88e5a984ff5f,AggressiveTraderBot_231,DE,Europe/Rome,AggressiveTraderBot,3,3,7,10,9,11,41,4,720,9500,12200,5,12,6,4,316,77210154,-623,15439080,8069640,22300,24400
ES Club 144,9,b58e2ae3-cb5e-4291-8508-631ece4472c7,SocialBot_144,ES,Europe/Warsaw,SocialBot,3,3,1,14,7,9,51,2,460,6200,7800,8,11,7,5,347,40828179,23067,9953900,7081385,15000,13840
ES Club 4,9,85120ad2-7fa3-4217-8604-f29bf87884d3,YouthFocusedBot_4,ES,Europe/Madrid,YouthFocusedBot,3,3,14,12,7,11,47,4,720,9500,12400,2,10,6,5,325,114617226,813,15510500,4893497,22100,21600
FR Club 142,9,60096c04-5158-4a2f-8934-81a7b1f99149,YouthFocusedBot_142,FR,Europe/Madrid,YouthFocusedBot,3,3,4,9,11,10,37,2,480,6000,7700,2,13,3,4,339,39560127,240,9907400,5220007,21800,21700
FR Club 22,9,673d69b5-669c-4786-9e06-d7aa63e589c6,YouthFocusedBot_22,FR,Europe/Madrid,YouthFocusedBot,3,3,9,11,5,14,47,1,340,4450,5500,6,11,5,3,327,22249943,699,7176300,4909297,21500,22400
FR Club 62,9,f24edcd9-ec85-45dc-a843-7ffe73560a01,ConservativeBot_62,FR,Europe/Paris,ConservativeBot,3,3,3,11,9,10,43,2,460,6200,7800,10,10,10,4,319,48110595,20599,9981930,4277466,15000,10400
IT Club 133,9,964149c1-5c4d-4fc5-a66f-ed386181abe4,NewManagerBot_133,IT,Europe/Berlin,NewManagerBot,3,3,11,21,2,7,70,1,330,4450,5400,8,11,5,9,341,16502732,24587,7091180,4086907,15000,13240
IT Club 23,9,36b04951-ec86-4657-8847-b76a079db506,LadderGrinderBot_23,IT,Europe/Amsterdam,LadderGrinderBot,3,3,13,7,12,11,32,2,470,6100,7800,10,12,7,7,337,63559220,20013,9980330,4652193,15000,15600
PL Club 66,9,046ea3ba-9a18-466f-82c9-69395045c2ad,SocialBot_66,PL,Europe/Warsaw,SocialBot,3,3,16,12,11,7,43,3,590,8050,9900,8,8,5,4,319,77797309,27449,12801150,3476653,15000,12000
PT Club 130,9,7145701e-f8bd-42d6-9d35-945927b2a810,YouthFocusedBot_130,PT,Europe/Madrid,YouthFocusedBot,3,3,2,7,14,9,30,2,470,6200,7600,4,9,5,3,354,46825108,290,9969940,4609308,21900,23500
PT Club 140,9,9694c29c-f247-42b8-8997-0f26d442b2e2,ConservativeBot_140,PT,Europe/Paris,ConservativeBot,3,3,15,11,12,7,40,2,480,6200,7600,7,14,8,4,332,36783512,25622,10042650,5810978,15000,15060
AT Club 147,9,5aa85c20-0519-4beb-9fb9-6708f96e84af,AggressiveTraderBot_147,AT,Europe/Rome,AggressiveTraderBot,3,4,4,7,8,15,36,2,460,6100,7800,4,11,8,6,322,26716743,1248,9910730,7395672,22300,22100
AT Club 157,9,f4ac4c0c-9b24-42ea-b416-093b9beedc65,NewManagerBot_157,AT,Europe/Berlin,NewManagerBot,3,4,14,10,12,8,38,3,590,7750,9900,6,7,6,6,335,73028556,25889,12644250,5552633,15000,14080
AT Club 27,9,7603bc01-2726-424b-bcc5-6a07d8f22a39,AggressiveTraderBot_27,AT,Europe/Rome,AggressiveTraderBot,3,4,8,8,6,16,40,3,600,7850,9900,3,11,8,5,328,62545793,204,12762300,9392707,21900,21900
AT Club 97,9,618ea146-3ba0-4ae0-b788-e4dafedba22b,NewManagerBot_97,AT,Europe/Berlin,NewManagerBot,3,4,13,12,10,8,44,2,470,6100,7900,8,15,8,4,330,54555944,24690,9982280,4304927,15000,13240
DE Club 51,9,348cf306-9bd1-412e-a9f9-2271d6198998,AggressiveTraderBot_51,DE,Europe/Rome,AggressiveTraderBot,3,4,2,17,2,11,62,4,730,9800,11900,3,12,5,2,349,93298312,1249,15601100,6672267,22600,21800
ES Club 124,9,2ee52a8c-67ce-4898-a8c0-76a6418d21d0,YouthFocusedBot_124,ES,Europe/Madrid,YouthFocusedBot,3,4,10,12,13,5,41,3,590,7850,9800,5,13,7,4,341,71272837,1258,12631230,6796993,21600,20700
ES Club 154,9,628d4312-db8c-4ba9-993b-6015197c410a,YouthFocusedBot_154,ES,Europe/Madrid,YouthFocusedBot,3,4,15,13,9,8,47,1,330,4450,5400,3,6,4,4,342,19445582,122,7098500,5572770,21600,21200
ES Club 264,9,45fa72ac-91e2-4882-8137-ff626d22ae1a,SocialBot_264,ES,Europe/Warsaw,SocialBot,3,4,3,8,7,15,39,4,720,9500,12200,7,12,8,9,338,100076997,23316,15477780,3265996,15000,12660
ES Club 284,9,728a473c-8d8b-4456-8e22-20b98852cebc,ConservativeBot_284,ES,Europe/Paris,ConservativeBot,3,4,6,13,10,7,46,3,600,7850,9700,6,7,6,6,333,76786006,26318,12727100,5750579,15000,14280
FR Club 102,9,1057bce7-2dbd-4e33-bbce-6cd6f9e1f38b,SocialBot_102,FR,Europe/Warsaw,SocialBot,3,4,11,7,14,9,30,3,590,8050,9800,7,12,7,3,339,75638475,23796,12759230,3966499,15000,12000
FR Club 12,9,c637d677-633e-4315-a0a6-f26a3751e2f8,SocialBot_12,FR,Europe/Warsaw,SocialBot,3,4,9,13,12,5,44,1,330,4350,5400,11,13,8,8,330,25088643,21345,7034130,4114132,15000,10600
IT Club 173,9,159887e1-97be-479a-9c8f-3103bf6b079a,LadderGrinderBot_173,IT,Europe/Amsterdam,LadderGrinderBot,3,4,7,6,8,16,34,1,340,4350,5500,9,14,8,7,327,27243508,17310,7125600,5056740,15000,13620
NL Club 155,9,8dd2028f-36e1-4e26-b433-e847bc872591,LadderGrinderBot_155,NL,Europe/Amsterdam,LadderGrinderBot,3,4,16,9,13,8,35,3,590,8150,9700,8,13,8,3,334,66828197,18826,12794100,3936788,15000,14440
NL Club 245,9,0d22986b-e0ff-4b27-901e-5016fa049f99,LadderGrinderBot_245,NL,Europe/Amsterdam,LadderGrinderBot,3,4,5,10,13,7,37,3,600,7750,10000,10,11,7,5,346,74791472,16282,12721200,5054235,15000,15200
NL Club 265,9,3924ec2a-a12c-4fcb-a0c5-2e89a8e63f59,NewManagerBot_265,NL,Europe/Berlin,NewManagerBot,3,4,12,14,7,9,51,2,460,6000,7700,7,9,8,6,355,48677433,27246,9825230,3899225,15000,12000
PT Club 150,9,53c31711-ece7-44c8-9010-f5787b6c8a2c,SocialBot_150,PT,Europe/Warsaw,SocialBot,3,4,1,2,17,11,17,2,480,6200,7500,10,15,7,10,324,40759180,20417,10026030,5177509,15000,12200
BE Club 149,9,5c2c6a66-57ac-498b-bc72-22c94ceb72c0,LadderGrinderBot_149,BE,Europe/Amsterdam,LadderGrinderBot,3,5,13,28,0,2,86,2,470,6100,7700,12,13,6,4,356,58058192,14977,9921080,5532308,15000,15160
BE Club 169,9,0018448d-cc8b-4968-a965-d6ed95a5d5ee,NewManagerBot_169,BE,Europe/Berlin,NewManagerBot,3,5,14,0,28,2,2,4,730,9700,12000,7,14,7,6,326,97524573,25802,15585190,5992975,15000,11600
CH Club 168,9,973da36b-7346-4843-94cb-ed5ac76e792d,SocialBot_168,CH,Europe/Warsaw,SocialBot,3,5,5,7,10,13,34,1,340,4450,5400,7,11,5,6,334,21463951,19404,7152030,3844379,15000,15460
CH Club 18,9,62619cd8-64ad-40dc-9339-cb65538bc836,SocialBot_18,CH,Europe/Warsaw,SocialBot,3,5,12,10,11,9,39,3,590,8050,9700,8,13,4,2,354,81569726,26154,12692100,3915290,15000,11600
CH Club 68,9,fb90b587-dadf-49bd-9ace-7d8da42b9389,ConservativeBot_68,CH,Europe/Paris,ConservativeBot,3,5,4,8,12,10,34,3,600,8050,9800,9,9,7,8,322,71479532,23487,12876180,5484270,15000,11000
DE Club 171,9,433ab017-968b-404a-9262-2ad4e76bdb9a,AggressiveTraderBot_171,DE,Europe/Rome,AggressiveTraderBot,3,5,9,12,9,9,45,4,730,9700,11900,6,7,6,6,331,76095274,722,15594930,8520113,22000,22700
ES Club 174,9,024ed886-a400-4f98-8f69-6de68a8dc084,SocialBot_174,ES,Europe/Warsaw,SocialBot,3,5,1,7,11,12,33,4,730,9700,12100,12,12,6,8,342,91505188,13236,15623590,5040652,15000,12600
FR Club 262,9,1b091843-a469-4eb4-ba1c-3936c30e8dee,YouthFocusedBot_262,FR,Europe/Madrid,YouthFocusedBot,3,5,10,9,12,9,36,2,460,6100,7700,4,14,5,3,347,49896041,1817,9811950,5687196,21800,21900
FR Club 272,9,a60e7403-d1a2-451f-9b36-6c8c85e1d78c,ConservativeBot_272,FR,Europe/Paris,ConservativeBot,3,5,6,10,7,13,43,3,600,7850,10000,8,10,4,9,330,74644606,18848,12784400,6638573,15000,13840
FR Club 32,9,a908df90-2ca1-4aeb-90e5-14f9f8ec6ee9,ConservativeBot_32,FR,Europe/Paris,ConservativeBot,3,5,3,12,8,10,46,1,330,4450,5300,9,12,8,5,330,26109229,22149,7061400,5776875,15000,15220
IT Club 163,9,aeebbfd9-f54e-42a8-8978-c101f9ddf84b,NewManagerBot_163,IT,Europe/Berlin,NewManagerBot,3,5,15,8,13,9,33,2,460,6300,7600,6,7,5,4,315,49155188,27864,9972450,2753476,15000,13600
IT Club 253,9,25a12e17-2ad9-49a3-89f4-ce70388c9308,NewManagerBot_253,IT,Europe/Berlin,NewManagerBot,3,5,8,12,12,6,42,1,330,4350,5400,11,12,7,5,345,23429869,19680,7017780,5215217,15000,15380
PL Club 166,9,bf3feda8-e4cd-473c-865d-cfeac769a612,YouthFocusedBot_166,PL,Europe/Madrid,YouthFocusedBot,3,5,7,12,12,6,42,3,600,7750,9900,3,12,8,1,329,67857763,1918,12680300,4150821,21400,21400
PL Club 176,9,e09865c8-301c-4a45-b0ef-8e7b03a6cbbf,ConservativeBot_176,PL,Europe/Paris,ConservativeBot,3,5,11,11,10,9,42,1,330,4250,5600,5,10,5,5,340,20001671,26500,7016100,5420506,15000,11600
PT Club 20,9,5d15ac60-92b2-45c6-b41c-5320a627c958,ConservativeBot_20,PT,Europe/Paris,ConservativeBot,3,5,2,11,7,12,45,4,720,9600,12300,10,11,4,6,334,107654450,17176,15530550,3762269,15000,14200
PT Club 80,9,662d1daa-cb50-4e3d-9658-df500ce809e4,ConservativeBot_80,PT,Europe/Paris,ConservativeBot,3,5,16,13,8,9,48,3,610,8050,9800,8,14,6,5,315,70635083,22499,12904960,7126272,15000,14640
AT Club 187,9,9e41080b-0a1c-43ec-a652-ffda1c3b89b5,NewManagerBot_187,AT,Europe/Berlin,NewManagerBot,3,6,3,7,11,12,33,4,720,9500,12100,12,13,4,5,320,97514396,12989,15381530,4555135,15000,15160
AT Club 277,9,1e1139dc-0372-444a-beff-d52fc52a6be8,NewManagerBot_277,AT,Europe/Berlin,NewManagerBot,3,6,12,10,11,9,39,2,470,6100,7700,8,12,4,5,332,59486210,21064,9917300,3489094,15000,12240
BE Club 189,9,4497be84-e199-4e43-ba29-5768a0e6218a,AggressiveTraderBot_189,BE,Europe/Rome,AggressiveTraderBot,3,6,6,5,11,14,29,2,460,6000,7600,2,13,7,3,321,12463711,757,9752400,9404614,22400,21800
CH Club 128,9,bc14cf8f-78a7-4317-85fe-85b18d67f9b6,ConservativeBot_128,CH,Europe/Paris,ConservativeBot,3,6,2,7,10,13,34,3,590,8050,10000,6,9,6,7,321,71605177,25989,12850800,5603702,15000,13200
CH Club 178,9,49819763-2993-4393-90f8-146e24a592e6,YouthFocusedBot_178,CH,Europe/Madrid,YouthFocusedBot,3,6,11,11,10,9,42,3,590,7850,10000,2,9,6,4,338,68047033,143,12712400,3658082,21900,23200
CH Club 218,9,63ef6e6c-901c-46d8-8fe3-694ec8c18275,ConservativeBot_218,CH,Europe/Paris,ConservativeBot,3,6,14,10,7,13,43,4,730,9700,12000,10,10,5,7,349,113465675,21248,15598950,5780417,15000,12800
CH Club 98,9,30333bdd-d11e-4e52-986b-c6fbd073b7a1,ConservativeBot_98,CH,Europe/Paris,ConservativeBot,3,6,13,7,10,13,34,2,460,6200,7800,8,10,5,5,334,60872472,20236,9944930,3597666,15000,11600
DE Club 181,9,4b256b0b-459a-4a00-9bfa-0c1726044877,NewManagerBot_181,DE,Europe/Berlin,NewManagerBot,3,6,15,8,15,7,31,1,350,4550,5400,11,12,8,4,333,18684749,16324,7301280,3766305,15000,14980
DE Club 191,9,5209c0b7-1b42-498c-b8ec-2a03c187686c,LadderGrinderBot_191,DE,Europe/Amsterdam,LadderGrinderBot,3,6,1,10,7,13,43,2,460,6200,7600,9,10,7,6,328,39298961,24885,9912300,7286636,15000,11200
FR Club 182,9,18279032-98b4-4926-8ab9-164cb988f81c,ConservativeBot_182,FR,Europe/Paris,ConservativeBot,3,6,5,11,5,14,47,1,330,4350,5500,10,13,6,7,336,20392039,25322,7036200,5946906,15000,11800
FR Club 192,9,f4750b95-fc78-4c49-ba82-cc1eb1bc7b47,SocialBot_192,FR,Europe/Warsaw,SocialBot,3,6,9,12,11,7,43,1,330,4450,5500,10,10,6,6,318,16625780,16298,7115930,6652379,15000,12800
PL Club 26,9,2feac2a4-af37-4a38-83a4-381b3f97cf44,ConservativeBot_26,PL,Europe/Paris,ConservativeBot,3,6,7,11,9,10,43,4,730,9600,12100,8,13,4,4,335,100422159,22770,15521730,6205189,15000,14840
PL Club 276,9,f26d2663-fed0-49cd-89c7-5c7beff462f7,SocialBot_276,PL,Europe/Warsaw,SocialBot,3,6,4,11,7,12,45,3,590,8050,9900,9,12,6,5,318,75608473,23546,12790250,4397592,15000,14220
PL Club 286,9,d1715c76-f74c-48ca-92e4-70cbebd64c71,YouthFocusedBot_286,PL,Europe/Madrid,YouthFocusedBot,3,6,8,9,11,10,37,1,350,4450,5400,4,10,6,4,343,22842977,1915,7245000,4814984,21400,20300
PT Club 120,9,9e07ec54-6e86-4cb6-98b1-235b6a352569,SocialBot_120,PT,Europe/Warsaw,SocialBot,3,6,10,11,12,7,40,3,590,7850,9800,9,9,8,8,327,72397654,28458,12680100,5636730,15000,12200
PT Club 60,9,60f577ef-d7cb-43ee-9c2b-5c18844d2f03,SocialBot_60,PT,Europe/Warsaw,SocialBot,3,6,16,15,8,7,52,2,460,6200,7800,7,9,6,6,315,49003843,19975,9966030,5322546,15000,14260
AT Club 167,9,4ff99c0f-f940-43af-b39e-85d4dbb6271e,LadderGrinderBot_167,AT,Europe/Amsterdam,LadderGrinderBot,3,7,16,11,9,10,43,2,460,6300,7600,8,9,6,6,317,43935617,18615,9967050,5096313,15000,15840
AT Club 77,9,a09cbe08-d33b-492c-8eac-8a985fe5293b,LadderGrinderBot_77,AT,Europe/Amsterdam,LadderGrinderBot,3,7,14,13,6,11,50,3,600,7850,10100,7,9,3,7,339,88320466,23537,12810460,4821370,15000,13860
BE Club 199,9,54ff5ad4-faa4-4031-a15c-cb2dc743bd7c,NewManagerBot_199,BE,Europe/Berlin,NewManagerBot,3,7,10,15,11,4,49,1,340,4250,5500,7,11,5,5,341,22158992,26059,7059030,4996616,15000,13200
CH Club 198,9,b12f1edc-e973-459e-9661-eb8b94f20853,SocialBot_198,CH,Europe/Warsaw,SocialBot,3,7,15,9,11,10,37,3,610,7950,9800,9,14,8,5,320,67810193,23960,12858310,5213586,15000,11200
CH Club 48,9,5f2451f2-0668-4b60-98fc-bd64c9e6ae9c,SocialBot_48,CH,Europe/Warsaw,SocialBot,3,7,1,10,6,14,44,4,720,9800,12200,11,11,4,8,322,101230347,25311,15629300,7777755,15000,10400
CH Club 8,9,b027d720-ee06-4f8c-924d-112b01c3dc75,ConservativeBot_8,CH,Europe/Paris,ConservativeBot,3,7,6,8,9,13,37,2,460,6200,7500,10,11,8,6,321,57278215,22312,9882750,3575691,15000,10600
DE Club 161,9,724b6093-c959-483a-9e1f-31d5fecc9162,LadderGrinderBot_161,DE,Europe/Amsterdam,LadderGrinderBot,3,7,4,9,14,7,34,4,730,9700,11900,7,14,6,7,337,97571034,20843,15544510,3906146,15000,14860
ES Club 204,9,f57a98e7-1fc6-400f-a6e8-570ac0ed9836,SocialBot_204,ES,Europe/Warsaw,SocialBot,3,7,5,9,8,13,40,1,330,4350,5500,8,13,6,6,323,16521239,22207,7038200,5459769,15000,15440
FR Club 2,9,d7d3e20a-8306-409e-b6de-ae08adecd752,ConservativeBot_2,FR,Europe/Paris,ConservativeBot,3,7,9,11,15,4,37,1,340,4650,5400,9,13,5,6,338,41309382,21824,7262150,5038136,15000,13420
FR Club 252,9,3c1559dc-f84c-41c2-ba6b-a09bdb4ec5e7,SocialBot_252,FR,Europe/Warsaw,SocialBot,3,7,13,6,13,11,29,4,720,9700,12000,10,16,6,8,341,100601229,13314,15493350,4382887,15000,15000
IT Club 183,9,257bb0fb-4722-43fe-ac46-ab7aacc93603,AggressiveTraderBot_183,IT,Europe/Rome,AggressiveTraderBot,3,7,3,14,9,7,49,4,730,9700,12100,3,10,5,8,351,74338151,1609,15633450,7642345,22100,21300
NL Club 165,9,0d46166f-1c23-4fd1-8d98-9c303ba3ca81,AggressiveTraderBot_165,NL,Europe/Rome,AggressiveTraderBot,3,7,7,12,12,6,42,3,590,7750,10100,4,11,5,5,351,49167186,1183,12661800,6824428,21800,21200
NL Club 185,9,fcec7403-56e0-4cd8-8dd1-a8bb20d39472,LadderGrinderBot_185,NL,Europe/Amsterdam,LadderGrinderBot,3,7,11,10,11,9,39,2,470,6100,7600,9,11,8,8,347,49701390,21629,9932780,4071907,15000,14020
NL Club 205,9,3fd072aa-fc30-4ce4-b2f3-fcef0f234790,NewManagerBot_205,NL,Europe/Berlin,NewManagerBot,3,7,8,12,12,6,42,3,610,7850,9700,8,10,6,9,334,66078697,22512,12789460,4250784,15000,10600
PL Club 266,9,61c9eee0-c373-4c47-b71c-69ad37f787a5,ConservativeBot_266,PL,Europe/Paris,ConservativeBot,3,7,12,11,10,9,42,3,600,7850,9900,8,8,6,2,348,73812909,24783,12754680,6985275,15000,11400
PT Club 260,9,a368befa-b280-4161-b1e0-64a658fdff05,ConservativeBot_260,PT,Europe/Paris,ConservativeBot,3,7,2,6,10,14,32,1,330,4350,5400,10,11,3,6,325,10802280,19164,6999900,6333278,15000,13600
CH Club 188,9,0b899502-7cbb-4eb8-83eb-46db4b9bbe71,ConservativeBot_188,CH,Europe/Paris,ConservativeBot,3,8,7,10,9,11,41,1,330,4350,5600,7,11,3,7,343,22562261,24313,7055750,1843431,15000,12260
CH Club 38,9,b06d0a6d-4efe-4488-b02e-6030ffbe434a,ConservativeBot_38,CH,Europe/Paris,ConservativeBot,3,8,14,10,10,10,40,2,470,6200,7500,9,15,3,5,318,48851478,19549,9890700,4456719,15000,15620
DE Club 71,9,2c4a53fa-60af-49ce-a743-ec79a51856ba,LadderGrinderBot_71,DE,Europe/Amsterdam,LadderGrinderBot,3,8,11,8,6,16,40,2,460,6400,7700,11,11,8,6,324,44637189,12195,10062230,8437884,15000,12600
ES Club 214,9,438a011b-77a0-4955-a26e-aa44f847c545,YouthFocusedBot_214,ES,Europe/Madrid,YouthFocusedBot,3,8,3,12,14,4,40,1,340,4450,5500,4,10,6,8,324,18527170,299,7214250,5932610,21900,22900
ES Club 224,9,fde34949-443f-44d9-82d4-1108a8a113f1,ConservativeBot_224,ES,Europe/Paris,ConservativeBot,3,8,5,13,6,11,50,2,470,6300,7500,11,13,2,3,321,42793988,18327,9949500,6324153,15000,11400
ES Club 74,9,40cc7e01-3f6b-473e-b0f3-785115d6b7d5,ConservativeBot_74,ES,Europe/Paris,ConservativeBot,3,8,10,8,10,12,36,4,720,9600,12200,6,11,6,8,337,116909227,25301,15518400,3693254,15000,13680
FR Club 172,9,e72f24b6-7ab5-4d0e-aa4d-2ea29b171b82,YouthFocusedBot_172,FR,Europe/Madrid,YouthFocusedBot,3,8,15,19,4,7,64,1,330,4350,5600,5,11,4,5,345,28289882,1071,7062500,4673482,21700,20500
FR Club 222,9,d92752c6-ade6-4ecd-b7ad-5db16998b5c9,SocialBot_222,FR,Europe/Warsaw,SocialBot,3,8,12,6,8,16,34,3,590,7950,10000,10,11,7,7,320,67796850,23305,12781850,5390800,15000,12000
FR Club 42,9,17eab328-3e2a-4417-8362-83c387f0a589,SocialBot_42,FR,Europe/Warsaw,SocialBot,3,8,6,6,13,11,29,1,330,4450,5500,8,12,5,5,332,19609799,25882,7087350,4573672,15000,15440
FR Club 72,9,6eb1e349-53a1-43a2-82a9-8bcd0ced166c,SocialBot_72,FR,Europe/Warsaw,SocialBot,3,8,1,8,13,9,33,3,610,7750,9700,9,11,7,6,341,86889855,26004,12723750,6057505,15000,12400
IT Club 223,9,b33e05e6-5a0f-47ab-8f6b-317948bf2a99,NewManagerBot_223,IT,Europe/Berlin,NewManagerBot,3,8,13,10,10,10,40,3,590,8150,9700,8,8,5,4,316,66732908,24651,12801930,4446401,15000,11000
PL Club 216,9,9b637931-3cc8-4eb1-8698-183124cb74bb,SocialBot_216,PL,Europe/Warsaw,SocialBot,3,8,16,4,19,7,19,1,330,4450,5400,9,11,2,8,318,15431721,26439,7063650,4944816,15000,13020
PT Club 170,9,bf2b8ed2-3e14-4913-9321-e67377c212e6,ConservativeBot_170,PT,Europe/Paris,ConservativeBot,3,8,9,10,8,12,42,1,330,4450,5400,8,9,6,7,334,25667972,27117,7105280,4615622,15000,11200
PT Club 210,9,86e038fe-0ba4-4664-b86b-51cb891b8805,SocialBot_210,PT,Europe/Warsaw,SocialBot,3,8,8,9,10,11,38,3,600,7950,9800,10,11,4,4,327,73355658,23604,12755710,2110326,15000,12600
PT Club 220,9,7c28b66e-fc5e-4822-a33c-24f05aec4ca9,YouthFocusedBot_220,PT,Europe/Madrid,YouthFocusedBot,3,8,4,14,12,4,46,1,340,4350,5400,2,10,7,8,327,25048209,-183,7126980,4551217,21600,22500
PT Club 70,9,8ed79a7e-dfc8-4dc6-b3b4-c972b561ddeb,YouthFocusedBot_70,PT,Europe/Madrid,YouthFocusedBot,3,8,2,13,8,9,48,4,730,9800,11900,3,7,2,7,321,103453016,925,15627190,2577326,21800,22200
AT Club 227,9,c95b8b8e-554e-422c-a66c-d2e6e5e6fbb6,LadderGrinderBot_227,AT,Europe/Amsterdam,LadderGrinderBot,3,9,6,14,10,6,48,2,480,6200,7600,10,13,6,5,337,47933365,14186,10032780,1968548,15000,10800
AT Club 267,9,e3b70cb6-1354-400b-85e6-a68e77dc686d,AggressiveTraderBot_267,AT,Europe/Rome,AggressiveTraderBot,3,9,13,10,12,8,38,2,460,6000,7900,6,7,6,6,323,22727890,1233,9884300,6470422,22500,22900
BE Club 239,9,aac97cd2-4015-4ebd-8173-40e2c488b36f,LadderGrinderBot_239,BE,Europe/Amsterdam,LadderGrinderBot,3,9,4,7,19,4,25,4,720,9700,12300,8,12,4,4,332,97050893,26885,15570380,4895390,15000,13800
BE Club 259,9,b828ba92-3787-49ca-83d1-66ed8b43da8a,NewManagerBot_259,BE,Europe/Berlin,NewManagerBot,3,9,12,8,10,12,36,3,590,7950,9900,10,11,7,6,315,69811030,18250,12740580,5803911,15000,16400
CH Club 238,9,e8ae7945-27c8-4a95-a035-d5ddf08ebb45,YouthFocusedBot_238,CH,Europe/Madrid,YouthFocusedBot,3,9,9,6,9,15,33,4,730,9600,12000,2,10,3,6,337,96741113,-330,15514250,5757046,21700,22400
CH Club 288,9,27cf0581-ccc5-4343-b33a-311ef5a6e1da,SocialBot_288,CH,Europe/Warsaw,SocialBot,3,9,1,7,9,14,35,4,720,9600,12100,8,9,3,6,332,102066824,29361,15472200,5788266,15000,13040
FR Club 232,9,f5d01f5a-dffe-4682-adcb-4b5cf426340b,YouthFocusedBot_232,FR,Europe/Madrid,YouthFocusedBot,3,9,14,12,10,8,44,2,470,6100,7800,6,9,7,3,325,44318800,1231,9984830,5071956,21700,22200
IT Club 233,9,ed4bacb7-638a-4081-b1bc-c2704a08a0ee,LadderGrinderBot_233,IT,Europe/Amsterdam,LadderGrinderBot,3,9,5,10,14,6,36,2,460,6100,7700,8,10,7,4,333,43457249,21554,9871980,7162542,15000,14040
IT Club 243,9,57eeb85d-9fd3-4c86-bc74-881bb0616ec0,AggressiveTraderBot_243,IT,Europe/Rome,AggressiveTraderBot,3,9,16,10,6,14,44,2,470,6200,7400,6,11,8,4,332,38700511,1389,9926700,7196923,22600,22900
IT Club 3,9,e5fadf32-ef6f-4b8b-9eb5-5dc8ad48463d,AggressiveTraderBot_3,IT,Europe/Rome,AggressiveTraderBot,3,9,15,6,10,14,32,2,480,6000,7600,5,9,7,5,316,43647745,830,9943880,10480624,22300,23300
NL Club 15,9,66ae8f2e-8ac4-4b98-8460-ffeaeb99340d,AggressiveTraderBot_15,NL,Europe/Rome,AggressiveTraderBot,3,9,7,11,11,8,41,1,330,4250,5500,5,13,5,7,335,22088591,1317,6972330,7573601,22300,21500
NL Club 225,9,b0416165-d302-4781-9fb0-999f91c7c570,AggressiveTraderBot_225,NL,Europe/Rome,AggressiveTraderBot,3,9,8,11,11,8,41,2,470,6400,7700,5,11,4,5,317,33760261,967,10112110,4712078,22500,22700
NL Club 235,9,f0478c1e-b4b9-4ce1-9bbc-f88d6a9e8442,NewManagerBot_235,NL,Europe/Berlin,NewManagerBot,3,9,3,19,7,4,61,4,720,9600,12000,9,9,5,5,316,97051087,20590,15453900,3528269,15000,12000
PL Club 146,9,498d2e73-5d20-4a36-9099-e2ad585d8017,ConservativeBot_146,PL,Europe/Paris,ConservativeBot,3,9,10,9,6,15,42,3,600,8050,9600,12,12,6,7,353,74266583,14749,12781230,2497352,15000,10400
PT Club 160,9,e6721176-f64f-47bd-9d13-860308346657,YouthFocusedBot_160,PT,Europe/Madrid,YouthFocusedBot,3,9,11,10,8,12,42,4,720,9700,12300,2,9,6,5,327,103590330,740,15612630,3886833,21700,22200
PT Club 240,9,3df323f7-54e6-4aea-a922-78d28a7e9a7b,SocialBot_240,PT,Europe/Warsaw,SocialBot,3,9,2,9,7,14,41,4,730,9700,12000,6,6,5,3,315,96626925,35953,15609830,5171029,15000,11200
BE Club 249,9,afd5bcae-40a0-47b3-b596-49fe4228d660,AggressiveTraderBot_249,BE,Europe/Rome,AggressiveTraderBot,3,10,4,8,7,15,39,3,590,8050,9700,3,12,6,4,336,45359845,947,12718400,10404125,22500,21700
CH Club 248,9,c473403a-c3e9-4b6e-b900-1e409ac13be4,ConservativeBot_248,CH,Europe/Paris,ConservativeBot,3,10,2,11,12,7,40,2,460,6200,7700,9,14,5,3,331,42165772,18182,9882600,5789275,15000,14420
CH Club 318,9,49b1df9c-a60a-4aca-84fa-498d9f4cf4af,SocialBot_318,CH,Europe/Warsaw,SocialBot,3,10,11,6,15,9,27,4,730,9900,12100,12,14,8,7,330,95667028,15610,15746440,7948441,15000,12000
DE Club 241,9,347f46bb-ae79-4372-9d22-ecbdb09d1908,NewManagerBot_241,DE,Europe/Berlin,NewManagerBot,3,10,13,13,8,9,48,3,600,7850,9800,6,9,2,5,322,73265327,25014,12697280,3072219,15000,12200
ES Club 164,9,88d98b40-9de2-4940-84c2-25a611ae25a4,ConservativeBot_164,ES,Europe/Paris,ConservativeBot,3,10,6,9,13,8,35,1,330,4650,5400,9,12,5,6,323,19379883,17934,7190100,4887482,15000,14420
ES Club 244,9,83878997-443b-4409-a13f-1a00dbad831a,YouthFocusedBot_244,ES,Europe/Madrid,YouthFocusedBot,3,10,15,11,7,12,45,2,470,6100,7800,4,8,7,7,323,45314678,137,10010600,3220679,21800,22900
ES Club 254,9,c4b1d99c-7c2d-44da-92d7-819387cb982a,ConservativeBot_254,ES,Europe/Paris,ConservativeBot,3,10,9,7,13,10,31,3,600,7850,10000,11,13,5,4,325,70462427,21729,12755000,3704619,15000,11600
ES Club 304,9,31ac1d45-013b-48d4-9197-319c77ede20a,YouthFocusedBot_304,ES,Europe/Madrid,YouthFocusedBot,3,10,3,7,8,15,36,2,470,6100,7600,6,10,7,5,320,44920289,46,9917410,4825560,21500,21900
FR Club 242,9,6c6a4a3a-2c71-4337-a016-4b35b51ddf1f,ConservativeBot_242,FR,Europe/Paris,ConservativeBot,3,10,1,12,11,7,43,2,460,6300,7700,8,13,6,7,337,45562579,26339,9978930,6006720,15000,11800
IT Club 153,9,5b71faac-8f2c-4285-b064-1e9ce698a595,AggressiveTraderBot_153,IT,Europe/Rome,AggressiveTraderBot,3,10,7,21,4,5,68,4,720,9700,12000,3,9,5,5,345,68025320,879,15522300,8319156,21700,21900
NL Club 135,9,38443355-2c1c-4a4e-814d-b0fee917c753,AggressiveTraderBot_135,NL,Europe/Rome,AggressiveTraderBot,3,10,14,8,13,9,33,2,460,6300,7500,2,9,5,7,319,39477842,1793,9934700,8414989,22300,21100
NL Club 325,9,8bd7d416-ff20-4e6b-90ed-dc4a9565c6f1,NewManagerBot_325,NL,Europe/Berlin,NewManagerBot,3,10,10,13,7,10,49,4,720,9800,12100,8,12,5,8,337,100713199,21770,15607400,5733027,15000,13840
PL Club 246,9,affcb4a4-28bf-4225-a21d-f90c61023425,SocialBot_246,PL,Europe/Warsaw,SocialBot,3,10,16,7,11,12,33,1,340,4350,5300,9,11,9,4,318,14953419,23217,7082550,5940067,15000,14820
PL Club 36,9,bb4788ca-e910-463c-b118-fbeac8715be0,SocialBot_36,PL,Europe/Warsaw,SocialBot,3,10,5,13,9,8,47,2,460,6400,7600,9,12,4,6,347,56546843,25238,9998850,3480959,15000,13620
PT Club 250,9,42534d20-9ead-4371-bf33-56b4f04cfad2,YouthFocusedBot_250,PT,Europe/Madrid,YouthFocusedBot,3,10,8,4,21,5,17,2,460,6400,7700,3,8,4,4,320,45870868,290,10050000,6934124,22200,21800
PT Club 30,9,f62dc6ea-9823-4457-8131-87240bfd98eb,SocialBot_30,PT,Europe/Warsaw,SocialBot,3,10,12,15,6,9,54,3,590,8150,9600,9,12,2,6,355,110630063,23826,12736500,4360808,15000,15220
AT Club 257,9,6b085cc3-b11f-464b-8f13-bb696a53eb49,LadderGrinderBot_257,AT,Europe/Amsterdam,LadderGrinderBot,3,11,9,9,7,14,41,1,330,4350,5300,10,12,9,6,335,21847771,19859,7010580,4673589,15000,15000
AT Club 37,9,b4a15045-0c9a-452e-995c-64c484d7be8a,NewManagerBot_37,AT,Europe/Berlin,NewManagerBot,3,11,6,14,6,10,52,1,330,4450,5500,9,10,4,5,322,27168284,22906,7103000,5739015,15000,15420
BE Club 269,9,55860fdb-1cea-414a-acec-147c63a1cd21,LadderGrinderBot_269,BE,Europe/Amsterdam,LadderGrinderBot,3,11,13,15,7,8,53,4,720,9600,12100,10,10,6,8,319,95170915,22549,15496850,6038646,15000,11600
BE Club 299,9,9c2a7844-e1f6-47b5-94ea-a78914f3e64e,LadderGrinderBot_299,BE,Europe/Amsterdam,LadderGrinderBot,3,11,12,9,7,14,41,1,330,4250,5400,6,7,6,5,344,34117387,23825,6986700,5947389,15000,15480
BE Club 69,9,4a4ce3d8-58ff-45ab-876c-0acc4458bd2e,AggressiveTraderBot_69,BE,Europe/Rome,AggressiveTraderBot,3,11,7,28,0,2,86,1,330,4250,5700,6,10,7,8,349,7092552,367,7068150,6708524,22400,22900
DE Club 261,9,9921044b-e3ce-49d1-9949-bd444b53bf9a,AggressiveTraderBot_261,DE,Europe/Rome,AggressiveTraderBot,3,11,1,9,8,13,40,1,330,4350,5200,3,5,2,2,340,1427962,407,6949200,6818244,21900,22400
DE Club 91,9,f236e20e-c5da-4b23-b5ef-cb3cab31feae,NewManagerBot_91,DE,Europe/Berlin,NewManagerBot,3,11,14,7,15,8,29,2,480,6100,7900,9,9,4,5,337,55425360,23147,10073000,5318736,15000,12400
ES Club 24,9,9e342374-8609-4a0e-8b3c-38f074072dfd,SocialBot_24,ES,Europe/Warsaw,SocialBot,3,11,10,7,9,14,35,1,330,4550,5500,9,12,4,8,317,26865584,16621,7155750,4605232,15000,14420
FR Club 162,9,0be310f9-369b-454a-bdcb-0d4b0dfb486a,SocialBot_162,FR,Europe/Warsaw,SocialBot,3,11,15,7,11,12,33,1,330,4350,5800,9,10,7,7,331,13686999,9874,7163030,4536982,15000,15820
FR Club 332,9,4fbfa595-58dd-49e7-b4f4-c12f94dd7399,ConservativeBot_332,FR,Europe/Paris,ConservativeBot,3,11,3,8,12,10,34,1,330,4350,5500,7,10,6,9,318,15990079,25813,7065450,6013638,15000,14860
IT Club 263,9,0a0fc346-85f5-487a-9910-c53e81742153,LadderGrinderBot_263,IT,Europe/Amsterdam,LadderGrinderBot,3,11,16,11,7,12,45,4,730,9800,11800,7,10,7,3,324,100208806,22524,15607650,4595984,15000,12660
IT Club 313,9,9fdda90e-0d4e-4c12-9dc8-1007000548a8,NewManagerBot_313,IT,Europe/Berlin,NewManagerBot,3,11,5,6,14,10,28,2,460,6000,7800,7,10,5,5,336,50732214,22085,9818930,6626177,15000,14060
IT Club 33,9,71dde067-d909-45a0-9bb0-df18d90431ec,AggressiveTraderBot_33,IT,Europe/Rome,AggressiveTraderBot,3,11,8,0,28,2,2,3,600,7950,9800,4,7,6,7,316,61422813,1803,12816950,5939016,22100,21700
NL Club 35,9,574d2ace-d632-4ab4-8fa2-97312a573816,LadderGrinderBot_35,NL,Europe/Amsterdam,LadderGrinderBot,3,11,4,12,8,10,46,2,460,6400,7800,8,9,5,6,328,53361836,19151,10090280,2382347,15000,14640
PL Club 186,9,80f87715-d81f-4704-9b92-0f262de5aa52,SocialBot_186,PL,Europe/Warsaw,SocialBot,3,11,11,7,9,14,35,2,460,6100,8000,8,12,4,8,348,57873712,20755,9939950,5389777,15000,13840
PT Club 300,9,832500b9-87ae-4b57-bb4e-102c622e0d92,SocialBot_300,PT,Europe/Warsaw,SocialBot,3,11,2,8,9,13,37,1,340,4450,5400,7,9,7,4,327,21135661,18544,7172130,5053348,15000,13860
AT Club 177,9,8f9f4a3a-bea1-4316-bc6a-f39f505967c6,AggressiveTraderBot_177,AT,Europe/Rome,AggressiveTraderBot,3,12,4,8,9,13,37,2,460,6300,7700,5,8,5,5,323,30126746,447,10001280,6740722,22900,22700
AT Club 287,9,8e873716-b7e4-4e0e-b308-9baa29921b98,LadderGrinderBot_287,AT,Europe/Amsterdam,LadderGrinderBot,3,12,6,8,11,11,35,4,720,9700,12300,10,10,6,5,327,97614859,24125,15607500,3143456,15000,11800
AT Club 317,9,5693b7b5-92f0-47d7-9920-e5178c5adff8,LadderGrinderBot_317,AT,Europe/Amsterdam,LadderGrinderBot,3,12,10,13,7,10,49,2,470,6200,7700,7,10,6,5,345,44871847,19396,10002630,5498079,15000,12660
AT Club 87,9,e7ee539b-b81c-457f-a4bc-963b97e6fd1c,AggressiveTraderBot_87,AT,Europe/Rome,AggressiveTraderBot,3,12,5,11,8,11,44,2,460,6300,7600,3,12,5,9,328,35757465,1861,9957450,6939450,22400,22100
BE Club 89,9,ea4a2c63-09b1-4080-9bad-21b8a4498cb5,LadderGrinderBot_89,BE,Europe/Amsterdam,LadderGrinderBot,3,12,3,9,8,13,40,2,460,6100,7700,14,14,4,5,342,46591494,15388,9813950,5027324,15000,12000
CH Club 148,9,e8de3063-9c5f-45ba-a477-473c7f9d2f1f,YouthFocusedBot_148,CH,Europe/Madrid,YouthFocusedBot,3,12,12,17,8,5,56,1,330,4450,5600,3,10,6,4,327,24597556,253,7138200,4959168,21800,23400
CH Club 28,9,ae2c9e5a-e2f0-40bb-a7b6-ec45eff6959f,YouthFocusedBot_28,CH,Europe/Madrid,YouthFocusedBot,3,12,2,0,26,4,4,2,460,6100,7800,5,10,4,6,315,48714217,898,9886100,4678491,21900,22000
CH Club 78,9,60be413e-022e-4268-8258-e2194f43454e,SocialBot_78,CH,Europe/Warsaw,SocialBot,3,12,1,26,0,4,82,4,730,9500,12200,10,11,3,8,353,145991586,19705,15520980,4090498,15000,11400
DE Club 281,9,dc82693e-26a2-4196-b1d4-bfe6821d0c06,LadderGrinderBot_281,DE,Europe/Amsterdam,LadderGrinderBot,3,12,15,9,9,12,39,1,340,4550,5300,8,11,5,2,338,24377547,21681,7172110,5861921,15000,12640
ES Club 184,9,9ca77454-c39b-4b59-b123-435f3a956ffd,YouthFocusedBot_184,ES,Europe/Madrid,YouthFocusedBot,3,12,16,9,9,12,39,3,590,7850,9900,4,14,5,6,352,75929729,-131,12646650,6233195,22000,22400
FR Club 282,9,848feaba-5012-4469-9e8f-76e852a5eede,SocialBot_282,FR,Europe/Warsaw,SocialBot,3,12,13,10,16,4,34,3,600,7850,9700,7,9,8,5,324,76613602,30320,12723800,3069228,15000,10000
IT Club 273,9,7428545b-f9c6-4632-ac7d-32a60a5df8b9,AggressiveTraderBot_273,IT,Europe/Rome,AggressiveTraderBot,3,12,7,9,10,11,38,1,330,4450,5500,2,8,4,2,351,3344313,143,7097000,8692885,22600,23600
NL Club 275,9,3bacc5a6-d8c8-4aaf-b8b3-f49f9121f84d,LadderGrinderBot_275,NL,Europe/Amsterdam,LadderGrinderBot,3,12,8,10,9,11,41,4,730,9600,12100,6,7,6,6,331,98722371,27898,15599700,3178751,15000,12800
NL Club 285,9,cb7fcbd3-91ed-4c98-99aa-01083d216fb5,AggressiveTraderBot_285,NL,Europe/Rome,AggressiveTraderBot,3,12,9,7,13,10,31,1,340,4450,5200,2,9,5,6,340,3823970,1042,7112550,8211407,21700,21300
PL Club 236,9,25215cf6-7a90-459c-8736-014dae6827e1,ConservativeBot_236,PL,Europe/Paris,ConservativeBot,3,12,11,8,17,5,29,3,600,7850,9800,8,9,8,8,340,86797273,22877,12768030,5201875,15000,14040
PT Club 40,9,90bbdc53-2250-451e-b664-bde75ab9f11a,YouthFocusedBot_40,PT,Europe/Madrid,YouthFocusedBot,3,12,14,16,10,4,52,4,720,9900,11900,4,9,7,6,316,97568086,613,15640830,7397380,21600,22200
BE Club 179,9,c1cebfc9-532e-40f4-82c6-9349c429bcec,LadderGrinderBot_179,BE,Europe/Amsterdam,LadderGrinderBot,3,13,3,9,10,11,38,2,470,6000,7600,10,13,6,5,352,57403594,20622,9834000,5233154,15000,15800
BE Club 289,9,6e36a7dc-3db0-40ea-a152-db1fe7ff6f48,NewManagerBot_289,BE,Europe/Berlin,NewManagerBot,3,13,7,13,7,10,49,1,340,4550,5400,7,12,4,5,336,20262849,20749,7195200,2789429,15000,11200
BE Club 49,9,835ead42-51b0-46e8-aa8c-69f7496fc677,NewManagerBot_49,BE,Europe/Berlin,NewManagerBot,3,13,6,10,9,11,41,4,730,9600,12000,9,11,5,2,335,104482425,27000,15503730,7396699,15000,11800
CH Club 298,9,ef0bc666-b165-4223-8ca3-798191c85be5,YouthFocusedBot_298,CH,Europe/Madrid,YouthFocusedBot,3,13,2,14,8,8,50,1,350,4350,5500,5,12,5,5,323,21840641,646,7194500,4381022,22000,20800
DE Club 291,9,959db82e-e756-47cc-a245-20d5ff168816,AggressiveTraderBot_291,DE,Europe/Rome,AggressiveTraderBot,3,13,15,15,6,9,54,2,460,6200,7800,5,13,6,8,316,24703214,1265,9945030,7375845,22000,21100
DE Club 301,9,57ffa470-a460-4b40-8ec0-0beedabcfd0a,NewManagerBot_301,DE,Europe/Berlin,NewManagerBot,3,13,4,10,9,11,41,3,590,7950,9900,9,10,6,9,341,68724101,22279,12752750,2562060,15000,16420
DE Club 81,9,0f19654f-f97f-4671-99ff-ea4cd47d453f,AggressiveTraderBot_81,DE,Europe/Rome,AggressiveTraderBot,3,13,16,6,15,9,27,2,460,6200,7900,5,13,4,4,320,27594132,1166,9939950,5956946,22500,21500
FR Club 202,9,04e6a2cf-e6c0-4928-a8a8-564f57062b36,YouthFocusedBot_202,FR,Europe/Madrid,YouthFocusedBot,3,13,10,25,0,5,80,1,340,4450,5500,3,12,7,6,353,19857922,309,7190850,6782939,21900,22600
IT Club 293,9,053bbd39-59a8-4217-a558-82000c52ae24,LadderGrinderBot_293,IT,Europe/Amsterdam,LadderGrinderBot,3,13,13,11,14,5,38,1,340,4750,5300,10,11,4,4,322,20432590,19145,7291830,5723019,15000,14600
IT Club 303,9,cccd4b83-a529-490b-aa85-1bb6153bb070,AggressiveTraderBot_303,IT,Europe/Rome,AggressiveTraderBot,3,13,12,11,10,9,42,2,470,6100,7400,2,11,7,4,344,22174013,-552,9855330,6713074,22400,23500
NL Club 295,9,5573fdd1-aefc-4bb5-b6d2-da4bbefd1b9c,NewManagerBot_295,NL,Europe/Berlin,NewManagerBot,3,13,5,9,10,11,38,1,330,4350,5300,7,8,7,5,334,23139905,25103,7020300,5376834,15000,13660
PL Club 16,9,b5bc0bf1-1de2-4d3d-b4b7-a4f62f93a9d6,YouthFocusedBot_16,PL,Europe/Madrid,YouthFocusedBot,3,13,8,7,13,10,31,3,590,7950,9800,4,11,6,4,358,100280881,1941,12700250,4212015,21900,21100
PL Club 256,9,c57fac4b-054c-4040-83bd-e60dc13a7259,YouthFocusedBot_256,PL,Europe/Madrid,YouthFocusedBot,3,13,11,10,11,9,39,3,600,7850,10000,4,9,4,3,354,83087349,516,12773250,3884594,21300,22300
PL Club 336,9,547fa7e4-f89e-4f59-a3a9-b370438df4e3,SocialBot_336,PL,Europe/Warsaw,SocialBot,3,13,14,14,11,5,47,2,470,6400,7500,8,10,9,8,317,54714364,26885,10115030,5537817,15000,13840
PT Club 290,9,00c4536b-bc4f-4588-a88d-2118d5d95b7e,ConservativeBot_290,PT,Europe/Paris,ConservativeBot,3,13,1,8,14,8,32,3,590,7750,9800,9,11,2,4,341,71190113,19094,12535500,5373260,15000,13820
PT Club 50,9,c8deae6a-242d-46ce-800d-5a4390ba8fc3,ConservativeBot_50,PT,Europe/Paris,ConservativeBot,3,13,9,0,25,5,5,1,330,4450,5600,5,6,5,5,319,27200810,28116,7172100,3770262,15000,10800
AT Club 307,9,ba673f0e-c45f-4c1b-abfd-a12efc683d73,NewManagerBot_307,AT,Europe/Berlin,NewManagerBot,3,14,14,12,8,10,46,1,330,4550,5300,13,14,8,8,341,14750419,7015,7113980,3927927,15000,15140
AT Club 47,9,3d798a50-1e8e-4633-b4e3-e034e3f3f967,LadderGrinderBot_47,AT,Europe/Amsterdam,LadderGrinderBot,3,14,7,12,9,9,45,3,590,7750,10000,6,10,6,5,346,87607400,25888,12639630,5036847,15000,12000
BE Club 309,9,188259ae-f01d-418c-b8b3-8d260c056a73,AggressiveTraderBot_309,BE,Europe/Rome,AggressiveTraderBot,3,14,3,7,13,10,31,2,460,6000,7700,2,11,5,10,345,19505545,1634,9804050,7304437,21800,21200
BE Club 329,9,b0281a40-9c7b-43fb-9468-47b2cbbe9773,LadderGrinderBot_329,BE,Europe/Amsterdam,LadderGrinderBot,3,14,12,3,21,6,15,4,740,9600,12100,7,9,7,7,318,95509228,27826,15675480,3936828,15000,10600
CH Club 308,9,d55da4fb-efd6-4874-84c4-2c95a6452cd1,ConservativeBot_308,CH,Europe/Paris,ConservativeBot,3,14,9,10,11,9,39,2,460,6100,7700,11,14,9,7,350,33830686,14117,9863330,6445607,15000,15380
DE Club 201,9,296cf1c9-5fa8-4e58-916b-b920c77a1c34,AggressiveTraderBot_201,DE,Europe/Rome,AggressiveTraderBot,3,14,10,11,10,9,42,3,590,7950,10000,5,13,8,6,342,52348196,1247,12762000,7925203,22100,21600
DE Club 311,9,1482ea13-d43f-4c4a-b270-24864d6c2dd9,LadderGrinderBot_311,DE,Europe/Amsterdam,LadderGrinderBot,3,14,2,5,11,14,29,1,330,4450,5500,9,11,9,8,345,21615279,17506,7142000,4157191,15000,14220
DE Club 331,9,66b56dde-eb08-42ee-9dd7-48345ac0da11,NewManagerBot_331,DE,Europe/Berlin,NewManagerBot,3,14,15,16,7,7,55,4,730,9700,12100,11,11,2,5,330,93095860,19907,15587150,5025375,15000,12200
ES Club 294,9,d41e367b-19cb-4e49-9848-d885343ebfd0,SocialBot_294,ES,Europe/Warsaw,SocialBot,3,14,16,7,16,7,28,2,470,6200,7500,9,14,9,9,317,48173943,14797,9964380,5487719,15000,15420
ES Club 324,9,058d9ba1-b321-4d19-825b-24e8496fc354,SocialBot_324,ES,Europe/Warsaw,SocialBot,3,14,6,14,9,7,49,2,470,6100,7500,11,11,3,8,339,52486649,25393,9863430,2343503,15000,10800
ES Club 64,9,20ac27c2-f80e-4cfd-8f92-415bb8148245,YouthFocusedBot_64,ES,Europe/Madrid,YouthFocusedBot,3,14,5,9,14,7,34,1,350,4250,5500,6,9,7,3,349,24065018,1877,7154430,6140508,22100,20100
FR Club 212,9,d6049ac0-45fc-408d-8ed1-62be0039ed2d,ConservativeBot_212,FR,Europe/Paris,ConservativeBot,3,14,11,21,3,6,69,1,330,4750,5300,7,10,6,6,344,27937931,23686,7245200,3113301,15000,13260
IT Club 83,9,3c825427-b8e4-4de6-a788-3e40683226c6,LadderGrinderBot_83,IT,Europe/Amsterdam,LadderGrinderBot,3,14,13,8,12,10,34,1,330,4350,5500,10,11,9,7,353,26545941,25275,7082730,7225585,15000,11800
NL Club 55,9,d599d6f9-83d6-4dd5-aa33-26c62bc02dbb,NewManagerBot_55,NL,Europe/Berlin,NewManagerBot,3,14,4,13,7,10,49,3,600,7950,9900,11,13,7,4,334,79581588,20878,12796430,6786697,15000,14180
PL Club 306,9,766cf4e6-f46e-45ee-8f13-d46eb14dee2b,SocialBot_306,PL,Europe/Warsaw,SocialBot,3,14,1,11,5,14,47,2,460,6300,7700,11,11,6,5,338,39930156,14498,9979800,8171345,15000,13400
PT Club 310,9,fe5a44a9-ce25-4b0c-805f-aa58fad6f508,YouthFocusedBot_310,PT,Europe/Madrid,YouthFocusedBot,3,14,8,9,12,9,36,2,480,6100,7500,6,11,5,6,329,48415679,134,9951600,4503039,22100,23000
AT Club 197,9,1421dae4-4c13-4b29-b84a-e149a15de08b,LadderGrinderBot_197,AT,Europe/Amsterdam,LadderGrinderBot,3,15,4,11,11,8,41,3,610,7850,9800,8,9,7,7,331,74274666,23464,12834150,6609382,15000,13640
AT Club 327,9,982a589d-1b4b-4486-8b7d-10deb9199ab9,AggressiveTraderBot_327,AT,Europe/Rome,AggressiveTraderBot,3,15,2,11,9,10,43,2,460,6300,7600,3,12,9,6,331,22281948,1340,9978180,7445595,22400,21900
BE Club 19,9,ae8c2222-89be-4d68-896d-d63a3ce6914a,NewManagerBot_19,BE,Europe/Berlin,NewManagerBot,3,15,11,9,10,11,38,1,330,4350,5300,7,7,7,7,335,38636973,27750,7029300,5618620,15000,12000
BE Club 9,9,5e5b36ee-67dc-47c6-b0e2-65c5eb2315d1,AggressiveTraderBot_9,BE,Europe/Rome,AggressiveTraderBot,3,15,7,4,14,12,24,1,330,4350,5500,5,12,5,6,316,12817150,288,7037330,8698972,22400,23100
CH Club 328,9,7c70796f-d4fc-4576-9f04-f5e378470172,YouthFocusedBot_328,CH,Europe/Madrid,YouthFocusedBot,3,15,12,10,9,11,41,2,460,6100,7600,3,8,4,7,338,45614998,2089,9838950,7993095,21900,21500
DE Club 321,9,b9afa409-2beb-4217-87d9-5470bda1fc4b,AggressiveTraderBot_321,DE,Europe/Rome,AggressiveTraderBot,3,15,1,9,11,10,37,3,600,8050,9700,2,10,9,7,328,45206496,691,12859980,9125163,22300,22800
ES Club 314,9,3de018d4-d0e5-48d6-8039-685d6fb455d9,ConservativeBot_314,ES,Europe/Paris,ConservativeBot,3,15,16,5,21,4,19,1,340,4350,5500,4,11,6,6,325,25902826,26160,7125980,4259743,15000,15120
ES Club 334,9,850b5fa2-b621-4929-8c0a-b770d358e4b4,YouthFocusedBot_334,ES,Europe/Madrid,YouthFocusedBot,3,15,10,11,13,6,39,4,750,9500,11900,6,10,5,7,343,98565368,763,15601810,4357360,21600,21200
ES Club 54,9,6c8267d4-9ca5-4085-ba61-1012fc29b3bb,SocialBot_54,ES,Europe/Warsaw,SocialBot,3,15,9,13,11,6,45,2,460,6000,7900,10,11,8,2,326,45754178,18231,9860000,3798141,15000,13000
FR Club 322,9,008bec1c-9f84-4672-972d-467b38a59f97,YouthFocusedBot_322,FR,Europe/Madrid,YouthFocusedBot,3,15,8,14,4,12,54,3,600,7950,10000,6,12,7,6,334,75663418,720,12851700,5956747,22200,23300
IT Club 323,9,c8ef78ca-9653-420e-9514-703d0848a682,LadderGrinderBot_323,IT,Europe/Amsterdam,LadderGrinderBot,3,15,13,4,14,12,24,3,600,7750,9800,12,12,6,5,325,74497034,16601,12645600,4559519,15000,10200
IT Club 333,9,ac195968-75a3-47b8-b7c4-5c8db15b7443,AggressiveTraderBot_333,IT,Europe/Rome,AggressiveTraderBot,3,15,5,8,8,14,38,2,470,6400,7600,2,8,6,6,329,22937265,1005,10117980,10167526,22500,21900
NL Club 315,9,cdac6461-18e6-4ea7-96ea-fc23ca7f1516,AggressiveTraderBot_315,NL,Europe/Rome,AggressiveTraderBot,3,15,3,11,11,8,41,1,330,4350,5300,3,8,3,4,327,-291406,1600,6975630,8228164,22300,20900
PL Club 206,9,9db8ed72-bdb5-4b95-b4a3-dfe8098bbd70,ConservativeBot_206,PL,Europe/Paris,ConservativeBot,3,15,15,21,5,4,67,3,590,8150,9900,7,10,7,7,350,74801589,24009,12885500,6348252,15000,13260
PL Club 6,9,ccb109de-ae0a-4c61-8908-682679edb582,SocialBot_6,PL,Europe/Warsaw,SocialBot,3,15,6,8,8,14,38,3,610,7850,9700,8,8,5,4,316,83745316,24797,12776280,4455023,15000,12200
PT Club 270,9,ef46c6d8-0ec4-44c5-b459-3d0a9e9c0eef,SocialBot_270,PT,Europe/Warsaw,SocialBot,3,15,14,14,4,12,54,1,330,4350,5600,9,10,6,5,350,24376555,22283,7078430,4192266,15000,14820
AT Club 57,10,cdcabf4f-833f-48bf-845c-863511efb2a4,AggressiveTraderBot_57,AT,Europe/Rome,AggressiveTraderBot,1,1,14,9,9,12,39,3,590,7850,10200,3,11,6,9,370,104933049,1844,20932800,6418379,22000,20600
CH Club 258,10,06f91eed-dd89-49a1-ba61-5e422468d5e4,SocialBot_258,CH,Europe/Warsaw,SocialBot,1,1,13,9,9,12,39,2,470,6300,7700,12,12,6,6,388,74550791,20912,16482530,5535705,15000,11200
CH Club 88,10,c529d1a9-ede4-46cc-b0e1-12e2dd244af0,YouthFocusedBot_88,CH,Europe/Madrid,YouthFocusedBot,1,1,12,8,12,10,34,3,590,7950,10000,4,10,8,3,374,105327316,1376,20936730,5274851,21800,22000
DE Club 1,10,c4352b81-1f7e-499c-89c0-9cba713e88d6,NewManagerBot_1,DE,Europe/Berlin,NewManagerBot,1,1,15,9,12,9,36,1,330,4250,5600,12,13,6,9,386,63164487,6286,11506080,7840926,15000,15560
DE Club 251,10,03dbbe39-1400-4442-9cca-64f451eeb9ea,LadderGrinderBot_251,DE,Europe/Amsterdam,LadderGrinderBot,1,1,4,7,9,14,35,2,460,6200,7700,7,11,9,9,383,75759510,25572,16305930,4539526,15000,14260
DE Club 31,10,6ad35c8c-cfdc-47d9-81ec-da8f25a09138,NewManagerBot_31,DE,Europe/Berlin,NewManagerBot,1,1,8,7,12,11,32,4,720,9600,12100,9,10,8,6,375,191640826,25224,25404480,2355589,15000,14820
DE Club 61,10,ab2e3ad3-cf83-422e-8ff6-9df1784e3d15,NewManagerBot_61,DE,Europe/Berlin,NewManagerBot,1,1,3,9,7,14,41,4,730,9600,12000,9,10,9,6,385,180055529,19693,25481900,5893047,15000,16020
ES Club 104,10,72bd9a26-2e8d-480e-923d-7596f6d7f0f4,ConservativeBot_104,ES,Europe/Paris,ConservativeBot,1,1,11,12,8,10,46,2,470,6300,7500,11,12,7,5,365,89117990,19436,16386100,5360779,15000,13780
ES Club 234,10,0768c66b-b272-4b91-acc6-390a8cc9b906,SocialBot_234,ES,Europe/Warsaw,SocialBot,1,1,5,8,8,14,38,3,590,7950,9800,9,11,7,3,374,91769361,22836,20811630,4248114,15000,15020
FR Club 312,10,890628ae-5d85-4efa-8100-7fec7763dce5,SocialBot_312,FR,Europe/Warsaw,SocialBot,1,1,9,10,9,11,41,4,720,9800,12000,5,6,5,4,389,159607459,37191,25551200,4892608,15000,13900
FR Club 92,10,deb7446a-622e-4d65-be4a-05788e9559f6,ConservativeBot_92,FR,Europe/Paris,ConservativeBot,1,1,7,12,7,11,47,2,460,6100,7900,9,9,6,6,384,110692559,23989,16275630,5051384,15000,10400
IT Club 113,10,bb665cdd-dee0-487f-ace1-d75d7ebff188,LadderGrinderBot_113,IT,Europe/Amsterdam,LadderGrinderBot,1,1,10,9,10,11,38,1,340,4450,5700,7,10,5,5,383,36199612,26476,11887000,5339585,15000,11800
IT Club 283,10,6310b124-ddd3-4abe-be26-62a8ec6c5d55,NewManagerBot_283,IT,Europe/Berlin,NewManagerBot,1,1,1,16,7,7,55,2,470,6200,7900,9,13,4,5,386,74741779,12683,16453490,4925975,15000,17820
NL Club 195,10,c060f2b9-e0be-4fab-a4d5-e6864530bd71,AggressiveTraderBot_195,NL,Europe/Rome,AggressiveTraderBot,1,1,2,7,16,7,28,4,730,9800,12100,6,12,6,4,386,141023484,1479,25691850,11838263,22500,22500
NL Club 305,10,e1edb26b-96f4-43ca-93ea-383795273365,LadderGrinderBot_305,NL,Europe/Amsterdam,LadderGrinderBot,1,1,16,12,9,9,45,4,730,9700,12300,9,13,7,4,376,142411566,23719,25695470,3882032,15000,13620
PT Club 180,10,ae58b792-f6ce-4937-9ec1-7798eba68e69,SocialBot_180,PT,Europe/Warsaw,SocialBot,1,1,6,8,8,14,38,2,470,6100,7500,10,11,7,10,386,85329158,16673,16213380,4461615,15000,15200
AT Club 17,10,7f52514d-1425-4197-b719-69243e46b753,LadderGrinderBot_17,AT,Europe/Amsterdam,LadderGrinderBot,2,1,6,12,6,12,48,2,460,6100,8000,8,8,4,7,366,55755698,24247,12798300,5278985,15000,13200
BE Club 209,10,ad27e825-0edb-4922-b7c0-610ff60581e4,LadderGrinderBot_209,BE,Europe/Amsterdam,LadderGrinderBot,2,1,1,11,8,11,44,2,470,6100,7800,10,11,7,7,383,63725026,17111,12821420,4467227,15000,15800
BE Club 99,10,133ca065-3a25-49f7-9432-74ac3d3c0a4c,AggressiveTraderBot_99,BE,Europe/Rome,AggressiveTraderBot,2,1,9,3,17,10,19,3,600,8350,9800,4,10,9,4,349,68084919,1201,16772700,8607507,22500,22400
CH Club 228,10,9614f347-1916-45e7-95c9-43bf04e23284,SocialBot_228,CH,Europe/Warsaw,SocialBot,2,1,15,8,14,8,32,4,730,9700,11900,7,8,7,8,365,124359424,24296,20041980,4545274,15000,15260
CH Club 278,10,82195ca3-330f-4efe-a58b-2604bbc022d3,ConservativeBot_278,CH,Europe/Paris,ConservativeBot,2,1,3,10,9,11,41,2,460,6200,7700,8,11,6,2,374,68531205,27912,12740730,4060080,15000,14840
DE Club 121,10,1b250786-6d20-48be-abfc-65bb8adb920a,NewManagerBot_121,DE,Europe/Berlin,NewManagerBot,2,1,10,17,3,10,61,2,460,6200,7900,11,11,8,3,374,62362780,25458,12831780,3576201,15000,9600
ES Club 274,10,928ab7a5-90d7-47ad-8976-65733a4b7cae,YouthFocusedBot_274,ES,Europe/Madrid,YouthFocusedBot,2,1,12,12,11,7,43,2,460,6100,8000,5,12,6,8,388,66113466,83,12794930,6597837,21700,23100
ES Club 34,10,0f61cad3-969a-447b-b191-bcce5268cb56,YouthFocusedBot_34,ES,Europe/Madrid,YouthFocusedBot,2,1,16,14,8,8,50,3,590,7950,10000,2,13,7,4,379,118397323,-297,16395300,5225649,21300,22600
IT Club 123,10,abd03c1f-5074-48bf-a143-bd17d4591bea,AggressiveTraderBot_123,IT,Europe/Rome,AggressiveTraderBot,2,1,2,8,11,11,35,3,610,7850,10000,6,11,7,2,386,73752507,1239,16524800,6482814,22500,21400
IT Club 133,10,964149c1-5c4d-4fc5-a66f-ed386181abe4,NewManagerBot_133,IT,Europe/Berlin,NewManagerBot,2,1,4,9,10,11,38,1,330,4550,5400,9,12,6,9,371,19831392,26987,9190830,5862170,15000,12600
NL Club 115,10,93ce46a1-63e0-4b09-9eda-9aac2e3dc1e6,NewManagerBot_115,NL,Europe/Berlin,NewManagerBot,2,1,11,11,12,7,40,1,340,4450,5300,10,11,6,8,389,30206254,20591,9171930,5408449,15000,14400
NL Club 215,10,d13bb404-ed3e-4983-804a-ee7f9552736e,LadderGrinderBot_215,NL,Europe/Amsterdam,LadderGrinderBot,2,1,14,11,12,7,40,1,330,4650,5500,7,13,6,7,370,27133697,22639,9295730,6419033,15000,13660
NL Club 5,10,a662f6ad-98fd-4a61-aaea-a0dc2437d9ea,LadderGrinderBot_5,NL,Europe/Amsterdam,LadderGrinderBot,2,1,8,8,12,10,34,2,470,6000,7600,9,12,9,6,386,98293530,25986,12669780,2429687,15000,13420
PL Club 196,10,4869a90a-1243-45a7-86eb-bc8d9a148363,YouthFocusedBot_196,PL,Europe/Madrid,YouthFocusedBot,2,1,5,6,12,12,30,2,470,6400,7600,3,8,4,7,375,60620470,787,12985230,5676509,21700,22500
PT Club 110,10,18c26668-2250-45ff-bd3f-841825eff91c,ConservativeBot_110,PT,Europe/Paris,ConservativeBot,2,1,13,12,11,7,43,1,330,4650,5200,10,10,4,4,374,29914986,25684,9165450,4471703,15000,12200
PT Club 230,10,2ec21bac-1f72-4504-8d74-e38dde7a5e88,ConservativeBot_230,PT,Europe/Paris,ConservativeBot,2,1,7,12,8,10,46,3,590,7950,9900,8,10,5,7,380,101461035,18966,16368180,4423137,15000,13640
BE Club 139,10,cbf7970c-2f1d-418a-833e-0535364ed689,NewManagerBot_139,BE,Europe/Berlin,NewManagerBot,2,2,16,9,6,15,42,1,330,4350,5700,12,14,10,5,387,39582589,13844,9139250,5638611,15000,14360
BE Club 149,10,5c2c6a66-57ac-498b-bc72-22c94ceb72c0,LadderGrinderBot_149,BE,Europe/Amsterdam,LadderGrinderBot,2,2,1,8,11,11,35,2,470,6200,7700,13,14,7,5,386,65941994,18977,12839880,4956078,15000,11000
BE Club 279,10,066eabed-4679-4ade-8d76-9913e91fded9,AggressiveTraderBot_279,BE,Europe/Rome,AggressiveTraderBot,2,2,13,10,8,12,42,1,340,4350,5400,5,14,4,3,386,23501769,1639,9076350,5438151,22800,20600
BE Club 59,10,3ce2d0b5-9834-4f9d-aca0-2d05a4acfa32,LadderGrinderBot_59,BE,Europe/Amsterdam,LadderGrinderBot,2,2,5,25,0,5,80,2,490,6000,7700,7,9,4,6,388,72124869,22792,12900800,6559520,15000,16060
CH Club 158,10,dba3e857-0f27-467a-be50-c17b79e0ec65,ConservativeBot_158,CH,Europe/Paris,ConservativeBot,2,2,10,12,11,7,43,4,740,9700,12100,6,12,7,5,381,141078487,24777,20178230,4542559,15000,13880
DE Club 51,10,348cf306-9bd1-412e-a9f9-2271d6198998,AggressiveTraderBot_51,DE,Europe/Rome,AggressiveTraderBot,2,2,3,10,7,13,43,4,730,9800,12000,3,12,5,3,379,105156746,149,20092250,8233816,22700,23800
ES Club 44,10,2de1f101-2294-4ec7-bfa3-c5bdbaca453d,ConservativeBot_44,ES,Europe/Paris,ConservativeBot,2,2,4,7,10,13,34,2,460,6200,7700,11,12,5,8,378,75238832,23714,12752250,3052518,15000,14580
FR Club 152,10,4db15fa0-a26a-406e-8618-00b01f0dd73d,ConservativeBot_152,FR,Europe/Paris,ConservativeBot,2,2,15,6,9,15,33,1,330,4450,5600,9,10,3,5,367,23783462,21879,9153150,5078208,15000,13400
FR Club 182,10,18279032-98b4-4926-8ab9-164cb988f81c,ConservativeBot_182,FR,Europe/Paris,ConservativeBot,2,2,9,11,12,7,40,1,330,4350,5600,10,13,7,7,366,25490584,29922,9092330,3993785,15000,10400
IT Club 63,10,e40c8e5f-6802-45ea-a6ba-f4d271c91904,AggressiveTraderBot_63,IT,Europe/Rome,AggressiveTraderBot,2,2,12,12,12,6,42,3,600,7950,10000,4,10,10,5,387,83053747,983,16539300,6623765,22100,22500
NL Club 105,10,bee987f7-96fc-4ca3-aa1e-883868a97f56,AggressiveTraderBot_105,NL,Europe/Rome,AggressiveTraderBot,2,2,14,8,10,12,36,1,340,4450,5300,5,12,3,9,366,12775875,1748,9152400,6130163,22500,21300
NL Club 265,10,3924ec2a-a12c-4fcb-a0c5-2e89a8e63f59,NewManagerBot_265,NL,Europe/Berlin,NewManagerBot,2,2,7,28,0,2,86,2,460,6100,7700,7,9,9,7,385,57160818,26186,12711180,4227795,15000,16060
NL Club 75,10,d745c013-0091-4430-ba89-8e45aa15aec5,AggressiveTraderBot_75,NL,Europe/Rome,AggressiveTraderBot,2,2,11,12,12,6,42,4,740,9700,11800,5,10,4,7,375,100789279,325,20070000,8022031,22200,22100
PL Club 296,10,d871e6af-7284-40b0-a391-408bff4b5dc6,ConservativeBot_296,PL,Europe/Paris,ConservativeBot,2,2,2,11,8,11,44,4,720,9600,12000,9,13,6,6,383,125117366,26628,19841600,5145266,15000,15020
PT Club 60,10,60f577ef-d7cb-43ee-9c2b-5c18844d2f03,SocialBot_60,PT,Europe/Warsaw,SocialBot,2,2,6,0,25,5,5,2,460,6200,7800,8,10,7,6,345,57706333,20735,12813330,4110840,15000,14240
PT Club 80,10,662d1daa-cb50-4e3d-9658-df500ce809e4,ConservativeBot_80,PT,Europe/Paris,ConservativeBot,2,2,8,0,28,2,2,3,610,8050,9900,9,15,6,6,345,82383757,25899,16627550,4878876,15000,11600
AT Club 207,10,7932b925-6a12-4918-b062-d38b8b5151a4,AggressiveTraderBot_207,AT,Europe/Rome,AggressiveTraderBot,2,3,16,12,7,11,47,2,460,6200,7700,6,11,5,8,384,53473365,923,12759750,9047976,22200,21500
AT Club 227,10,c95b8b8e-554e-422c-a66c-d2e6e5e6fbb6,LadderGrinderBot_227,AT,Europe/Amsterdam,LadderGrinderBot,2,3,8,10,7,13,43,2,480,6300,7600,10,13,6,6,367,57511852,17986,12981450,3402963,15000,11200
AT Club 237,10,fc7c7c13-4f17-46ea-a935-bf02ad0466e8,AggressiveTraderBot_237,AT,Europe/Rome,AggressiveTraderBot,2,3,13,9,12,9,36,4,720,9700,12200,6,11,5,7,359,92011203,1673,20017830,6586922,22000,21300
AT Club 247,10,7e5e29cd-6198-4570-8200-84ac42851a81,NewManagerBot_247,AT,Europe/Berlin,NewManagerBot,2,3,14,12,9,9,45,3,600,7850,10000,9,11,9,6,380,90299297,19919,16455680,3988172,15000,14420
AT Club 77,10,a09cbe08-d33b-492c-8eac-8a985fe5293b,LadderGrinderBot_77,AT,Europe/Amsterdam,LadderGrinderBot,2,3,5,13,7,10,49,3,600,7850,10200,8,9,4,7,369,100549306,25937,16505330,4276490,15000,12600
BE Club 199,10,54ff5ad4-faa4-4031-a15c-cb2dc743bd7c,NewManagerBot_199,BE,Europe/Berlin,NewManagerBot,2,3,7,7,10,13,34,1,350,4250,5500,7,12,6,5,371,27694132,28659,9173900,3638760,15000,12400
BE Club 229,10,87b6b924-e37a-475e-9a97-8967b16211ca,NewManagerBot_229,BE,Europe/Berlin,NewManagerBot,2,3,9,9,12,9,36,2,480,6100,7600,9,9,7,8,376,69128732,21381,12867680,4973124,15000,13200
DE Club 41,10,3dc92206-3813-4c42-9ab2-03e6bc0cb5f0,LadderGrinderBot_41,DE,Europe/Amsterdam,LadderGrinderBot,2,3,10,12,9,9,45,4,720,9900,12000,9,14,2,5,365,141355273,25084,20046300,3586502,15000,15620
ES Club 224,10,fde34949-443f-44d9-82d4-1108a8a113f1,ConservativeBot_224,ES,Europe/Paris,ConservativeBot,2,3,6,7,13,10,31,2,480,6300,7500,11,14,2,3,351,50191021,18147,12895970,5498937,15000,15180
FR Club 172,10,e72f24b6-7ab5-4d0e-aa4d-2ea29b171b82,YouthFocusedBot_172,FR,Europe/Madrid,YouthFocusedBot,2,3,1,22,3,5,71,1,330,4350,5600,5,11,4,5,375,31886406,1771,9075600,5479076,21600,20900
IT Club 203,10,919dde86-2d35-43ee-8c02-e290916835de,LadderGrinderBot_203,IT,Europe/Amsterdam,LadderGrinderBot,2,3,3,13,8,9,48,4,720,9500,12200,11,14,7,5,364,124399868,21866,19843500,4108981,15000,14980
IT Club 53,10,d62fac56-1029-4f52-96f0-afda254d62bd,LadderGrinderBot_53,IT,Europe/Amsterdam,LadderGrinderBot,2,3,4,8,13,9,33,4,720,9600,12000,9,10,4,7,378,165333732,23080,19861050,3853263,15000,13220
NL Club 175,10,9e2dbcff-f250-428a-a497-2579eaad4bbb,NewManagerBot_175,NL,Europe/Berlin,NewManagerBot,2,3,12,7,14,9,30,1,330,4550,5500,11,11,6,3,380,30777357,19932,9204500,6394551,15000,11200
NL Club 235,10,f0478c1e-b4b9-4ce1-9bbc-f88d6a9e8442,NewManagerBot_235,NL,Europe/Berlin,NewManagerBot,2,3,2,3,22,5,14,4,720,9600,12100,9,10,6,5,346,111621376,20770,19905830,5335541,15000,14820
PL Club 96,10,ef7a53d4-cc9a-4c20-ac9d-f7c70917fd7f,SocialBot_96,PL,Europe/Warsaw,SocialBot,2,3,11,14,7,9,51,4,720,9600,12100,9,10,8,4,378,126491899,27424,19917800,5409408,15000,13420
PT Club 200,10,651ff949-50ae-45d6-8489-7560835e6a17,ConservativeBot_200,PT,Europe/Paris,ConservativeBot,2,3,15,7,12,11,32,3,600,7950,9700,6,9,7,6,374,83258128,27989,16418900,6196933,15000,14880
BE Club 269,10,55860fdb-1cea-414a-acec-147c63a1cd21,LadderGrinderBot_269,BE,Europe/Amsterdam,LadderGrinderBot,2,4,7,0,26,4,4,4,720,9700,12100,10,10,7,8,349,109809632,27349,19999530,5360813,15000,10200
BE Club 69,10,4a4ce3d8-58ff-45ab-876c-0acc4458bd2e,AggressiveTraderBot_69,BE,Europe/Rome,AggressiveTraderBot,2,4,1,11,7,12,45,1,340,4250,5700,6,11,7,8,379,8563817,967,9178370,7707105,22300,21700
BE Club 79,10,050eab06-a8b8-44b4-b7bd-978fb2972ef7,NewManagerBot_79,BE,Europe/Berlin,NewManagerBot,2,4,15,9,11,10,37,2,460,6300,7500,8,12,7,7,360,55211935,25714,12756630,5369512,15000,11800
CH Club 148,10,e8de3063-9c5f-45ba-a477-473c7f9d2f1f,YouthFocusedBot_148,CH,Europe/Madrid,YouthFocusedBot,2,4,5,4,20,6,18,1,330,4550,5600,3,10,7,4,357,28651381,153,9261930,5208105,21400,21500
CH Club 268,10,ce7561eb-6676-4d15-b9b3-21621d426a69,YouthFocusedBot_268,CH,Europe/Madrid,YouthFocusedBot,2,4,9,10,12,8,38,1,340,4350,5500,4,14,7,3,370,19783183,1655,9132030,5896816,21800,21300
CH Club 78,10,60be413e-022e-4268-8258-e2194f43454e,SocialBot_78,CH,Europe/Warsaw,SocialBot,2,4,2,7,11,12,33,4,730,9500,12300,10,12,3,9,383,161096580,22505,19984550,4879556,15000,12200
DE Club 271,10,7582aca5-6e27-44c7-922c-304c8637037f,NewManagerBot_271,DE,Europe/Berlin,NewManagerBot,2,4,10,12,10,8,44,4,720,9800,12000,9,11,5,6,380,134162620,23891,20010500,5564357,15000,15220
ES Club 134,10,5c8a1607-1688-40dc-922b-9eb09c33893d,ConservativeBot_134,ES,Europe/Paris,ConservativeBot,2,4,8,26,0,4,82,2,460,6200,7500,7,12,5,8,379,77249456,28710,12666750,5391955,15000,12400
IT Club 143,10,a76986a8-37f4-48c8-b95e-8207314d2b86,LadderGrinderBot_143,IT,Europe/Amsterdam,LadderGrinderBot,2,4,4,10,9,11,41,1,330,4550,5500,6,12,6,8,377,44996957,23943,9227880,4854920,15000,15080
IT Club 153,10,5b71faac-8f2c-4285-b064-1e9ce698a595,AggressiveTraderBot_153,IT,Europe/Rome,AggressiveTraderBot,2,4,3,9,10,11,38,4,720,9700,12000,3,10,5,6,375,80699601,179,19945650,7271369,22100,22800
IT Club 213,10,75ce292d-1775-4ff0-bf8d-ee575b3e6f0c,AggressiveTraderBot_213,IT,Europe/Rome,AggressiveTraderBot,2,4,12,9,10,11,38,2,460,6000,7900,5,14,8,5,383,37044471,486,12662750,8934926,22300,22500
IT Club 43,10,5e5ccef4-48ac-4d30-9573-c00f09609456,NewManagerBot_43,IT,Europe/Berlin,NewManagerBot,2,4,16,11,9,10,43,2,460,6200,7700,8,13,8,10,375,80019181,23911,12778050,4878184,15000,11200
IT Club 93,10,06cdf872-b9ab-4e31-bc56-7fe198747b80,AggressiveTraderBot_93,IT,Europe/Rome,AggressiveTraderBot,2,4,13,8,12,10,34,2,460,6100,7700,4,11,6,5,368,35083569,210,12664700,5203284,22200,21500
NL Club 255,10,a1d96199-fa32-4c94-bdbf-0e82807a9537,AggressiveTraderBot_255,NL,Europe/Rome,AggressiveTraderBot,2,4,11,10,9,11,41,4,730,9500,12100,2,12,9,9,386,92245966,1046,19948950,8683513,22200,22100
PL Club 76,10,ce73b2b1-9524-46ff-87e0-ee5423995657,YouthFocusedBot_76,PL,Europe/Madrid,YouthFocusedBot,2,4,14,12,8,10,46,4,720,9700,12100,3,13,7,7,384,170869288,673,19980300,2882433,21700,22800
PT Club 30,10,f62dc6ea-9823-4457-8131-87240bfd98eb,SocialBot_30,PT,Europe/Warsaw,SocialBot,2,4,6,20,4,6,66,3,590,8150,9700,10,13,2,7,385,121426732,28226,16411850,5615181,15000,10600
AT Club 297,10,27238e0c-a795-4c29-860e-713a1481a2cc,AggressiveTraderBot_297,AT,Europe/Rome,AggressiveTraderBot,2,5,13,12,11,7,43,4,720,9800,12100,6,11,9,5,375,103865091,1313,20078430,6760714,22100,21200
BE Club 319,10,8014bbad-f8ee-46dd-a81d-231670231cb7,NewManagerBot_319,BE,Europe/Berlin,NewManagerBot,2,5,9,26,0,4,82,3,600,7750,9900,9,12,4,8,387,95174052,23850,16290900,3542579,15000,13820
CH Club 58,10,8ec3792b-7f3a-4055-ba8b-3e90217e5a4e,YouthFocusedBot_58,CH,Europe/Madrid,YouthFocusedBot,2,5,10,0,26,4,4,3,590,7850,10100,5,10,10,10,348,90195778,309,16416630,4035446,21500,21100
DE Club 291,10,959db82e-e756-47cc-a245-20d5ff168816,AggressiveTraderBot_291,DE,Europe/Rome,AggressiveTraderBot,2,5,5,0,25,5,5,2,460,6300,7800,5,14,7,8,346,31603587,165,12870630,5970257,22300,23400
DE Club 331,10,66b56dde-eb08-42ee-9dd7-48345ac0da11,NewManagerBot_331,DE,Europe/Berlin,NewManagerBot,2,5,4,8,12,10,34,4,730,9700,12100,11,12,2,5,360,109761646,21327,20043900,3378114,15000,13580
ES Club 84,10,dc1e25b8-c625-4f27-81da-67d2b8ba9507,SocialBot_84,ES,Europe/Warsaw,SocialBot,2,5,14,11,12,7,40,4,720,9700,11900,15,16,6,9,364,145408596,4119,19882980,4355371,15000,16900
FR Club 202,10,04e6a2cf-e6c0-4928-a8a8-564f57062b36,YouthFocusedBot_202,FR,Europe/Madrid,YouthFocusedBot,2,5,1,13,9,8,47,1,340,4450,5500,3,13,8,6,383,23974699,1109,9249630,5132853,22100,21300
FR Club 212,10,d6049ac0-45fc-408d-8ed1-62be0039ed2d,ConservativeBot_212,FR,Europe/Paris,ConservativeBot,2,5,2,9,13,8,35,1,330,4750,5300,8,10,6,7,374,33664846,25046,9315150,3588235,15000,13640
NL Club 335,10,b4f60935-4474-4a59-b671-1d2dd1587f6d,LadderGrinderBot_335,NL,Europe/Amsterdam,LadderGrinderBot,2,5,8,15,6,9,54,2,470,6300,7600,9,14,7,4,356,64437718,18986,12878930,7470937,15000,14620
NL Club 65,10,e1c26246-8404-4632-9dab-aade113a28eb,LadderGrinderBot_65,NL,Europe/Amsterdam,LadderGrinderBot,2,5,7,6,15,9,27,1,350,4350,5300,7,7,7,7,380,56709511,28141,9224580,4736432,15000,11200
PL Club 206,10,9db8ed72-bdb5-4b95-b4a3-dfe8098bbd70,ConservativeBot_206,PL,Europe/Paris,ConservativeBot,2,5,3,12,8,10,46,3,590,8250,9900,8,11,7,7,380,88450057,28009,16625100,2976632,15000,11000
PL Club 316,10,d93663fb-8e4e-48b8-8793-3b45d3651426,YouthFocusedBot_316,PL,Europe/Madrid,YouthFocusedBot,2,5,15,6,14,10,28,2,460,6100,7700,4,14,9,6,371,51980465,1185,12678230,5960038,21600,21100
PL Club 326,10,2052b1a0-fb68-4752-9fad-a0d695a68628,ConservativeBot_326,PL,Europe/Paris,ConservativeBot,2,5,16,14,6,10,52,4,720,9700,12100,7,12,7,7,381,171415154,25775,19988780,6267800,15000,15860
PL Club 86,10,e1abc38d-aa6c-4f3c-b826-7fab58373e1f,ConservativeBot_86,PL,Europe/Paris,ConservativeBot,2,5,12,8,9,13,37,1,340,4350,5300,6,7,6,5,383,43839661,26210,9113630,4934434,15000,15080
PT Club 270,10,ef46c6d8-0ec4-44c5-b459-3d0a9e9c0eef,SocialBot_270,PT,Europe/Warsaw,SocialBot,2,5,6,25,0,5,80,1,330,4350,5700,10,11,6,5,380,28369228,23283,9137000,5144327,15000,14000
PT Club 320,10,96be8948-bc1b-4b84-af9b-0a7693f9a9bb,ConservativeBot_320,PT,Europe/Paris,ConservativeBot,2,5,11,9,8,13,40,4,720,9800,11900,9,12,8,3,369,119498177,19251,19983600,4360809,15000,14020
AT Club 107,10,b8cbcad1-6155-4e67-bb28-3941ecf4f0bc,LadderGrinderBot_107,AT,Europe/Amsterdam,LadderGrinderBot,3,1,1,13,11,6,45,1,340,4550,5500,8,12,5,8,368,23608788,24984,7245650,5933950,15000,14040
BE Club 109,10,585a27c8-a1a4-461b-8a09-9e95f6342f27,NewManagerBot_109,BE,Europe/Berlin,NewManagerBot,3,1,10,9,15,6,33,2,460,6100,7700,9,9,4,7,358,47905788,25902,9860450,6908252,15000,11200
CH Club 108,10,2b027f11-de59-420a-b7d0-ef5d314a04fa,SocialBot_108,CH,Europe/Warsaw,SocialBot,3,1,12,11,12,7,40,1,330,4550,5700,9,9,6,5,367,22437842,29875,7242200,6762728,15000,9800
DE Club 111,10,805596ae-c0b3-4c48-bba3-a6d4f8a1aa71,AggressiveTraderBot_111,DE,Europe/Rome,AggressiveTraderBot,3,1,16,7,13,10,31,3,590,8350,9800,4,12,5,8,348,50030271,226,12954530,7901524,21500,21300
DE Club 131,10,cfde46e7-93d7-47c5-bd87-009d21bd1d4f,LadderGrinderBot_131,DE,Europe/Amsterdam,LadderGrinderBot,3,1,5,11,8,11,44,2,470,6000,7900,7,8,7,5,387,56925624,24748,9961830,5489126,15000,16060
DE Club 21,10,00f6fdb6-a2a1-40b2-a8dc-bbbfd111ed89,AggressiveTraderBot_21,DE,Europe/Rome,AggressiveTraderBot,3,1,14,8,11,11,35,3,600,8050,9900,3,8,3,4,378,79802873,1808,12872150,9453277,22200,20500
ES Club 94,10,4aa1ccda-3a1d-4a25-a762-49aff917ed9b,YouthFocusedBot_94,ES,Europe/Madrid,YouthFocusedBot,3,1,6,8,11,11,35,3,590,7850,10200,3,11,6,5,366,102165940,90,12754400,3787886,21600,22100
FR Club 112,10,a15b6a0b-37cb-4a21-ae23-4b81fd31f3b6,YouthFocusedBot_112,FR,Europe/Madrid,YouthFocusedBot,3,1,3,9,10,11,38,2,470,6200,7700,3,12,7,2,360,54312704,2013,9989260,3304823,21300,19900
FR Club 52,10,64c2c870-4cd1-4757-a3a5-44b6c9811f67,YouthFocusedBot_52,FR,Europe/Madrid,YouthFocusedBot,3,1,2,11,13,6,39,1,330,4750,5500,6,12,8,8,365,23814124,174,7321800,4551569,21700,22800
IT Club 103,10,60f61091-88a8-41c4-8e14-7f15e8d04cfc,NewManagerBot_103,IT,Europe/Berlin,NewManagerBot,3,1,9,15,9,6,51,4,720,9900,12100,7,12,5,6,370,108494708,26535,15660300,4735424,15000,13060
IT Club 73,10,a5c71d17-12f8-4cdd-a0e0-181abab6a3e1,NewManagerBot_73,IT,Europe/Berlin,NewManagerBot,3,1,8,11,10,9,42,3,590,8050,9900,11,12,10,3,363,84799020,15214,12807030,5383701,15000,16980
PL Club 106,10,4e4c2586-f2ba-40ab-9ac3-3378ba751f49,YouthFocusedBot_106,PL,Europe/Madrid,YouthFocusedBot,3,1,13,11,8,11,44,4,720,9500,12200,3,13,1,4,362,110745076,217,15391500,5780060,21500,22700
PL Club 136,10,70f861f6-8a3e-42c4-8761-6ac90a75e15b,YouthFocusedBot_136,PL,Europe/Madrid,YouthFocusedBot,3,1,4,10,9,11,41,1,340,4250,5600,2,10,9,6,354,22816934,444,7125930,4391500,21800,23300
PL Club 56,10,bf2c47e6-76b3-42cd-b86e-a8e479e60804,ConservativeBot_56,PL,Europe/Paris,ConservativeBot,3,1,11,12,11,7,43,3,600,7850,10100,8,9,4,7,354,110761255,21090,12812900,4736130,15000,15040
PT Club 100,10,8f2ff8e9-cfad-4c42-acf9-23f4ace61979,YouthFocusedBot_100,PT,Europe/Madrid,YouthFocusedBot,3,1,7,10,11,9,39,3,590,7950,9700,3,12,7,3,362,84048394,1281,12667230,5129025,21800,21700
PT Club 190,10,d557eb61-328b-455a-ac12-bdf7160c3c0a,YouthFocusedBot_190,PT,Europe/Madrid,YouthFocusedBot,3,1,15,13,7,10,49,1,330,4350,5400,2,9,7,7,350,28800070,-89,7051380,6332899,21800,21900
AT Club 117,10,e6ca718d-1ead-4b7e-a9ac-c0ca863c7f73,AggressiveTraderBot_117,AT,Europe/Rome,AggressiveTraderBot,3,2,6,7,13,10,31,2,460,6000,7900,4,15,4,11,367,19962861,677,9839100,6662787,22800,23100
BE Club 219,10,11b113fe-aa84-4d84-868d-b16a13592b66,AggressiveTraderBot_219,BE,Europe/Rome,AggressiveTraderBot,3,2,13,8,7,15,39,2,460,6300,7900,4,11,5,9,365,41344332,1342,10047450,6844275,22500,21200
BE Club 39,10,bc3e1ffa-a7c5-4453-a010-a40c2e5624a4,AggressiveTraderBot_39,BE,Europe/Rome,AggressiveTraderBot,3,2,12,9,9,12,39,4,730,9700,12100,2,9,7,1,389,143032742,-385,15623700,8763475,22500,24300
CH Club 118,10,7483179c-ed57-4cee-a179-14c5a6ba9c62,YouthFocusedBot_118,CH,Europe/Madrid,YouthFocusedBot,3,2,5,13,7,10,49,3,590,7950,9800,5,12,6,5,353,81151712,303,12698250,7160093,21600,22500
CH Club 138,10,492508a8-01fb-4638-a96f-6f75549dc1e0,SocialBot_138,CH,Europe/Warsaw,SocialBot,3,2,8,10,8,12,42,4,730,9600,12000,9,12,7,5,360,120244145,15141,15528150,4501218,15000,14020
DE Club 211,10,8d3b1a03-6e77-462d-b5cf-23e60784c8e5,NewManagerBot_211,DE,Europe/Berlin,NewManagerBot,3,2,14,7,8,15,36,4,740,9700,12100,8,13,10,8,370,116590230,26477,15737700,3859385,15000,14040
DE Club 221,10,c2ee84de-1a9e-4427-b582-e08a783d636d,LadderGrinderBot_221,DE,Europe/Amsterdam,LadderGrinderBot,3,2,3,23,2,5,74,4,730,9600,12100,7,7,7,5,372,103767794,22008,15594800,3359147,15000,14400
ES Club 114,10,f3c2e9c0-a82f-4e00-a062-05a6ec4fb90b,SocialBot_114,ES,Europe/Warsaw,SocialBot,3,2,2,11,8,11,44,1,340,4350,5400,9,11,6,7,377,29619522,24058,7101750,5533403,15000,14220
ES Club 14,10,8b3acb80-1554-4a27-aa02-46fb3057deae,ConservativeBot_14,ES,Europe/Paris,ConservativeBot,3,2,15,26,0,4,82,3,600,7850,10300,10,11,6,6,388,108056324,28332,12876680,6682321,15000,10800
ES Club 194,10,937a9d70-1cc0-4113-8471-2351989b0165,ConservativeBot_194,ES,Europe/Paris,ConservativeBot,3,2,9,14,8,8,50,4,730,9600,12100,12,13,5,7,349,114336176,8839,15550830,5247316,15000,15600
FR Club 122,10,7313cd66-e9c4-4710-a0ac-2423670ab347,ConservativeBot_122,FR,Europe/Paris,ConservativeBot,3,2,11,9,9,12,39,2,460,6100,7700,9,11,5,4,386,62614561,26004,9848700,4499541,15000,16820
IT Club 193,10,e3c5b140-56f3-4708-b136-7f7ab0a3705b,NewManagerBot_193,IT,Europe/Berlin,NewManagerBot,3,2,1,8,11,11,35,2,460,6300,7500,7,8,7,6,376,66072537,26977,9960980,4273739,15000,14260
NL Club 125,10,20c0ee5d-34d1-4bc2-9c86-8e8b91513228,LadderGrinderBot_125,NL,Europe/Amsterdam,LadderGrinderBot,3,2,7,8,10,12,36,4,720,9800,12100,9,11,7,8,369,105310684,25260,15624450,5643531,15000,15020
NL Club 25,10,199d0dcf-02ce-4689-b524-4045b4b27001,NewManagerBot_25,NL,Europe/Berlin,NewManagerBot,3,2,16,0,26,4,4,1,340,4450,5400,12,12,6,6,349,23746567,23643,7150800,4735074,15000,10200
PL Club 116,10,47e4d6c7-4684-40ef-b555-2bf2bf45480b,ConservativeBot_116,PL,Europe/Paris,ConservativeBot,3,2,4,2,23,5,11,4,720,9700,12100,11,14,6,2,347,103191245,8231,15510500,5759577,15000,15380
PL Club 126,10,6311e709-b24e-4646-bc1b-16eb6e9a704c,SocialBot_126,PL,Europe/Warsaw,SocialBot,3,2,10,8,14,8,32,3,590,7850,9900,10,12,6,6,363,71997708,18961,12669750,6745718,15000,15800
AT Club 137,10,a2c2667c-93d8-4cee-835d-eb187ab094d2,LadderGrinderBot_137,AT,Europe/Amsterdam,LadderGrinderBot,3,3,16,10,7,13,43,4,730,9500,12300,8,9,3,6,348,105358585,26302,15549900,3024160,15000,15840
AT Club 217,10,e0326af1-b314-4d98-9e91-42e35aaee33d,NewManagerBot_217,AT,Europe/Berlin,NewManagerBot,3,3,8,13,5,12,51,2,460,6200,7700,7,13,6,8,387,66658248,29077,9922650,3613052,15000,12200
BE Club 119,10,01f3fc7b-ecc8-4da8-a134-205f5b0cc3be,LadderGrinderBot_119,BE,Europe/Amsterdam,LadderGrinderBot,3,3,9,10,10,10,40,2,460,6200,7700,12,14,6,9,364,47398740,14303,9919380,6270940,15000,15160
BE Club 129,10,7cdc5c78-c824-4981-ac60-c065a701c67b,AggressiveTraderBot_129,BE,Europe/Rome,AggressiveTraderBot,3,3,13,10,11,9,39,1,330,4350,5300,4,11,8,3,367,1409363,383,6989130,8258506,22800,24100
DE Club 141,10,7e1cd9ae-3a02-4cdd-91cf-3f233a94490c,AggressiveTraderBot_141,DE,Europe/Rome,AggressiveTraderBot,3,3,14,11,10,9,42,4,720,9600,12100,6,13,7,4,346,90317801,1244,15465600,7017922,22400,22100
DE Club 231,10,947df70f-bccc-4983-a67e-88e5a984ff5f,AggressiveTraderBot_231,DE,Europe/Rome,AggressiveTraderBot,3,3,6,9,8,13,40,4,720,9600,12200,5,12,7,4,346,85896630,777,15500730,6814254,21800,20400
ES Club 144,10,b58e2ae3-cb5e-4291-8508-631ece4472c7,SocialBot_144,ES,Europe/Warsaw,SocialBot,3,3,1,9,15,6,33,2,460,6200,7800,9,12,7,5,377,47994353,26667,9954900,2788726,15000,11400
ES Club 4,10,85120ad2-7fa3-4217-8604-f29bf87884d3,YouthFocusedBot_4,ES,Europe/Madrid,YouthFocusedBot,3,3,2,15,9,6,51,4,720,9600,12400,2,11,6,5,355,123612001,13,15572400,6577625,21500,22300
FR Club 142,10,60096c04-5158-4a2f-8934-81a7b1f99149,YouthFocusedBot_142,FR,Europe/Madrid,YouthFocusedBot,3,3,10,10,10,10,40,2,480,6000,7700,2,13,3,4,369,44929707,1140,9908400,4538820,21700,20800
FR Club 22,10,673d69b5-669c-4786-9e06-d7aa63e589c6,YouthFocusedBot_22,FR,Europe/Madrid,YouthFocusedBot,3,3,3,9,13,8,35,1,340,4450,5500,6,11,5,3,357,26054131,99,7168800,3364612,21600,22200
FR Club 62,10,f24edcd9-ec85-45dc-a843-7ffe73560a01,ConservativeBot_62,FR,Europe/Paris,ConservativeBot,3,3,5,8,9,13,37,2,460,6300,7800,10,10,10,4,349,54468443,24599,10043100,3685252,15000,11000
IT Club 23,10,36b04951-ec86-4657-8847-b76a079db506,LadderGrinderBot_23,IT,Europe/Amsterdam,LadderGrinderBot,3,3,11,5,15,10,25,2,470,6100,7800,11,12,7,7,367,70480864,22613,9974100,3052456,15000,12400
PL Club 66,10,046ea3ba-9a18-466f-82c9-69395045c2ad,SocialBot_66,PL,Europe/Warsaw,SocialBot,3,3,4,13,9,8,47,3,590,8050,10000,8,8,5,5,349,85484675,29249,12834650,5147284,15000,13200
PT Club 10,10,32c764f6-e8ba-4537-8e82-630aedd6593d,YouthFocusedBot_10,PT,Europe/Madrid,YouthFocusedBot,3,3,15,7,10,13,34,3,600,8150,9900,6,11,2,9,358,115378833,942,12918450,5686758,21700,21600
PT Club 130,10,7145701e-f8bd-42d6-9d35-945927b2a810,YouthFocusedBot_130,PT,Europe/Madrid,YouthFocusedBot,3,3,12,15,5,10,55,2,470,6300,7600,4,10,6,3,384,50549797,990,10034130,6309441,21500,20800
PT Club 140,10,9694c29c-f247-42b8-8997-0f26d442b2e2,ConservativeBot_140,PT,Europe/Paris,ConservativeBot,3,3,7,5,13,12,27,2,480,6200,7600,8,14,8,5,362,43622271,26982,10041750,3202991,15000,13640
AT Club 147,10,5aa85c20-0519-4beb-9fb9-6708f96e84af,AggressiveTraderBot_147,AT,Europe/Rome,AggressiveTraderBot,3,4,12,0,29,1,1,2,460,6100,7800,4,11,9,6,352,29553830,1948,9912330,7075243,22400,21700
AT Club 157,10,f4ac4c0c-9b24-42ea-b416-093b9beedc65,NewManagerBot_157,AT,Europe/Berlin,NewManagerBot,3,4,9,7,14,9,30,3,590,7750,10000,7,7,7,7,365,80250402,28289,12678080,5456234,15000,12600
AT Club 27,10,7603bc01-2726-424b-bcc5-6a07d8f22a39,AggressiveTraderBot_27,AT,Europe/Rome,AggressiveTraderBot,3,4,6,12,10,8,44,3,600,7850,10000,3,12,8,6,358,68402445,904,12795650,6938998,22200,21500
AT Club 97,10,618ea146-3ba0-4ae0-b788-e4dafedba22b,NewManagerBot_97,AT,Europe/Berlin,NewManagerBot,3,4,4,13,11,6,45,2,470,6100,7900,9,15,8,5,360,60407832,28090,9980550,4128662,15000,11600
DE Club 101,10,2cf51899-9887-42fc-903b-967ec3d1967a,LadderGrinderBot_101,DE,Europe/Amsterdam,LadderGrinderBot,3,4,7,14,5,11,53,3,590,7850,10100,12,14,9,6,372,89457329,15776,12730700,3708077,15000,15360
ES Club 124,10,2ee52a8c-67ce-4898-a8c0-76a6418d21d0,YouthFocusedBot_124,ES,Europe/Madrid,YouthFocusedBot,3,4,5,10,12,8,38,3,590,7950,9800,5,13,8,4,371,77785241,1158,12692730,6180326,21700,21800
ES Club 154,10,628d4312-db8c-4ba9-993b-6015197c410a,YouthFocusedBot_154,ES,Europe/Madrid,YouthFocusedBot,3,4,1,8,11,11,35,1,330,4450,5500,3,7,5,5,372,22201136,922,7133180,4377626,21900,21100
ES Club 264,10,45fa72ac-91e2-4882-8137-ff626d22ae1a,SocialBot_264,ES,Europe/Warsaw,SocialBot,3,4,8,5,14,11,26,4,720,9500,12200,8,12,8,9,368,110290924,24676,15470700,5256773,15000,13640
ES Club 284,10,728a473c-8d8b-4456-8e22-20b98852cebc,ConservativeBot_284,ES,Europe/Paris,ConservativeBot,3,4,2,11,8,11,44,3,600,7850,9700,7,8,7,6,363,86022895,28258,12728430,3491541,15000,13060
FR Club 102,10,1057bce7-2dbd-4e33-bbce-6cd6f9e1f38b,SocialBot_102,FR,Europe/Warsaw,SocialBot,3,4,15,8,13,9,33,3,600,8050,9800,7,12,7,3,369,84370883,23736,12831010,4098602,15000,15060
FR Club 12,10,c637d677-633e-4315-a0a6-f26a3751e2f8,SocialBot_12,FR,Europe/Warsaw,SocialBot,3,4,3,11,13,6,39,1,330,4350,5400,11,14,9,9,360,27058551,22545,7039080,5069172,15000,13800
IT Club 173,10,159887e1-97be-479a-9c8f-3103bf6b079a,LadderGrinderBot_173,IT,Europe/Amsterdam,LadderGrinderBot,3,4,14,11,12,7,40,1,340,4350,5600,10,14,9,7,357,27549511,17710,7162430,6856427,15000,14600
NL Club 155,10,8dd2028f-36e1-4e26-b433-e847bc872591,LadderGrinderBot_155,NL,Europe/Amsterdam,LadderGrinderBot,3,4,13,12,11,7,43,3,590,8250,9700,9,14,8,4,364,76728392,19006,12851850,2951655,15000,14820
NL Club 245,10,0d22986b-e0ff-4b27-901e-5016fa049f99,LadderGrinderBot_245,NL,Europe/Amsterdam,LadderGrinderBot,3,4,10,14,7,9,51,3,600,7850,10000,11,12,7,5,376,82788436,20682,12782100,4785136,15000,10600
NL Club 85,10,704c9670-99e6-42ee-820e-3cf20369bec1,NewManagerBot_85,NL,Europe/Berlin,NewManagerBot,3,4,11,29,0,1,88,2,460,6200,7600,8,9,6,7,388,65033180,26142,9918300,2982913,15000,13400
PT Club 150,10,53c31711-ece7-44c8-9010-f5787b6c8a2c,SocialBot_150,PT,Europe/Warsaw,SocialBot,3,4,16,13,8,9,48,2,480,6200,7500,10,16,7,10,354,46582907,24617,10018800,4195073,15000,10800
BE Club 169,10,0018448d-cc8b-4968-a965-d6ed95a5d5ee,NewManagerBot_169,BE,Europe/Berlin,NewManagerBot,3,5,16,0,25,5,5,4,730,9700,12000,7,14,7,6,356,109919966,30402,15580800,3185407,15000,10400
BE Club 29,10,cabd4b9e-d4ce-4811-af3e-1ccf7e3c7954,LadderGrinderBot_29,BE,Europe/Amsterdam,LadderGrinderBot,3,5,10,12,5,13,49,3,590,8050,9900,11,13,6,8,380,87529783,11342,12787650,4589112,15000,15380
CH Club 168,10,973da36b-7346-4843-94cb-ed5ac76e792d,SocialBot_168,CH,Europe/Warsaw,SocialBot,3,5,12,7,10,13,34,1,340,4450,5400,8,12,6,6,364,22041130,20364,7160130,6582951,15000,14040
CH Club 18,10,62619cd8-64ad-40dc-9339-cb65538bc836,SocialBot_18,CH,Europe/Warsaw,SocialBot,3,5,8,12,8,10,46,3,590,8050,9700,8,14,5,3,384,88584536,26114,12698880,5684070,15000,15040
CH Club 68,10,fb90b587-dadf-49bd-9ace-7d8da42b9389,ConservativeBot_68,CH,Europe/Paris,ConservativeBot,3,5,11,10,7,13,43,3,600,8050,9800,9,9,8,8,352,78523500,27087,12886530,5842562,15000,11400
DE Club 171,10,433ab017-968b-404a-9262-2ad4e76bdb9a,AggressiveTraderBot_171,DE,Europe/Rome,AggressiveTraderBot,3,5,2,11,8,11,44,4,730,9700,12000,6,8,7,6,361,84963019,222,15632030,6764285,22500,23000
ES Club 174,10,024ed886-a400-4f98-8f69-6de68a8dc084,SocialBot_174,ES,Europe/Warsaw,SocialBot,3,5,14,12,8,10,46,4,730,9700,12200,12,12,6,8,372,102328982,16836,15655700,4831906,15000,11400
FR Club 262,10,1b091843-a469-4eb4-ba1c-3936c30e8dee,YouthFocusedBot_262,FR,Europe/Madrid,YouthFocusedBot,3,5,9,5,12,13,28,2,460,6100,7700,4,15,6,4,377,54942854,-483,9826380,4779567,22100,24400
FR Club 272,10,a60e7403-d1a2-451f-9b36-6c8c85e1d78c,ConservativeBot_272,FR,Europe/Paris,ConservativeBot,3,5,4,12,5,13,49,3,600,7950,10000,9,10,4,10,360,81746223,18628,12850650,5749033,15000,15220
FR Club 32,10,a908df90-2ca1-4aeb-90e5-14f9f8ec6ee9,ConservativeBot_32,FR,Europe/Paris,ConservativeBot,3,5,1,8,11,11,35,1,330,4450,5400,10,13,9,6,360,26697927,23549,7095080,6506382,15000,13600
IT Club 13,10,4b5d9e92-69e7-4e2a-827d-96be5393e740,NewManagerBot_13,IT,Europe/Berlin,NewManagerBot,3,5,15,25,0,5,80,3,600,7750,10000,8,14,10,5,388,106461451,23297,12730350,6606957,15000,14440
IT Club 163,10,aeebbfd9-f54e-42a8-8978-c101f9ddf84b,NewManagerBot_163,IT,Europe/Berlin,NewManagerBot,3,5,13,8,12,10,34,2,460,6300,7700,6,8,5,4,345,54092171,26184,9996200,5059217,15000,16680
IT Club 253,10,25a12e17-2ad9-49a3-89f4-ce70388c9308,NewManagerBot_253,IT,Europe/Berlin,NewManagerBot,3,5,5,9,9,12,39,1,330,4350,5400,12,12,8,6,375,25842825,24680,7024980,4612024,15000,10000
PL Club 166,10,bf3feda8-e4cd-473c-865d-cfeac769a612,YouthFocusedBot_166,PL,Europe/Madrid,YouthFocusedBot,3,5,6,9,9,12,39,3,600,7850,9900,3,13,8,2,359,75914848,218,12739050,4681965,21400,23100
PL Club 176,10,e09865c8-301c-4a45-b0ef-8e7b03a6cbbf,ConservativeBot_176,PL,Europe/Paris,ConservativeBot,3,5,7,8,12,10,34,1,340,4250,5600,5,11,5,5,370,23126396,29000,7086610,3961885,15000,12500
PT Club 20,10,5d15ac60-92b2-45c6-b41c-5320a627c958,ConservativeBot_20,PT,Europe/Paris,ConservativeBot,3,5,3,5,12,13,28,4,720,9600,12300,11,11,5,7,364,118466291,19376,15537480,4725639,15000,12800
AT Club 127,10,d8a4463c-3898-4480-9e43-1ed7f1346e27,NewManagerBot_127,AT,Europe/Berlin,NewManagerBot,3,6,16,0,27,3,3,3,590,7750,10200,9,14,9,10,345,73794318,23844,12722930,4430396,15000,14020
AT Club 187,10,9e41080b-0a1c-43ec-a652-ffda1c3b89b5,NewManagerBot_187,AT,Europe/Berlin,NewManagerBot,3,6,12,13,6,11,50,4,720,9500,12200,13,13,5,6,350,106262260,16589,15423980,6676116,15000,11400
AT Club 277,10,1e1139dc-0372-444a-beff-d52fc52a6be8,NewManagerBot_277,AT,Europe/Berlin,NewManagerBot,3,6,8,10,11,9,39,2,470,6100,7700,9,13,4,6,362,63534959,22244,9915150,5866401,15000,13820
BE Club 189,10,4497be84-e199-4e43-ba29-5768a0e6218a,AggressiveTraderBot_189,BE,Europe/Rome,AggressiveTraderBot,3,6,14,11,9,10,43,2,460,6000,7700,2,14,7,3,351,15436621,1457,9773900,6800990,21900,21200
CH Club 128,10,bc14cf8f-78a7-4317-85fe-85b18d67f9b6,ConservativeBot_128,CH,Europe/Paris,ConservativeBot,3,6,11,6,13,11,29,3,590,8150,10000,6,9,6,8,351,77836694,26509,12910650,6679133,15000,14480
CH Club 178,10,49819763-2993-4393-90f8-146e24a592e6,YouthFocusedBot_178,CH,Europe/Madrid,YouthFocusedBot,3,6,6,8,14,8,32,3,590,7850,10100,2,10,7,4,368,72826568,1843,12742730,7963195,21800,20100
CH Club 218,10,63ef6e6c-901c-46d8-8fe3-694ec8c18275,ConservativeBot_218,CH,Europe/Paris,ConservativeBot,3,6,4,10,13,7,37,4,730,9700,12100,10,10,5,7,379,125516796,24248,15628100,3576979,15000,12000
CH Club 98,10,30333bdd-d11e-4e52-986b-c6fbd073b7a1,ConservativeBot_98,CH,Europe/Paris,ConservativeBot,3,6,10,11,9,10,43,2,460,6300,7800,8,10,5,5,364,66724071,20596,10007100,4155501,15000,14640
DE Club 181,10,4b256b0b-459a-4a00-9bfa-0c1726044877,NewManagerBot_181,DE,Europe/Berlin,NewManagerBot,3,6,13,9,11,10,37,1,350,4550,5500,12,12,8,4,363,20569343,19324,7332800,5448206,15000,12000
DE Club 191,10,5209c0b7-1b42-498c-b8ec-2a03c187686c,LadderGrinderBot_191,DE,Europe/Amsterdam,LadderGrinderBot,3,6,5,14,8,8,50,2,460,6200,7700,9,11,7,6,358,42832704,26465,9935900,6402157,15000,13420
FR Club 192,10,f4750b95-fc78-4c49-ba82-cc1eb1bc7b47,SocialBot_192,FR,Europe/Warsaw,SocialBot,3,6,2,9,8,13,40,1,330,4550,5500,10,10,6,6,348,17850653,20298,7178100,5953227,15000,11000
NL Club 145,10,e75ee1c8-dc6c-4103-ab66-7fab1c96e63c,NewManagerBot_145,NL,Europe/Berlin,NewManagerBot,3,6,15,27,0,3,84,3,590,7850,9700,7,12,6,7,389,102886159,26122,12611880,4288357,15000,17060
PL Club 26,10,2feac2a4-af37-4a38-83a4-381b3f97cf44,ConservativeBot_26,PL,Europe/Paris,ConservativeBot,3,6,3,13,10,7,46,4,730,9700,12100,9,13,4,4,365,108458349,25970,15582900,7546710,15000,11800
PL Club 276,10,f26d2663-fed0-49cd-89c7-5c7beff462f7,SocialBot_276,PL,Europe/Warsaw,SocialBot,3,6,1,8,9,13,37,3,590,8150,9900,10,13,7,6,348,83549170,24546,12856980,4916283,15000,14000
PL Club 286,10,d1715c76-f74c-48ca-92e4-70cbebd64c71,YouthFocusedBot_286,PL,Europe/Madrid,YouthFocusedBot,3,6,9,9,11,10,37,1,350,4450,5400,4,10,7,4,373,22974460,915,7247430,7115947,21800,22800
PT Club 120,10,9e07ec54-6e86-4cb6-98b1-235b6a352569,SocialBot_120,PT,Europe/Warsaw,SocialBot,3,6,7,11,10,9,42,3,590,7850,9900,9,10,8,9,357,80548354,28238,12713450,4562750,15000,15220
AT Club 167,10,4ff99c0f-f940-43af-b39e-85d4dbb6271e,LadderGrinderBot_167,AT,Europe/Amsterdam,LadderGrinderBot,3,7,3,0,26,4,4,2,460,6300,7700,9,10,7,6,347,49211149,18995,10006130,4730598,15000,14620
AT Club 7,10,786c663b-ff16-4c41-bb24-56c96612ccef,NewManagerBot_7,AT,Europe/Berlin,NewManagerBot,3,7,16,9,12,9,36,3,600,8050,9800,9,15,6,5,354,110368825,23553,12817350,5893290,15000,13620
CH Club 198,10,b12f1edc-e973-459e-9661-eb8b94f20853,SocialBot_198,CH,Europe/Warsaw,SocialBot,3,7,10,15,3,12,57,3,610,7950,9900,9,14,8,5,350,74311090,23740,12882500,6381603,15000,15220
CH Club 48,10,5f2451f2-0668-4b60-98fc-bd64c9e6ae9c,SocialBot_48,CH,Europe/Warsaw,SocialBot,3,7,2,2,22,6,12,4,720,9900,12200,11,11,4,9,352,113163652,29911,15695550,3762245,15000,10400
CH Club 8,10,b027d720-ee06-4f8c-924d-112b01c3dc75,ConservativeBot_8,CH,Europe/Paris,ConservativeBot,3,7,11,8,10,12,36,2,460,6200,7600,10,11,8,7,351,61267052,22312,9910850,5922013,15000,15000
DE Club 161,10,724b6093-c959-483a-9e1f-31d5fecc9162,LadderGrinderBot_161,DE,Europe/Amsterdam,LadderGrinderBot,3,7,12,10,8,12,42,4,730,9700,11900,8,15,7,7,367,108564508,23643,15555030,4561556,15000,12200
ES Club 204,10,f57a98e7-1fc6-400f-a6e8-570ac0ed9836,SocialBot_204,ES,Europe/Warsaw,SocialBot,3,7,7,10,8,12,42,1,330,4450,5500,9,13,6,6,353,18091899,22387,7092600,5521940,15000,14820
FR Club 132,10,205ec8dd-1081-4b46-9932-30787b94390e,SocialBot_132,FR,Europe/Warsaw,SocialBot,3,7,13,29,0,1,88,3,600,7850,9800,10,11,6,7,388,105185793,16740,12732600,3516411,15000,14800
FR Club 2,10,d7d3e20a-8306-409e-b6de-ae08adecd752,ConservativeBot_2,FR,Europe/Paris,ConservativeBot,3,7,9,3,15,12,21,1,340,4750,5400,10,13,5,6,368,44148338,20824,7324200,4485244,15000,16000
FR Club 252,10,3c1559dc-f84c-41c2-ba6b-a09bdb4ec5e7,SocialBot_252,FR,Europe/Warsaw,SocialBot,3,7,15,12,9,9,45,4,720,9700,12000,11,17,6,8,371,111169768,17314,15486000,4917461,15000,11000
IT Club 183,10,257bb0fb-4722-43fe-ac46-ab7aacc93603,AggressiveTraderBot_183,IT,Europe/Rome,AggressiveTraderBot,3,7,1,22,2,6,72,4,730,9700,12100,3,10,5,9,381,82909663,909,15637950,7066438,22200,22900
NL Club 165,10,0d46166f-1c23-4fd1-8d98-9c303ba3ca81,AggressiveTraderBot_165,NL,Europe/Rome,AggressiveTraderBot,3,7,4,26,0,4,82,3,590,7850,10100,4,11,6,6,381,53522983,983,12727380,8371583,22400,22600
NL Club 185,10,fcec7403-56e0-4cd8-8dd1-a8bb20d39472,LadderGrinderBot_185,NL,Europe/Amsterdam,LadderGrinderBot,3,7,8,8,10,12,36,2,470,6200,7600,10,11,8,8,377,53773598,22229,9995100,5922892,15000,14400
NL Club 205,10,3fd072aa-fc30-4ce4-b2f3-fcef0f234790,NewManagerBot_205,NL,Europe/Berlin,NewManagerBot,3,7,5,16,8,6,54,3,610,7850,9800,8,11,7,9,364,72939448,22872,12829130,5968379,15000,14640
PL Club 266,10,61c9eee0-c373-4c47-b71c-69ad37f787a5,ConservativeBot_266,PL,Europe/Paris,ConservativeBot,3,7,6,8,16,6,30,3,600,7850,10000,8,9,7,2,378,81310151,26543,12791930,5294688,15000,13240
PT Club 260,10,a368befa-b280-4161-b1e0-64a658fdff05,ConservativeBot_260,PT,Europe/Paris,ConservativeBot,3,7,14,0,29,1,1,1,330,4450,5400,10,12,4,6,355,12818228,21364,7061130,5045182,15000,12800
AT Club 67,10,611ce365-1847-4d8e-8c43-9d9c8dd1fb74,NewManagerBot_67,AT,Europe/Berlin,NewManagerBot,3,8,13,9,10,11,38,2,460,6100,7600,12,13,9,7,367,67345167,12948,9849450,5242520,15000,14760
CH Club 188,10,0b899502-7cbb-4eb8-83eb-46db4b9bbe71,ConservativeBot_188,CH,Europe/Paris,ConservativeBot,3,8,4,6,18,6,24,1,330,4450,5600,8,11,4,8,373,23424123,25473,7129980,6268118,15000,13840
CH Club 38,10,b06d0a6d-4efe-4488-b02e-6030ffbe434a,ConservativeBot_38,CH,Europe/Paris,ConservativeBot,3,8,6,8,10,12,36,2,470,6200,7500,10,15,3,6,348,55084201,18149,9887550,3654827,15000,16400
DE Club 71,10,2c4a53fa-60af-49ce-a743-ec79a51856ba,LadderGrinderBot_71,DE,Europe/Amsterdam,LadderGrinderBot,3,8,8,5,13,12,27,2,460,6400,7700,11,12,8,7,354,50879592,13595,10067850,3825447,15000,13600
ES Club 214,10,438a011b-77a0-4955-a26e-aa44f847c545,YouthFocusedBot_214,ES,Europe/Madrid,YouthFocusedBot,3,8,5,10,8,12,42,1,340,4450,5500,4,11,6,8,354,22664328,1799,7206900,3069742,21900,20400
ES Club 74,10,40cc7e01-3f6b-473e-b0f3-785115d6b7d5,ConservativeBot_74,ES,Europe/Paris,ConservativeBot,3,8,10,10,11,9,39,4,720,9600,12200,7,11,6,8,367,127668936,26441,15520500,4760791,15000,13860
FR Club 222,10,d92752c6-ade6-4ecd-b7ad-5db16998b5c9,SocialBot_222,FR,Europe/Warsaw,SocialBot,3,8,11,11,10,9,42,3,590,7950,10000,10,12,7,8,350,75019630,27105,12779850,5557070,15000,11200
FR Club 42,10,17eab328-3e2a-4417-8362-83c387f0a589,SocialBot_42,FR,Europe/Warsaw,SocialBot,3,8,14,10,9,11,41,1,330,4450,5600,9,12,6,6,362,21859723,26662,7130780,4880856,15000,14220
FR Club 72,10,6eb1e349-53a1-43a2-82a9-8bcd0ced166c,SocialBot_72,FR,Europe/Warsaw,SocialBot,3,8,12,10,11,9,39,3,610,7850,9700,9,11,7,6,371,94026730,28184,12777300,5640425,15000,12820
IT Club 223,10,b33e05e6-5a0f-47ab-8f6b-317948bf2a99,NewManagerBot_223,IT,Europe/Berlin,NewManagerBot,3,8,7,13,5,12,51,3,590,8250,9700,8,8,5,5,346,75346808,28851,12869550,4255650,15000,10800
NL Club 45,10,163c7072-c34e-4c0d-9f40-7b8e9a45647a,AggressiveTraderBot_45,NL,Europe/Rome,AggressiveTraderBot,3,8,15,15,6,9,54,3,590,7950,10000,4,9,8,7,348,71665734,859,12804950,5431868,22400,22100
PL Club 216,10,9b637931-3cc8-4eb1-8698-183124cb74bb,SocialBot_216,PL,Europe/Warsaw,SocialBot,3,8,16,6,15,9,27,1,330,4550,5400,10,12,3,9,348,18644579,30639,7129380,3916522,15000,10800
PT Club 170,10,bf2b8ed2-3e14-4913-9321-e67377c212e6,ConservativeBot_170,PT,Europe/Paris,ConservativeBot,3,8,3,18,6,6,60,1,330,4450,5400,8,10,7,7,364,27453846,27877,7107030,5321156,15000,14240
PT Club 210,10,86e038fe-0ba4-4664-b86b-51cb891b8805,SocialBot_210,PT,Europe/Warsaw,SocialBot,3,8,9,11,10,9,42,3,600,7950,9900,10,12,4,4,357,81898930,23004,12787400,4244128,15000,15600
PT Club 220,10,7c28b66e-fc5e-4822-a33c-24f05aec4ca9,YouthFocusedBot_220,PT,Europe/Madrid,YouthFocusedBot,3,8,2,9,11,10,37,1,340,4350,5500,2,11,7,8,357,25634049,-83,7151000,6565160,21600,21500
PT Club 70,10,8ed79a7e-dfc8-4dc6-b3b4-c972b561ddeb,YouthFocusedBot_70,PT,Europe/Madrid,YouthFocusedBot,3,8,1,11,9,10,43,4,730,9900,11900,3,7,2,7,351,113894126,1225,15691200,5250090,21400,21100
AT Club 267,10,e3b70cb6-1354-400b-85e6-a68e77dc686d,AggressiveTraderBot_267,AT,Europe/Rome,AggressiveTraderBot,3,9,8,7,8,15,36,2,460,6000,7900,6,8,7,6,353,26157239,533,9893130,6463781,22400,23100
BE Club 239,10,aac97cd2-4015-4ebd-8173-40e2c488b36f,LadderGrinderBot_239,BE,Europe/Amsterdam,LadderGrinderBot,3,9,15,11,9,10,43,4,720,9700,12300,8,13,4,5,362,108687936,25845,15576150,3939107,15000,16040
BE Club 259,10,b828ba92-3787-49ca-83d1-66ed8b43da8a,NewManagerBot_259,BE,Europe/Berlin,NewManagerBot,3,9,10,12,13,5,41,3,590,7950,9900,11,11,7,6,345,75796964,21450,12741000,6755066,15000,11800
CH Club 238,10,e8ae7945-27c8-4a95-a035-d5ddf08ebb45,YouthFocusedBot_238,CH,Europe/Madrid,YouthFocusedBot,3,9,12,12,10,8,44,4,730,9700,12000,2,11,4,6,367,107757142,270,15584130,4568101,21900,21300
CH Club 288,10,27cf0581-ccc5-4343-b33a-311ef5a6e1da,SocialBot_288,CH,Europe/Warsaw,SocialBot,3,9,11,10,12,8,38,4,730,9600,12100,9,10,3,7,362,112781967,28941,15554560,4839417,15000,15420
FR Club 232,10,f5d01f5a-dffe-4682-adcb-4b5cf426340b,YouthFocusedBot_232,FR,Europe/Madrid,YouthFocusedBot,3,9,1,12,5,13,49,2,470,6200,7800,6,9,8,4,355,50485994,1131,10051680,3884486,21700,21800
IT Club 233,10,ed4bacb7-638a-4081-b1bc-c2704a08a0ee,LadderGrinderBot_233,IT,Europe/Amsterdam,LadderGrinderBot,3,9,9,13,12,5,44,2,460,6200,7700,9,11,8,5,363,48564075,22134,9937980,4831154,15000,14420
IT Club 243,10,57eeb85d-9fd3-4c86-bc74-881bb0616ec0,AggressiveTraderBot_243,IT,Europe/Rome,AggressiveTraderBot,3,9,2,5,12,13,28,2,470,6200,7400,6,12,8,4,362,42092952,1189,9919200,6526759,22500,22700
IT Club 3,10,e5fadf32-ef6f-4b8b-9eb5-5dc8ad48463d,AggressiveTraderBot_3,IT,Europe/Rome,AggressiveTraderBot,3,9,13,0,27,3,3,2,480,6000,7700,5,9,8,6,346,47112262,430,9986480,6521963,22100,22500
NL Club 15,10,66ae8f2e-8ac4-4b98-8460-ffeaeb99340d,AggressiveTraderBot_15,NL,Europe/Rome,AggressiveTraderBot,3,9,5,8,12,10,34,1,330,4350,5500,5,14,6,7,365,23419349,717,7033830,5703072,22500,23100
NL Club 225,10,b0416165-d302-4781-9fb0-999f91c7c570,AggressiveTraderBot_225,NL,Europe/Rome,AggressiveTraderBot,3,9,6,12,8,10,46,2,470,6400,7800,5,11,5,5,347,34493171,67,10144130,9411220,21900,22800
PL Club 146,10,498d2e73-5d20-4a36-9099-e2ad585d8017,ConservativeBot_146,PL,Europe/Paris,ConservativeBot,3,9,4,12,8,10,46,3,600,8050,9600,12,12,7,7,383,83148861,17749,12791430,3909152,15000,12000
PL Club 46,10,a7bbebd6-3fec-4035-b689-71f25c252a5c,YouthFocusedBot_46,PL,Europe/Madrid,YouthFocusedBot,3,9,14,27,0,3,84,1,330,4550,5500,5,12,6,7,384,27492492,745,7174680,5722290,21500,20600
PT Club 160,10,e6721176-f64f-47bd-9d13-860308346657,YouthFocusedBot_160,PT,Europe/Madrid,YouthFocusedBot,3,9,3,8,12,10,34,4,720,9700,12300,2,10,7,6,357,115860862,940,15627180,3356648,21500,21300
PT Club 240,10,3df323f7-54e6-4aea-a922-78d28a7e9a7b,SocialBot_240,PT,Europe/Warsaw,SocialBot,3,9,7,8,7,15,39,4,730,9700,12000,6,6,5,3,345,105983799,38553,15611100,6254226,15000,12400
PT Club 280,10,f22c5491-8230-489f-b733-198b210c1a9d,YouthFocusedBot_280,PT,Europe/Madrid,YouthFocusedBot,3,9,16,9,11,10,37,3,600,7850,10000,2,9,6,5,354,77461234,1159,12788730,5515545,21700,20800
BE Club 249,10,afd5bcae-40a0-47b3-b596-49fe4228d660,AggressiveTraderBot_249,BE,Europe/Rome,AggressiveTraderBot,3,10,7,11,16,3,36,3,590,8050,9800,3,13,7,4,366,50690434,647,12756230,7425641,22600,22900
CH Club 208,10,29f2d77f-a67c-4be4-80eb-9bdc438d93c9,YouthFocusedBot_208,CH,Europe/Madrid,YouthFocusedBot,3,10,8,16,11,3,51,1,340,4350,5500,5,10,6,7,383,24180269,2007,7138980,7252195,21900,20100
CH Club 248,10,c473403a-c3e9-4b6e-b900-1e409ac13be4,ConservativeBot_248,CH,Europe/Paris,ConservativeBot,3,10,6,9,9,12,39,2,460,6200,7800,10,14,6,3,361,44331151,21982,9914030,7748651,15000,11200
CH Club 318,10,49b1df9c-a60a-4aca-84fa-498d9f4cf4af,SocialBot_318,CH,Europe/Warsaw,SocialBot,3,10,14,11,12,7,40,4,730,9900,12100,12,14,9,7,360,107242257,18810,15757230,4182001,15000,11800
DE Club 151,10,92e8c246-dee3-4b60-9297-90ca4f6edddc,NewManagerBot_151,DE,Europe/Berlin,NewManagerBot,3,10,15,6,9,15,33,2,460,6200,7700,6,7,4,6,351,64378659,28036,9932580,5148798,15000,12400
DE Club 241,10,347f46bb-ae79-4372-9d22-ecbdb09d1908,NewManagerBot_241,DE,Europe/Berlin,NewManagerBot,3,10,2,7,15,8,29,3,600,7950,9800,6,10,3,6,352,81646477,25934,12771780,4390630,15000,14080
ES Club 164,10,88d98b40-9de2-4940-84c2-25a611ae25a4,ConservativeBot_164,ES,Europe/Paris,ConservativeBot,3,10,10,15,8,7,52,1,330,4650,5400,10,13,5,6,353,22215791,19134,7190100,4354192,15000,13800
ES Club 244,10,83878997-443b-4409-a13f-1a00dbad831a,YouthFocusedBot_244,ES,Europe/Madrid,YouthFocusedBot,3,10,4,10,11,9,39,2,480,6100,7800,4,9,7,8,353,50791214,1337,10086460,4609924,21800,20600
ES Club 254,10,c4b1d99c-7c2d-44da-92d7-819387cb982a,ConservativeBot_254,ES,Europe/Paris,ConservativeBot,3,10,13,12,11,7,43,3,600,7850,10100,11,14,6,5,355,77779431,23729,12789680,5472676,15000,13000
ES Club 304,10,31ac1d45-013b-48d4-9197-319c77ede20a,YouthFocusedBot_304,ES,Europe/Madrid,YouthFocusedBot,3,10,9,8,15,7,31,2,470,6100,7600,6,11,7,5,350,49828860,1846,9920100,5011529,21700,19900
FR Club 242,10,6c6a4a3a-2c71-4337-a016-4b35b51ddf1f,ConservativeBot_242,FR,Europe/Paris,ConservativeBot,3,10,5,9,9,12,39,2,460,6300,7800,8,14,6,7,367,48788622,26499,10002800,6776757,15000,14840
NL Club 135,10,38443355-2c1c-4a4e-814d-b0fee917c753,AggressiveTraderBot_135,NL,Europe/Rome,AggressiveTraderBot,3,10,11,11,7,12,45,2,460,6300,7600,2,10,6,7,349,42269810,-7,9972530,7180562,22200,24000
NL Club 325,10,8bd7d416-ff20-4e6b-90ed-dc4a9565c6f1,NewManagerBot_325,NL,Europe/Berlin,NewManagerBot,3,10,1,15,7,8,53,4,720,9800,12200,9,13,6,9,367,111261967,25370,15642080,5093312,15000,11400
PL Club 246,10,affcb4a4-28bf-4225-a21d-f90c61023425,SocialBot_246,PL,Europe/Warsaw,SocialBot,3,10,12,7,11,12,33,1,340,4350,5300,10,11,10,4,348,16055172,23417,7090530,5988777,15000,14800
PL Club 36,10,bb4788ca-e910-463c-b118-fbeac8715be0,SocialBot_36,PL,Europe/Warsaw,SocialBot,3,10,3,11,10,9,42,2,460,6500,7600,10,13,5,6,377,59846399,25638,10062330,6762774,15000,14600
PT Club 250,10,42534d20-9ead-4371-bf33-56b4f04cfad2,YouthFocusedBot_250,PT,Europe/Madrid,YouthFocusedBot,3,10,16,9,6,15,42,2,470,6400,7700,3,9,4,4,350,52261688,1590,10122610,3731790,21600,20300
AT Club 257,10,6b085cc3-b11f-464b-8f13-bb696a53eb49,LadderGrinderBot_257,AT,Europe/Amsterdam,LadderGrinderBot,3,11,5,8,10,12,36,1,330,4350,5400,11,13,10,7,365,23943613,23259,7044680,4948838,15000,11600
AT Club 37,10,b4a15045-0c9a-452e-995c-64c484d7be8a,NewManagerBot_37,AT,Europe/Berlin,NewManagerBot,3,11,1,12,9,9,45,1,330,4550,5500,10,10,4,5,352,27665509,26106,7157400,6660175,15000,11800
BE Club 159,10,89fdfe3e-2d80-4f2c-802c-d017187d79e5,AggressiveTraderBot_159,BE,Europe/Rome,AggressiveTraderBot,3,11,15,8,12,10,34,4,720,9800,12300,2,10,5,6,348,90224695,360,15665750,6552553,22500,22700
BE Club 299,10,9c2a7844-e1f6-47b5-94ea-a78914f3e64e,LadderGrinderBot_299,BE,Europe/Amsterdam,LadderGrinderBot,3,11,4,16,10,4,52,1,330,4250,5400,7,7,7,6,374,37665718,28025,6991380,3443049,15000,10800
DE Club 261,10,9921044b-e3ce-49d1-9949-bd444b53bf9a,AggressiveTraderBot_261,DE,Europe/Rome,AggressiveTraderBot,3,11,6,10,8,12,42,1,330,4350,5300,3,6,3,3,370,847509,1207,6992480,7572933,22600,21800
DE Club 91,10,f236e20e-c5da-4b23-b5ef-cb3cab31feae,NewManagerBot_91,DE,Europe/Berlin,NewManagerBot,3,11,13,8,10,12,36,2,480,6100,8000,9,9,5,6,367,59598318,25947,10115180,5942222,15000,12200
ES Club 24,10,9e342374-8609-4a0e-8b3c-38f074072dfd,SocialBot_24,ES,Europe/Warsaw,SocialBot,3,11,10,0,29,1,1,1,330,4650,5500,10,12,4,9,347,28697505,19021,7223250,5391329,15000,12600
FR Club 162,10,0be310f9-369b-454a-bdcb-0d4b0dfb486a,SocialBot_162,FR,Europe/Warsaw,SocialBot,3,11,12,8,8,14,38,1,330,4350,5900,10,10,8,8,361,16873096,13874,7197980,4011883,15000,11000
FR Club 332,10,4fbfa595-58dd-49e7-b4f4-c12f94dd7399,ConservativeBot_332,FR,Europe/Paris,ConservativeBot,3,11,11,8,8,14,38,1,330,4350,5500,8,11,7,9,348,17445037,26573,7075530,5620572,15000,14240
IT Club 263,10,0a0fc346-85f5-487a-9910-c53e81742153,LadderGrinderBot_263,IT,Europe/Amsterdam,LadderGrinderBot,3,11,3,10,16,4,34,4,730,9800,11900,8,10,8,4,354,109270665,21884,15641480,6579621,15000,15640
IT Club 313,10,9fdda90e-0d4e-4c12-9dc8-1007000548a8,NewManagerBot_313,IT,Europe/Berlin,NewManagerBot,3,11,14,10,8,12,42,2,460,6000,7800,8,11,5,6,366,56288999,20845,9824550,4267765,15000,16240
IT Club 33,10,71dde067-d909-45a0-9bb0-df18d90431ec,AggressiveTraderBot_33,IT,Europe/Rome,AggressiveTraderBot,3,11,16,12,8,10,46,3,610,7950,9800,4,8,6,7,346,67817996,1503,12896110,6500927,22200,22500
NL Club 35,10,574d2ace-d632-4ab4-8fa2-97312a573816,LadderGrinderBot_35,NL,Europe/Amsterdam,LadderGrinderBot,3,11,2,9,12,9,36,2,460,6400,7900,9,9,5,7,358,58507888,20951,10117550,4971498,15000,13200
NL Club 95,10,1aad108e-69ce-4f6f-8f02-db5ddf2e8e52,LadderGrinderBot_95,NL,Europe/Amsterdam,LadderGrinderBot,3,11,7,13,8,9,48,4,730,9600,12200,8,9,5,8,360,138462403,23541,15614180,6035609,15000,13400
PL Club 186,10,80f87715-d81f-4704-9b92-0f262de5aa52,SocialBot_186,PL,Europe/Warsaw,SocialBot,3,11,9,29,0,1,88,2,460,6100,8100,9,13,4,8,378,62307233,21935,9962600,5529079,15000,13820
PT Club 300,10,832500b9-87ae-4b57-bb4e-102c622e0d92,SocialBot_300,PT,Europe/Warsaw,SocialBot,3,11,8,8,13,9,33,1,340,4450,5500,8,9,8,5,357,24033339,23544,7215680,4318002,15000,10000
AT Club 177,10,8f9f4a3a-bea1-4316-bc6a-f39f505967c6,AggressiveTraderBot_177,AT,Europe/Rome,AggressiveTraderBot,3,12,9,13,8,9,48,2,460,6300,7700,5,8,6,5,353,34797629,247,10002030,5331147,22500,22700
AT Club 287,10,8e873716-b7e4-4e0e-b308-9baa29921b98,LadderGrinderBot_287,AT,Europe/Amsterdam,LadderGrinderBot,3,12,11,10,8,12,42,4,720,9700,12300,10,11,6,6,357,107865329,28125,15611850,5361380,15000,11000
AT Club 317,10,5693b7b5-92f0-47d7-9920-e5178c5adff8,LadderGrinderBot_317,AT,Europe/Amsterdam,LadderGrinderBot,3,12,2,15,5,10,55,2,470,6200,7700,8,11,6,5,375,52335903,20356,10005000,2540944,15000,14040
AT Club 87,10,e7ee539b-b81c-457f-a4bc-963b97e6fd1c,AggressiveTraderBot_87,AT,Europe/Rome,AggressiveTraderBot,3,12,3,10,11,9,39,2,460,6300,7700,3,12,5,9,358,36929587,1861,9981200,8809078,22100,22100
BE Club 89,10,ea4a2c63-09b1-4080-9bad-21b8a4498cb5,LadderGrinderBot_89,BE,Europe/Amsterdam,LadderGrinderBot,3,12,5,10,9,11,41,2,460,6100,7800,14,14,5,5,372,52683497,19388,9851930,3759927,15000,11000
CH Club 28,10,ae2c9e5a-e2f0-40bb-a7b6-ec45eff6959f,YouthFocusedBot_28,CH,Europe/Madrid,YouthFocusedBot,3,12,15,8,6,16,40,2,460,6200,7800,5,11,4,6,345,55179635,2098,9940500,3475082,21900,20700
DE Club 281,10,dc82693e-26a2-4196-b1d4-bfe6821d0c06,LadderGrinderBot_281,DE,Europe/Amsterdam,LadderGrinderBot,3,12,7,11,7,12,45,1,340,4550,5300,9,12,6,2,368,26525802,22461,7175130,5026875,15000,14220
ES Club 184,10,9ca77454-c39b-4b59-b123-435f3a956ffd,YouthFocusedBot_184,ES,Europe/Madrid,YouthFocusedBot,3,12,6,9,10,11,38,3,590,7850,10000,4,15,6,6,382,82298729,1569,12676130,6307130,21800,20100
FR Club 282,10,848feaba-5012-4469-9e8f-76e852a5eede,SocialBot_282,FR,Europe/Warsaw,SocialBot,3,12,12,8,10,12,36,3,600,7950,9700,7,9,8,5,354,85047664,31260,12778200,4344138,15000,14060
IT Club 273,10,7428545b-f9c6-4632-ac7d-32a60a5df8b9,AggressiveTraderBot_273,IT,Europe/Rome,AggressiveTraderBot,3,12,8,7,11,12,33,1,340,4450,5500,2,9,5,2,381,2787515,743,7183840,7740638,22100,21500
NL Club 275,10,3bacc5a6-d8c8-4aaf-b8b3-f49f9121f84d,LadderGrinderBot_275,NL,Europe/Amsterdam,LadderGrinderBot,3,12,4,11,10,9,42,4,730,9600,12100,6,8,6,7,361,110112447,27418,15596550,4206474,15000,15480
NL Club 285,10,cb7fcbd3-91ed-4c98-99aa-01083d216fb5,AggressiveTraderBot_285,NL,Europe/Rome,AggressiveTraderBot,3,12,13,11,10,9,42,1,340,4450,5200,2,9,6,6,370,2013115,1742,7115130,8925985,22500,21800
PL Club 156,10,a2e491fa-c50d-4485-ad90-4aff165f8c3b,SocialBot_156,PL,Europe/Warsaw,SocialBot,3,12,16,6,8,16,34,4,730,9500,12400,11,12,4,8,355,111768816,24009,15580850,4200157,15000,10000
PL Club 236,10,25215cf6-7a90-459c-8736-014dae6827e1,ConservativeBot_236,PL,Europe/Paris,ConservativeBot,3,12,14,10,11,9,39,3,600,7850,9900,9,9,8,8,370,93213249,25077,12789800,6373824,15000,12800
PT Club 40,10,90bbdc53-2250-451e-b664-bde75ab9f11a,YouthFocusedBot_40,PT,Europe/Madrid,YouthFocusedBot,3,12,1,5,15,10,25,4,730,9900,11900,4,9,8,6,346,108015680,613,15719440,5271846,22100,22100
PT Club 90,10,abd77e3b-565e-4a11-8f39-54f034800296,SocialBot_90,PT,Europe/Warsaw,SocialBot,3,12,10,8,13,9,33,4,730,9800,11900,11,12,9,5,363,128741564,20790,15640350,5890358,15000,12400
BE Club 179,10,c1cebfc9-532e-40f4-82c6-9349c429bcec,LadderGrinderBot_179,BE,Europe/Amsterdam,LadderGrinderBot,3,13,9,3,14,13,22,2,470,6000,7600,11,13,6,5,382,60309938,18242,9826500,6920156,15000,17380
BE Club 289,10,6e36a7dc-3db0-40ea-a152-db1fe7ff6f48,NewManagerBot_289,BE,Europe/Berlin,NewManagerBot,3,13,2,8,11,11,35,1,350,4550,5400,7,13,4,5,366,21458526,24149,7273210,6077533,15000,11600
BE Club 49,10,835ead42-51b0-46e8-aa8c-69f7496fc677,NewManagerBot_49,BE,Europe/Berlin,NewManagerBot,3,13,6,7,13,10,31,4,730,9700,12000,9,12,6,2,365,112639689,26980,15574830,7417566,15000,15020
CH Club 298,10,ef0bc666-b165-4223-8ca3-798191c85be5,YouthFocusedBot_298,CH,Europe/Madrid,YouthFocusedBot,3,13,1,11,8,11,44,1,350,4350,5500,5,12,5,5,353,23726259,446,7188000,5302382,21500,21700
DE Club 301,10,57ffa470-a460-4b40-8ec0-0beedabcfd0a,NewManagerBot_301,DE,Europe/Berlin,NewManagerBot,3,13,5,13,7,10,49,3,590,7950,10000,10,10,6,9,371,77202652,26479,12782900,4304349,15000,10800
DE Club 81,10,0f19654f-f97f-4671-99ff-ea4cd47d453f,AggressiveTraderBot_81,DE,Europe/Rome,AggressiveTraderBot,3,13,15,8,11,11,35,2,460,6200,7900,5,14,5,5,350,27071890,-434,9953280,10475522,22500,24100
IT Club 293,10,053bbd39-59a8-4217-a558-82000c52ae24,LadderGrinderBot_293,IT,Europe/Amsterdam,LadderGrinderBot,3,13,8,0,26,4,4,1,340,4750,5300,11,11,5,4,352,24655100,20945,7302030,3079520,15000,13200
IT Club 303,10,cccd4b83-a529-490b-aa85-1bb6153bb070,AggressiveTraderBot_303,IT,Europe/Rome,AggressiveTraderBot,3,13,4,16,4,10,58,2,470,6200,7400,2,12,8,4,374,24568536,548,9916830,7522307,22500,21400
NL Club 295,10,5573fdd1-aefc-4bb5-b6d2-da4bbefd1b9c,NewManagerBot_295,NL,Europe/Berlin,NewManagerBot,3,13,10,14,3,13,55,1,330,4350,5400,8,9,8,6,364,24798318,29303,7053980,5395567,15000,10800
PL Club 16,10,b5bc0bf1-1de2-4d3d-b4b7-a4f62f93a9d6,YouthFocusedBot_16,PL,Europe/Madrid,YouthFocusedBot,3,13,14,14,9,7,49,3,590,7950,9900,4,12,7,4,388,108737774,241,12730730,4273837,21700,23400
PL Club 226,10,b63b1bdf-cd28-4a5c-a677-f48ff2336887,YouthFocusedBot_226,PL,Europe/Madrid,YouthFocusedBot,3,13,11,6,10,14,32,2,470,6300,7600,6,13,6,6,384,68737042,491,10025400,5138820,21400,21700
PL Club 256,10,c57fac4b-054c-4040-83bd-e60dc13a7259,YouthFocusedBot_256,PL,Europe/Madrid,YouthFocusedBot,3,13,7,26,0,4,82,3,600,7950,10000,4,10,4,3,384,92603737,-284,12826800,3310412,21400,22200
PL Club 336,10,547fa7e4-f89e-4f59-a3a9-b370438df4e3,SocialBot_336,PL,Europe/Warsaw,SocialBot,3,13,3,4,16,10,22,2,470,6400,7500,9,10,10,9,347,61581308,27865,10120980,3254036,15000,14020
PT Club 290,10,00c4536b-bc4f-4588-a88d-2118d5d95b7e,ConservativeBot_290,PT,Europe/Paris,ConservativeBot,3,13,13,9,14,7,34,3,590,7750,9800,10,11,2,4,371,80075191,22894,12535500,3650422,15000,11200
PT Club 330,10,e683404b-44f6-40a7-a72b-f0ea46397232,SocialBot_330,PT,Europe/Warsaw,SocialBot,3,13,12,10,6,14,44,3,610,7750,10000,8,16,6,5,373,102734969,19939,12763530,4449101,15000,13840
PT Club 50,10,c8deae6a-242d-46ce-800d-5a4390ba8fc3,ConservativeBot_50,PT,Europe/Paris,ConservativeBot,3,13,16,11,8,11,44,1,330,4450,5600,5,6,6,5,349,29346888,28016,7172430,5026352,15000,15100
AT Club 307,10,ba673f0e-c45f-4c1b-abfd-a12efc683d73,NewManagerBot_307,AT,Europe/Berlin,NewManagerBot,3,14,4,13,8,9,48,1,330,4550,5400,14,15,9,9,371,17576834,10215,7156580,4330165,15000,11800
AT Club 47,10,3d798a50-1e8e-4633-b4e3-e034e3f3f967,LadderGrinderBot_47,AT,Europe/Amsterdam,LadderGrinderBot,3,14,5,12,7,11,47,3,590,7750,10000,6,10,7,6,376,96118285,28688,12652080,4141195,15000,12200
BE Club 309,10,188259ae-f01d-418c-b8b3-8d260c056a73,AggressiveTraderBot_309,BE,Europe/Rome,AggressiveTraderBot,3,14,13,5,14,11,26,2,460,6000,7700,2,11,5,10,375,23811679,1634,9805200,5499066,22200,22200
BE Club 329,10,b0281a40-9c7b-43fb-9468-47b2cbbe9773,LadderGrinderBot_329,BE,Europe/Amsterdam,LadderGrinderBot,3,14,16,12,9,9,45,4,740,9600,12100,7,10,7,7,348,108224956,26966,15670500,2954772,15000,15860
CH Club 308,10,d55da4fb-efd6-4874-84c4-2c95a6452cd1,ConservativeBot_308,CH,Europe/Paris,ConservativeBot,3,14,7,10,7,13,43,2,460,6100,7700,12,15,10,7,380,38222860,13557,9872430,5480256,15000,15560
DE Club 11,10,a3d40f57-d6ad-4b1a-b7de-2b0475cada0d,LadderGrinderBot_11,DE,Europe/Amsterdam,LadderGrinderBot,3,14,8,7,10,13,34,4,740,9600,12100,9,12,5,6,375,133413371,17041,15634800,7700947,15000,15220
DE Club 201,10,296cf1c9-5fa8-4e58-916b-b920c77a1c34,AggressiveTraderBot_201,DE,Europe/Rome,AggressiveTraderBot,3,14,6,7,12,11,32,3,590,7950,10000,5,13,8,6,372,57209662,1147,12764100,7902634,22000,22100
DE Club 311,10,1482ea13-d43f-4c4a-b270-24864d6c2dd9,LadderGrinderBot_311,DE,Europe/Amsterdam,LadderGrinderBot,3,14,14,14,5,11,53,1,330,4450,5500,10,11,9,9,375,23201731,16506,7147350,5560898,15000,16000
ES Club 294,10,d41e367b-19cb-4e49-9848-d885343ebfd0,SocialBot_294,ES,Europe/Warsaw,SocialBot,3,14,15,9,12,9,36,2,470,6200,7600,10,14,10,9,347,53804087,18597,9994130,4363986,15000,11200
ES Club 324,10,058d9ba1-b321-4d19-825b-24e8496fc354,SocialBot_324,ES,Europe/Warsaw,SocialBot,3,14,1,11,10,9,42,2,470,6200,7500,11,12,3,8,369,57764579,25613,9924600,4646670,15000,14780
ES Club 64,10,20ac27c2-f80e-4cfd-8f92-415bb8148245,YouthFocusedBot_64,ES,Europe/Madrid,YouthFocusedBot,3,14,10,12,13,5,41,1,350,4250,5500,6,9,7,4,379,26650873,1977,7159050,4573195,21500,21400
FR Club 82,10,c6df28d8-1bf8-4dde-9c82-0b6372716413,YouthFocusedBot_82,FR,Europe/Madrid,YouthFocusedBot,3,14,12,0,26,4,4,1,330,4250,5600,5,12,5,9,345,20940939,346,7010600,5380828,21600,22400
IT Club 83,10,3c825427-b8e4-4de6-a788-3e40683226c6,LadderGrinderBot_83,IT,Europe/Amsterdam,LadderGrinderBot,3,14,11,26,0,4,82,1,330,4350,5600,10,11,9,7,383,29889944,26075,7104500,3760497,15000,14200
NL Club 55,10,d599d6f9-83d6-4dd5-aa33-26c62bc02dbb,NewManagerBot_55,NL,Europe/Berlin,NewManagerBot,3,14,2,10,11,9,39,3,600,7950,9900,12,13,8,5,364,88594774,21518,12809880,3796694,15000,14360
PL Club 306,10,766cf4e6-f46e-45ee-8f13-d46eb14dee2b,SocialBot_306,PL,Europe/Warsaw,SocialBot,3,14,3,8,13,9,33,2,460,6400,7700,11,12,6,5,368,44895702,15518,10040700,5075154,15000,13980
PT Club 310,10,fe5a44a9-ce25-4b0c-805f-aa58fad6f508,YouthFocusedBot_310,PT,Europe/Madrid,YouthFocusedBot,3,14,9,13,12,5,44,2,480,6100,7500,6,11,6,6,359,52876394,1234,9959430,5498715,21800,20700
AT Club 197,10,1421dae4-4c13-4b29-b84a-e149a15de08b,LadderGrinderBot_197,AT,Europe/Amsterdam,LadderGrinderBot,3,15,4,7,16,7,28,3,610,7950,9800,9,10,7,7,361,80582251,24244,12889800,6582215,15000,14220
AT Club 327,10,982a589d-1b4b-4486-8b7d-10deb9199ab9,AggressiveTraderBot_327,AT,Europe/Rome,AggressiveTraderBot,3,15,3,16,7,7,55,2,460,6300,7600,3,12,10,7,361,25453888,1340,9983280,6811340,22300,22300
BE Club 19,10,ae8c2222-89be-4d68-896d-d63a3ce6914a,NewManagerBot_19,BE,Europe/Berlin,NewManagerBot,3,15,8,7,15,8,29,1,330,4350,5300,7,8,7,7,365,40968218,28950,7029300,4698055,15000,13800
BE Club 9,10,5e5b36ee-67dc-47c6-b0e2-65c5eb2315d1,AggressiveTraderBot_9,BE,Europe/Rome,AggressiveTraderBot,3,15,14,10,9,11,41,1,330,4350,5600,5,13,5,7,346,12196384,688,7064450,7685216,22300,21900
CH Club 328,10,7c70796f-d4fc-4576-9f04-f5e378470172,YouthFocusedBot_328,CH,Europe/Madrid,YouthFocusedBot,3,15,6,11,9,10,43,2,460,6100,7600,3,8,5,8,368,50763997,1189,9851280,4702281,21700,22600
DE Club 321,10,b9afa409-2beb-4217-87d9-5470bda1fc4b,AggressiveTraderBot_321,DE,Europe/Rome,AggressiveTraderBot,3,15,11,5,8,17,32,3,600,8050,9700,2,11,10,8,358,51430517,1391,12865080,6641059,22000,21300
ES Club 314,10,3de018d4-d0e5-48d6-8039-685d6fb455d9,ConservativeBot_314,ES,Europe/Paris,ConservativeBot,3,15,15,6,11,13,31,1,340,4350,5500,5,11,7,6,355,29194530,27860,7135230,3843526,15000,13300
ES Club 334,10,850b5fa2-b621-4929-8c0a-b770d358e4b4,YouthFocusedBot_334,ES,Europe/Madrid,YouthFocusedBot,3,15,7,15,7,8,53,4,750,9500,12000,6,11,6,8,373,105547163,1763,15645680,8663885,21500,20500
ES Club 54,10,6c8267d4-9ca5-4085-ba61-1012fc29b3bb,SocialBot_54,ES,Europe/Warsaw,SocialBot,3,15,2,10,9,11,41,2,460,6000,7900,11,12,9,2,356,50755723,18651,9861330,4859785,15000,14580
FR Club 292,10,d6644096-93e9-4409-a37d-40fe2821e7ad,YouthFocusedBot_292,FR,Europe/Madrid,YouthFocusedBot,3,15,12,8,5,17,41,1,340,4350,5300,2,10,7,8,381,51486691,1608,7092000,3701711,21700,20700
FR Club 302,10,f3744923-3436-47ee-a7d4-272809b10350,ConservativeBot_302,FR,Europe/Paris,ConservativeBot,3,15,16,11,6,13,46,3,590,8050,9800,8,12,4,4,356,91235660,29734,12732200,3970830,15000,10000
FR Club 322,10,008bec1c-9f84-4672-972d-467b38a59f97,YouthFocusedBot_322,FR,Europe/Madrid,YouthFocusedBot,3,15,1,9,10,11,38,3,600,7950,10000,6,12,7,6,364,83376338,1020,12844200,5131280,21500,21200
IT Club 323,10,c8ef78ca-9653-420e-9514-703d0848a682,LadderGrinderBot_323,IT,Europe/Amsterdam,LadderGrinderBot,3,15,13,9,10,11,38,3,600,7750,9800,12,12,7,5,355,84852415,21001,12653430,2298049,15000,10600
IT Club 333,10,ac195968-75a3-47b8-b7c4-5c8db15b7443,AggressiveTraderBot_333,IT,Europe/Rome,AggressiveTraderBot,3,15,9,8,12,10,34,2,470,6400,7600,2,9,6,7,359,26287508,105,10124850,6774607,22300,23200
NL Club 315,10,cdac6461-18e6-4ea7-96ea-fc23ca7f1516,AggressiveTraderBot_315,NL,Europe/Rome,AggressiveTraderBot,3,15,5,9,11,10,37,1,330,4350,5300,3,8,3,4,357,91332,2000,6975900,6593162,20200,19800
PL Club 6,10,ccb109de-ae0a-4c61-8908-682679edb582,SocialBot_6,PL,Europe/Warsaw,SocialBot,3,15,10,12,8,10,46,3,610,7950,9700,8,8,6,4,346,93059618,28397,12845430,3531128,15000,11400
