team_name,season,bot_id,manager_name,country_iso,time_zone,persona,tier,group,position,season_wins,season_losses,season_draws,season_points,stadium_level,vip_seats,sit_seats,stand_seats,training_center_level,office_level,fan_shop_level,parking_level,team_strength,money_balance,stars_balance,money_in,money_out,stars_in,stars_out
AT Club 7,1,45bee91c-1361-46f9-90d0-004db455ad08,NewManagerBot_7,AT,Europe/Berlin,NewManagerBot,1,1,7,13,11,6,45,3,590,7750,9600,2,6,2,2,66,16065097,7201,20505900,4591362,15000,12360
BE Club 9,1,ef42753c-80d6-4691-9d81-3256e965edcd,AggressiveTraderBot_9,BE,Europe/Rome,AggressiveTraderBot,1,1,9,5,10,15,30,2,460,6000,7400,4,5,4,4,77,9550960,1113,15931200,6538269,22000,25900
CH Club 8,1,aa62501e-4207-4f68-9a87-2ac523c37d43,ConservativeBot_8,CH,Europe/Paris,ConservativeBot,1,1,8,11,13,6,39,3,590,7750,9600,5,9,3,3,55,16402426,6155,20496000,4233358,15000,13500
DE Club 1,1,8ede3331-3007-49f1-b989-4716dd6a67b7,NewManagerBot_1,DE,Europe/Berlin,NewManagerBot,1,1,1,10,8,12,42,4,720,9500,11800,2,8,2,2,61,17180565,5444,25090800,8031362,15000,13600
DE Club 11,1,7d4fd99a-614c-4ed8-9011-e036130643ad,LadderGrinderBot_11,DE,Europe/Amsterdam,LadderGrinderBot,1,1,11,13,9,8,47,4,720,9500,11800,3,9,4,2,85,22019479,1263,25107000,3251774,21100,23900
ES Club 14,1,0b50e7f4-6b2a-45c4-8be3-2ce590b91b8a,ConservativeBot_14,ES,Europe/Paris,ConservativeBot,1,1,14,11,10,9,42,3,590,7750,9600,4,7,4,2,82,17404299,7392,20507100,3225021,15000,13120
ES Club 4,1,897776e2-33be-4987-b08e-ed5596c99690,YouthFocusedBot_4,ES,Europe/Madrid,YouthFocusedBot,1,1,4,7,9,14,35,4,720,9500,11800,2,8,3,4,77,20482636,1162,25115400,4777681,21200,25000
FR Club 12,1,6b258a80-a54c-42ac-8d59-b406ddca0ffd,SocialBot_12,FR,Europe/Warsaw,SocialBot,1,1,12,9,13,8,35,4,720,9500,11800,5,8,4,1,65,19973006,477,25110000,5315543,21200,25100
FR Club 2,1,276617e1-36df-4b2c-bd99-f83818f5443b,ConservativeBot_2,FR,Europe/Paris,ConservativeBot,1,1,2,8,10,12,36,3,590,7750,9600,2,5,3,2,65,17109400,7225,20514000,3540362,15000,13000
IT Club 13,1,39f2a78b-4a9e-4776-ba83-00559ac1760a,NewManagerBot_13,IT,Europe/Berlin,NewManagerBot,1,1,13,10,11,9,39,2,460,6000,7400,3,4,2,1,78,10153320,7863,15901500,5891755,15000,11200
IT Club 3,1,933f443f-09a5-407c-bc18-41bbcdb3320d,AggressiveTraderBot_3,IT,Europe/Rome,AggressiveTraderBot,1,1,3,9,7,14,41,3,590,7750,9600,5,5,4,1,62,13187768,1364,20517600,7485399,21400,24500
NL Club 15,1,52f6e635-3dc4-434b-bf66-2519d96dd695,AggressiveTraderBot_15,NL,Europe/Rome,AggressiveTraderBot,1,1,15,11,12,7,40,1,330,4250,5200,4,6,1,4,50,4046016,143,11292000,7424775,22200,26800
NL Club 5,1,4225f5c0-95d6-4427-b60a-6724e6d2cb42,LadderGrinderBot_5,NL,Europe/Amsterdam,LadderGrinderBot,1,1,5,11,12,7,40,3,590,7750,9600,6,8,3,2,62,13229096,1284,20499000,7391256,21600,24400
PL Club 16,1,907cf4c5-f585-46f1-8f4f-51c5fb16bc41,YouthFocusedBot_16,PL,Europe/Madrid,YouthFocusedBot,1,1,16,12,11,7,43,2,460,6000,7400,6,4,1,4,74,10479516,363,15906900,5603121,21200,25000
PL Club 6,1,abe9916f-da9a-4d5e-9e9b-8935d429c00b,SocialBot_6,PL,Europe/Warsaw,SocialBot,1,1,6,12,11,7,43,4,720,9500,11800,3,7,2,2,77,19190631,1546,25105800,6093205,20900,24500
PT Club 10,1,80cae03b-b2a6-461e-b95e-031eadafd17c,YouthFocusedBot_10,PT,Europe/Madrid,YouthFocusedBot,1,1,10,10,5,15,45,3,590,7750,9600,5,4,4,2,66,16191351,1683,20529600,4464431,21200,25300
AT Club 17,1,bb554d47-4f0c-43f4-a48f-30bed7917de4,LadderGrinderBot_17,AT,Europe/Amsterdam,LadderGrinderBot,2,1,1,11,7,12,45,2,460,6000,7400,3,7,3,2,66,7424776,432,12467700,5174214,21300,25200
AT Club 27,1,5d07c108-2d4c-495f-9c75-2aabed9cab29,AggressiveTraderBot_27,AT,Europe/Rome,AggressiveTraderBot,2,1,11,5,14,11,26,2,460,6000,7400,3,8,3,3,50,6960232,1271,12457200,5620449,22400,26200
BE Club 19,1,f3be390f-d65e-43a2-b5a6-cbbfae9224a0,NewManagerBot_19,BE,Europe/Berlin,NewManagerBot,2,1,3,9,14,7,34,3,590,7750,9600,3,6,2,1,80,12128769,4517,16075800,4070906,15000,14540
BE Club 29,1,65624b69-e859-4346-84ff-a00e772556ab,LadderGrinderBot_29,BE,Europe/Amsterdam,LadderGrinderBot,2,1,13,8,13,9,33,3,590,7750,9600,5,5,3,1,77,12429144,415,16083900,3808974,21000,25400
CH Club 18,1,78687f93-28ab-4b2f-a3ff-ababe8e50ce3,SocialBot_18,CH,Europe/Warsaw,SocialBot,2,1,2,7,11,12,33,1,330,4250,5200,3,4,3,1,54,1918359,1944,8865000,7111188,21000,23300
CH Club 28,1,03fa215c-1feb-4bff-aed6-0bcde0dbaf69,YouthFocusedBot_28,CH,Europe/Madrid,YouthFocusedBot,2,1,12,14,5,11,53,2,460,6000,7400,2,7,1,1,74,4765584,625,12447000,7846058,21100,25100
DE Club 21,1,d203aa0a-4270-4b10-a65e-5d7c7c0774fc,AggressiveTraderBot_21,DE,Europe/Rome,AggressiveTraderBot,2,1,5,9,13,8,35,2,460,6000,7400,4,8,3,4,59,6722211,1232,12469200,5899483,21500,24600
DE Club 31,1,7836103a-0c5e-404c-8ad9-37293c5b5bb7,NewManagerBot_31,DE,Europe/Berlin,NewManagerBot,2,1,15,0,27,3,3,2,460,6000,7400,3,8,4,4,46,9690144,6106,12469800,2922030,15000,14140
ES Club 24,1,94a93111-b254-4354-b95f-c28afcee94d2,SocialBot_24,ES,Europe/Warsaw,SocialBot,2,1,8,13,5,12,51,3,590,7750,9600,3,6,3,1,60,10645101,1032,16083900,5573693,21400,25800
FR Club 22,1,db1b90c7-4b81-4e26-b7d1-41cc5de79767,YouthFocusedBot_22,FR,Europe/Madrid,YouthFocusedBot,2,1,6,13,9,8,47,1,330,4250,5200,3,6,3,3,56,4133135,1915,8866500,4894840,21200,25100
FR Club 32,1,7cce0f84-a095-4434-ae7a-abc6bf628974,ConservativeBot_32,FR,Europe/Paris,ConservativeBot,2,1,16,27,0,3,84,3,590,7750,9600,6,5,1,4,84,11376410,8530,16088700,4872098,15000,11600
IT Club 23,1,f7341735-a752-4b53-8893-f0c1e38e8935,LadderGrinderBot_23,IT,Europe/Amsterdam,LadderGrinderBot,2,1,7,5,13,12,27,4,720,9500,11800,6,7,3,2,55,16445523,1980,19686600,3366349,21100,25100
NL Club 25,1,5bd775b5-7e02-41b6-9909-936d9046ee1a,NewManagerBot_25,NL,Europe/Berlin,NewManagerBot,2,1,9,8,13,9,33,4,720,9500,11800,6,5,4,1,62,16993557,6124,19705200,2874826,15000,14000
PL Club 26,1,d2d68a57-8abc-4e1a-be2e-6531519a3bfb,ConservativeBot_26,PL,Europe/Paris,ConservativeBot,2,1,10,13,8,9,48,2,460,6000,7400,4,5,3,2,61,6113401,5281,12482700,6535668,15000,14520
PT Club 20,1,9bd6d0e3-22db-4fa7-a64b-8057caef5fbd,ConservativeBot_20,PT,Europe/Paris,ConservativeBot,2,1,4,14,9,7,49,1,330,4250,5200,3,5,1,3,85,1112547,5669,8857800,7892664,15000,13540
PT Club 30,1,f286f20d-4ab8-46dc-aebb-efc937c99b3f,SocialBot_30,PT,Europe/Warsaw,SocialBot,2,1,14,13,8,9,48,3,590,7750,9600,3,8,3,2,55,11596783,1182,16073400,4631075,21000,25300
AT Club 37,1,942a8f1d-9e7d-49c4-8d4a-d5eab142b4ef,NewManagerBot_37,AT,Europe/Berlin,NewManagerBot,2,2,5,8,13,9,33,4,720,9500,11800,3,5,3,2,71,12400428,4728,19709100,7460724,15000,14340
AT Club 47,1,a18147b4-d85f-4772-9183-2bc398368a08,LadderGrinderBot_47,AT,Europe/Amsterdam,LadderGrinderBot,2,2,15,11,5,14,47,1,330,4250,5200,5,5,3,2,85,4888623,1444,8862000,4141024,21300,24100
BE Club 39,1,a3a1617c-d7cd-42bf-b638-57ebc93ba68b,AggressiveTraderBot_39,BE,Europe/Rome,AggressiveTraderBot,2,2,7,9,11,10,37,3,590,7750,9600,6,6,3,1,51,9677978,415,16076400,6550479,21500,26200
CH Club 38,1,e2316c34-1225-495b-ba72-38fdc02f33d3,ConservativeBot_38,CH,Europe/Paris,ConservativeBot,2,2,6,13,8,9,48,4,720,9500,11800,4,6,4,1,82,15051163,5173,19697700,4773756,15000,13920
CH Club 48,1,fe109c31-effc-4947-b5a6-e30f399712ed,SocialBot_48,CH,Europe/Warsaw,SocialBot,2,2,16,5,11,14,29,2,460,6000,7400,4,7,2,4,80,7752168,1516,12468600,4880074,21400,24200
DE Club 41,1,c4b0bbd8-05d9-4ff9-b7c7-403a97fa1443,LadderGrinderBot_41,DE,Europe/Amsterdam,LadderGrinderBot,2,2,9,9,15,6,33,3,590,7750,9600,2,9,4,4,73,10170192,1156,16083000,6074154,21200,25300
ES Club 34,1,ea5fb1c3-6285-4bb9-90c7-6f4a69c2edf4,YouthFocusedBot_34,ES,Europe/Madrid,YouthFocusedBot,2,2,2,9,12,9,36,1,330,4250,5200,5,8,4,2,77,2794897,1471,8847600,6212918,21300,25600
ES Club 44,1,a8befc6a-5bb4-4c7a-bed3-ce9439c1565c,ConservativeBot_44,ES,Europe/Paris,ConservativeBot,2,2,12,10,10,10,40,1,330,4250,5200,3,5,2,1,72,3578345,6124,8856900,5411101,15000,13140
FR Club 42,1,5d75f75c-9d0f-4e12-ad1a-aa70e27c2dc6,SocialBot_42,FR,Europe/Warsaw,SocialBot,2,2,10,15,9,6,51,1,330,4250,5200,2,8,4,4,90,4468519,1945,8856600,4526207,21200,25000
IT Club 33,1,7bd17a9a-d8d4-45f4-9856-031cf161fffd,AggressiveTraderBot_33,IT,Europe/Rome,AggressiveTraderBot,2,2,1,12,9,9,45,3,590,7750,9600,3,7,1,4,53,6792589,523,16073700,9460318,21900,27200
IT Club 43,1,cc5e0c17-f5a5-4328-9ab1-09684da9f2df,NewManagerBot_43,IT,Europe/Berlin,NewManagerBot,2,2,11,10,10,10,40,4,720,9500,11800,6,8,3,1,60,15137858,5116,19674600,4677022,15000,14280
NL Club 35,1,4ab5b37d-8740-4cf7-bc6c-a7fff72cce75,LadderGrinderBot_35,NL,Europe/Amsterdam,LadderGrinderBot,2,2,3,29,0,1,88,4,720,9500,11800,6,6,1,1,89,16017643,1316,19673400,3835621,21200,25300
NL Club 45,1,83aa17f7-769b-4fb0-9e8f-5903a6a78480,AggressiveTraderBot_45,NL,Europe/Rome,AggressiveTraderBot,2,2,13,6,11,13,31,4,720,9500,11800,5,6,3,4,94,12361344,1638,19710600,7496190,22100,25300
PL Club 36,1,62f23780-5e60-40e4-9a03-ef15125a2d96,SocialBot_36,PL,Europe/Warsaw,SocialBot,2,2,4,0,29,1,1,3,590,7750,9600,5,9,1,1,63,11576201,1930,16045200,4628537,21300,23600
PL Club 46,1,f0cf7f34-1d99-4610-930a-7161c6511689,YouthFocusedBot_46,PL,Europe/Madrid,YouthFocusedBot,2,2,14,11,6,13,46,1,330,4250,5200,2,6,3,3,88,2714090,1393,8859000,6291291,21500,25700
PT Club 40,1,24fb6e23-dfea-42b0-b0aa-aadac5fdad3d,YouthFocusedBot_40,PT,Europe/Madrid,YouthFocusedBot,2,2,8,11,9,10,43,4,720,9500,11800,4,9,3,3,57,13062850,64,19683600,6794554,21200,26500
AT Club 57,1,2ff9aabc-41f2-40f9-9c59-f0a3d2da9596,AggressiveTraderBot_57,AT,Europe/Rome,AggressiveTraderBot,2,3,9,9,12,9,36,2,460,6000,7400,5,9,4,4,78,7027873,379,12469800,5582069,21400,26500
BE Club 49,1,ef0deafb-34ad-4cdf-a1ee-f6729a1af026,NewManagerBot_49,BE,Europe/Berlin,NewManagerBot,2,3,1,9,3,18,45,3,590,7750,9600,5,9,3,2,70,10079980,6332,16065900,6120493,15000,14500
BE Club 59,1,1a53b06d-fe24-4372-806f-39d5a03110f4,LadderGrinderBot_59,BE,Europe/Amsterdam,LadderGrinderBot,2,3,11,11,7,12,45,3,590,7750,9600,3,8,4,3,89,12647522,1155,16086000,3576276,21300,25000
CH Club 58,1,3ccee11b-4f59-420c-aa82-6e99e0eb768f,YouthFocusedBot_58,CH,Europe/Madrid,YouthFocusedBot,2,3,10,12,9,9,45,4,720,9500,11800,5,5,1,4,81,15814344,1476,19694400,4012148,21100,24100
DE Club 51,1,6e2df94a-2634-4a4c-8b1e-493f23c9a266,AggressiveTraderBot_51,DE,Europe/Rome,AggressiveTraderBot,2,3,3,27,0,3,84,1,330,4250,5200,5,8,2,4,95,3435436,74,8840400,5579695,21700,27300
DE Club 61,1,ea6cc8de-9250-42a9-9eb7-6cb2cb53b8ba,NewManagerBot_61,DE,Europe/Berlin,NewManagerBot,2,3,13,5,9,16,31,2,460,6000,7400,5,5,4,1,73,8076505,7089,12486300,4560020,15000,12200
ES Club 54,1,b107ded3-baa6-4335-bda3-fa8e719a3b95,SocialBot_54,ES,Europe/Warsaw,SocialBot,2,3,6,11,11,8,41,4,720,9500,11800,2,8,4,2,77,15459835,892,19694700,4391192,21300,25200
ES Club 64,1,90c2dd4c-8c66-4884-9e68-fc0f41018589,YouthFocusedBot_64,ES,Europe/Madrid,YouthFocusedBot,2,3,16,9,12,9,36,4,720,9500,11800,3,7,2,3,57,17659528,1230,19683000,2152336,21200,25500
FR Club 52,1,17179f0b-943f-4368-9dfd-13c777afb6ca,YouthFocusedBot_52,FR,Europe/Madrid,YouthFocusedBot,2,3,4,0,27,3,3,4,720,9500,11800,6,9,2,2,60,15073772,327,19671000,4728186,21100,25500
FR Club 62,1,949b6eb4-022a-44d0-b379-3e0573492d1f,ConservativeBot_62,FR,Europe/Paris,ConservativeBot,2,3,14,9,5,16,43,3,590,7750,9600,5,6,2,4,84,12848373,6520,16089300,3377475,15000,12700
IT Club 53,1,2c1e5c2e-54c7-444c-bdc5-952aa0640fb9,LadderGrinderBot_53,IT,Europe/Amsterdam,LadderGrinderBot,2,3,5,11,11,8,41,4,720,9500,11800,5,6,2,4,85,12573903,1312,19702500,7292666,21000,24200
IT Club 63,1,b558c959-a47b-400d-b8d9-03d7f7faf61b,AggressiveTraderBot_63,IT,Europe/Rome,AggressiveTraderBot,2,3,15,12,9,9,45,2,460,6000,7400,6,6,4,4,56,7363924,824,12484800,5286395,21800,25700
NL Club 55,1,b6abc6ab-c7c7-44bd-8501-2ed6f638b094,NewManagerBot_55,NL,Europe/Berlin,NewManagerBot,2,3,7,9,11,10,37,3,590,7750,9600,3,5,1,2,81,12730927,7103,16072200,3493310,15000,12540
PL Club 56,1,866c2106-91b3-44fc-9e0b-2769beee0185,ConservativeBot_56,PL,Europe/Paris,ConservativeBot,2,3,8,11,9,10,43,4,720,9500,11800,6,7,1,3,92,14664731,6379,19682400,5153379,15000,14280
PT Club 50,1,6516e4e3-94c2-4113-ae6e-371d44d6a19a,ConservativeBot_50,PT,Europe/Paris,ConservativeBot,2,3,2,3,9,18,27,1,330,4250,5200,2,5,4,1,54,3145696,8457,8873100,5876704,15000,11000
PT Club 60,1,13521371-e8a6-40a5-92e3-2bb48ed3b307,SocialBot_60,PT,Europe/Warsaw,SocialBot,2,3,12,7,11,12,33,4,720,9500,11800,2,5,4,2,93,15794942,1138,19717200,4099979,21200,25700
AT Club 67,1,c4d7d0ae-a6e1-4f60-bff6-6abc2f3dbcbf,NewManagerBot_67,AT,Europe/Berlin,NewManagerBot,2,4,3,12,11,7,43,1,330,4250,5200,3,5,2,1,52,3834635,5978,8849400,5170712,15000,13740
AT Club 77,1,df464cc7-4b0a-48e9-a075-046aeb097d89,LadderGrinderBot_77,AT,Europe/Amsterdam,LadderGrinderBot,2,4,13,11,9,10,43,4,720,9500,11800,5,6,1,1,92,15206870,401,19673400,4612590,21100,25400
BE Club 69,1,9d00d33d-2ac7-4249-b895-870243a5ba95,AggressiveTraderBot_69,BE,Europe/Rome,AggressiveTraderBot,2,4,5,9,14,7,34,4,720,9500,11800,4,6,3,2,70,13268839,1008,19701600,6576057,22000,25800
BE Club 79,1,bd686a80-6045-46e8-9cac-b32c87df4cc5,NewManagerBot_79,BE,Europe/Berlin,NewManagerBot,2,4,15,24,0,6,78,1,330,4250,5200,5,8,2,2,84,4028615,5341,8831400,4947702,15000,14100
CH Club 68,1,31e1b802-7ad6-4021-a231-544009279d63,ConservativeBot_68,CH,Europe/Paris,ConservativeBot,2,4,4,11,12,7,40,2,460,6000,7400,6,5,2,4,63,5667373,8157,12476100,6964285,15000,12600
CH Club 78,1,93efb9ec-9131-4e3b-9e21-f2133c4850d0,SocialBot_78,CH,Europe/Warsaw,SocialBot,2,4,14,9,11,10,37,1,330,4250,5200,5,7,4,3,87,4170440,803,8859600,4854235,21200,25000
DE Club 71,1,0fa76938-c336-4cb8-b461-cc4b6ec9e9ec,LadderGrinderBot_71,DE,Europe/Amsterdam,LadderGrinderBot,2,4,7,15,6,9,54,3,590,7750,9600,6,6,2,1,92,12399643,1326,16068300,3821575,21300,24500
ES Club 74,1,4037aed6-835a-42ac-a493-70332e7c1626,ConservativeBot_74,ES,Europe/Paris,ConservativeBot,2,4,10,9,6,15,42,4,720,9500,11800,4,5,3,2,75,14702768,7240,19701600,5124629,15000,13720
FR Club 72,1,0e9d5569-a69a-4651-a61e-e4c2bc859d42,SocialBot_72,FR,Europe/Warsaw,SocialBot,2,4,8,6,15,9,27,1,330,4250,5200,3,8,3,1,77,4175523,477,8842500,4807575,21100,25900
IT Club 73,1,8447a90d-30a7-45e1-9855-497f52d25b65,NewManagerBot_73,IT,Europe/Berlin,NewManagerBot,2,4,9,6,9,15,33,1,330,4250,5200,6,9,2,2,63,6341911,6774,8831400,2653649,15000,13680
NL Club 65,1,32df8fa3-7279-4406-823c-e836120bec2b,LadderGrinderBot_65,NL,Europe/Amsterdam,LadderGrinderBot,2,4,1,10,12,8,38,2,460,6000,7400,3,9,1,4,49,10624009,1398,12445500,1956318,20900,25300
NL Club 75,1,b6d49245-a27a-4bf8-b1d3-73ff413977f8,AggressiveTraderBot_75,NL,Europe/Rome,AggressiveTraderBot,2,4,11,11,9,10,43,2,460,6000,7400,5,6,3,1,77,5697525,1699,12463200,6900281,21600,24700
PL Club 66,1,ddac0928-9dc7-4c1c-907a-69aeecc04adc,SocialBot_66,PL,Europe/Warsaw,SocialBot,2,4,2,12,10,8,44,1,330,4250,5200,6,6,4,3,58,5024404,331,8867100,4018817,21600,25800
PL Club 76,1,1e0d38f1-6b73-438e-9c17-10059ab3ed37,YouthFocusedBot_76,PL,Europe/Madrid,YouthFocusedBot,2,4,12,9,11,10,37,3,590,7750,9600,6,6,4,2,84,12623330,1898,16096500,3637678,21200,25300
PT Club 70,1,3d50ec80-ab41-4029-96c6-f611127f7735,YouthFocusedBot_70,PT,Europe/Madrid,YouthFocusedBot,2,4,6,14,9,7,49,4,720,9500,11800,4,9,1,3,84,15979659,1432,19667400,3809841,21200,25500
PT Club 80,1,02ba1b4a-9d46-442d-9f8f-e9da88c589f1,ConservativeBot_80,PT,Europe/Paris,ConservativeBot,2,4,16,0,24,6,6,3,590,7750,9600,5,7,3,1,59,11986889,8319,16068900,4261212,15000,11000
AT Club 87,1,f91d7011-73d9-47b4-a76d-18f10e8a8f34,AggressiveTraderBot_87,AT,Europe/Rome,AggressiveTraderBot,2,5,7,10,12,8,38,4,720,9500,11800,2,5,2,1,64,12959368,713,19696500,6910606,21400,25600
BE Club 89,1,bc117a96-6ec4-4599-be57-aca06325b959,LadderGrinderBot_89,BE,Europe/Amsterdam,LadderGrinderBot,2,5,9,29,0,1,88,3,590,7750,9600,4,7,3,1,85,12690857,34,16068900,3527934,21100,26500
CH Club 88,1,a93d43eb-2733-4268-903b-82b2b0649667,YouthFocusedBot_88,CH,Europe/Madrid,YouthFocusedBot,2,5,8,12,10,8,44,2,460,6000,7400,2,5,4,3,66,9731609,138,12487800,2915026,21300,25500
DE Club 81,1,3facca74-18a2-449b-8714-7a30943ce555,AggressiveTraderBot_81,DE,Europe/Rome,AggressiveTraderBot,2,5,1,0,27,3,3,2,460,6000,7400,5,6,4,4,63,3179193,697,12484800,9431788,21700,26700
DE Club 91,1,665bb8e5-c759-4a1a-aac2-4d4844ef5b2c,NewManagerBot_91,DE,Europe/Berlin,NewManagerBot,2,5,11,15,7,8,53,2,460,6000,7400,2,4,1,4,92,6638023,6400,12475500,5970907,15000,13160
ES Club 84,1,3a999bfc-1005-45df-9380-7a57839ef926,SocialBot_84,ES,Europe/Warsaw,SocialBot,2,5,4,6,9,15,33,3,590,7750,9600,3,5,3,2,63,9799450,385,16088400,6426087,21400,25800
ES Club 94,1,d2db60e9-2b6b-43b0-a70c-64fdfe3eb0ba,YouthFocusedBot_94,ES,Europe/Madrid,YouthFocusedBot,2,5,14,9,10,11,38,4,720,9500,11800,3,8,3,2,72,14793267,8,19679100,5032559,21300,25600
FR Club 82,1,4409d607-6bac-442e-8606-52fbef3fa238,YouthFocusedBot_82,FR,Europe/Madrid,YouthFocusedBot,2,5,2,27,0,3,84,3,590,7750,9600,6,7,1,3,95,8196841,1444,16069200,8029653,21500,24900
FR Club 92,1,7444395e-668d-4a3f-bb55-8e46e6f7503b,ConservativeBot_92,FR,Europe/Paris,ConservativeBot,2,5,12,7,15,8,29,4,720,9500,11800,3,7,4,2,84,16157965,7577,19694700,3662416,15000,13140
IT Club 83,1,cdb01e03-ff03-4f33-bd2d-b59a7b0f591c,LadderGrinderBot_83,IT,Europe/Amsterdam,LadderGrinderBot,2,5,3,9,6,15,42,3,590,7750,9600,3,6,1,3,86,11187349,446,16069200,5050267,21100,25500
IT Club 93,1,f90e3d66-29f5-4256-9311-f84428390692,AggressiveTraderBot_93,IT,Europe/Rome,AggressiveTraderBot,2,5,13,10,9,11,41,3,590,7750,9600,3,8,1,2,81,9408993,598,16057200,6817705,21800,26500
NL Club 85,1,2daeb87a-10f8-4b65-8fe7-6de0ec2de769,NewManagerBot_85,NL,Europe/Berlin,NewManagerBot,2,5,5,11,8,11,44,3,590,7750,9600,4,5,3,4,77,11157564,9252,16104900,5098309,15000,10400
NL Club 95,1,9fc9b381-8fb7-4660-b834-0587e43e56f1,LadderGrinderBot_95,NL,Europe/Amsterdam,LadderGrinderBot,2,5,15,9,14,7,34,3,590,7750,9600,4,8,3,2,66,12223870,594,16073400,3981036,21400,25200
PL Club 86,1,583ace32-0ada-454b-8de3-5c0517b8b154,ConservativeBot_86,PL,Europe/Paris,ConservativeBot,2,5,6,8,11,11,35,3,590,7750,9600,6,4,4,2,82,11774690,9744,16104000,4459049,15000,10000
PL Club 96,1,912e4ee5-dd9b-4150-9688-56296d360c70,SocialBot_96,PL,Europe/Warsaw,SocialBot,2,5,16,14,9,7,49,2,460,6000,7400,6,5,3,2,50,8866108,1266,12482700,3782070,21400,25000
PT Club 90,1,a3c33e13-a9f8-4e3f-b418-bc2421bcddef,SocialBot_90,PT,Europe/Warsaw,SocialBot,2,5,10,0,29,1,1,3,590,7750,9600,4,7,1,2,60,12358027,601,16057200,3856076,21200,26200
AT Club 107,1,c829abd4-dc16-4e64-a3b7-820a0be3b755,LadderGrinderBot_107,AT,Europe/Amsterdam,LadderGrinderBot,3,1,11,9,10,11,38,1,330,4250,5200,4,8,2,4,82,2568148,1363,6874800,4453438,21200,25300
AT Club 97,1,6042a45e-2ae0-404b-8a5d-d41d915d7069,NewManagerBot_97,AT,Europe/Berlin,NewManagerBot,3,1,1,10,6,14,44,2,460,6000,7400,6,9,1,1,83,4965078,6378,9664800,4871682,15000,14280
BE Club 109,1,6e20850e-76cc-450c-8384-7c3e2a05e758,NewManagerBot_109,BE,Europe/Berlin,NewManagerBot,3,1,13,10,10,10,40,2,460,6000,7400,5,8,2,4,87,5757117,5757,9686400,4099550,15000,13900
BE Club 99,1,9f651b5b-f5ee-4a61-910c-2c3f76315bdc,AggressiveTraderBot_99,BE,Europe/Rome,AggressiveTraderBot,3,1,3,11,10,9,42,2,460,6000,7400,4,8,3,2,64,3299358,521,9693000,6523318,21700,25800
CH Club 108,1,d237fcb6-3d82-4b30-a4c8-08f31ef9c699,SocialBot_108,CH,Europe/Warsaw,SocialBot,3,1,12,10,9,11,41,2,460,6000,7400,3,5,2,2,90,6162482,52,9707400,3668339,20900,26100
CH Club 98,1,d703b9db-472b-48c3-bab7-71f4cf30b7af,ConservativeBot_98,CH,Europe/Paris,ConservativeBot,3,1,2,6,10,14,32,1,330,4250,5200,4,8,3,1,69,3909872,9358,6876900,3143801,15000,11200
DE Club 101,1,dedf002f-adcf-4ca0-a593-21c4cff22fe7,LadderGrinderBot_101,DE,Europe/Amsterdam,LadderGrinderBot,3,1,5,8,10,12,36,4,720,9500,11800,4,9,1,2,59,11294757,432,15292500,4160883,21400,25500
DE Club 111,1,ad2b509b-3919-4c92-8b6a-759e44ea3a0c,AggressiveTraderBot_111,DE,Europe/Rome,AggressiveTraderBot,3,1,15,8,8,14,38,2,460,6000,7400,2,4,1,1,69,3722301,1181,9694800,6105136,21500,24700
ES Club 104,1,3398d426-6ecf-4aec-bfa4-ee7ff5bccc05,ConservativeBot_104,ES,Europe/Paris,ConservativeBot,3,1,8,8,12,10,34,1,330,4250,5200,4,6,4,3,94,2471611,7281,6901500,4601416,15000,12000
FR Club 102,1,2e5975bb-68ec-41f0-846e-ee73974f083c,SocialBot_102,FR,Europe/Warsaw,SocialBot,3,1,6,10,8,12,42,4,720,9500,11800,3,7,4,1,66,9948457,2066,15327300,5501316,21200,25100
FR Club 112,1,16dae8f3-3cf5-4914-b2e1-c0d7628a9aa8,YouthFocusedBot_112,FR,Europe/Madrid,YouthFocusedBot,3,1,16,8,8,14,38,4,720,9500,11800,2,5,2,3,85,10228640,1321,15335100,5253989,21000,25300
IT Club 103,1,378b0f15-9098-42d9-ba40-9a52c3a33612,NewManagerBot_103,IT,Europe/Berlin,NewManagerBot,3,1,7,12,8,10,46,1,330,4250,5200,5,6,4,4,77,395834,5314,6913500,6642106,15000,13700
NL Club 105,1,34c795cf-10d4-47e7-b354-3f281e6be23b,AggressiveTraderBot_105,NL,Europe/Rome,AggressiveTraderBot,3,1,9,10,9,11,41,4,720,9500,11800,5,8,1,1,83,6080426,319,15295500,9342844,21900,26400
PL Club 106,1,23570721-3740-4452-bd07-bda65e7d98d3,YouthFocusedBot_106,PL,Europe/Madrid,YouthFocusedBot,3,1,10,9,10,11,38,3,590,7750,9600,2,7,2,1,64,5556101,1383,12499500,7092073,21100,25100
PT Club 100,1,4a69f238-064e-4c61-91fd-faaa29235f02,YouthFocusedBot_100,PT,Europe/Madrid,YouthFocusedBot,3,1,4,10,11,9,39,3,590,7750,9600,4,8,1,1,86,7522981,1123,12476400,5103706,21200,25400
PT Club 110,1,2e607eb2-9abe-4f29-9645-c139d03b5e10,ConservativeBot_110,PT,Europe/Paris,ConservativeBot,3,1,14,10,10,10,40,4,720,9500,11800,5,8,3,2,65,10712497,9310,15316200,4735425,15000,11400
AT Club 117,1,058dda43-ed2a-4a0a-8ad8-8dc82e76f75a,AggressiveTraderBot_117,AT,Europe/Rome,AggressiveTraderBot,3,2,5,7,11,12,33,1,330,4250,5200,4,7,1,4,53,1132409,610,6881700,5896588,21800,26200
AT Club 127,1,6ac3d1cf-0ab1-459d-b690-ffdbd1c309dc,NewManagerBot_127,AT,Europe/Berlin,NewManagerBot,3,2,15,0,27,3,3,3,590,7750,9600,2,5,3,1,53,9638210,6494,12522600,3047090,15000,13160
BE Club 119,1,6bad2dd4-72a2-48a7-8ae0-3775f0347868,LadderGrinderBot_119,BE,Europe/Amsterdam,LadderGrinderBot,3,2,7,0,28,2,2,3,590,7750,9600,3,6,3,2,50,5371611,356,12512100,7286258,21200,25200
CH Club 118,1,9b334a99-bb86-445b-8449-dd7006214729,YouthFocusedBot_118,CH,Europe/Madrid,YouthFocusedBot,3,2,6,11,7,12,45,3,590,7750,9600,3,4,2,4,59,8713194,289,12528000,3971995,21200,26200
CH Club 128,1,8d277197-1e1d-4deb-9867-4d2b1f7c3676,ConservativeBot_128,CH,Europe/Paris,ConservativeBot,3,2,16,27,0,3,84,4,720,9500,11800,5,4,3,4,87,10142266,9128,15347700,5327093,15000,11400
DE Club 121,1,6cf03c35-5944-4d2d-9ddd-ea9e60bf5736,NewManagerBot_121,DE,Europe/Berlin,NewManagerBot,3,2,9,12,10,8,44,3,590,7750,9600,3,8,3,2,52,8472229,5432,12497100,4187399,15000,14740
ES Club 114,1,edd45f0a-d532-4cdb-b9e8-21d8d5885f99,SocialBot_114,ES,Europe/Warsaw,SocialBot,3,2,2,9,6,15,42,2,460,6000,7400,5,8,1,3,78,4690865,572,9681300,5154976,21400,25500
ES Club 124,1,63bd8cf2-7494-4ef3-b855-2e58a81d73cc,YouthFocusedBot_124,ES,Europe/Madrid,YouthFocusedBot,3,2,12,8,8,14,38,3,590,7750,9600,4,5,3,3,63,7996415,798,12524100,4702102,21200,24800
FR Club 122,1,9be1207f-5f76-4c8a-a455-64a00a71fef0,ConservativeBot_122,FR,Europe/Paris,ConservativeBot,3,2,10,10,12,8,38,2,460,6000,7400,4,8,1,4,72,6819801,9586,9685800,3033320,15000,10800
IT Club 113,1,aae09317-765d-4f1a-aad0-c1031e8c5629,LadderGrinderBot_113,IT,Europe/Amsterdam,LadderGrinderBot,3,2,1,6,9,15,33,1,330,4250,5200,5,7,4,2,77,1440531,1417,6889500,5573268,21400,25200
IT Club 123,1,d5fb7d1c-1dc3-4fe6-9f94-d3d0411a55b3,AggressiveTraderBot_123,IT,Europe/Rome,AggressiveTraderBot,3,2,11,8,8,14,38,1,330,4250,5200,3,7,4,2,57,110290,1981,6889500,6913905,22100,25400
NL Club 115,1,60f771af-be6f-4cb3-aa1a-e7f7a91db9b7,NewManagerBot_115,NL,Europe/Berlin,NewManagerBot,3,2,3,10,10,10,40,2,460,6000,7400,3,7,3,2,89,3427950,6451,9693000,6438268,15000,13740
NL Club 125,1,93d2889c-9e67-49e0-a941-2b07f0b263ef,LadderGrinderBot_125,NL,Europe/Amsterdam,LadderGrinderBot,3,2,13,11,8,11,44,1,330,4250,5200,3,5,4,2,74,1880579,1272,6904500,5174899,21500,25700
PL Club 116,1,733b056c-6048-4926-8ea0-9b9be79576b3,ConservativeBot_116,PL,Europe/Paris,ConservativeBot,3,2,4,10,10,10,40,1,330,4250,5200,6,5,3,1,90,3141977,7898,6899400,3889526,15000,13000
PL Club 126,1,4477829a-d356-41f2-a109-2e1f8e7d39df,SocialBot_126,PL,Europe/Warsaw,SocialBot,3,2,14,8,11,11,35,1,330,4250,5200,6,8,4,4,63,496411,233,6898500,6531974,21600,25600
PT Club 120,1,846d15f7-d1c8-4a4e-ac5f-6c2c4375f102,SocialBot_120,PT,Europe/Warsaw,SocialBot,3,2,8,28,0,2,86,1,330,4250,5200,6,5,4,4,83,3264857,1997,6913500,3795407,21400,24900
AT Club 137,1,32759de9-0961-430a-88e1-45fa1c05e423,LadderGrinderBot_137,AT,Europe/Amsterdam,LadderGrinderBot,3,3,9,11,14,5,38,4,720,9500,11800,3,8,2,3,84,10158822,528,15305100,5273762,21100,25300
BE Club 129,1,414af5c9-b27d-4532-92f1-c1d9a51d18c0,AggressiveTraderBot_129,BE,Europe/Rome,AggressiveTraderBot,3,3,1,12,6,12,48,2,460,6000,7400,5,5,3,3,93,5078105,1179,9712500,4767804,21700,26300
BE Club 139,1,a71518ae-6bd8-4c32-96c3-112f006e8cc6,NewManagerBot_139,BE,Europe/Berlin,NewManagerBot,3,3,11,10,14,6,36,1,330,4250,5200,3,8,1,3,74,1648389,5399,6862200,5338722,15000,14940
CH Club 138,1,6c4121ed-9dad-4bf6-99f1-85fd6125f319,SocialBot_138,CH,Europe/Warsaw,SocialBot,3,3,10,14,11,5,47,3,590,7750,9600,4,8,1,1,75,7734700,545,12483900,4877058,21300,25400
DE Club 131,1,4df51e17-610f-4418-ad6a-6755b64e29da,LadderGrinderBot_131,DE,Europe/Amsterdam,LadderGrinderBot,3,3,3,26,0,4,82,2,460,6000,7400,5,6,3,3,86,5493178,598,9705000,4389830,21200,26400
DE Club 141,1,a1f6a63a-5e1c-4ef2-b218-23ec62fc1078,AggressiveTraderBot_141,DE,Europe/Rome,AggressiveTraderBot,3,3,13,0,27,3,3,2,460,6000,7400,5,8,4,4,56,3168273,929,9710100,6669865,21700,26500
ES Club 134,1,5a34cfc7-c47a-4f00-b368-ecc363c88c5d,ConservativeBot_134,ES,Europe/Paris,ConservativeBot,3,3,6,10,8,12,42,3,590,7750,9600,6,6,2,2,68,9860948,8583,12504000,2806065,15000,11200
ES Club 144,1,f4ee7c8e-fcd1-42cb-b236-76f03d0259a0,SocialBot_144,ES,Europe/Warsaw,SocialBot,3,3,16,9,13,8,35,4,720,9500,11800,4,8,1,1,75,11836030,1202,15288000,3578643,20900,24800
FR Club 132,1,0e92bb38-96b5-4869-9ac2-d5dae1f5e36c,SocialBot_132,FR,Europe/Warsaw,SocialBot,3,3,4,0,26,4,4,4,720,9500,11800,3,8,1,2,52,11379078,987,15292500,4072515,21600,25200
FR Club 142,1,cfa19b2e-4be4-4eab-b68c-81df44597284,YouthFocusedBot_142,FR,Europe/Madrid,YouthFocusedBot,3,3,14,27,0,3,84,4,720,9500,11800,5,7,1,2,84,11585129,1194,15300000,3882273,21400,25100
IT Club 133,1,6bfd34e6-7223-4624-892a-96f753d5ec1b,NewManagerBot_133,IT,Europe/Berlin,NewManagerBot,3,3,5,8,10,12,36,4,720,9500,11800,6,9,2,3,63,10765924,5927,15305100,4677534,15000,13480
IT Club 143,1,40b160c3-3724-40aa-a180-cddfac81385e,LadderGrinderBot_143,IT,Europe/Amsterdam,LadderGrinderBot,3,3,15,13,9,8,47,1,330,4250,5200,4,7,3,4,81,3275046,1327,6890400,3749604,21200,25200
NL Club 135,1,3915e9a9-b86c-4ab8-b5c3-78e2555fb0d9,AggressiveTraderBot_135,NL,Europe/Rome,AggressiveTraderBot,3,3,7,26,0,4,82,4,720,9500,11800,4,5,2,4,87,10144771,526,15339600,5348589,21500,25300
PL Club 136,1,cb71ef22-c744-4af0-812c-575f81713f6e,YouthFocusedBot_136,PL,Europe/Madrid,YouthFocusedBot,3,3,8,0,26,4,4,2,460,6000,7400,6,7,4,4,54,3250595,1178,9710100,6590861,20900,23800
PT Club 130,1,23cb37cb-3c40-4520-a16c-55a8ad84b71a,YouthFocusedBot_130,PT,Europe/Madrid,YouthFocusedBot,3,3,2,6,12,12,30,2,460,6000,7400,5,7,1,4,76,4262600,859,9685800,5552469,21400,25100
PT Club 140,1,99541c4c-0b0c-46c4-8034-3a2aa9ec8905,ConservativeBot_140,PT,Europe/Paris,ConservativeBot,3,3,12,14,10,6,48,2,460,6000,7400,3,5,2,2,91,3273319,7056,9707400,6564752,15000,13340
AT Club 147,1,589a6b40-2f68-472e-a18c-f1c4ba0cb8f3,AggressiveTraderBot_147,AT,Europe/Rome,AggressiveTraderBot,3,4,3,5,11,14,29,4,720,9500,11800,6,7,1,4,84,8696034,1051,15309000,6775166,21800,25900
AT Club 157,1,9fa43d7f-8a47-439e-aba6-db987f7248e7,NewManagerBot_157,AT,Europe/Berlin,NewManagerBot,3,4,13,12,7,11,47,3,590,7750,9600,5,4,3,3,64,7597750,8802,12531600,5054992,15000,10800
BE Club 149,1,9d05907b-9e24-453e-8dda-ced0a3d27781,LadderGrinderBot_149,BE,Europe/Amsterdam,LadderGrinderBot,3,4,5,13,6,11,50,3,590,7750,9600,3,7,2,2,62,8559765,660,12504000,4122400,21200,25300
BE Club 159,1,cf4a4fb7-02a9-4a50-a414-88af9b27bf2a,AggressiveTraderBot_159,BE,Europe/Rome,AggressiveTraderBot,3,4,15,13,6,11,50,1,330,4250,5200,3,8,3,2,79,1376345,535,6873900,5668549,21700,26300
CH Club 148,1,2ab46469-b77e-43f9-b298-f3470435bca3,YouthFocusedBot_148,CH,Europe/Madrid,YouthFocusedBot,3,4,4,11,5,14,47,4,720,9500,11800,5,9,3,1,88,10556530,731,15304200,4919127,21500,26600
CH Club 158,1,1e5a943c-b8ee-43b3-bf17-7bcfb6b57fc8,ConservativeBot_158,CH,Europe/Paris,ConservativeBot,3,4,14,7,12,11,32,2,460,6000,7400,3,4,2,1,83,4366939,5971,9702900,5487139,15000,13540
DE Club 151,1,7b179028-3132-4bfd-b990-1b6739d62f74,NewManagerBot_151,DE,Europe/Berlin,NewManagerBot,3,4,7,11,7,12,45,4,720,9500,11800,2,5,4,4,61,10260926,6611,15355800,5262273,15000,12560
ES Club 154,1,cf29cbb5-e3ad-472b-84be-45f7a1720114,YouthFocusedBot_154,ES,Europe/Madrid,YouthFocusedBot,3,4,10,15,8,7,52,2,460,6000,7400,4,7,4,2,57,6783368,327,9701100,3078242,21500,26400
FR Club 152,1,1c3c4ebc-f675-42e9-820f-b61c2c813267,ConservativeBot_152,FR,Europe/Paris,ConservativeBot,3,4,8,7,11,12,33,1,330,4250,5200,2,8,4,2,53,2551640,7460,6882000,4498729,15000,12600
IT Club 153,1,e44a908f-7b29-4afe-813b-4d580af22ddd,AggressiveTraderBot_153,IT,Europe/Rome,AggressiveTraderBot,3,4,9,8,15,7,31,4,720,9500,11800,4,7,4,4,81,9869122,962,15340800,5647179,22000,26800
NL Club 145,1,0ee2dbf9-4743-412a-b43b-6f04ac27e766,NewManagerBot_145,NL,Europe/Berlin,NewManagerBot,3,4,1,12,8,10,46,3,590,7750,9600,4,9,4,3,68,5290763,9551,12509700,7367442,15000,11000
NL Club 155,1,82ea824a-56f5-422e-81ca-72b7244f0553,LadderGrinderBot_155,NL,Europe/Amsterdam,LadderGrinderBot,3,4,11,7,13,10,31,2,460,6000,7400,2,9,4,2,78,4664966,1340,9693600,5173643,21400,25400
PL Club 146,1,52f78a3c-528e-4edf-85b2-21c2a2767a13,ConservativeBot_146,PL,Europe/Paris,ConservativeBot,3,4,2,8,12,10,34,3,590,7750,9600,6,8,2,4,73,8283816,7252,12498000,4373564,15000,12000
PL Club 156,1,43c27470-7402-41df-8083-1d9d12ba7886,SocialBot_156,PL,Europe/Warsaw,SocialBot,3,4,12,13,7,10,49,2,460,6000,7400,3,8,2,4,57,4557316,592,9693900,5282248,20900,25300
PT Club 150,1,544c27bb-de9f-4cbb-bb96-86e5945d63d1,SocialBot_150,PT,Europe/Warsaw,SocialBot,3,4,6,6,13,11,29,1,330,4250,5200,3,8,3,3,63,2922747,469,6885900,4086314,21100,25500
PT Club 160,1,8ee13033-6d5b-4685-b6db-770ea0c4ed25,YouthFocusedBot_160,PT,Europe/Madrid,YouthFocusedBot,3,4,16,6,13,11,29,2,460,6000,7400,6,7,4,4,73,6444906,599,9710100,3404338,21100,25700
AT Club 167,1,17d5aa00-c6b1-406a-826e-055fb50912e2,LadderGrinderBot_167,AT,Europe/Amsterdam,LadderGrinderBot,3,5,7,0,24,6,6,4,720,9500,11800,4,9,4,4,51,10186513,617,15325800,5265445,21200,25200
BE Club 169,1,a71f8db0-62a0-435a-8521-634fe4ab0e14,NewManagerBot_169,BE,Europe/Berlin,NewManagerBot,3,5,9,11,5,14,47,3,590,7750,9600,2,8,2,2,53,9785198,5652,12496500,2844794,15000,14160
CH Club 168,1,509f7a8f-e9c2-4356-8664-284edd09d62b,SocialBot_168,CH,Europe/Warsaw,SocialBot,3,5,8,24,0,6,78,2,460,6000,7400,6,8,3,4,86,3923442,836,9702000,5956381,21200,26000
DE Club 161,1,6125b99a-50fa-45d0-93c3-ebfd1ea39c0e,LadderGrinderBot_161,DE,Europe/Amsterdam,LadderGrinderBot,3,5,1,7,12,11,32,2,460,6000,7400,4,5,2,3,74,2673694,1048,9704400,7166708,21200,24400
DE Club 171,1,daa65a9b-b6bb-44ec-8f2e-632ba00bb5f1,AggressiveTraderBot_171,DE,Europe/Rome,AggressiveTraderBot,3,5,11,7,10,13,34,2,460,6000,7400,6,6,4,2,63,3762661,211,9716100,6108212,21800,27400
ES Club 164,1,9670dada-5531-4df0-813e-0065bd94272f,ConservativeBot_164,ES,Europe/Paris,ConservativeBot,3,5,4,5,12,13,28,4,720,9500,11800,3,9,1,2,73,11243180,6650,15292500,4217025,15000,13340
ES Club 174,1,2bdea1b8-9137-432a-a479-dc84dfed5f92,SocialBot_174,ES,Europe/Warsaw,SocialBot,3,5,14,12,12,6,42,4,720,9500,11800,5,9,2,1,81,10545300,631,15296100,4912142,21500,25400
FR Club 162,1,12649b06-dc19-4f0f-9fa0-089e09cf2006,SocialBot_162,FR,Europe/Warsaw,SocialBot,3,5,2,12,7,11,47,1,330,4250,5200,4,8,3,4,90,2728952,920,6882900,4291685,21000,26000
FR Club 172,1,12d07ec7-3fd9-4d46-add7-3a00cf5b6787,YouthFocusedBot_172,FR,Europe/Madrid,YouthFocusedBot,3,5,12,10,7,13,43,3,590,7750,9600,5,9,1,2,53,5483525,1349,12480900,7126663,21100,25300
IT Club 163,1,c3009e63-0904-4b42-a51b-b2b11ebf0462,NewManagerBot_163,IT,Europe/Berlin,NewManagerBot,3,5,3,12,5,13,49,2,460,6000,7400,2,5,3,4,90,3525167,5829,9724500,6356692,15000,14560
IT Club 173,1,5ec03214-9e7d-435d-a34a-42d3ad4ba16c,LadderGrinderBot_173,IT,Europe/Amsterdam,LadderGrinderBot,3,5,13,12,12,6,42,1,330,4250,5200,5,4,4,1,72,2695886,1127,6907500,4358622,21300,24400
NL Club 165,1,805f19a5-dd19-41c1-8e3b-e71d481dab82,AggressiveTraderBot_165,NL,Europe/Rome,AggressiveTraderBot,3,5,5,11,12,7,40,2,460,6000,7400,2,7,2,4,58,1275463,537,9693900,8582869,21700,26000
NL Club 175,1,6405272b-8865-4fa7-889e-dcbb45d690b8,NewManagerBot_175,NL,Europe/Berlin,NewManagerBot,3,5,15,9,9,12,39,4,720,9500,11800,6,4,1,3,85,10373242,8566,15327000,5095722,15000,11000
PL Club 166,1,928042f2-c455-42d2-a519-1f5715b9c56a,YouthFocusedBot_166,PL,Europe/Madrid,YouthFocusedBot,3,5,6,12,11,7,43,4,720,9500,11800,6,9,3,3,54,12246646,428,15313200,3214855,21100,25300
PL Club 176,1,3021236b-7224-4a15-a6a0-78b7e3cdac8f,ConservativeBot_176,PL,Europe/Paris,ConservativeBot,3,5,16,9,9,12,39,4,720,9500,11800,4,5,2,4,64,10275079,6852,15339600,5195141,15000,13200
PT Club 170,1,227f76e9-d947-4344-928c-10b2864b8921,ConservativeBot_170,PT,Europe/Paris,ConservativeBot,3,5,10,5,11,14,29,3,590,7750,9600,6,6,4,2,64,8597803,6422,12520200,4069094,15000,14000
AT Club 177,1,7726824d-afd0-4720-b1df-8447e3b8754e,AggressiveTraderBot_177,AT,Europe/Rome,AggressiveTraderBot,3,6,1,10,7,13,43,1,330,4250,5200,6,9,1,3,56,1939929,1082,6862200,5091048,21600,26000
AT Club 187,1,7410244a-394d-4122-a681-ed19020c0ce3,NewManagerBot_187,AT,Europe/Berlin,NewManagerBot,3,6,11,0,26,4,4,1,330,4250,5200,6,4,1,3,65,2862469,5911,6892200,4163806,15000,13400
BE Club 179,1,2e050987-5c0d-423c-ac4a-cb979d30f8b9,LadderGrinderBot_179,BE,Europe/Amsterdam,LadderGrinderBot,3,6,3,8,12,10,34,2,460,6000,7400,3,5,4,1,65,4806438,1076,9711600,5079530,21000,25900
BE Club 189,1,8df66b67-11dd-4874-9dcc-8c0c69873ac3,AggressiveTraderBot_189,BE,Europe/Rome,AggressiveTraderBot,3,6,13,7,13,10,31,3,590,7750,9600,5,6,3,2,63,5696659,1996,12512100,6988870,22100,24800
CH Club 178,1,f7cd494e-db90-4c7d-8ed5-e927c89f8ee8,YouthFocusedBot_178,CH,Europe/Madrid,YouthFocusedBot,3,6,2,7,10,13,34,1,330,4250,5200,3,5,2,3,51,2821327,1611,6892800,4232921,21300,24600
CH Club 188,1,978d7089-6af5-4640-882b-abffbe7cd0f6,ConservativeBot_188,CH,Europe/Paris,ConservativeBot,3,6,12,26,0,4,82,2,460,6000,7400,5,9,1,1,93,6176820,5704,9664800,3630937,15000,14500
DE Club 181,1,dba1d7b5-ec52-4e11-8804-84183a881672,NewManagerBot_181,DE,Europe/Berlin,NewManagerBot,3,6,5,9,17,4,31,4,720,9500,11800,4,7,2,2,53,11737030,7390,15308100,3734161,15000,11800
DE Club 191,1,aa12b0d9-5f28-4a69-9adc-6a828e11992b,LadderGrinderBot_191,DE,Europe/Amsterdam,LadderGrinderBot,3,6,15,11,8,11,44,1,330,4250,5200,4,7,3,4,81,2164865,1542,6897900,4896058,21300,24500
ES Club 184,1,37a87c73-6e0d-4ce4-a760-c4040ab057a2,YouthFocusedBot_184,ES,Europe/Madrid,YouthFocusedBot,3,6,8,10,9,11,41,2,460,6000,7400,5,6,1,1,56,5117455,267,9687300,4695519,21300,25100
FR Club 182,1,8f366f50-ce8d-4d4d-85fa-2e2fd3f0d872,ConservativeBot_182,FR,Europe/Paris,ConservativeBot,3,6,6,17,9,4,55,2,460,6000,7400,6,5,2,4,77,4671027,8689,9708900,5193897,15000,12000
FR Club 192,1,bad3a036-0773-4308-8ea9-c68fe818b674,SocialBot_192,FR,Europe/Warsaw,SocialBot,3,6,16,8,11,11,35,4,720,9500,11800,4,8,2,1,84,12472396,929,15303600,3011150,21400,24800
IT Club 183,1,abf7c41f-b3af-4317-a22b-a29cc0099c77,AggressiveTraderBot_183,IT,Europe/Rome,AggressiveTraderBot,3,6,7,9,10,11,38,1,330,4250,5200,2,8,2,1,63,948267,1190,6861300,6043865,21500,25500
NL Club 185,1,40eb3c30-42f2-4d23-b94b-92f563fab8ae,LadderGrinderBot_185,NL,Europe/Amsterdam,LadderGrinderBot,3,6,9,27,0,3,84,3,590,7750,9600,4,9,1,1,93,7664707,1124,12476400,4973907,21100,25800
PL Club 186,1,9d354edc-e005-48a4-9bb2-cac822a51b56,SocialBot_186,PL,Europe/Warsaw,SocialBot,3,6,10,0,27,3,3,2,460,6000,7400,5,8,3,1,63,4288927,566,9681000,5566510,20800,26100
PT Club 180,1,f1cd0063-ec68-4c9b-8622-a772b4679446,SocialBot_180,PT,Europe/Warsaw,SocialBot,3,6,4,12,8,10,46,4,720,9500,11800,3,6,2,2,84,11995315,1118,15323100,3460741,21200,25600
PT Club 190,1,e9c28f8e-57b8-433f-9968-ffc7b4678f44,YouthFocusedBot_190,PT,Europe/Madrid,YouthFocusedBot,3,6,14,13,7,10,49,3,590,7750,9600,3,6,3,4,58,9152087,296,12528600,3549256,21300,26300
AT Club 197,1,fed32b8d-50d2-46a2-aca4-ed271c50371f,LadderGrinderBot_197,AT,Europe/Amsterdam,LadderGrinderBot,3,7,5,8,12,10,34,3,590,7750,9600,5,6,1,1,77,8418994,296,12491400,4245716,21000,25100
AT Club 207,1,e16d18cf-1c69-4d17-b6ec-dfde95b3b38c,AggressiveTraderBot_207,AT,Europe/Rome,AggressiveTraderBot,3,7,15,9,9,12,39,1,330,4250,5200,6,6,3,2,88,2305515,945,6896400,4740076,21300,25800
BE Club 199,1,2fa86bf4-e587-47ce-9d03-cdcbd390d812,NewManagerBot_199,BE,Europe/Berlin,NewManagerBot,3,7,7,6,16,8,26,3,590,7750,9600,6,9,3,2,62,9615403,7445,12497100,3046541,15000,12000
CH Club 198,1,9b454fcd-1389-4e58-9b5e-42991220c672,SocialBot_198,CH,Europe/Warsaw,SocialBot,3,7,6,12,8,10,46,4,720,9500,11800,6,6,4,3,72,11575476,1364,15336300,3912446,21300,25600
CH Club 208,1,26be6eda-03c2-4eb7-becd-40cd43495131,YouthFocusedBot_208,CH,Europe/Madrid,YouthFocusedBot,3,7,16,9,9,12,39,4,720,9500,11800,5,7,4,4,64,12896754,506,15333300,2596017,21100,25000
DE Club 201,1,6e82c440-ddcb-42d0-9b5f-7e821f16fc65,AggressiveTraderBot_201,DE,Europe/Rome,AggressiveTraderBot,3,7,9,11,7,12,45,4,720,9500,11800,6,7,1,3,56,10120635,357,15312000,5330580,21400,25500
ES Club 194,1,cedf89f4-2d32-45c9-b91b-0377eadf72bc,ConservativeBot_194,ES,Europe/Paris,ConservativeBot,3,7,2,0,27,3,3,4,720,9500,11800,4,4,3,4,53,12457542,7291,15347700,3019304,15000,12200
ES Club 204,1,cc18fed3-d219-47f9-8223-417b67190452,SocialBot_204,ES,Europe/Warsaw,SocialBot,3,7,12,13,6,11,50,1,330,4250,5200,3,8,2,3,65,297739,1174,6877800,6737334,21100,24700
FR Club 202,1,2e28c9cb-84ae-4db9-8181-4c3aade4f905,YouthFocusedBot_202,FR,Europe/Madrid,YouthFocusedBot,3,7,10,7,11,12,33,4,720,9500,11800,6,6,3,3,67,11872567,972,15328200,3609053,21100,24500
IT Club 193,1,647ef435-813c-4a9e-af57-c1f72ea86a0b,NewManagerBot_193,IT,Europe/Berlin,NewManagerBot,3,7,1,27,0,3,84,2,460,6000,7400,5,9,2,4,88,5153628,6266,9686400,4682338,15000,14700
IT Club 203,1,b5195446-bdf8-446d-940c-35981cb427ff,LadderGrinderBot_203,IT,Europe/Amsterdam,LadderGrinderBot,3,7,11,6,13,11,29,1,330,4250,5200,4,4,4,4,75,3230277,648,6921000,3828734,21200,24900
NL Club 195,1,651ed57b-2014-4b70-a3a5-b30c4b00369c,AggressiveTraderBot_195,NL,Europe/Rome,AggressiveTraderBot,3,7,3,0,24,6,6,2,460,6000,7400,4,5,2,4,54,1133349,1468,9716400,8727791,21400,25000
NL Club 205,1,81f06e57-78c4-4417-88c5-d12b3f589847,NewManagerBot_205,NL,Europe/Berlin,NewManagerBot,3,7,13,11,8,11,44,3,590,7750,9600,3,5,4,3,73,6345112,5247,12532200,6343739,15000,15140
PL Club 196,1,80475701-453e-4e3c-b20c-864b2266fb17,YouthFocusedBot_196,PL,Europe/Madrid,YouthFocusedBot,3,7,4,24,0,6,78,4,720,9500,11800,6,8,2,4,89,11151256,1381,15317100,4337189,21300,25100
PL Club 206,1,0e00ad8c-6d93-4e4a-8724-fa03fad4db12,ConservativeBot_206,PL,Europe/Paris,ConservativeBot,3,7,14,8,11,11,35,4,720,9500,11800,6,8,3,2,81,12630935,6419,15316200,2844963,15000,13880
PT Club 200,1,25fb7040-7e85-4ace-b4d0-fc09aba473cf,ConservativeBot_200,PT,Europe/Paris,ConservativeBot,3,7,8,16,6,8,56,3,590,7750,9600,4,9,4,1,86,5386253,9327,12500700,7269366,15000,11400
AT Club 217,1,2157cf5f-9895-4976-9e95-9eab43c004c3,NewManagerBot_217,AT,Europe/Berlin,NewManagerBot,3,8,9,6,13,11,29,4,720,9500,11800,3,7,1,3,78,10738063,8530,15304500,4712781,15000,11200
BE Club 209,1,6f4e6e5f-4b95-4e89-b2e4-4f7c0bd89aa9,LadderGrinderBot_209,BE,Europe/Amsterdam,LadderGrinderBot,3,8,1,16,6,8,56,4,720,9500,11800,5,6,2,2,57,11464176,62,15323100,3999859,20700,26500
BE Club 219,1,2dce50ea-7b2d-49d3-9243-53664f92ead4,AggressiveTraderBot_219,BE,Europe/Rome,AggressiveTraderBot,3,8,11,8,11,11,35,1,330,4250,5200,4,9,3,3,70,1613430,1401,6878400,5425102,21200,24900
CH Club 218,1,b0d68d1b-a70a-459b-a582-4358226c17a7,ConservativeBot_218,CH,Europe/Paris,ConservativeBot,3,8,10,13,6,11,50,2,460,6000,7400,3,5,4,2,70,5438435,6719,9716100,4399516,15000,13740
DE Club 211,1,3fba51a5-5404-4394-9f83-d698c5bc25cd,NewManagerBot_211,DE,Europe/Berlin,NewManagerBot,3,8,3,13,4,13,52,3,590,7750,9600,2,5,4,3,81,9414854,9184,12532200,3294019,15000,10400
DE Club 221,1,652c18db-430d-477d-bd12-fce41d10b13c,LadderGrinderBot_221,DE,Europe/Amsterdam,LadderGrinderBot,3,8,13,10,11,9,39,1,330,4250,5200,6,6,4,1,50,3499225,1110,6892500,3531466,21300,25100
ES Club 214,1,42cd8404-3db0-4ab8-b6cf-1fe71011e5be,YouthFocusedBot_214,ES,Europe/Madrid,YouthFocusedBot,3,8,6,7,6,17,38,3,590,7750,9600,4,5,4,1,92,8848753,1375,12523200,3820419,21400,25900
ES Club 224,1,85ba8c61-df12-4ab2-a54d-878c4b319c5c,ConservativeBot_224,ES,Europe/Paris,ConservativeBot,3,8,16,14,5,11,53,3,590,7750,9600,4,7,4,3,60,5877955,5353,12524700,6771748,15000,14320
FR Club 212,1,87f2af33-e6e6-43f4-a776-534c200f70bc,ConservativeBot_212,FR,Europe/Paris,ConservativeBot,3,8,4,4,13,13,25,2,460,6000,7400,3,8,4,2,82,5782521,6967,9701100,4061718,15000,13740
FR Club 222,1,78bc74ec-9275-408f-90a5-202634921d44,SocialBot_222,FR,Europe/Warsaw,SocialBot,3,8,14,11,10,9,42,4,720,9500,11800,2,9,4,4,53,8324331,1972,15325800,7155030,21100,23900
IT Club 213,1,1e76a25b-c972-4dfc-bfe7-43b92f12f746,AggressiveTraderBot_213,IT,Europe/Rome,AggressiveTraderBot,3,8,5,6,7,17,35,3,590,7750,9600,6,6,1,2,74,5305017,46,12503400,7374333,22000,26500
IT Club 223,1,ba2d3557-3469-457e-bd69-ac1f1499d4f3,NewManagerBot_223,IT,Europe/Berlin,NewManagerBot,3,8,15,5,14,11,26,2,460,6000,7400,2,8,4,4,63,7087561,7885,9710100,2790954,15000,12960
NL Club 215,1,c5542b62-89ff-4e6e-811d-9c302f44c8a2,LadderGrinderBot_215,NL,Europe/Amsterdam,LadderGrinderBot,3,8,7,14,10,6,48,2,460,6000,7400,3,5,3,4,77,3229222,1338,9724500,6634866,21400,24700
PL Club 216,1,eda5c5f5-3349-45b7-af6e-643cea8876ac,SocialBot_216,PL,Europe/Warsaw,SocialBot,3,8,8,10,14,6,36,3,590,7750,9600,3,5,2,4,85,7073334,1431,12528000,5579487,21000,24800
PT Club 210,1,26e9821e-0098-4850-80d6-ae3a7377bbef,SocialBot_210,PT,Europe/Warsaw,SocialBot,3,8,2,6,16,8,26,1,330,4250,5200,4,7,1,2,79,2645763,1367,6872700,4391427,21100,25200
PT Club 220,1,dcd44b96-d0cd-4c15-9c4b-7723d0e249eb,YouthFocusedBot_220,PT,Europe/Madrid,YouthFocusedBot,3,8,12,11,8,11,44,2,460,6000,7400,6,6,4,2,95,4781141,360,9716100,5065326,21100,25000
AT Club 227,1,f858c1d7-560a-4bab-9249-f38b9ad4a909,LadderGrinderBot_227,AT,Europe/Amsterdam,LadderGrinderBot,3,9,3,10,9,11,41,4,720,9500,11800,5,7,3,1,60,10705756,1322,15311700,4743800,21300,25100
AT Club 237,1,861ad621-57b3-40ed-ab12-c9e478ad9132,AggressiveTraderBot_237,AT,Europe/Rome,AggressiveTraderBot,3,9,13,29,0,1,88,1,330,4250,5200,3,5,4,2,88,530750,883,6912000,6508293,21900,27000
BE Club 229,1,86c8e514-d8a2-47d2-98fa-83eeb00f7e11,NewManagerBot_229,BE,Europe/Berlin,NewManagerBot,3,9,5,8,14,8,32,2,460,6000,7400,6,5,1,3,71,4328778,8245,9703800,5508405,15000,11800
BE Club 239,1,8e3dea39-af7b-480c-8625-29b6971c213c,LadderGrinderBot_239,BE,Europe/Amsterdam,LadderGrinderBot,3,9,15,11,9,10,43,3,590,7750,9600,3,7,4,1,86,8793589,1267,12515700,3846728,20900,25400
CH Club 228,1,6623ae82-350a-436c-b5ba-d4feb42d47a3,SocialBot_228,CH,Europe/Warsaw,SocialBot,3,9,4,9,10,11,38,1,330,4250,5200,6,4,1,2,80,2399174,169,6887700,4612336,21800,27400
CH Club 238,1,77835fd8-9111-41da-9f5e-d9063ff519a8,YouthFocusedBot_238,CH,Europe/Madrid,YouthFocusedBot,3,9,14,0,29,1,1,2,460,6000,7400,3,9,1,3,54,6087392,1212,9673800,3724646,21100,25000
DE Club 231,1,13c0a18d-92e3-45eb-bfb7-1db59d64c124,AggressiveTraderBot_231,DE,Europe/Rome,AggressiveTraderBot,3,9,7,9,10,11,38,4,720,9500,11800,6,6,3,2,84,8641692,452,15323700,6833097,21700,25500
ES Club 234,1,58f8d124-971c-4ddf-a784-fad348ce85bf,SocialBot_234,ES,Europe/Warsaw,SocialBot,3,9,10,6,13,11,29,2,460,6000,7400,6,8,1,1,78,6616468,1054,9664800,3223449,21100,24700
FR Club 232,1,f9f8cd8f-944f-423a-a641-ab0534efd302,YouthFocusedBot_232,FR,Europe/Madrid,YouthFocusedBot,3,9,8,10,9,11,41,2,460,6000,7400,3,9,1,3,85,4606024,253,9673800,5231218,21100,26300
IT Club 233,1,19afd42f-7c4d-4cdc-91e2-6728648f135b,LadderGrinderBot_233,IT,Europe/Amsterdam,LadderGrinderBot,3,9,9,13,6,11,50,1,330,4250,5200,3,8,2,4,71,1561810,1114,6874800,5483556,21000,24800
NL Club 225,1,f6828005-1708-4351-a898-c607d000aa81,AggressiveTraderBot_225,NL,Europe/Rome,AggressiveTraderBot,3,9,1,8,11,11,35,4,720,9500,11800,2,5,4,2,84,9081757,1181,15339300,6379052,21600,26300
NL Club 235,1,b2766ce3-d69d-4e1d-bbd4-34189c147217,NewManagerBot_235,NL,Europe/Berlin,NewManagerBot,3,9,11,8,8,14,38,1,330,4250,5200,3,7,4,3,83,5139333,7058,6894000,1916405,15000,13140
PL Club 226,1,174ebe89-b548-4501-9a13-bfec9343eb00,YouthFocusedBot_226,PL,Europe/Madrid,YouthFocusedBot,3,9,2,11,8,11,44,2,460,6000,7400,3,6,2,3,59,4941510,1318,9704400,4902428,21400,25200
PL Club 236,1,ffea076a-2d24-4f69-9ab3-3a58f45ec0c2,ConservativeBot_236,PL,Europe/Paris,ConservativeBot,3,9,12,8,8,14,38,4,720,9500,11800,5,6,1,4,78,11351484,7350,15324000,4104798,15000,13500
PT Club 230,1,d59eb841-ef43-4000-9fab-f342d6642863,ConservativeBot_230,PT,Europe/Paris,ConservativeBot,3,9,6,14,8,8,50,3,590,7750,9600,2,5,4,4,71,8782563,6211,12536700,3881886,15000,13760
PT Club 240,1,120467cf-df04-4d76-afdc-ca08315a5ba4,SocialBot_240,PT,Europe/Warsaw,SocialBot,3,9,16,9,11,10,37,4,720,9500,11800,6,8,3,1,84,9036195,1016,15304200,6407729,21300,25600
AT Club 247,1,d36d5211-d4a5-4b5d-b133-314eff2373ea,NewManagerBot_247,AT,Europe/Berlin,NewManagerBot,3,10,7,14,7,9,51,2,460,6000,7400,5,4,4,2,73,6724928,7745,9723600,3170369,15000,12400
BE Club 249,1,a698e019-620c-48a1-9fa1-8a97bd242ae5,AggressiveTraderBot_249,BE,Europe/Rome,AggressiveTraderBot,3,10,9,13,10,7,46,4,720,9500,11800,6,7,4,4,72,7150040,677,15333300,8312151,21800,26300
CH Club 248,1,e1f2a47d-7140-4c01-b84d-15e8b6841c9f,ConservativeBot_248,CH,Europe/Paris,ConservativeBot,3,10,8,7,14,9,30,4,720,9500,11800,3,8,3,3,52,12253856,8941,15320700,3226210,15000,12000
DE Club 241,1,9b31a30c-c4b2-49de-a260-14063fbbc95b,NewManagerBot_241,DE,Europe/Berlin,NewManagerBot,3,10,1,25,0,5,80,2,460,6000,7400,3,6,4,3,82,5655602,4023,9720600,4213206,15000,16940
DE Club 251,1,6fecdeab-e9a1-4234-9c78-745ed15ad3b5,LadderGrinderBot_251,DE,Europe/Amsterdam,LadderGrinderBot,3,10,11,0,29,1,1,3,590,7750,9600,4,5,1,4,67,7119418,1303,12519900,5547046,21300,25200
ES Club 244,1,da1e16b5-4efb-4950-a245-d03ca3b26550,YouthFocusedBot_244,ES,Europe/Madrid,YouthFocusedBot,3,10,4,26,0,4,82,4,720,9500,11800,6,5,3,4,93,9308225,1546,15340200,6186650,20900,25100
ES Club 254,1,95d64aa9-e7a0-4460-853d-b59abc0ff97c,ConservativeBot_254,ES,Europe/Paris,ConservativeBot,3,10,14,6,11,13,31,3,590,7750,9600,4,8,2,3,80,8151702,7628,12501000,4513074,15000,12520
FR Club 242,1,3f81c58b-91eb-4d4d-af6f-ada6c0950c04,ConservativeBot_242,FR,Europe/Paris,ConservativeBot,3,10,2,0,25,5,5,1,330,4250,5200,5,5,3,2,51,3162077,7644,6896400,3872367,15000,12400
FR Club 252,1,3905724b-1633-40a3-befa-4ca737602534,SocialBot_252,FR,Europe/Warsaw,SocialBot,3,10,12,29,0,1,88,4,720,9500,11800,3,4,3,4,95,11152616,345,15347700,4329391,21100,26500
IT Club 243,1,a715d37c-88fa-40cf-a9dd-70023c0a25b3,AggressiveTraderBot_243,IT,Europe/Rome,AggressiveTraderBot,3,10,3,0,26,4,4,2,460,6000,7400,6,9,3,3,67,2972322,928,9690000,6854037,21700,26700
IT Club 253,1,5c6669fc-320a-412e-9135-16fa383519cb,NewManagerBot_253,IT,Europe/Berlin,NewManagerBot,3,10,13,11,6,13,46,1,330,4250,5200,4,7,1,2,61,4288956,6495,6865200,2726755,15000,13520
NL Club 245,1,4d09bd4c-ea9c-4dae-8a76-02a4f4dd1958,LadderGrinderBot_245,NL,Europe/Amsterdam,LadderGrinderBot,3,10,5,9,13,8,35,3,590,7750,9600,4,5,1,2,60,7919272,921,12510900,4730390,21300,24800
NL Club 255,1,b6e578e7-c1a9-4728-9dcc-434509d285f1,AggressiveTraderBot_255,NL,Europe/Rome,AggressiveTraderBot,3,10,15,8,15,7,31,1,330,4250,5200,2,5,4,2,79,933187,848,6912000,6131149,21800,25800
PL Club 246,1,5240c73a-a3b5-482b-939b-6b32b582f056,SocialBot_246,PL,Europe/Warsaw,SocialBot,3,10,6,13,9,8,47,3,590,7750,9600,4,7,3,4,69,9568075,1992,12521100,3113657,21300,23800
PL Club 256,1,a5d2a6b2-c9ce-4b25-9ff4-b08a2f217bdf,YouthFocusedBot_256,PL,Europe/Madrid,YouthFocusedBot,3,10,16,15,8,7,52,3,590,7750,9600,6,9,1,3,72,9359322,1228,12485400,3304445,21000,24000
PT Club 250,1,eedccac3-3e5e-4dc8-9772-5ed0fa2e7a6f,YouthFocusedBot_250,PT,Europe/Madrid,YouthFocusedBot,3,10,10,10,13,7,37,1,330,4250,5200,2,8,4,1,49,1302193,495,6885000,5727484,21300,25300
AT Club 257,1,97f39fbf-683f-43e4-a5fd-2a7bada102f2,LadderGrinderBot_257,AT,Europe/Amsterdam,LadderGrinderBot,3,11,1,9,8,13,40,4,720,9500,11800,3,4,1,3,89,11981925,1816,15327000,3510362,21200,24700
AT Club 267,1,504ee900-9608-4d35-9f0f-7b85335f1fcd,AggressiveTraderBot_267,AT,Europe/Rome,AggressiveTraderBot,3,11,11,9,10,11,38,2,460,6000,7400,5,8,1,3,62,3776890,1883,9681300,6048577,21500,23900
BE Club 259,1,9f903b42-874c-43ff-b34d-fac05649c097,NewManagerBot_259,BE,Europe/Berlin,NewManagerBot,3,11,3,8,12,10,34,3,590,7750,9600,4,8,2,2,67,7994540,5923,12489000,4620629,15000,13520
BE Club 269,1,866130f8-e8cc-4d23-8af7-a4fccbf909e9,LadderGrinderBot_269,BE,Europe/Amsterdam,LadderGrinderBot,3,11,13,25,0,5,80,2,460,6000,7400,2,5,2,3,89,5235152,1293,9704400,4638618,21300,24900
CH Club 258,1,ef52adc4-814b-40ef-a680-c30116584649,SocialBot_258,CH,Europe/Warsaw,SocialBot,3,11,2,8,9,13,37,3,590,7750,9600,6,6,3,3,85,9319621,1535,12516600,3323969,21600,24300
CH Club 268,1,371ade83-2ba6-4a5f-864a-12f7c03902db,YouthFocusedBot_268,CH,Europe/Madrid,YouthFocusedBot,3,11,12,10,9,11,41,2,460,6000,7400,2,6,4,4,85,5365636,1154,9717600,4476352,21300,25200
DE Club 261,1,4baa7405-4c02-40ce-a733-6d13b772747b,AggressiveTraderBot_261,DE,Europe/Rome,AggressiveTraderBot,3,11,5,13,5,12,51,1,330,4250,5200,5,8,1,3,73,2697812,208,6862200,4290040,21700,26100
DE Club 271,1,d49b5510-0f8c-417f-a17b-23a0977df1c1,NewManagerBot_271,DE,Europe/Berlin,NewManagerBot,3,11,15,29,0,1,88,4,720,9500,11800,4,7,4,3,87,8812412,5640,15328800,6683226,15000,13520
ES Club 264,1,667a6255-a6ac-4524-ab0a-01857f3eb68c,SocialBot_264,ES,Europe/Warsaw,SocialBot,3,11,8,8,13,9,33,4,720,9500,11800,3,5,1,2,56,11602623,1199,15315000,3887066,21000,25500
FR Club 262,1,8e2fa78b-8c83-4934-b4c0-4d3f1d168eae,YouthFocusedBot_262,FR,Europe/Madrid,YouthFocusedBot,3,11,6,5,13,12,27,1,330,4250,5200,6,9,1,1,53,3702759,1456,6853200,3280290,21000,23700
FR Club 272,1,c4dde019-83e3-400d-ba8c-b284f97df8ab,ConservativeBot_272,FR,Europe/Paris,ConservativeBot,3,11,16,0,29,1,1,2,460,6000,7400,6,5,3,4,60,5712562,7271,9717000,4142753,15000,12800
IT Club 263,1,31595175-aa7a-49fd-94e8-93098b1e1f2f,LadderGrinderBot_263,IT,Europe/Amsterdam,LadderGrinderBot,3,11,7,13,8,9,48,1,330,4250,5200,4,4,2,2,56,2068169,1988,6895800,4964016,21300,23500
NL Club 265,1,fefd58ec-aa7b-4fec-b9b6-0baebf7229c1,NewManagerBot_265,NL,Europe/Berlin,NewManagerBot,3,11,9,12,7,11,47,3,590,7750,9600,4,5,2,3,55,8059478,2839,12516000,4576590,15000,16520
PL Club 266,1,88018614-ddd0-45ea-b515-95a8f1bd5fd9,ConservativeBot_266,PL,Europe/Paris,ConservativeBot,3,11,10,7,12,11,32,2,460,6000,7400,6,5,1,1,75,5123505,8471,9687300,4739874,15000,11200
PT Club 260,1,b88724d9-6595-4064-82b6-939419e685ec,ConservativeBot_260,PT,Europe/Paris,ConservativeBot,3,11,4,12,8,10,46,2,460,6000,7400,6,7,1,3,62,3972961,7255,9681300,5882002,15000,13200
PT Club 270,1,6e125b6c-3269-4eaa-82ef-1b8849221ac1,SocialBot_270,PT,Europe/Warsaw,SocialBot,3,11,14,0,25,5,5,2,460,6000,7400,2,7,1,4,63,5156317,1008,9685800,4650848,21000,24100
AT Club 277,1,1eebfbdf-bed9-4e75-8a45-c86377f8e279,NewManagerBot_277,AT,Europe/Berlin,NewManagerBot,3,12,5,9,15,6,33,4,720,9500,11800,4,5,2,4,88,9982267,7269,15339600,5510036,15000,11800
AT Club 287,1,3fa24f16-1ab9-4ede-9c17-53b099e8ea93,LadderGrinderBot_287,AT,Europe/Amsterdam,LadderGrinderBot,3,12,15,10,12,8,38,3,590,7750,9600,3,9,4,4,81,7670959,588,12514200,5005222,21500,26200
BE Club 279,1,0636d97f-57fb-4714-bc45-8ef92c5d4ce9,AggressiveTraderBot_279,BE,Europe/Rome,AggressiveTraderBot,3,12,7,4,14,12,24,2,460,6000,7400,5,5,2,4,62,6204179,219,9708900,3661092,21300,25400
CH Club 278,1,e848743e-5085-46bb-8441-7a9e0875e6e3,ConservativeBot_278,CH,Europe/Paris,ConservativeBot,3,12,6,15,9,6,51,4,720,9500,11800,4,7,3,4,91,10892706,8118,15325200,4573946,15000,12400
CH Club 288,1,b3e9c4a2-dcdc-4ab3-9209-ec55e5e69c26,SocialBot_288,CH,Europe/Warsaw,SocialBot,3,12,16,12,10,8,44,4,720,9500,11800,3,5,4,1,68,12257033,1782,15342300,3237846,20900,23200
DE Club 281,1,2c75de8c-af7a-409e-9b76-a1caec8e8321,LadderGrinderBot_281,DE,Europe/Amsterdam,LadderGrinderBot,3,12,9,13,9,8,47,3,590,7750,9600,6,7,4,1,59,9650663,227,12508200,3007104,21100,25200
ES Club 274,1,45979e68-d4cb-4046-ac6f-f3bf834fde28,YouthFocusedBot_274,ES,Europe/Madrid,YouthFocusedBot,3,12,2,0,29,1,1,1,330,4250,5200,2,6,1,3,58,2571427,627,6884700,4479286,20900,24700
ES Club 284,1,087b2db6-6f19-49a3-a412-5d3056b11547,ConservativeBot_284,ES,Europe/Paris,ConservativeBot,3,12,12,7,14,9,30,2,460,6000,7400,5,4,4,1,65,6124883,9579,9719100,3737794,15000,10600
FR Club 282,1,7b5f43f4-6678-4ae7-b091-ee875b4cbcff,SocialBot_282,FR,Europe/Warsaw,SocialBot,3,12,10,9,13,8,35,3,590,7750,9600,6,5,3,1,80,9931532,473,12522600,2763958,21100,26100
IT Club 273,1,55cd1f96-7da4-42a8-bdc2-65eec0caa8f8,AggressiveTraderBot_273,IT,Europe/Rome,AggressiveTraderBot,3,12,1,29,0,1,88,2,460,6000,7400,2,6,4,4,92,1965656,1388,9725100,7937689,21900,25300
IT Club 283,1,172ea290-ee7f-4199-b3e1-a5c4f4ffdd5d,NewManagerBot_283,IT,Europe/Berlin,NewManagerBot,3,12,11,14,7,9,51,4,720,9500,11800,5,5,4,1,76,10737486,7466,15334800,4759799,15000,12600
NL Club 275,1,6e66b817-c9ae-404b-8621-2281862569a2,LadderGrinderBot_275,NL,Europe/Amsterdam,LadderGrinderBot,3,12,3,5,16,9,24,3,590,7750,9600,2,8,2,3,62,8138491,1694,12501000,4499556,21000,24300
NL Club 285,1,db11d7d6-6dcc-4f93-bfa2-e8656c230880,AggressiveTraderBot_285,NL,Europe/Rome,AggressiveTraderBot,3,12,13,12,9,9,45,2,460,6000,7400,4,6,4,2,76,3587319,1030,9716100,6289324,21700,26300
PL Club 276,1,28e388ea-8d2e-4ca5-ba30-2fd7e17f0c3b,SocialBot_276,PL,Europe/Warsaw,SocialBot,3,12,4,16,5,9,57,3,590,7750,9600,3,5,1,4,61,6703200,1017,12519900,5937185,21300,25300
PL Club 286,1,4a7b5830-15df-4f50-b3fd-2f5d0567dd70,YouthFocusedBot_286,PL,Europe/Madrid,YouthFocusedBot,3,12,14,9,12,9,36,2,460,6000,7400,3,9,2,3,66,4253104,501,9681900,5595115,21400,25200
PT Club 280,1,b7f1aad0-fc4b-4f19-910c-597d1d18abe7,YouthFocusedBot_280,PT,Europe/Madrid,YouthFocusedBot,3,12,8,14,4,12,54,1,330,4250,5200,4,8,4,2,63,3534264,737,6889500,3497214,21200,25300
AT Club 297,1,a3e98b36-1558-4189-8cac-c033341581de,AggressiveTraderBot_297,AT,Europe/Rome,AggressiveTraderBot,3,13,9,7,9,14,35,1,330,4250,5200,6,9,4,2,90,1621256,477,6882000,5403927,22000,27500
BE Club 289,1,27ee8ac1-d92f-4258-9176-90d41ff8648c,NewManagerBot_289,BE,Europe/Berlin,NewManagerBot,3,13,1,0,27,3,3,1,330,4250,5200,5,8,4,1,55,2713023,8420,6885000,4342853,15000,11400
BE Club 299,1,2770a000-db39-4db3-9e78-83271e65a32a,LadderGrinderBot_299,BE,Europe/Amsterdam,LadderGrinderBot,3,13,11,0,28,2,2,3,590,7750,9600,6,5,4,2,55,7872509,1225,12535200,4833380,21400,25300
CH Club 298,1,069ff971-69d3-40b8-b8bb-0a33994677fb,YouthFocusedBot_298,CH,Europe/Madrid,YouthFocusedBot,3,13,10,9,7,14,41,2,460,6000,7400,3,6,2,1,77,6338751,2034,9695400,3480453,21200,25100
DE Club 291,1,c5b59ffd-40e0-450b-a8ac-0be715c6008c,AggressiveTraderBot_291,DE,Europe/Rome,AggressiveTraderBot,3,13,3,0,27,3,3,4,720,9500,11800,4,5,3,4,61,8473449,1192,15340200,7032713,21800,24800
DE Club 301,1,375336cb-7e7a-4de2-adcf-bfa4ac33d2b7,NewManagerBot_301,DE,Europe/Berlin,NewManagerBot,3,13,13,11,9,10,43,4,720,9500,11800,2,8,4,1,72,12970340,6519,15312300,2500086,15000,13560
ES Club 294,1,9c94cf3a-2337-49bd-a99a-d1aea9e211d3,SocialBot_294,ES,Europe/Warsaw,SocialBot,3,13,6,16,7,7,55,2,460,6000,7400,3,5,4,4,88,5360903,1425,9725100,4499721,21200,24400
ES Club 304,1,9bcf3d0a-e52d-4eb5-ad30-51eea03fd156,YouthFocusedBot_304,ES,Europe/Madrid,YouthFocusedBot,3,13,16,4,12,14,26,2,460,6000,7400,5,6,4,4,80,3789336,595,9725100,6105732,21200,25500
FR Club 292,1,00fbebff-5dfe-43c7-a2e7-f71b21fca139,YouthFocusedBot_292,FR,Europe/Madrid,YouthFocusedBot,3,13,4,27,0,3,84,3,590,7750,9600,6,4,1,2,92,8986363,1823,12510900,3652439,21500,24900
FR Club 302,1,dd04329c-a549-432f-a804-cf2c044e94af,ConservativeBot_302,FR,Europe/Paris,ConservativeBot,3,13,14,9,11,10,37,1,330,4250,5200,2,5,2,1,74,3831428,8291,6891300,3226646,15000,12160
IT Club 293,1,344b676f-5b60-4fe0-a4ed-67f73fa332bf,LadderGrinderBot_293,IT,Europe/Amsterdam,LadderGrinderBot,3,13,5,7,16,7,28,2,460,6000,7400,4,6,1,1,68,6950589,620,9679800,2891112,21000,24400
IT Club 303,1,291681e3-6df4-4397-9f82-ed7058381110,AggressiveTraderBot_303,IT,Europe/Rome,AggressiveTraderBot,3,13,15,12,4,14,50,4,720,9500,11800,5,6,2,4,68,4362103,524,15332100,11114503,21800,25700
NL Club 295,1,49f4eb47-2247-4960-b237-694ca861ddef,NewManagerBot_295,NL,Europe/Berlin,NewManagerBot,3,13,7,13,6,11,50,1,330,4250,5200,6,6,2,3,76,4178241,7815,6885300,2839463,15000,12400
PL Club 296,1,7e794bdb-3053-43a0-bf3e-d660f1bd8908,ConservativeBot_296,PL,Europe/Paris,ConservativeBot,3,13,8,6,13,11,29,4,720,9500,11800,6,6,3,3,81,11550578,8978,15328200,3957370,15000,10200
PT Club 290,1,490425b1-1e4e-44c3-9420-c0d841da5e24,ConservativeBot_290,PT,Europe/Paris,ConservativeBot,3,13,2,27,0,3,84,3,590,7750,9600,2,5,4,1,87,9598499,5935,12530700,3052732,15000,13560
PT Club 300,1,690261c2-40f2-40dd-9cfb-f20b71761820,SocialBot_300,PT,Europe/Warsaw,SocialBot,3,13,12,28,0,2,86,3,590,7750,9600,4,8,3,1,91,7812061,576,12492600,4813832,21300,26000
AT Club 307,1,d322c555-615a-453e-8d84-beb4bcf1c699,NewManagerBot_307,AT,Europe/Berlin,NewManagerBot,3,14,3,7,8,15,36,4,720,9500,11800,6,7,2,1,68,9573793,5502,15303600,5851285,15000,14680
AT Club 317,1,33ee69c4-dedd-4f76-bed6-0685eb40ba90,LadderGrinderBot_317,AT,Europe/Amsterdam,LadderGrinderBot,3,14,13,13,8,9,48,3,590,7750,9600,3,6,2,2,77,9708787,1570,12511500,2949629,21200,25100
BE Club 309,1,5b2ae2dc-d6c4-454c-97b9-d035434c1f47,AggressiveTraderBot_309,BE,Europe/Rome,AggressiveTraderBot,3,14,5,7,16,7,28,3,590,7750,9600,5,6,3,3,65,6619834,369,12516600,6068892,21800,25700
BE Club 319,1,d30a4e2f-10d1-4c27-bc2b-421af3f7f722,NewManagerBot_319,BE,Europe/Berlin,NewManagerBot,3,14,15,8,13,9,33,2,460,6000,7400,4,6,1,2,70,3447194,7305,9691800,6412902,15000,12600
CH Club 308,1,f9837b86-040b-4721-8be8-23cec22e0cb0,ConservativeBot_308,CH,Europe/Paris,ConservativeBot,3,14,4,8,7,15,39,4,720,9500,11800,4,9,3,3,66,12605274,6935,15313200,2872849,15000,13520
CH Club 318,1,29a6a04e-8632-46ac-b9e3-38eb8e473479,SocialBot_318,CH,Europe/Warsaw,SocialBot,3,14,14,8,13,9,33,4,720,9500,11800,3,6,1,3,89,10894499,413,15312000,4571148,21600,25300
DE Club 311,1,ac6d4879-993d-492b-9b95-4ff381a93bd6,LadderGrinderBot_311,DE,Europe/Amsterdam,LadderGrinderBot,3,14,7,12,7,11,47,4,720,9500,11800,3,4,2,2,54,13001759,1000,15330600,2470402,21300,24300
ES Club 314,1,7454b6c0-f657-401b-b5ee-924b9a54ce59,ConservativeBot_314,ES,Europe/Paris,ConservativeBot,3,14,10,10,13,7,37,4,720,9500,11800,4,5,1,1,91,10365234,6092,15310500,5098962,15000,13920
FR Club 312,1,f203e13e-2ee0-4967-9c02-3c10a7431942,SocialBot_312,FR,Europe/Warsaw,SocialBot,3,14,8,7,12,11,32,3,590,7750,9600,3,9,4,1,75,7769430,2051,12500700,4858522,21100,23400
IT Club 313,1,e88f5e31-b99f-40c4-82fa-16246707d3d3,NewManagerBot_313,IT,Europe/Berlin,NewManagerBot,3,14,9,13,10,7,46,3,590,7750,9600,5,6,3,2,95,8613926,7871,12512100,4024123,15000,12200
NL Club 305,1,7f215d67-612d-4222-8c78-13ebe8a96342,LadderGrinderBot_305,NL,Europe/Amsterdam,LadderGrinderBot,3,14,1,18,7,5,59,2,460,6000,7400,5,5,3,2,67,6103671,1957,9708000,3766862,21400,23700
NL Club 315,1,ee7de209-6269-4937-b372-e2fd833ce154,AggressiveTraderBot_315,NL,Europe/Rome,AggressiveTraderBot,3,14,11,7,15,8,29,2,460,6000,7400,4,8,1,3,79,2062070,1297,9673800,7789356,21500,26100
PL Club 306,1,f4cec2d1-d763-4992-8166-dd797e44424b,SocialBot_306,PL,Europe/Warsaw,SocialBot,3,14,2,7,18,5,26,2,460,6000,7400,3,7,4,2,55,2095293,243,9701100,7753972,21400,26200
PL Club 316,1,8eeb98dc-6f80-41a3-af39-8f545a0a526e,YouthFocusedBot_316,PL,Europe/Madrid,YouthFocusedBot,3,14,12,15,7,8,53,2,460,6000,7400,5,7,3,1,81,5725835,1207,9688500,4101657,21100,25400
PT Club 310,1,332122c9-cc07-4a71-876c-fbc890d17151,YouthFocusedBot_310,PT,Europe/Madrid,YouthFocusedBot,3,14,6,16,7,7,55,4,720,9500,11800,3,4,2,1,88,11484839,1651,15326100,4007125,21300,25300
PT Club 320,1,1ac5d488-5346-416f-a41d-8e1a05b22b84,ConservativeBot_320,PT,Europe/Paris,ConservativeBot,3,14,16,13,8,9,48,2,460,6000,7400,5,5,1,4,69,4918741,8579,9708300,4952805,15000,12200
AT Club 327,1,8e872aa5-9eec-43ea-a18d-4063b6323a32,AggressiveTraderBot_327,AT,Europe/Rome,AggressiveTraderBot,3,15,7,3,13,14,23,1,330,4250,5200,5,8,4,3,61,1652960,1464,6886500,5358998,22100,24800
BE Club 329,1,4b3829e0-a5e1-41ca-a625-b30efd5b0e3e,LadderGrinderBot_329,BE,Europe/Amsterdam,LadderGrinderBot,3,15,9,13,7,10,49,4,720,9500,11800,2,7,1,1,46,12182929,1112,15303000,3253548,21200,25400
CH Club 328,1,5b02d8da-ebf1-4159-a005-daa73aacf476,YouthFocusedBot_328,CH,Europe/Madrid,YouthFocusedBot,3,15,8,13,3,14,53,4,720,9500,11800,6,8,3,4,65,11365759,449,15317700,4131880,21300,25200
DE Club 321,1,851c9bc7-0195-44a5-9a9b-e3e368f05b84,AggressiveTraderBot_321,DE,Europe/Rome,AggressiveTraderBot,3,15,1,8,6,16,40,3,590,7750,9600,4,8,1,2,65,4785719,1516,12480900,7844779,22100,25100
DE Club 331,1,98b8c3dc-1977-4005-8ddb-b5800c00e507,NewManagerBot_331,DE,Europe/Berlin,NewManagerBot,3,15,11,14,10,6,48,1,330,4250,5200,2,8,4,3,59,4548495,6049,6894000,2516460,15000,12960
ES Club 324,1,c1b97015-ca8f-4f25-b5e4-5574dfa84115,SocialBot_324,ES,Europe/Warsaw,SocialBot,3,15,4,11,9,10,43,4,720,9500,11800,2,5,3,3,73,9922251,1313,15343200,5548941,21400,25600
ES Club 334,1,edf15092-280a-4ad3-89f4-534a88171560,YouthFocusedBot_334,ES,Europe/Madrid,YouthFocusedBot,3,15,14,26,0,4,82,2,460,6000,7400,4,9,3,2,90,4660189,970,9685500,5160580,21100,25100
FR Club 322,1,052cc5bd-065c-4c5e-9928-504c67b917a7,YouthFocusedBot_322,FR,Europe/Madrid,YouthFocusedBot,3,15,2,6,8,16,34,1,330,4250,5200,3,6,4,3,77,3504162,1104,6901500,3530378,21200,24100
FR Club 332,1,d3816e16-02ff-4009-a9cb-9f97dca7b638,ConservativeBot_332,FR,Europe/Paris,ConservativeBot,3,15,12,10,14,6,36,2,460,6000,7400,6,6,1,4,52,6503605,9577,9700800,3356959,15000,11200
IT Club 323,1,1e8a5f98-830a-460c-8474-32b6bbd4dd8a,LadderGrinderBot_323,IT,Europe/Amsterdam,LadderGrinderBot,3,15,3,9,11,10,37,4,720,9500,11800,4,9,4,4,71,12838344,1289,15325800,2620825,21300,25300
IT Club 333,1,1fe03c85-0588-47ee-a9b0-570745c277b8,AggressiveTraderBot_333,IT,Europe/Rome,AggressiveTraderBot,3,15,13,0,26,4,4,3,590,7750,9600,4,5,4,1,59,7951252,1774,12523200,4735545,21400,24200
NL Club 325,1,39f83c5e-3f5b-4a5d-9b9b-6f1932c60545,NewManagerBot_325,NL,Europe/Berlin,NewManagerBot,3,15,5,5,12,13,28,4,720,9500,11800,4,5,4,2,88,10409572,6096,15339300,5067780,15000,13400
NL Club 335,1,2c4e0906-3186-4fe4-90f9-4524048a405a,LadderGrinderBot_335,NL,Europe/Amsterdam,LadderGrinderBot,3,15,15,12,11,7,43,1,330,4250,5200,5,8,4,3,79,3536744,635,6886500,3504876,21400,25400
PL Club 326,1,2cb83ea0-07c9-4c53-ad9c-b42cb6fd06c3,ConservativeBot_326,PL,Europe/Paris,ConservativeBot,3,15,6,12,5,13,49,3,590,7750,9600,6,9,3,2,74,5555834,6897,12497100,7068202,15000,13880
PL Club 336,1,89a69f46-a0c1-461e-89a2-81d90cf65196,SocialBot_336,PL,Europe/Warsaw,SocialBot,3,15,16,11,12,7,40,4,720,9500,11800,4,8,2,4,68,10843634,638,15317100,4616565,21300,25500
PT Club 330,1,9b7b88dd-c579-4670-9ea2-d0ff05897140,SocialBot_330,PT,Europe/Warsaw,SocialBot,3,15,10,7,13,10,31,3,590,7750,9600,6,8,2,2,64,6839533,551,12489000,5826627,21100,26200
AT Club 7,2,45bee91c-1361-46f9-90d0-004db455ad08,NewManagerBot_7,AT,Europe/Berlin,NewManagerBot,1,1,7,11,8,11,44,3,590,7850,9600,3,7,3,2,69,32911725,8661,20604830,3758202,15000,13540
BE Club 79,2,bd686a80-6045-46e8-9cac-b32c87df4cc5,NewManagerBot_79,BE,Europe/Berlin,NewManagerBot,1,1,5,6,13,11,29,1,330,4250,5300,6,9,2,2,90,9672502,7341,11317900,5674013,15000,13000
BE Club 89,2,bc117a96-6ec4-4599-be57-aca06325b959,LadderGrinderBot_89,BE,Europe/Amsterdam,LadderGrinderBot,1,1,2,9,15,6,33,3,590,7850,9600,4,8,4,1,91,27045744,1234,20600930,6246043,21400,20200
CH Club 8,2,aa62501e-4207-4f68-9a87-2ac523c37d43,ConservativeBot_8,CH,Europe/Paris,ConservativeBot,1,1,16,11,11,8,41,3,590,7750,9600,6,10,4,3,61,34054652,7875,20496330,2844104,15000,13280
DE Club 1,2,8ede3331-3007-49f1-b989-4716dd6a67b7,NewManagerBot_1,DE,Europe/Berlin,NewManagerBot,1,1,12,12,10,8,44,4,720,9500,11900,2,8,3,3,64,36857800,7044,25152280,5475045,15000,13400
DE Club 11,2,7d4fd99a-614c-4ed8-9011-e036130643ad,LadderGrinderBot_11,DE,Europe/Amsterdam,LadderGrinderBot,1,1,6,13,6,11,50,4,720,9600,11800,3,9,4,3,88,42594217,1863,25202450,4627712,21400,20800
DE Club 51,2,6e2df94a-2634-4a4c-8b1e-493f23c9a266,AggressiveTraderBot_51,DE,Europe/Rome,AggressiveTraderBot,1,1,3,14,6,10,52,1,330,4350,5200,5,9,3,5,101,9107305,274,11388380,5716511,22000,21800
ES Club 14,2,0b50e7f4-6b2a-45c4-8be3-2ce590b91b8a,ConservativeBot_14,ES,Europe/Paris,ConservativeBot,1,1,11,10,12,8,38,3,590,7850,9600,5,7,4,3,88,32498810,8692,20610050,5515539,15000,13700
FR Club 32,2,7cce0f84-a095-4434-ae7a-abc6bf628974,ConservativeBot_32,FR,Europe/Paris,ConservativeBot,1,1,4,6,14,10,28,3,590,7750,9600,6,5,1,5,90,26677838,11530,20511150,5209722,15000,12000
IT Club 3,2,933f443f-09a5-407c-bc18-41bbcdb3320d,AggressiveTraderBot_3,IT,Europe/Rome,AggressiveTraderBot,1,1,13,11,8,11,44,3,590,7750,9700,5,6,4,1,68,21880138,364,20566900,11874530,22500,23500
NL Club 15,2,52f6e635-3dc4-434b-bf66-2519d96dd695,AggressiveTraderBot_15,NL,Europe/Rome,AggressiveTraderBot,1,1,15,11,11,8,41,1,330,4250,5300,4,7,2,4,56,6944294,1243,11341630,8443352,22000,20900
NL Club 35,2,4ab5b37d-8740-4cf7-bc6c-a7fff72cce75,LadderGrinderBot_35,NL,Europe/Amsterdam,LadderGrinderBot,1,1,1,15,9,6,51,4,720,9500,11900,6,6,2,1,95,35216208,2016,25150330,5951765,21300,20600
NL Club 5,2,4225f5c0-95d6-4427-b60a-6724e6d2cb42,LadderGrinderBot_5,NL,Europe/Amsterdam,LadderGrinderBot,1,1,14,8,11,11,35,3,590,7750,9700,6,9,3,3,68,28447425,1384,20545150,5326821,21400,21300
PL Club 16,2,907cf4c5-f585-46f1-8f4f-51c5fb16bc41,YouthFocusedBot_16,PL,Europe/Madrid,YouthFocusedBot,1,1,10,10,11,9,39,2,470,6000,7400,6,5,1,4,80,19934594,463,16033340,6578262,21500,21400
PL Club 6,2,abe9916f-da9a-4d5e-9e9b-8935d429c00b,SocialBot_6,PL,Europe/Warsaw,SocialBot,1,1,9,11,10,9,42,4,720,9500,11900,3,7,2,3,80,40461016,946,25151950,3881565,21300,21900
PT Club 10,2,80cae03b-b2a6-461e-b95e-031eadafd17c,YouthFocusedBot_10,PT,Europe/Madrid,YouthFocusedBot,1,1,8,8,11,11,35,3,590,7750,9700,5,5,4,3,72,30446938,83,20583250,6327663,21200,22800
AT Club 17,2,bb554d47-4f0c-43f4-a48f-30bed7917de4,LadderGrinderBot_17,AT,Europe/Amsterdam,LadderGrinderBot,2,1,12,12,9,9,45,2,460,6000,7500,3,8,3,3,69,16076731,532,12502250,3850295,21400,21300
AT Club 97,2,6042a45e-2ae0-404b-8a5d-d41d915d7069,NewManagerBot_97,AT,Europe/Berlin,NewManagerBot,2,1,13,9,11,10,37,2,460,6000,7400,7,10,1,1,89,14984221,6918,12424500,2405357,15000,14460
BE Club 19,2,f3be390f-d65e-43a2-b5a6-cbbfae9224a0,NewManagerBot_19,BE,Europe/Berlin,NewManagerBot,2,1,16,7,12,11,32,3,590,7750,9700,4,7,2,1,86,22633227,6397,16106000,5601542,15000,13120
CH Club 128,2,8d277197-1e1d-4deb-9867-4d2b1f7c3676,ConservativeBot_128,CH,Europe/Paris,ConservativeBot,2,1,2,15,9,6,51,4,720,9500,11900,5,5,4,4,93,25338452,12928,19763630,4567444,15000,11200
CH Club 28,2,03fa215c-1feb-4bff-aed6-0bcde0dbaf69,YouthFocusedBot_28,CH,Europe/Madrid,YouthFocusedBot,2,1,5,6,9,15,33,2,460,6100,7400,2,7,2,1,77,13095956,325,12525630,4195258,21300,21600
DE Club 21,2,d203aa0a-4270-4b10-a65e-5d7c7c0774fc,AggressiveTraderBot_21,DE,Europe/Rome,AggressiveTraderBot,2,1,15,12,7,11,47,2,460,6000,7400,4,8,3,4,65,10719198,832,12461700,8464713,22100,22500
ES Club 24,2,94a93111-b254-4354-b95f-c28afcee94d2,SocialBot_24,ES,Europe/Warsaw,SocialBot,2,1,6,9,6,15,42,3,590,7850,9600,3,6,3,2,63,23876014,1032,16159050,2928137,21400,21400
FR Club 142,2,cfa19b2e-4be4-4eab-b68c-81df44597284,YouthFocusedBot_142,FR,Europe/Madrid,YouthFocusedBot,2,1,3,12,8,10,46,4,720,9500,11800,5,8,1,2,90,26671847,1394,19670400,4583682,21400,21200
FR Club 22,2,db1b90c7-4b81-4e26-b7d1-41cc5de79767,YouthFocusedBot_22,FR,Europe/Madrid,YouthFocusedBot,2,1,10,14,5,11,53,1,330,4250,5200,3,7,3,3,59,6247826,1015,8859000,6744309,21100,22000
IT Club 103,2,378b0f15-9098-42d9-ba40-9a52c3a33612,NewManagerBot_103,IT,Europe/Berlin,NewManagerBot,2,1,11,9,12,9,36,1,330,4250,5200,6,6,4,5,83,5190704,6914,8875950,4081080,15000,13400
IT Club 13,2,39f2a78b-4a9e-4776-ba83-00559ac1760a,NewManagerBot_13,IT,Europe/Berlin,NewManagerBot,2,1,14,11,9,10,43,2,460,6100,7400,3,4,2,2,81,17914719,10863,12552750,4791351,15000,12000
NL Club 135,2,3915e9a9-b86c-4ab8-b5c3-78e2555fb0d9,AggressiveTraderBot_135,NL,Europe/Rome,AggressiveTraderBot,2,1,4,8,12,10,34,4,720,9500,11800,4,6,3,5,93,24536234,1526,19714680,5323217,22100,21100
PL Club 26,2,d2d68a57-8abc-4e1a-be2e-6531519a3bfb,ConservativeBot_26,PL,Europe/Paris,ConservativeBot,2,1,8,2,26,2,8,2,460,6000,7400,5,6,4,2,67,14909305,6781,12483030,3687126,15000,13500
PT Club 120,2,846d15f7-d1c8-4a4e-ac5f-6c2c4375f102,SocialBot_120,PT,Europe/Warsaw,SocialBot,2,1,1,9,15,6,33,1,330,4250,5300,6,6,4,5,89,9302871,997,8921150,2883136,21100,22100
PT Club 20,2,9bd6d0e3-22db-4fa7-a64b-8057caef5fbd,ConservativeBot_20,PT,Europe/Paris,ConservativeBot,2,1,7,26,2,2,80,1,330,4250,5200,4,6,1,3,91,4599371,6749,8850300,5363476,15000,13920
PT Club 30,2,f286f20d-4ab8-46dc-aebb-efc937c99b3f,SocialBot_30,PT,Europe/Warsaw,SocialBot,2,1,9,5,14,11,26,3,590,7750,9700,3,8,3,2,58,22538442,1082,16103600,5161941,21600,21700
AT Club 47,2,a18147b4-d85f-4772-9183-2bc398368a08,LadderGrinderBot_47,AT,Europe/Amsterdam,LadderGrinderBot,2,2,9,7,11,12,33,1,330,4250,5200,5,5,4,2,91,9510495,944,8869830,4247958,21400,21900
BE Club 159,2,cf4a4fb7-02a9-4a50-a414-88af9b27bf2a,AggressiveTraderBot_159,BE,Europe/Rome,AggressiveTraderBot,2,2,6,10,8,12,42,1,330,4250,5200,3,9,3,3,82,4438315,135,8843850,5781880,22200,22600
BE Club 39,2,a3a1617c-d7cd-42bf-b638-57ebc93ba68b,AggressiveTraderBot_39,BE,Europe/Rome,AggressiveTraderBot,2,2,15,6,9,15,33,3,590,7750,9700,6,7,4,1,57,18863079,15,16121930,6936829,22000,22400
CH Club 168,2,509f7a8f-e9c2-4356-8664-284edd09d62b,SocialBot_168,CH,Europe/Warsaw,SocialBot,2,2,3,25,0,5,80,2,460,6000,7500,6,9,4,5,92,11349604,336,12511580,5085418,21300,21800
CH Club 188,2,978d7089-6af5-4640-882b-abffbe7cd0f6,ConservativeBot_188,CH,Europe/Paris,ConservativeBot,2,2,2,8,9,13,37,2,460,6100,7400,6,10,2,1,99,14907301,9504,12510630,3780149,15000,11200
CH Club 38,2,e2316c34-1225-495b-ba72-38fdc02f33d3,ConservativeBot_38,CH,Europe/Paris,ConservativeBot,2,2,8,8,13,9,33,4,720,9500,11900,5,6,5,2,88,30664059,3673,19747580,4134684,15000,16500
ES Club 154,2,cf29cbb5-e3ad-472b-84be-45f7a1720114,YouthFocusedBot_154,ES,Europe/Madrid,YouthFocusedBot,2,2,4,0,25,5,5,2,460,6000,7400,4,8,5,2,63,13037627,1027,12476130,6221871,21600,20900
ES Club 44,2,a8befc6a-5bb4-4c7a-bed3-ce9439c1565c,ConservativeBot_44,ES,Europe/Paris,ConservativeBot,2,2,13,14,8,8,50,1,330,4250,5300,4,6,2,2,78,7101249,10324,8891450,5368546,15000,10800
FR Club 2,2,276617e1-36df-4b2c-bd99-f83818f5443b,ConservativeBot_2,FR,Europe/Paris,ConservativeBot,2,2,16,9,6,15,42,3,590,7750,9600,2,5,3,3,68,27256131,8665,16092750,5946019,15000,13560
FR Club 42,2,5d75f75c-9d0f-4e12-ad1a-aa70e27c2dc6,SocialBot_42,FR,Europe/Warsaw,SocialBot,2,2,5,8,10,12,36,1,330,4350,5200,2,8,4,4,93,10956859,1745,8934900,2446560,21100,21300
IT Club 163,2,c3009e63-0904-4b42-a51b-b2b11ebf0462,NewManagerBot_163,IT,Europe/Berlin,NewManagerBot,2,2,7,13,8,9,48,2,460,6000,7500,3,5,3,5,93,11346164,5289,12526250,4705253,15000,15540
IT Club 33,2,7bd17a9a-d8d4-45f4-9856-031cf161fffd,AggressiveTraderBot_33,IT,Europe/Rome,AggressiveTraderBot,2,2,11,14,9,7,49,3,590,7850,9600,3,8,2,5,56,16738406,623,16156680,6210863,22000,21900
IT Club 43,2,cc5e0c17-f5a5-4328-9ab1-09684da9f2df,NewManagerBot_43,IT,Europe/Berlin,NewManagerBot,2,2,14,8,14,8,32,4,720,9500,11900,7,8,3,1,66,31244407,7316,19712300,3605751,15000,12800
NL Club 185,2,40eb3c30-42f2-4d23-b94b-92f563fab8ae,LadderGrinderBot_185,NL,Europe/Amsterdam,LadderGrinderBot,2,2,1,9,8,13,40,3,590,7850,9600,4,10,2,2,99,20443742,1424,16128180,3349145,21200,20900
PL Club 46,2,f0cf7f34-1d99-4610-930a-7161c6511689,YouthFocusedBot_46,PL,Europe/Madrid,YouthFocusedBot,2,2,10,11,7,12,45,1,330,4250,5200,2,6,4,3,91,7153571,1093,8866830,4427349,21100,21400
PT Club 40,2,24fb6e23-dfea-42b0-b0aa-aadac5fdad3d,YouthFocusedBot_40,PT,Europe/Madrid,YouthFocusedBot,2,2,12,9,14,7,34,4,720,9500,11900,4,10,4,4,63,27866132,664,19725980,4922698,21600,21000
AT Club 237,2,861ad621-57b3-40ed-ab12-c9e478ad9132,AggressiveTraderBot_237,AT,Europe/Rome,AggressiveTraderBot,2,3,1,11,9,10,43,1,330,4250,5300,3,6,4,3,91,704193,583,8912150,8738707,22200,22500
BE Club 209,2,6f4e6e5f-4b95-4e89-b2e4-4f7c0bd89aa9,LadderGrinderBot_209,BE,Europe/Amsterdam,LadderGrinderBot,2,3,4,0,29,1,1,4,720,9600,11800,5,6,2,2,63,25744245,1762,19764300,5484231,21400,19700
BE Club 49,2,ef0deafb-34ad-4cdf-a1ee-f6729a1af026,NewManagerBot_49,BE,Europe/Berlin,NewManagerBot,2,3,10,11,7,12,45,3,590,7750,9700,6,9,3,3,76,22761155,9932,16100450,3419275,15000,11400
BE Club 59,2,1a53b06d-fe24-4372-806f-39d5a03110f4,LadderGrinderBot_59,BE,Europe/Amsterdam,LadderGrinderBot,2,3,9,7,11,12,33,3,590,7750,9700,3,8,4,3,92,24806014,1355,16116200,3957708,21300,21100
CH Club 58,2,3ccee11b-4f59-420c-aa82-6e99e0eb768f,YouthFocusedBot_58,CH,Europe/Madrid,YouthFocusedBot,2,3,7,8,16,6,30,4,720,9500,11900,5,6,1,5,87,31619677,276,19736450,3931117,21500,22700
ES Club 224,2,85ba8c61-df12-4ab2-a54d-878c4b319c5c,ConservativeBot_224,ES,Europe/Paris,ConservativeBot,2,3,5,11,4,15,48,3,590,7750,9600,5,7,4,3,66,18068104,8353,16086000,3895851,15000,12000
ES Club 54,2,b107ded3-baa6-4335-bda3-fa8e719a3b95,SocialBot_54,ES,Europe/Warsaw,SocialBot,2,3,14,10,12,8,38,4,720,9500,11900,2,8,5,2,80,27140729,492,19732730,8051836,21300,21700
FR Club 12,2,6b258a80-a54c-42ac-8d59-b406ddca0ffd,SocialBot_12,FR,Europe/Warsaw,SocialBot,2,3,16,9,13,8,35,4,720,9500,11900,5,9,4,2,71,33600062,477,19724750,6097694,21800,21800
FR Club 62,2,949b6eb4-022a-44d0-b379-3e0573492d1f,ConservativeBot_62,FR,Europe/Paris,ConservativeBot,2,3,12,12,5,13,49,3,590,7850,9600,6,7,2,4,90,20917910,6640,16160100,8090563,15000,14880
IT Club 193,2,647ef435-813c-4a9e-af57-c1f72ea86a0b,NewManagerBot_193,IT,Europe/Berlin,NewManagerBot,2,3,2,9,11,10,37,2,460,6000,7500,6,9,2,4,94,12059903,10866,12483800,5577525,15000,10400
IT Club 53,2,2c1e5c2e-54c7-444c-bdc5-952aa0640fb9,LadderGrinderBot_53,IT,Europe/Amsterdam,LadderGrinderBot,2,3,13,12,10,8,44,4,720,9500,11900,5,7,3,4,91,26639124,1412,19740530,5675309,21200,21100
IT Club 63,2,b558c959-a47b-400d-b8d9-03d7f7faf61b,AggressiveTraderBot_63,IT,Europe/Rome,AggressiveTraderBot,2,3,8,16,8,6,54,2,460,6000,7500,6,7,4,4,62,12158611,924,12522500,7727813,22200,22100
NL Club 55,2,b6abc6ab-c7c7-44bd-8501-2ed6f638b094,NewManagerBot_55,NL,Europe/Berlin,NewManagerBot,2,3,15,13,9,8,47,3,590,7850,9600,4,5,1,2,87,24019505,10903,16150500,4861922,15000,11200
PL Club 196,2,80475701-453e-4e3c-b20c-864b2266fb17,YouthFocusedBot_196,PL,Europe/Madrid,YouthFocusedBot,2,3,3,29,0,1,88,4,720,9500,11800,6,9,3,4,95,26889983,681,19687830,3949103,21500,22200
PL Club 56,2,866c2106-91b3-44fc-9e0b-2769beee0185,ConservativeBot_56,PL,Europe/Paris,ConservativeBot,2,3,11,5,12,13,28,4,720,9500,11800,7,8,1,3,98,29616755,7319,19674900,4722876,15000,14060
PT Club 230,2,d59eb841-ef43-4000-9fab-f342d6642863,ConservativeBot_230,PT,Europe/Paris,ConservativeBot,2,3,6,4,11,15,27,3,590,7750,9700,3,5,5,5,74,18151058,9611,16155380,6786885,15000,11600
AT Club 67,2,c4d7d0ae-a6e1-4f60-bff6-6abc2f3dbcbf,NewManagerBot_67,AT,Europe/Berlin,NewManagerBot,2,4,10,10,13,7,37,1,330,4250,5300,4,6,2,1,58,8265687,7858,8887100,4456048,15000,13120
AT Club 77,2,df464cc7-4b0a-48e9-a075-046aeb097d89,LadderGrinderBot_77,AT,Europe/Amsterdam,LadderGrinderBot,2,4,11,12,13,5,41,4,720,9500,11800,5,7,1,2,98,30332406,701,19677750,4552214,21400,21100
BE Club 269,2,866130f8-e8cc-4d23-8af7-a4fccbf909e9,LadderGrinderBot_269,BE,Europe/Amsterdam,LadderGrinderBot,2,4,5,27,0,3,84,2,460,6000,7400,2,5,2,4,92,14023371,1393,12475950,3687731,21300,21200
CH Club 68,2,31e1b802-7ad6-4021-a231-544009279d63,ConservativeBot_68,CH,Europe/Paris,ConservativeBot,2,4,14,9,10,11,38,2,460,6000,7400,6,6,2,4,69,10788830,11757,12476100,7354643,15000,11400
DE Club 271,2,d49b5510-0f8c-417f-a17b-23a0977df1c1,NewManagerBot_271,DE,Europe/Berlin,NewManagerBot,2,4,3,11,12,7,40,4,720,9600,11800,5,8,5,3,93,22589667,10240,19785330,6008075,15000,10400
DE Club 71,2,0fa76938-c336-4cb8-b461-cc4b6ec9e9ec,LadderGrinderBot_71,DE,Europe/Amsterdam,LadderGrinderBot,2,4,7,14,9,7,49,3,590,7850,9600,6,7,2,2,98,21402394,1026,16150950,7148199,21400,21700
ES Club 244,2,da1e16b5-4efb-4950-a245-d03ca3b26550,YouthFocusedBot_244,ES,Europe/Madrid,YouthFocusedBot,2,4,4,12,11,7,43,4,720,9600,11800,6,6,3,5,99,24063364,1346,19793250,5038111,21100,21300
ES Club 4,2,897776e2-33be-4987-b08e-ed5596c99690,YouthFocusedBot_4,ES,Europe/Madrid,YouthFocusedBot,2,4,16,25,0,5,80,4,720,9600,11800,2,8,3,4,80,34168684,1262,19766400,6080352,21400,21300
ES Club 74,2,4037aed6-835a-42ac-a493-70332e7c1626,ConservativeBot_74,ES,Europe/Paris,ConservativeBot,2,4,13,10,9,11,41,4,720,9500,11800,5,5,4,2,81,31452975,11040,19709430,2959223,15000,11200
FR Club 252,2,3905724b-1633-40a3-befa-4ca737602534,SocialBot_252,FR,Europe/Warsaw,SocialBot,2,4,1,7,11,12,33,4,720,9600,11800,3,5,3,4,98,26102246,445,19796400,4846770,21200,21100
IT Club 273,2,55cd1f96-7da4-42a8-bdc2-65eec0caa8f8,AggressiveTraderBot_273,IT,Europe/Rome,AggressiveTraderBot,2,4,2,11,7,12,45,2,460,6000,7500,2,7,4,5,95,4978528,1388,12526850,9513978,21900,21900
NL Club 65,2,32df8fa3-7279-4406-823c-e836120bec2b,LadderGrinderBot_65,NL,Europe/Amsterdam,LadderGrinderBot,2,4,15,0,25,5,5,2,470,6000,7400,3,9,2,4,52,19105748,1998,12545300,4063561,21500,20900
NL Club 75,2,b6d49245-a27a-4bf8-b1d3-73ff413977f8,AggressiveTraderBot_75,NL,Europe/Rome,AggressiveTraderBot,2,4,12,13,12,5,44,2,460,6000,7400,5,6,4,2,83,11570924,2099,12475380,6601981,21800,21400
PL Club 276,2,28e388ea-8d2e-4ca5-ba30-2fd7e17f0c3b,SocialBot_276,PL,Europe/Warsaw,SocialBot,2,4,6,0,27,3,3,3,590,7750,9700,3,5,1,5,64,19107656,917,16123250,3718794,21200,21300
PL Club 66,2,ddac0928-9dc7-4c1c-907a-69aeecc04adc,SocialBot_66,PL,Europe/Warsaw,SocialBot,2,4,9,13,10,7,46,1,330,4250,5200,6,7,4,4,64,7954544,331,8871450,5941310,21200,21200
PT Club 70,2,3d50ec80-ab41-4029-96c6-f611127f7735,YouthFocusedBot_70,PT,Europe/Madrid,YouthFocusedBot,2,4,8,9,14,7,34,4,720,9600,11800,4,10,1,4,90,31743433,2032,19742550,3978776,21200,20600
AT Club 87,2,f91d7011-73d9-47b4-a76d-18f10e8a8f34,AggressiveTraderBot_87,AT,Europe/Rome,AggressiveTraderBot,2,5,14,12,5,13,49,4,730,9500,11800,2,6,2,2,67,25221995,1213,19792820,7530193,22100,21600
BE Club 9,2,ef42753c-80d6-4691-9d81-3256e965edcd,AggressiveTraderBot_9,BE,Europe/Rome,AggressiveTraderBot,2,5,16,9,14,7,34,2,460,6000,7500,4,6,4,5,83,14347758,1013,12534350,7737552,21900,22000
CH Club 328,2,5b02d8da-ebf1-4159-a005-daa73aacf476,YouthFocusedBot_328,CH,Europe/Madrid,YouthFocusedBot,2,5,8,5,17,8,23,4,720,9600,11800,6,8,4,5,71,28436975,549,19778580,2707364,21200,21100
CH Club 88,2,a93d43eb-2733-4268-903b-82b2b0649667,YouthFocusedBot_88,CH,Europe/Madrid,YouthFocusedBot,2,5,10,10,11,9,39,2,460,6000,7500,2,6,4,4,69,16811350,838,12529850,5450109,21700,21000
DE Club 91,2,665bb8e5-c759-4a1a-aac2-4d4844ef5b2c,NewManagerBot_91,DE,Europe/Berlin,NewManagerBot,2,5,7,17,5,8,59,2,470,6000,7400,3,5,2,4,95,16781355,6660,12582800,2439468,15000,14740
ES Club 334,2,edf15092-280a-4ad3-89f4-534a88171560,YouthFocusedBot_334,ES,Europe/Madrid,YouthFocusedBot,2,5,4,12,8,10,46,2,460,6100,7400,4,10,3,3,96,11861818,1670,12527850,5326221,21500,20800
ES Club 94,2,d2db60e9-2b6b-43b0-a70c-64fdfe3eb0ba,YouthFocusedBot_94,ES,Europe/Madrid,YouthFocusedBot,2,5,15,14,9,7,49,4,720,9500,11800,3,8,4,3,75,29494606,508,19691280,4989941,21300,20800
FR Club 292,2,00fbebff-5dfe-43c7-a2e7-f71b21fca139,YouthFocusedBot_292,FR,Europe/Madrid,YouthFocusedBot,2,5,3,8,12,10,34,3,590,7750,9600,6,5,2,2,98,17643279,1723,16087530,7430614,21500,21600
FR Club 82,2,4409d607-6bac-442e-8606-52fbef3fa238,YouthFocusedBot_82,FR,Europe/Madrid,YouthFocusedBot,2,5,2,9,8,13,40,3,590,7850,9600,6,8,1,3,101,21721164,244,16140000,2615677,21400,22600
IT Club 83,2,cdb01e03-ff03-4f33-bd2d-b59a7b0f591c,LadderGrinderBot_83,IT,Europe/Amsterdam,LadderGrinderBot,2,5,12,9,7,14,41,3,590,7750,9700,3,7,2,3,89,21691879,1346,16114730,5610200,21300,20400
IT Club 93,2,f90e3d66-29f5-4256-9311-f84428390692,AggressiveTraderBot_93,IT,Europe/Rome,AggressiveTraderBot,2,5,13,5,12,13,28,3,590,7750,9700,3,8,1,2,84,20517104,1098,16087400,4979289,21700,21200
NL Club 305,2,7f215d67-612d-4222-8c78-13ebe8a96342,LadderGrinderBot_305,NL,Europe/Amsterdam,LadderGrinderBot,2,5,5,6,14,10,28,2,460,6000,7500,5,5,3,2,73,14387860,257,12512900,4228711,21500,23200
NL Club 85,2,2daeb87a-10f8-4b65-8fe7-6de0ec2de769,NewManagerBot_85,NL,Europe/Berlin,NewManagerBot,2,5,11,7,9,14,35,3,590,7750,9700,4,6,3,4,83,19184454,7332,16135100,8108210,15000,16920
PL Club 96,2,912e4ee5-dd9b-4150-9688-56296d360c70,SocialBot_96,PL,Europe/Warsaw,SocialBot,2,5,9,11,10,9,42,2,460,6000,7500,6,6,4,2,56,18079307,1466,12520730,3307531,21500,21300
PT Club 300,2,690261c2-40f2-40dd-9cfb-f20b71761820,SocialBot_300,PT,Europe/Warsaw,SocialBot,2,5,1,8,9,13,37,3,590,7750,9700,4,8,4,2,97,19291456,676,16111280,4631885,21200,21100
PT Club 310,2,332122c9-cc07-4a71-876c-fbc890d17151,YouthFocusedBot_310,PT,Europe/Madrid,YouthFocusedBot,2,5,6,14,6,10,52,4,720,9600,11800,3,4,2,2,91,24093092,51,19779150,7170897,21400,23000
AT Club 107,2,c829abd4-dc16-4e64-a3b7-820a0be3b755,LadderGrinderBot_107,AT,Europe/Amsterdam,LadderGrinderBot,3,1,8,12,5,13,49,1,330,4350,5200,4,9,2,5,88,6359505,2063,6940050,3148693,21200,20500
BE Club 109,2,6e20850e-76cc-450c-8384-7c3e2a05e758,NewManagerBot_109,BE,Europe/Berlin,NewManagerBot,3,1,5,6,12,12,30,2,460,6100,7400,6,9,3,4,93,9689873,8957,9755130,5822374,15000,11800
BE Club 29,2,65624b69-e859-4346-84ff-a00e772556ab,LadderGrinderBot_29,BE,Europe/Amsterdam,LadderGrinderBot,3,1,14,12,12,6,42,3,590,7750,9600,5,5,4,1,83,21573751,615,12522930,3378323,21700,21500
BE Club 99,2,9f651b5b-f5ee-4a61-910c-2c3f76315bdc,AggressiveTraderBot_99,BE,Europe/Rome,AggressiveTraderBot,3,1,1,6,8,16,34,2,460,6000,7400,4,8,3,2,70,6682562,421,9685500,6302296,21800,21900
CH Club 108,2,d237fcb6-3d82-4b30-a4c8-08f31ef9c699,SocialBot_108,CH,Europe/Warsaw,SocialBot,3,1,3,15,6,9,54,2,460,6000,7500,3,5,3,2,93,12501744,152,9736730,3397468,21300,21200
CH Club 98,2,d703b9db-472b-48c3-bab7-71f4cf30b7af,ConservativeBot_98,CH,Europe/Paris,ConservativeBot,3,1,15,9,13,8,35,1,330,4250,5300,4,9,4,2,75,4219460,12158,6910580,6600992,15000,12200
DE Club 101,2,dedf002f-adcf-4ca0-a593-21c4cff22fe7,LadderGrinderBot_101,DE,Europe/Amsterdam,LadderGrinderBot,3,1,12,15,3,12,57,4,720,9600,11800,4,10,1,2,65,22638835,1632,15345900,4001822,21100,19900
DE Club 111,2,ad2b509b-3919-4c92-8b6a-759e44ea3a0c,AggressiveTraderBot_111,DE,Europe/Rome,AggressiveTraderBot,3,1,11,3,15,12,21,2,460,6000,7400,2,4,2,1,72,8815037,481,9702630,4609894,21900,22600
DE Club 61,2,ea6cc8de-9250-42a9-9eb7-6cb2cb53b8ba,NewManagerBot_61,DE,Europe/Berlin,NewManagerBot,3,1,16,13,9,8,47,2,460,6000,7400,5,6,5,1,79,13446793,11489,9719430,4349142,15000,10600
ES Club 104,2,3398d426-6ecf-4aec-bfa4-ee7ff5bccc05,ConservativeBot_104,ES,Europe/Paris,ConservativeBot,3,1,13,12,12,6,42,1,330,4250,5300,4,6,5,3,100,5391870,9761,6938330,4018071,15000,12520
FR Club 102,2,2e5975bb-68ec-41f0-846e-ee73974f083c,SocialBot_102,FR,Europe/Warsaw,SocialBot,3,1,2,8,6,16,40,4,720,9500,11800,3,8,5,1,69,19364415,1366,15327630,5911672,21900,22600
FR Club 112,2,16dae8f3-3cf5-4914-b2e1-c0d7628a9aa8,YouthFocusedBot_112,FR,Europe/Madrid,YouthFocusedBot,3,1,10,8,9,13,37,4,720,9600,11800,2,5,2,3,88,20985968,1421,15388500,4631172,21400,21300
NL Club 105,2,34c795cf-10d4-47e7-b354-3f281e6be23b,AggressiveTraderBot_105,NL,Europe/Rome,AggressiveTraderBot,3,1,4,6,15,9,27,4,720,9500,11900,5,9,1,2,89,13064064,719,15321350,8337712,22100,21700
PL Club 106,2,23570721-3740-4452-bd07-bda65e7d98d3,YouthFocusedBot_106,PL,Europe/Madrid,YouthFocusedBot,3,1,9,9,8,13,40,3,590,7850,9600,2,8,3,2,67,13499009,2083,12565080,4622172,21600,20900
PT Club 100,2,4a69f238-064e-4c61-91fd-faaa29235f02,YouthFocusedBot_100,PT,Europe/Madrid,YouthFocusedBot,3,1,7,5,12,13,28,3,590,7750,9600,4,8,1,1,92,15009413,1823,12476400,4989968,21300,20600
PT Club 110,2,2e607eb2-9abe-4f29-9645-c139d03b5e10,ConservativeBot_110,PT,Europe/Paris,ConservativeBot,3,1,6,12,6,12,48,4,720,9500,11900,5,9,3,2,71,22285691,10610,15337700,3764506,15000,13700
AT Club 117,2,058dda43-ed2a-4a0a-8ad8-8dc82e76f75a,AggressiveTraderBot_117,AT,Europe/Rome,AggressiveTraderBot,3,2,12,8,13,9,33,1,330,4250,5200,4,7,2,4,59,1263937,1510,6882030,6750502,21500,20600
AT Club 127,2,6ac3d1cf-0ab1-459d-b690-ffdbd1c309dc,NewManagerBot_127,AT,Europe/Berlin,NewManagerBot,3,2,15,9,9,12,39,3,600,7750,9600,3,6,3,1,56,18106341,7754,12593110,4124979,15000,13740
BE Club 119,2,6bad2dd4-72a2-48a7-8ae0-3775f0347868,LadderGrinderBot_119,BE,Europe/Amsterdam,LadderGrinderBot,3,2,16,9,9,12,39,3,590,7750,9700,3,6,4,3,53,13094679,356,12553280,4830212,21300,21300
CH Club 118,2,9b334a99-bb86-445b-8449-dd7006214729,YouthFocusedBot_118,CH,Europe/Madrid,YouthFocusedBot,3,2,1,11,9,10,43,3,590,7750,9700,3,4,3,4,62,18099256,1289,12564830,3178768,21300,20300
DE Club 121,2,6cf03c35-5944-4d2d-9ddd-ea9e60bf5736,NewManagerBot_121,DE,Europe/Berlin,NewManagerBot,3,2,2,9,11,10,37,3,600,7750,9600,4,9,4,2,58,16626793,4512,12582940,4428376,15000,15920
ES Club 114,2,edd45f0a-d532-4cdb-b9e8-21d8d5885f99,SocialBot_114,ES,Europe/Warsaw,SocialBot,3,2,4,13,7,10,49,2,460,6100,7400,5,9,1,3,84,9932934,1572,9734700,4492631,21600,20600
ES Club 124,2,63bd8cf2-7494-4ef3-b855-2e58a81d73cc,YouthFocusedBot_124,ES,Europe/Madrid,YouthFocusedBot,3,2,8,13,7,10,49,3,590,7750,9700,4,6,3,4,69,17979087,1498,12557450,2574778,21700,21000
FR Club 122,2,9be1207f-5f76-4c8a-a455-64a00a71fef0,ConservativeBot_122,FR,Europe/Paris,ConservativeBot,3,2,7,7,13,10,31,2,460,6000,7500,4,8,1,4,78,12320429,10866,9707300,4206672,15000,13720
IT Club 113,2,aae09317-765d-4f1a-aad0-c1031e8c5629,LadderGrinderBot_113,IT,Europe/Amsterdam,LadderGrinderBot,3,2,13,13,9,8,47,1,340,4250,5200,5,7,4,2,83,3245080,617,6967510,5162961,21600,22400
IT Club 123,2,d5fb7d1c-1dc3-4fe6-9f94-d3d0411a55b3,AggressiveTraderBot_123,IT,Europe/Rome,AggressiveTraderBot,3,2,9,10,13,7,37,1,330,4350,5200,3,7,5,2,60,1599727,281,6958230,5468793,21600,23300
NL Club 115,2,60f771af-be6f-4cb3-aa1a-e7f7a91db9b7,NewManagerBot_115,NL,Europe/Berlin,NewManagerBot,3,2,6,9,7,14,41,2,460,6100,7400,4,7,3,2,95,6918367,6731,9753900,6263483,15000,14720
NL Club 125,2,93d2889c-9e67-49e0-a941-2b07f0b263ef,LadderGrinderBot_125,NL,Europe/Amsterdam,LadderGrinderBot,3,2,3,7,13,10,31,1,330,4250,5200,3,5,4,3,77,2815849,972,6908850,5973580,21200,21500
NL Club 25,2,5bd775b5-7e02-41b6-9909-936d9046ee1a,NewManagerBot_25,NL,Europe/Berlin,NewManagerBot,3,2,11,13,8,9,48,4,720,9500,11800,6,5,4,1,68,28230878,9724,15334800,4097479,15000,11400
PL Club 116,2,733b056c-6048-4926-8ea0-9b9be79576b3,ConservativeBot_116,PL,Europe/Paris,ConservativeBot,3,2,5,7,9,14,35,1,330,4250,5200,6,6,4,2,96,5067101,10898,6904080,4978956,15000,12000
PL Club 126,2,4477829a-d356-41f2-a109-2e1f8e7d39df,SocialBot_126,PL,Europe/Warsaw,SocialBot,3,2,10,13,10,7,46,1,330,4350,5200,6,8,4,5,69,3917774,1133,6956250,3534887,21500,20600
PT Club 50,2,6516e4e3-94c2-4113-ae6e-371d44d6a19a,ConservativeBot_50,PT,Europe/Paris,ConservativeBot,3,2,14,9,13,8,35,1,330,4250,5300,2,5,4,2,57,5943964,13057,6933350,4135082,15000,10400
AT Club 137,2,32759de9-0961-430a-88e1-45fa1c05e423,LadderGrinderBot_137,AT,Europe/Amsterdam,LadderGrinderBot,3,3,7,11,7,12,45,4,720,9500,11900,3,9,3,4,87,21217962,1628,15346280,4287140,21400,20300
BE Club 129,2,414af5c9-b27d-4532-92f1-c1d9a51d18c0,AggressiveTraderBot_129,BE,Europe/Rome,AggressiveTraderBot,3,3,3,7,10,13,34,2,460,6000,7500,5,6,3,3,99,7991831,1979,9741500,6827774,21200,20400
BE Club 139,2,a71518ae-6bd8-4c32-96c3-112f006e8cc6,NewManagerBot_139,BE,Europe/Berlin,NewManagerBot,3,3,8,7,11,12,33,1,330,4250,5300,4,8,2,4,80,4915537,9799,6903380,3636232,15000,10600
CH Club 138,2,6c4121ed-9dad-4bf6-99f1-85fd6125f319,SocialBot_138,CH,Europe/Warsaw,SocialBot,3,3,4,10,7,13,43,3,590,7850,9600,4,9,1,1,81,15949223,445,12537300,4322777,21200,21300
CH Club 18,2,78687f93-28ab-4b2f-a3ff-ababe8e50ce3,SocialBot_18,CH,Europe/Warsaw,SocialBot,3,3,11,8,14,8,32,1,330,4250,5200,3,5,3,2,57,2955204,1444,6903750,5866905,21500,22000
DE Club 131,2,4df51e17-610f-4418-ad6a-6755b64e29da,LadderGrinderBot_131,DE,Europe/Amsterdam,LadderGrinderBot,3,3,1,9,9,12,39,2,460,6000,7400,5,7,4,3,92,9351375,598,9712830,5854633,21100,21100
DE Club 141,2,a1f6a63a-5e1c-4ef2-b218-23ec62fc1078,AggressiveTraderBot_141,DE,Europe/Rome,AggressiveTraderBot,3,3,16,12,7,11,47,2,460,6100,7400,5,9,5,5,62,5388258,529,9775680,7555695,21900,22300
ES Club 134,2,5a34cfc7-c47a-4f00-b368-ecc363c88c5d,ConservativeBot_134,ES,Europe/Paris,ConservativeBot,3,3,6,8,11,11,35,3,590,7850,9600,6,6,2,2,74,17003717,11983,12564900,5422131,15000,11600
ES Club 144,2,f4ee7c8e-fcd1-42cb-b236-76f03d0259a0,SocialBot_144,ES,Europe/Warsaw,SocialBot,3,3,10,10,10,10,40,4,720,9600,11800,4,8,1,1,81,23667274,202,15348900,3517656,21300,22300
FR Club 132,2,0e92bb38-96b5-4869-9ac2-d5dae1f5e36c,SocialBot_132,FR,Europe/Warsaw,SocialBot,3,3,14,10,10,10,40,4,720,9600,11800,3,9,1,2,55,20240726,1187,15353400,6491752,21200,21000
FR Club 52,2,17179f0b-943f-4368-9dfd-13c777afb6ca,YouthFocusedBot_52,FR,Europe/Madrid,YouthFocusedBot,3,3,15,7,12,11,32,4,720,9600,11800,6,10,2,3,66,25861385,427,15358350,4570737,21200,21100
IT Club 133,2,6bfd34e6-7223-4624-892a-96f753d5ec1b,NewManagerBot_133,IT,Europe/Berlin,NewManagerBot,3,3,9,10,10,10,40,4,720,9500,11800,7,10,2,3,69,22189400,6067,15297600,3874124,15000,14860
IT Club 143,2,40b160c3-3724-40aa-a180-cddfac81385e,LadderGrinderBot_143,IT,Europe/Amsterdam,LadderGrinderBot,3,3,5,11,8,11,44,1,330,4250,5200,4,7,4,4,87,5885462,127,6898230,4287814,21600,22800
PL Club 136,2,cb71ef22-c744-4af0-812c-575f81713f6e,YouthFocusedBot_136,PL,Europe/Madrid,YouthFocusedBot,3,3,13,10,10,10,40,2,460,6100,7400,6,7,5,5,60,8847280,1078,9783180,4186495,21100,21200
PT Club 130,2,23cb37cb-3c40-4520-a16c-55a8ad84b71a,YouthFocusedBot_130,PT,Europe/Madrid,YouthFocusedBot,3,3,12,14,8,8,50,2,460,6000,7500,5,7,2,4,82,9868251,359,9722630,4116979,21900,22400
PT Club 140,2,99541c4c-0b0c-46c4-8034-3a2aa9ec8905,ConservativeBot_140,PT,Europe/Paris,ConservativeBot,3,3,2,9,9,12,39,2,460,6000,7500,4,5,2,3,97,8412684,8136,9733250,4593885,15000,13920
AT Club 147,2,589a6b40-2f68-472e-a18c-f1c4ba0cb8f3,AggressiveTraderBot_147,AT,Europe/Rome,AggressiveTraderBot,3,4,15,23,0,7,76,4,720,9600,11800,6,7,2,5,90,16997393,551,15382080,7080721,21700,22200
AT Club 157,2,9fa43d7f-8a47-439e-aba6-db987f7248e7,NewManagerBot_157,AT,Europe/Berlin,NewManagerBot,3,4,3,10,11,9,39,3,590,7850,9600,5,4,4,4,70,15243685,12002,12604680,4958745,15000,11800
BE Club 149,2,9d05907b-9e24-453e-8dda-ced0a3d27781,LadderGrinderBot_149,BE,Europe/Amsterdam,LadderGrinderBot,3,4,1,9,11,10,37,3,590,7750,9600,3,8,2,2,65,17040344,560,12496500,4015921,21200,21300
CH Club 148,2,2ab46469-b77e-43f9-b298-f3470435bca3,YouthFocusedBot_148,CH,Europe/Madrid,YouthFocusedBot,3,4,4,11,10,9,42,4,720,9500,11800,5,10,4,2,94,18716387,931,15308880,7149023,21300,21100
CH Club 158,2,1e5a943c-b8ee-43b3-bf17-7bcfb6b57fc8,ConservativeBot_158,CH,Europe/Paris,ConservativeBot,3,4,10,27,0,3,84,2,470,6000,7400,4,4,3,2,89,7225984,9371,9793090,6934045,15000,11600
CH Club 78,2,93efb9ec-9131-4e3b-9e21-f2133c4850d0,SocialBot_78,CH,Europe/Warsaw,SocialBot,3,4,7,9,11,10,37,1,330,4250,5200,5,8,4,4,93,6720600,1503,6898350,4348190,21300,20600
DE Club 151,2,7b179028-3132-4bfd-b990-1b6739d62f74,NewManagerBot_151,DE,Europe/Berlin,NewManagerBot,3,4,6,9,9,12,39,4,720,9500,11800,3,6,4,4,64,21620289,10611,15348300,3988937,15000,11000
FR Club 152,2,1c3c4ebc-f675-42e9-820f-b61c2c813267,ConservativeBot_152,FR,Europe/Paris,ConservativeBot,3,4,9,0,27,3,3,1,330,4350,5200,2,8,5,2,56,4532152,10860,6950730,4970218,15000,11600
IT Club 153,2,e44a908f-7b29-4afe-813b-4d580af22ddd,AggressiveTraderBot_153,IT,Europe/Rome,AggressiveTraderBot,3,4,11,10,12,8,38,4,720,9500,11800,4,7,4,4,87,19436305,462,15333300,5766117,21900,22400
IT Club 23,2,f7341735-a752-4b53-8893-f0c1e38e8935,LadderGrinderBot_23,IT,Europe/Amsterdam,LadderGrinderBot,3,4,16,0,23,7,7,4,720,9500,11800,6,8,3,2,61,25293586,1980,15316200,6468137,21300,21300
NL Club 145,2,0ee2dbf9-4743-412a-b43b-6f04ac27e766,NewManagerBot_145,NL,Europe/Berlin,NewManagerBot,3,4,5,9,9,12,39,3,590,7750,9600,4,9,4,4,74,13456382,10751,12506550,4340931,15000,13800
NL Club 155,2,82ea824a-56f5-422e-81ca-72b7244f0553,LadderGrinderBot_155,NL,Europe/Amsterdam,LadderGrinderBot,3,4,12,12,10,8,44,2,460,6100,7400,2,10,5,2,81,7743566,1140,9754830,6676230,21200,21400
PL Club 146,2,52f78a3c-528e-4edf-85b2-21c2a2767a13,ConservativeBot_146,PL,Europe/Paris,ConservativeBot,3,4,8,11,9,10,43,3,590,7750,9600,6,9,2,5,79,15341331,6772,12502350,5444835,15000,15480
PL Club 156,2,43c27470-7402-41df-8083-1d9d12ba7886,SocialBot_156,PL,Europe/Warsaw,SocialBot,3,4,2,11,9,10,43,2,460,6000,7500,3,8,3,5,60,11067087,292,9727580,3217809,21500,21800
PT Club 150,2,544c27bb-de9f-4cbb-bb96-86e5945d63d1,SocialBot_150,PT,Europe/Warsaw,SocialBot,3,4,14,13,9,8,47,1,330,4250,5200,3,8,4,3,66,3895545,1469,6886230,5913432,21300,20300
PT Club 160,2,8ee13033-6d5b-4685-b6db-770ea0c4ed25,YouthFocusedBot_160,PT,Europe/Madrid,YouthFocusedBot,3,4,13,9,13,8,35,2,460,6100,7400,6,7,4,5,79,11305376,599,9775350,4914880,21400,21400
AT Club 167,2,17d5aa00-c6b1-406a-826e-055fb50912e2,LadderGrinderBot_167,AT,Europe/Amsterdam,LadderGrinderBot,3,5,16,11,12,7,40,4,720,9600,11800,4,10,5,5,57,20942737,417,15391380,4635156,21100,21300
AT Club 27,2,5d07c108-2d4c-495f-9c75-2aabed9cab29,AggressiveTraderBot_27,AT,Europe/Rome,AggressiveTraderBot,3,5,15,12,11,7,43,2,460,6100,7400,3,8,4,3,53,5360520,1171,9758730,11358442,21500,21600
BE Club 169,2,a71f8db0-62a0-435a-8521-634fe4ab0e14,NewManagerBot_169,BE,Europe/Berlin,NewManagerBot,3,5,2,0,26,4,4,3,590,7750,9700,3,9,3,2,56,17511707,6712,12525830,4799321,15000,13940
DE Club 161,2,6125b99a-50fa-45d0-93c3-ebfd1ea39c0e,LadderGrinderBot_161,DE,Europe/Amsterdam,LadderGrinderBot,3,5,12,9,7,14,41,2,460,6000,7400,4,5,2,4,80,7789334,1248,9708750,4593110,21200,21000
DE Club 171,2,daa65a9b-b6bb-44ec-8f2e-632ba00bb5f1,AggressiveTraderBot_171,DE,Europe/Rome,AggressiveTraderBot,3,5,11,7,9,14,35,2,460,6000,7500,6,7,4,2,69,9633234,711,9737600,3867027,21800,21300
ES Club 164,2,9670dada-5531-4df0-813e-0065bd94272f,ConservativeBot_164,ES,Europe/Paris,ConservativeBot,3,5,14,4,16,10,22,4,720,9600,11800,4,10,1,2,79,20323532,7130,15345900,6265548,15000,14520
ES Club 174,2,2bdea1b8-9137-432a-a479-dc84dfed5f92,SocialBot_174,ES,Europe/Warsaw,SocialBot,3,5,5,9,9,12,39,4,720,9500,11800,5,10,3,2,87,18954536,631,15300780,6891544,21400,21400
FR Club 162,2,12649b06-dc19-4f0f-9fa0-089e09cf2006,SocialBot_162,FR,Europe/Warsaw,SocialBot,3,5,1,26,0,4,82,1,330,4250,5300,4,9,4,4,96,4315165,620,6919730,5333517,21500,21800
FR Club 172,2,12d07ec7-3fd9-4d46-add7-3a00cf5b6787,YouthFocusedBot_172,FR,Europe/Madrid,YouthFocusedBot,3,5,4,10,7,13,43,3,590,7750,9700,5,10,2,2,59,9569260,249,12510230,8424495,21400,22500
IT Club 173,2,5ec03214-9e7d-435d-a34a-42d3ad4ba16c,LadderGrinderBot_173,IT,Europe/Amsterdam,LadderGrinderBot,3,5,6,9,9,12,39,1,330,4250,5300,5,4,4,1,78,3812806,927,6936500,5819580,21400,21600
NL Club 165,2,805f19a5-dd19-41c1-8e3b-e71d481dab82,AggressiveTraderBot_165,NL,Europe/Rome,AggressiveTraderBot,3,5,7,0,25,5,5,2,460,6000,7500,2,7,2,5,61,4473856,1237,9727250,6528857,22100,21400
NL Club 175,2,6405272b-8865-4fa7-889e-dcbb45d690b8,NewManagerBot_175,NL,Europe/Berlin,NewManagerBot,3,5,8,25,0,5,80,4,720,9500,11800,6,5,2,4,91,21077054,10366,15339180,4635368,15000,13200
PL Club 166,2,928042f2-c455-42d2-a519-1f5715b9c56a,YouthFocusedBot_166,PL,Europe/Madrid,YouthFocusedBot,3,5,3,7,10,13,34,4,720,9500,11800,6,9,4,4,60,24854654,428,15317880,2709872,21100,21100
PL Club 176,2,3021236b-7224-4a15-a6a0-78b7e3cdac8f,ConservativeBot_176,PL,Europe/Paris,ConservativeBot,3,5,9,8,9,13,37,4,720,9500,11800,4,6,3,4,70,21716290,9652,15339930,3898719,15000,12200
PL Club 76,2,1e0d38f1-6b73-438e-9c17-10059ab3ed37,YouthFocusedBot_76,PL,Europe/Madrid,YouthFocusedBot,3,5,10,9,8,13,40,3,600,7750,9600,6,7,5,3,90,20451859,1498,12610390,4781861,21000,21400
PT Club 170,2,227f76e9-d947-4344-928c-10b2864b8921,ConservativeBot_170,PT,Europe/Paris,ConservativeBot,3,5,13,16,4,10,58,3,590,7750,9600,6,7,4,2,70,15683581,5942,12520200,5434422,15000,15480
AT Club 177,2,7726824d-afd0-4720-b1df-8447e3b8754e,AggressiveTraderBot_177,AT,Europe/Rome,AggressiveTraderBot,3,6,5,12,8,10,46,1,330,4350,5200,6,9,1,4,62,1880423,682,6919950,6979456,22300,22700
AT Club 187,2,7410244a-394d-4122-a681-ed19020c0ce3,NewManagerBot_187,AT,Europe/Berlin,NewManagerBot,3,6,14,12,7,11,47,1,330,4250,5200,6,5,2,3,71,6055746,8311,6900030,3706753,15000,12600
BE Club 179,2,2e050987-5c0d-423c-ac4a-cb979d30f8b9,LadderGrinderBot_179,BE,Europe/Amsterdam,LadderGrinderBot,3,6,10,8,14,8,32,2,470,6000,7400,3,6,5,1,68,7150639,1076,9797440,7453239,21400,21400
BE Club 189,2,8df66b67-11dd-4874-9dcc-8c0c69873ac3,AggressiveTraderBot_189,BE,Europe/Rome,AggressiveTraderBot,3,6,13,7,12,11,32,3,590,7750,9600,5,6,4,2,69,11905517,596,12519930,6311072,22300,23700
BE Club 69,2,9d00d33d-2ac7-4249-b895-870243a5ba95,AggressiveTraderBot_69,BE,Europe/Rome,AggressiveTraderBot,3,6,9,14,8,8,50,4,720,9500,11900,4,6,3,2,76,21214470,708,15352700,7407069,21900,22200
CH Club 178,2,f7cd494e-db90-4c7d-8ed5-e927c89f8ee8,YouthFocusedBot_178,CH,Europe/Madrid,YouthFocusedBot,3,6,11,9,8,13,40,1,330,4250,5200,3,6,2,4,54,4056361,411,6897150,5662116,21200,22400
DE Club 181,2,dba1d7b5-ec52-4e11-8804-84183a881672,NewManagerBot_181,DE,Europe/Berlin,NewManagerBot,3,6,12,8,9,13,37,4,720,9500,11900,4,7,2,2,59,23419091,9190,15337100,3655039,15000,13200
DE Club 191,2,aa12b0d9-5f28-4a69-9adc-6a828e11992b,LadderGrinderBot_191,DE,Europe/Amsterdam,LadderGrinderBot,3,6,4,10,9,11,41,1,330,4250,5200,4,7,3,4,87,4993754,1342,6890400,4061511,21200,21400
DE Club 31,2,7836103a-0c5e-404c-8ad9-37293c5b5bb7,NewManagerBot_31,DE,Europe/Berlin,NewManagerBot,3,6,16,11,9,10,43,2,460,6000,7400,4,9,4,5,52,13962626,9106,9706950,5434468,15000,12000
ES Club 184,2,37a87c73-6e0d-4ce4-a760-c4040ab057a2,YouthFocusedBot_184,ES,Europe/Madrid,YouthFocusedBot,3,6,6,8,12,10,34,2,460,6000,7400,5,7,2,1,62,9819676,967,9687630,4985409,21300,20600
FR Club 182,2,8f366f50-ce8d-4d4d-85fa-2e2fd3f0d872,ConservativeBot_182,FR,Europe/Paris,ConservativeBot,3,6,1,12,8,10,46,2,460,6100,7400,6,6,2,5,83,9254745,12089,9774150,5190432,15000,11600
FR Club 192,2,bad3a036-0773-4308-8ea9-c68fe818b674,SocialBot_192,FR,Europe/Warsaw,SocialBot,3,6,8,10,9,11,41,4,720,9500,11800,4,9,3,2,90,24958244,1329,15308280,2822432,21500,21100
IT Club 183,2,abf7c41f-b3af-4317-a22b-a29cc0099c77,AggressiveTraderBot_183,IT,Europe/Rome,AggressiveTraderBot,3,6,7,9,10,11,38,1,330,4250,5200,2,9,2,2,66,1507145,190,6865650,6306772,22000,23000
PL Club 186,2,9d354edc-e005-48a4-9bb2-cac822a51b56,SocialBot_186,PL,Europe/Warsaw,SocialBot,3,6,15,9,11,10,37,2,460,6000,7500,5,9,3,1,69,7417482,566,9710000,6581445,21400,21400
PT Club 180,2,f1cd0063-ec68-4c9b-8622-a772b4679446,SocialBot_180,PT,Europe/Warsaw,SocialBot,3,6,3,9,10,11,38,4,720,9500,11800,3,6,2,2,87,23892664,1218,15315600,3418251,21200,21100
PT Club 190,2,e9c28f8e-57b8-433f-9968-ffc7b4678f44,YouthFocusedBot_190,PT,Europe/Madrid,YouthFocusedBot,3,6,2,8,12,10,34,3,590,7750,9600,3,7,4,5,61,15369075,296,12533280,6316292,21800,21800
AT Club 197,2,fed32b8d-50d2-46a2-aca4-ed271c50371f,LadderGrinderBot_197,AT,Europe/Amsterdam,LadderGrinderBot,3,7,10,9,14,7,34,3,590,7750,9700,5,7,1,1,83,17507915,1196,12520400,3431479,21400,20500
AT Club 207,2,e16d18cf-1c69-4d17-b6ec-dfde95b3b38c,AggressiveTraderBot_207,AT,Europe/Rome,AggressiveTraderBot,3,7,6,11,10,9,42,1,330,4250,5200,6,7,3,2,94,3925939,1945,6888900,5268476,21400,20400
BE Club 199,2,2fa86bf4-e587-47ce-9d03-cdcbd390d812,NewManagerBot_199,BE,Europe/Berlin,NewManagerBot,3,7,14,8,13,9,33,3,590,7750,9600,6,10,3,2,68,16629709,10245,12489600,5475294,15000,12200
CH Club 198,2,9b454fcd-1389-4e58-9b5e-42991220c672,SocialBot_198,CH,Europe/Warsaw,SocialBot,3,7,3,10,7,13,43,4,720,9500,11900,6,6,5,4,78,21282723,464,15377480,5670233,21500,22400
CH Club 208,2,26be6eda-03c2-4eb7-becd-40cd43495131,YouthFocusedBot_208,CH,Europe/Madrid,YouthFocusedBot,3,7,7,6,13,11,29,4,730,9500,11800,5,7,4,4,70,23158346,1506,15411310,5149718,21400,20400
DE Club 201,2,6e82c440-ddcb-42d0-9b5f-7e821f16fc65,AggressiveTraderBot_201,DE,Europe/Rome,AggressiveTraderBot,3,7,4,7,10,13,34,4,720,9600,11800,6,8,2,4,62,15103484,1457,15377580,10394731,21800,20700
ES Club 194,2,cedf89f4-2d32-45c9-b91b-0377eadf72bc,ConservativeBot_194,ES,Europe/Paris,ConservativeBot,3,7,16,9,10,11,38,4,720,9500,11800,4,5,4,4,59,21721176,9171,15355530,6091896,15000,13120
ES Club 204,2,cc18fed3-d219-47f9-8223-417b67190452,SocialBot_204,ES,Europe/Warsaw,SocialBot,3,7,2,11,8,11,44,1,340,4250,5200,3,9,3,3,68,2141714,1174,6956140,5112165,21200,21200
ES Club 34,2,ea5fb1c3-6285-4bb9-90c7-6f4a69c2edf4,YouthFocusedBot_34,ES,Europe/Madrid,YouthFocusedBot,3,7,8,13,6,11,50,1,330,4250,5300,5,9,4,3,83,3527852,971,6915350,6182395,21200,21700
FR Club 202,2,2e28c9cb-84ae-4db9-8181-4c3aade4f905,YouthFocusedBot_202,FR,Europe/Madrid,YouthFocusedBot,3,7,11,9,8,13,40,4,720,9600,11800,6,6,4,3,73,20898534,1272,15396930,6370963,21400,21100
IT Club 203,2,b5195446-bdf8-446d-940c-35981cb427ff,LadderGrinderBot_203,IT,Europe/Amsterdam,LadderGrinderBot,3,7,13,13,8,9,48,1,330,4250,5300,4,5,4,4,81,5752920,348,6950000,4427357,21300,21600
IT Club 73,2,8447a90d-30a7-45e1-9855-497f52d25b65,NewManagerBot_73,IT,Europe/Berlin,NewManagerBot,3,7,12,8,9,13,37,1,330,4250,5200,7,9,2,3,69,7763416,10174,6862650,5441145,15000,11600
NL Club 195,2,651ed57b-2014-4b70-a3a5-b30c4b00369c,AggressiveTraderBot_195,NL,Europe/Rome,AggressiveTraderBot,3,7,15,10,9,11,41,2,460,6000,7400,4,5,2,4,60,6042452,468,9708900,4799797,21700,22700
NL Club 205,2,81f06e57-78c4-4417-88c5-d12b3f589847,NewManagerBot_205,NL,Europe/Berlin,NewManagerBot,3,7,5,10,11,9,39,3,590,7750,9600,4,6,4,3,79,13237989,7927,12532200,5639323,15000,12320
PL Club 206,2,0e00ad8c-6d93-4e4a-8724-fa03fad4db12,ConservativeBot_206,PL,Europe/Paris,ConservativeBot,3,7,9,14,9,7,49,4,720,9500,11800,7,9,3,2,87,24974227,10619,15308700,2965408,15000,10800
PT Club 200,2,25fb7040-7e85-4ace-b4d0-fc09aba473cf,ConservativeBot_200,PT,Europe/Paris,ConservativeBot,3,7,1,8,11,11,35,3,590,7750,9600,4,10,4,1,92,12679839,10407,12493200,5199614,15000,13920
AT Club 217,2,2157cf5f-9895-4976-9e95-9eab43c004c3,NewManagerBot_217,AT,Europe/Berlin,NewManagerBot,3,8,12,11,8,11,44,4,720,9600,11800,3,8,1,4,81,20860474,8990,15369750,5247339,15000,14540
BE Club 219,2,2dce50ea-7b2d-49d3-9243-53664f92ead4,AggressiveTraderBot_219,BE,Europe/Rome,AggressiveTraderBot,3,8,9,9,13,8,35,1,330,4250,5200,4,10,3,3,76,3690216,701,6870900,4794114,21700,22400
CH Club 218,2,b0d68d1b-a70a-459b-a582-4358226c17a7,ConservativeBot_218,CH,Europe/Paris,ConservativeBot,3,8,2,12,10,8,44,2,460,6000,7400,4,6,5,2,76,12491972,8199,9723930,2670393,15000,13520
DE Club 211,2,3fba51a5-5404-4394-9f83-d698c5bc25cd,NewManagerBot_211,DE,Europe/Berlin,NewManagerBot,3,8,1,10,12,8,38,3,590,7750,9600,2,5,4,4,84,16777006,9024,12536550,5174398,15000,15160
DE Club 221,2,652c18db-430d-477d-bd12-fce41d10b13c,LadderGrinderBot_221,DE,Europe/Amsterdam,LadderGrinderBot,3,8,6,6,12,12,30,1,340,4250,5200,6,6,5,1,56,5692581,910,6978340,4784984,21400,21600
DE Club 41,2,c4b0bbd8-05d9-4ff9-b7c7-403a97fa1443,LadderGrinderBot_41,DE,Europe/Amsterdam,LadderGrinderBot,3,8,11,8,11,11,35,3,590,7750,9600,2,9,4,5,76,18754230,256,12511050,3927012,21200,22100
ES Club 214,2,42cd8404-3db0-4ab8-b6cf-1fe71011e5be,YouthFocusedBot_214,ES,Europe/Madrid,YouthFocusedBot,3,8,7,9,10,11,38,3,590,7750,9700,4,5,4,1,98,17949835,275,12552200,3451118,21400,22500
FR Club 212,2,87f2af33-e6e6-43f4-a776-534c200f70bc,ConservativeBot_212,FR,Europe/Paris,ConservativeBot,3,8,16,3,12,15,24,2,460,6000,7500,4,9,5,3,88,12454029,9647,9734780,3063272,15000,12320
FR Club 222,2,78bc74ec-9275-408f-90a5-202634921d44,SocialBot_222,FR,Europe/Warsaw,SocialBot,3,8,5,12,6,12,48,4,720,9500,11900,2,9,5,4,56,21477721,1272,15355130,2201740,21400,22100
FR Club 72,2,0e9d5569-a69a-4651-a61e-e4c2bc859d42,SocialBot_72,FR,Europe/Warsaw,SocialBot,3,8,13,11,11,8,41,1,330,4350,5200,3,8,3,1,80,8106732,377,6930300,2999091,21000,21100
IT Club 213,2,1e76a25b-c972-4dfc-bfe7-43b92f12f746,AggressiveTraderBot_213,IT,Europe/Rome,AggressiveTraderBot,3,8,10,13,9,8,47,3,590,7750,9600,6,6,2,3,80,10837094,1046,12508080,6976003,22000,21000
IT Club 223,2,ba2d3557-3469-457e-bd69-ac1f1499d4f3,NewManagerBot_223,IT,Europe/Berlin,NewManagerBot,3,8,15,12,3,15,51,2,460,6000,7400,3,9,5,5,66,11386634,10345,9714780,5415707,15000,12540
NL Club 215,2,c5542b62-89ff-4e6e-811d-9c302f44c8a2,LadderGrinderBot_215,NL,Europe/Amsterdam,LadderGrinderBot,3,8,3,13,8,9,48,2,460,6000,7400,3,6,3,4,80,6543938,938,9717000,6402284,21600,22000
PL Club 216,2,eda5c5f5-3349-45b7-af6e-643cea8876ac,SocialBot_216,PL,Europe/Warsaw,SocialBot,3,8,8,10,9,11,41,3,590,7850,9600,3,6,2,5,88,12263624,1531,12585750,7395460,21600,21500
PT Club 210,2,26e9821e-0098-4850-80d6-ae3a7377bbef,SocialBot_210,PT,Europe/Warsaw,SocialBot,3,8,14,11,11,8,41,1,330,4250,5300,4,7,2,2,85,5945874,1367,6902030,3601919,21200,21200
PT Club 220,2,dcd44b96-d0cd-4c15-9c4b-7723d0e249eb,YouthFocusedBot_220,PT,Europe/Madrid,YouthFocusedBot,3,8,4,8,13,9,33,2,460,6100,7400,6,7,5,2,101,9148606,760,9777330,5409865,21100,20700
AT Club 227,2,f858c1d7-560a-4bab-9249-f38b9ad4a909,LadderGrinderBot_227,AT,Europe/Amsterdam,LadderGrinderBot,3,9,5,9,11,10,37,4,720,9600,11800,5,8,3,1,66,21893540,1322,15372600,4184816,21100,21100
AT Club 37,2,942a8f1d-9e7d-49c4-8d4a-d5eab142b4ef,NewManagerBot_37,AT,Europe/Berlin,NewManagerBot,3,9,12,12,6,12,48,4,720,9500,11900,4,6,4,3,77,22571175,5608,15372380,5201633,15000,14120
BE Club 229,2,86c8e514-d8a2-47d2-98fa-83eeb00f7e11,NewManagerBot_229,BE,Europe/Berlin,NewManagerBot,3,9,13,12,12,6,42,2,460,6100,7400,6,5,2,3,77,9508476,11845,9765030,4585332,15000,11400
BE Club 239,2,8e3dea39-af7b-480c-8625-29b6971c213c,LadderGrinderBot_239,BE,Europe/Amsterdam,LadderGrinderBot,3,9,3,14,10,6,48,3,590,7750,9600,3,8,4,1,89,16959745,367,12508200,4342044,21600,22500
CH Club 228,2,6623ae82-350a-436c-b5ba-d4feb42d47a3,SocialBot_228,CH,Europe/Warsaw,SocialBot,3,9,7,11,10,9,42,1,330,4250,5300,6,4,1,3,86,6501463,1869,6921050,2818761,21300,19600
CH Club 238,2,77835fd8-9111-41da-9f5e-d9063ff519a8,YouthFocusedBot_238,CH,Europe/Madrid,YouthFocusedBot,3,9,16,6,15,9,27,2,460,6000,7500,3,9,2,3,57,9997532,1612,9703130,5792990,21200,20800
DE Club 231,2,13c0a18d-92e3-45eb-bfb7-1db59d64c124,AggressiveTraderBot_231,DE,Europe/Rome,AggressiveTraderBot,3,9,6,11,9,10,43,4,720,9500,11800,6,6,4,2,90,17560203,1352,15331530,6413019,22200,21300
ES Club 234,2,58f8d124-971c-4ddf-a784-fad348ce85bf,SocialBot_234,ES,Europe/Warsaw,SocialBot,3,9,14,12,12,6,42,2,460,6000,7400,6,9,1,1,84,12493889,1054,9664800,3787379,21400,21400
FR Club 232,2,f9f8cd8f-944f-423a-a641-ab0534efd302,YouthFocusedBot_232,FR,Europe/Madrid,YouthFocusedBot,3,9,4,10,14,6,36,2,460,6000,7400,3,10,1,3,88,8881580,353,9666300,5390744,21300,21200
IT Club 233,2,19afd42f-7c4d-4cdc-91e2-6728648f135b,LadderGrinderBot_233,IT,Europe/Amsterdam,LadderGrinderBot,3,9,1,7,10,13,34,1,330,4250,5300,3,9,2,5,74,3123173,1714,6908150,5346787,21700,21100
NL Club 225,2,f6828005-1708-4351-a898-c607d000aa81,AggressiveTraderBot_225,NL,Europe/Rome,AggressiveTraderBot,3,9,11,6,12,12,30,4,720,9500,11900,2,6,4,2,87,16346624,1181,15368300,8103433,22100,22100
NL Club 235,2,b2766ce3-d69d-4e1d-bbd4-34189c147217,NewManagerBot_235,NL,Europe/Berlin,NewManagerBot,3,9,8,10,11,9,39,1,330,4250,5200,4,7,4,4,88,8676062,8538,6898350,3361621,15000,13520
PL Club 226,2,174ebe89-b548-4501-9a13-bfec9343eb00,YouthFocusedBot_226,PL,Europe/Madrid,YouthFocusedBot,3,9,2,10,7,13,43,2,460,6100,7400,3,7,2,3,62,9004261,1318,9757800,5695049,21200,21200
PL Club 236,2,ffea076a-2d24-4f69-9ab3-3a58f45ec0c2,ConservativeBot_236,PL,Europe/Paris,ConservativeBot,3,9,9,15,7,8,53,4,720,9500,11900,6,7,2,4,84,21384841,11550,15353330,5319973,15000,10800
PT Club 240,2,120467cf-df04-4d76-afdc-ca08315a5ba4,SocialBot_240,PT,Europe/Warsaw,SocialBot,3,9,10,7,15,8,29,4,720,9600,11800,6,9,3,1,90,18128152,1016,15365100,6273143,21300,21300
PT Club 80,2,02ba1b4a-9d46-442d-9f8f-e9da88c589f1,ConservativeBot_80,PT,Europe/Paris,ConservativeBot,3,9,15,15,6,9,54,3,590,7750,9600,5,7,3,1,65,19365003,10919,12500100,5121986,15000,12400
AT Club 247,2,d36d5211-d4a5-4b5d-b133-314eff2373ea,NewManagerBot_247,AT,Europe/Berlin,NewManagerBot,3,10,3,9,12,9,36,2,460,6000,7400,5,5,4,3,79,11985289,10745,9727950,4467589,15000,12000
BE Club 249,2,a698e019-620c-48a1-9fa1-8a97bd242ae5,AggressiveTraderBot_249,BE,Europe/Rome,AggressiveTraderBot,3,10,5,8,15,7,31,4,720,9500,11800,6,7,4,4,78,15097084,677,15333300,7386256,22400,22400
CH Club 248,2,e1f2a47d-7140-4c01-b84d-15e8b6841c9f,ConservativeBot_248,CH,Europe/Paris,ConservativeBot,3,10,13,5,14,11,26,4,730,9500,11800,3,8,4,4,55,19988467,11141,15403390,7668779,15000,12800
DE Club 241,2,9b31a30c-c4b2-49de-a260-14063fbbc95b,NewManagerBot_241,DE,Europe/Berlin,NewManagerBot,3,10,1,7,14,9,30,2,460,6000,7400,4,6,5,4,88,12252436,5703,9725280,3128446,15000,13320
DE Club 251,2,6fecdeab-e9a1-4234-9c78-745ed15ad3b5,LadderGrinderBot_251,DE,Europe/Amsterdam,LadderGrinderBot,3,10,16,9,11,10,37,3,590,7750,9600,4,5,1,5,73,16582525,1203,12516750,3053643,21200,21300
ES Club 254,2,95d64aa9-e7a0-4460-853d-b59abc0ff97c,ConservativeBot_254,ES,Europe/Paris,ConservativeBot,3,10,12,14,8,8,50,3,590,7850,9600,5,8,3,4,86,17220171,9728,12566580,3498111,15000,12900
FR Club 242,2,3f81c58b-91eb-4d4d-af6f-ada6c0950c04,ConservativeBot_242,FR,Europe/Paris,ConservativeBot,3,10,14,14,5,11,53,1,330,4250,5200,5,6,4,2,57,6718228,11244,6904230,3348079,15000,11400
IT Club 243,2,a715d37c-88fa-40cf-a9dd-70023c0a25b3,AggressiveTraderBot_243,IT,Europe/Rome,AggressiveTraderBot,3,10,15,11,9,10,43,2,460,6000,7400,6,9,3,3,73,4337570,628,9682500,8317252,21900,22200
IT Club 253,2,5c6669fc-320a-412e-9135-16fa383519cb,NewManagerBot_253,IT,Europe/Berlin,NewManagerBot,3,10,6,15,8,7,52,1,330,4350,5200,5,8,2,2,67,6893344,6995,6933930,4329542,15000,14500
NL Club 245,2,4d09bd4c-ea9c-4dae-8a76-02a4f4dd1958,LadderGrinderBot_245,NL,Europe/Amsterdam,LadderGrinderBot,3,10,8,9,10,11,38,3,590,7750,9700,4,5,2,2,66,15603144,721,12540230,4856358,21200,21400
NL Club 255,2,b6e578e7-c1a9-4728-9dcc-434509d285f1,AggressiveTraderBot_255,NL,Europe/Rome,AggressiveTraderBot,3,10,10,11,5,14,47,1,330,4250,5300,2,5,5,3,82,1011148,248,6945680,6867719,21900,22500
NL Club 45,2,83aa17f7-769b-4fb0-9e8f-5903a6a78480,AggressiveTraderBot_45,NL,Europe/Rome,AggressiveTraderBot,3,10,11,8,14,8,32,4,720,9600,11800,5,7,4,5,100,19304389,338,15405780,8462735,22100,23400
PL Club 246,2,5240c73a-a3b5-482b-939b-6b32b582f056,SocialBot_246,PL,Europe/Warsaw,SocialBot,3,10,4,12,9,9,45,3,590,7750,9700,4,7,3,5,75,16529922,1092,12546950,5585103,21400,22300
PL Club 256,2,a5d2a6b2-c9ce-4b25-9ff4-b08a2f217bdf,YouthFocusedBot_256,PL,Europe/Madrid,YouthFocusedBot,3,10,2,14,7,9,51,3,590,7750,9600,6,10,2,3,78,16897013,928,12485730,4948039,21100,21400
PL Club 86,2,583ace32-0ada-454b-8de3-5c0517b8b154,ConservativeBot_86,PL,Europe/Paris,ConservativeBot,3,10,9,5,11,14,29,3,590,7750,9600,6,5,4,3,88,18976113,12344,12539550,5338127,15000,12400
PT Club 250,2,eedccac3-3e5e-4dc8-9772-5ed0fa2e7a6f,YouthFocusedBot_250,PT,Europe/Madrid,YouthFocusedBot,3,10,7,10,9,11,41,1,340,4250,5200,2,8,5,1,52,4460311,1795,6963340,3805222,21200,19900
AT Club 257,2,97f39fbf-683f-43e4-a5fd-2a7bada102f2,LadderGrinderBot_257,AT,Europe/Amsterdam,LadderGrinderBot,3,11,6,10,12,8,38,4,720,9500,11900,3,4,1,3,92,21013438,116,15356000,6324487,21200,22900
AT Club 267,2,504ee900-9608-4d35-9f0f-7b85335f1fcd,AggressiveTraderBot_267,AT,Europe/Rome,AggressiveTraderBot,3,11,7,11,13,6,39,2,460,6000,7400,5,8,2,3,68,5665045,383,9681630,7793475,22200,23700
BE Club 259,2,9f903b42-874c-43ff-b34d-fac05649c097,NewManagerBot_259,BE,Europe/Berlin,NewManagerBot,3,11,10,12,9,9,45,3,590,7750,9700,5,9,3,3,73,17567180,9323,12530180,2957540,15000,11600
CH Club 258,2,ef52adc4-814b-40ef-a680-c30116584649,SocialBot_258,CH,Europe/Warsaw,SocialBot,3,11,8,13,11,6,45,3,590,7850,9600,6,6,4,3,91,16027690,1635,12585330,5877261,21400,21300
CH Club 268,2,371ade83-2ba6-4a5f-864a-12f7c03902db,YouthFocusedBot_268,CH,Europe/Madrid,YouthFocusedBot,3,11,5,12,10,8,44,2,460,6000,7400,2,7,4,5,88,9281570,1154,9721950,5806016,21300,21300
CH Club 48,2,fe109c31-effc-4947-b5a6-e30f399712ed,SocialBot_48,CH,Europe/Warsaw,SocialBot,3,11,13,27,0,3,84,2,460,6000,7400,4,7,3,4,86,12528120,1116,9701730,4925778,21300,21700
DE Club 261,2,4baa7405-4c02-40ce-a733-6d13b772747b,AggressiveTraderBot_261,DE,Europe/Rome,AggressiveTraderBot,3,11,1,9,11,10,37,1,330,4250,5200,5,9,1,4,79,1686454,1108,6866550,7877908,21800,20900
ES Club 264,2,667a6255-a6ac-4524-ab0a-01857f3eb68c,SocialBot_264,ES,Europe/Warsaw,SocialBot,3,11,11,11,11,8,41,4,720,9500,11900,3,6,1,2,59,21147606,299,15344000,5799017,21400,22300
FR Club 262,2,8e2fa78b-8c83-4934-b4c0-4d3f1d168eae,YouthFocusedBot_262,FR,Europe/Madrid,YouthFocusedBot,3,11,14,0,27,3,3,1,340,4250,5200,6,10,2,1,59,4878597,1856,6931540,5755702,21300,20900
FR Club 272,2,c4dde019-83e3-400d-ba8c-b284f97df8ab,ConservativeBot_272,FR,Europe/Paris,ConservativeBot,3,11,16,9,14,7,34,2,460,6100,7400,6,5,3,4,66,11377319,11271,9777900,4113143,15000,11000
IT Club 263,2,31595175-aa7a-49fd-94e8-93098b1e1f2f,LadderGrinderBot_263,IT,Europe/Amsterdam,LadderGrinderBot,3,11,2,11,9,10,43,1,330,4250,5200,4,5,3,2,62,7041900,1588,6903630,1929899,21500,21900
NL Club 265,2,fefd58ec-aa7b-4fec-b9b6-0baebf7229c1,NewManagerBot_265,NL,Europe/Berlin,NewManagerBot,3,11,3,11,6,13,46,3,590,7850,9600,5,6,2,3,61,16118447,4339,12576900,4517931,15000,13500
NL Club 95,2,9fc9b381-8fb7-4660-b834-0587e43e56f1,LadderGrinderBot_95,NL,Europe/Amsterdam,LadderGrinderBot,3,11,9,9,12,9,36,3,590,7750,9700,4,9,3,2,72,19148249,1494,12526100,5601721,21500,20600
PL Club 266,2,88018614-ddd0-45ea-b515-95a8f1bd5fd9,ConservativeBot_266,PL,Europe/Paris,ConservativeBot,3,11,12,11,11,8,41,2,460,6100,7400,6,5,1,1,81,11469104,12071,9748200,3402601,15000,11400
PT Club 260,2,b88724d9-6595-4064-82b6-939419e685ec,ConservativeBot_260,PT,Europe/Paris,ConservativeBot,3,11,4,6,11,13,31,2,460,6000,7400,6,8,1,4,68,9682500,8775,9685650,3976111,15000,13480
PT Club 270,2,6e125b6c-3269-4eaa-82ef-1b8849221ac1,SocialBot_270,PT,Europe/Warsaw,SocialBot,3,11,15,14,9,7,49,2,460,6100,7400,2,8,2,4,66,10068603,508,9754530,4842244,21400,21900
AT Club 277,2,1eebfbdf-bed9-4e75-8a45-c86377f8e279,NewManagerBot_277,AT,Europe/Berlin,NewManagerBot,3,12,10,12,9,9,45,4,720,9500,11800,4,6,2,5,94,21366563,11869,15336450,3952154,15000,10400
AT Club 287,2,3fa24f16-1ab9-4ede-9c17-53b099e8ea93,LadderGrinderBot_287,AT,Europe/Amsterdam,LadderGrinderBot,3,12,7,13,7,10,49,3,590,7750,9700,3,9,4,5,84,16299210,1388,12540050,3911799,21400,20600
BE Club 279,2,0636d97f-57fb-4714-bc45-8ef92c5d4ce9,AggressiveTraderBot_279,BE,Europe/Rome,AggressiveTraderBot,3,12,14,11,8,11,44,2,460,6000,7400,5,6,3,5,68,8276172,1019,9721080,7649087,22100,21300
CH Club 278,2,e848743e-5085-46bb-8441-7a9e0875e6e3,ConservativeBot_278,CH,Europe/Paris,ConservativeBot,3,12,2,26,0,4,82,4,720,9500,11900,4,7,3,5,97,22027424,9998,15358550,4223832,15000,13120
CH Club 288,2,b3e9c4a2-dcdc-4ab3-9209-ec55e5e69c26,SocialBot_288,CH,Europe/Warsaw,SocialBot,3,12,6,10,8,12,42,4,720,9600,11800,3,6,4,1,71,25267182,482,15395700,2385551,21300,22600
DE Club 281,2,2c75de8c-af7a-409e-9b76-a1caec8e8321,LadderGrinderBot_281,DE,Europe/Amsterdam,LadderGrinderBot,3,12,4,9,10,11,38,3,590,7850,9600,6,8,4,1,65,18777218,427,12569100,3442545,21600,21400
ES Club 274,2,45979e68-d4cb-4046-ac6f-f3bf834fde28,YouthFocusedBot_274,ES,Europe/Madrid,YouthFocusedBot,3,12,16,12,9,9,45,1,330,4250,5200,2,6,1,3,61,4229854,1327,6877200,5218773,21400,20700
ES Club 284,2,087b2db6-6f19-49a3-a412-5d3056b11547,ConservativeBot_284,ES,Europe/Paris,ConservativeBot,3,12,12,8,10,12,36,2,460,6000,7500,5,4,4,1,71,10157803,12579,9748100,5715180,15000,12000
ES Club 84,2,3a999bfc-1005-45df-9380-7a57839ef926,SocialBot_84,ES,Europe/Warsaw,SocialBot,3,12,11,10,8,12,42,3,590,7750,9700,3,6,4,2,66,17794732,985,12556430,4561148,21100,20500
FR Club 282,2,7b5f43f4-6678-4ae7-b091-ee875b4cbcff,SocialBot_282,FR,Europe/Warsaw,SocialBot,3,12,9,9,12,9,36,3,590,7850,9600,6,5,3,1,86,19290456,373,12576000,3217076,21100,21200
IT Club 283,2,172ea290-ee7f-4199-b3e1-a5c4f4ffdd5d,NewManagerBot_283,IT,Europe/Berlin,NewManagerBot,3,12,3,10,9,11,41,4,720,9500,11800,5,6,5,2,82,20602019,8966,15346980,5482447,15000,13500
NL Club 275,2,6e66b817-c9ae-404b-8621-2281862569a2,LadderGrinderBot_275,NL,Europe/Amsterdam,LadderGrinderBot,3,12,13,8,11,11,35,3,590,7850,9600,2,9,3,3,65,17593920,594,12562230,3106801,21500,22600
NL Club 285,2,db11d7d6-6dcc-4f93-bfa2-e8656c230880,AggressiveTraderBot_285,NL,Europe/Rome,AggressiveTraderBot,3,12,5,8,10,12,36,2,460,6100,7400,4,7,4,2,82,9969677,1130,9769500,3387142,21700,21600
PL Club 286,2,4a7b5830-15df-4f50-b3fd-2f5d0567dd70,YouthFocusedBot_286,PL,Europe/Madrid,YouthFocusedBot,3,12,8,7,13,10,31,2,460,6100,7400,3,9,2,4,69,9732622,801,9739650,4260132,21600,21300
PL Club 36,2,62f23780-5e60-40e4-9a03-ef15125a2d96,SocialBot_36,PL,Europe/Warsaw,SocialBot,3,12,15,9,12,9,36,3,590,7850,9600,5,10,2,2,69,20182503,230,12541980,3935678,21400,23100
PT Club 280,2,b7f1aad0-fc4b-4f19-910c-597d1d18abe7,YouthFocusedBot_280,PT,Europe/Madrid,YouthFocusedBot,3,12,1,0,26,4,4,1,330,4250,5200,4,8,5,3,69,4827300,1137,6894180,5601144,21500,21100
AT Club 297,2,a3e98b36-1558-4189-8cac-c033341581de,AggressiveTraderBot_297,AT,Europe/Rome,AggressiveTraderBot,3,13,9,8,11,11,35,1,330,4250,5200,6,9,4,3,96,2414947,1677,6878850,6085159,21900,20700
AT Club 57,2,2ff9aabc-41f2-40f9-9c59-f0a3d2da9596,AggressiveTraderBot_57,AT,Europe/Rome,AggressiveTraderBot,3,13,8,7,12,11,32,2,460,6000,7500,5,10,5,4,84,9532562,279,9731930,7227241,21600,21700
BE Club 289,2,27ee8ac1-d92f-4258-9176-90d41ff8648c,NewManagerBot_289,BE,Europe/Berlin,NewManagerBot,3,13,15,12,9,9,45,1,330,4250,5200,5,9,4,2,61,3204483,12020,6881850,6390390,15000,11400
BE Club 299,2,2770a000-db39-4db3-9e78-83271e65a32a,LadderGrinderBot_299,BE,Europe/Amsterdam,LadderGrinderBot,3,13,16,9,12,9,36,3,590,7750,9700,6,5,5,2,61,14890568,325,12564530,5546471,21300,22200
CH Club 298,2,069ff971-69d3-40b8-b8bb-0a33994677fb,YouthFocusedBot_298,CH,Europe/Madrid,YouthFocusedBot,3,13,6,9,8,13,40,2,460,6000,7500,3,7,3,1,80,9885566,1134,9724730,6177915,22000,22900
DE Club 291,2,c5b59ffd-40e0-450b-a8ac-0be715c6008c,AggressiveTraderBot_291,DE,Europe/Rome,AggressiveTraderBot,3,13,14,7,8,15,36,4,720,9500,11800,4,5,4,4,67,17322962,892,15348030,6498517,21900,22200
DE Club 301,2,375336cb-7e7a-4de2-adcf-bfa4ac33d2b7,NewManagerBot_301,DE,Europe/Berlin,NewManagerBot,3,13,5,8,9,13,37,4,720,9500,11800,3,8,5,2,75,23072174,9919,15324480,5222646,15000,11600
ES Club 294,2,9c94cf3a-2337-49bd-a99a-d1aea9e211d3,SocialBot_294,ES,Europe/Warsaw,SocialBot,3,13,2,13,9,8,47,2,460,6000,7400,3,5,5,5,91,10634645,1225,9737280,4463538,21200,21400
ES Club 304,2,9bcf3d0a-e52d-4eb5-ad30-51eea03fd156,YouthFocusedBot_304,ES,Europe/Madrid,YouthFocusedBot,3,13,13,8,7,15,39,2,460,6000,7500,5,6,4,5,86,11324461,1495,9750950,2215825,21400,20500
FR Club 302,2,dd04329c-a549-432f-a804-cf2c044e94af,ConservativeBot_302,FR,Europe/Paris,ConservativeBot,3,13,7,12,7,11,47,1,330,4350,5200,3,6,3,2,77,5492866,10551,6956880,5295442,15000,12740
FR Club 92,2,7444395e-668d-4a3f-bb55-8e46e6f7503b,ConservativeBot_92,FR,Europe/Paris,ConservativeBot,3,13,10,11,8,11,44,4,720,9500,11900,4,7,5,2,90,26681844,9857,15361130,4837251,15000,12720
IT Club 293,2,344b676f-5b60-4fe0-a4ed-67f73fa332bf,LadderGrinderBot_293,IT,Europe/Amsterdam,LadderGrinderBot,3,13,12,10,13,7,37,2,460,6000,7500,4,7,1,1,74,12231611,920,9708800,4427778,21400,21100
IT Club 303,2,291681e3-6df4-4397-9f82-ed7058381110,AggressiveTraderBot_303,IT,Europe/Rome,AggressiveTraderBot,3,13,4,9,15,6,33,4,720,9500,11900,5,6,2,4,74,11178610,224,15353600,8537093,22000,22300
NL Club 295,2,49f4eb47-2247-4960-b237-694ca861ddef,NewManagerBot_295,NL,Europe/Berlin,NewManagerBot,3,13,3,15,9,6,51,1,330,4250,5300,6,7,2,4,82,7156795,8335,6918650,3940096,15000,14480
PL Club 296,2,7e794bdb-3053-43a0-bf3e-d660f1bd8908,ConservativeBot_296,PL,Europe/Paris,ConservativeBot,3,13,11,13,10,7,46,4,720,9500,11800,6,7,3,3,87,22331045,10698,15328200,4547733,15000,13280
PT Club 290,2,490425b1-1e4e-44c3-9420-c0d841da5e24,ConservativeBot_290,PT,Europe/Paris,ConservativeBot,3,13,1,9,13,8,35,3,590,7850,9600,3,6,4,1,90,16967705,9935,12584100,5214894,15000,11000
AT Club 307,2,d322c555-615a-453e-8d84-beb4bcf1c699,NewManagerBot_307,AT,Europe/Berlin,NewManagerBot,3,14,9,6,12,12,30,4,720,9500,11800,7,7,3,2,74,19372092,8702,15315780,5517481,15000,11800
AT Club 317,2,33ee69c4-dedd-4f76-bed6-0685eb40ba90,LadderGrinderBot_317,AT,Europe/Amsterdam,LadderGrinderBot,3,14,2,10,8,12,42,3,590,7750,9700,3,6,3,2,80,18248942,1870,12540830,4000675,21400,21100
BE Club 309,2,5b2ae2dc-d6c4-454c-97b9-d035434c1f47,AggressiveTraderBot_309,BE,Europe/Rome,AggressiveTraderBot,3,14,14,10,12,8,38,3,590,7750,9600,5,7,4,3,71,9102343,1269,12524430,10041921,22100,21200
BE Club 319,2,d30a4e2f-10d1-4c27-bc2b-421af3f7f722,NewManagerBot_319,BE,Europe/Berlin,NewManagerBot,3,14,11,11,12,7,40,2,470,6000,7400,4,7,2,2,76,8470632,9785,9770140,4746702,15000,12520
CH Club 308,2,f9837b86-040b-4721-8be8-23cec22e0cb0,ConservativeBot_308,CH,Europe/Paris,ConservativeBot,3,14,6,0,26,4,4,4,720,9500,11900,5,9,4,3,72,22301254,6835,15342530,5646550,15000,15100
CH Club 318,2,29a6a04e-8632-46ac-b9e3-38eb8e473479,SocialBot_318,CH,Europe/Warsaw,SocialBot,3,14,10,12,6,12,48,4,720,9500,11900,3,6,1,4,92,21563249,1913,15345350,4676600,21400,19900
DE Club 311,2,ac6d4879-993d-492b-9b95-4ff381a93bd6,LadderGrinderBot_311,DE,Europe/Amsterdam,LadderGrinderBot,3,14,4,15,10,5,50,4,720,9500,11800,3,5,3,2,57,23090997,1100,15338430,5249192,21600,21500
DE Club 81,2,3facca74-18a2-449b-8714-7a30943ce555,AggressiveTraderBot_81,DE,Europe/Rome,AggressiveTraderBot,3,14,16,17,9,4,55,2,460,6000,7400,5,7,5,4,69,7186237,497,9725430,5718386,22100,22300
ES Club 314,2,7454b6c0-f657-401b-b5ee-924b9a54ce59,ConservativeBot_314,ES,Europe/Paris,ConservativeBot,3,14,7,25,0,5,80,4,720,9500,11800,5,6,1,2,97,20856059,10692,15314850,4824025,15000,10400
ES Club 64,2,90c2dd4c-8c66-4884-9e68-fc0f41018589,YouthFocusedBot_64,ES,Europe/Madrid,YouthFocusedBot,3,14,8,0,25,5,5,4,720,9500,11900,3,7,3,3,60,27982465,1530,15349430,5026493,21200,20900
FR Club 312,2,f203e13e-2ee0-4967-9c02-3c10a7431942,SocialBot_312,FR,Europe/Warsaw,SocialBot,3,14,12,12,11,7,43,3,590,7850,9600,3,9,5,1,78,13388744,1451,12561930,6942616,21600,22200
IT Club 313,2,e88f5e31-b99f-40c4-82fa-16246707d3d3,NewManagerBot_313,IT,Europe/Berlin,NewManagerBot,3,14,5,26,0,4,82,3,590,7750,9700,5,6,4,2,101,17973757,8971,12548930,3189099,15000,13900
NL Club 315,2,ee7de209-6269-4937-b372-e2fd833ce154,AggressiveTraderBot_315,NL,Europe/Rome,AggressiveTraderBot,3,14,13,12,10,8,44,2,460,6000,7400,4,8,2,3,85,4827373,1897,9681630,6916327,21800,21200
PL Club 306,2,f4cec2d1-d763-4992-8166-dd797e44424b,SocialBot_306,PL,Europe/Warsaw,SocialBot,3,14,15,9,17,4,31,2,470,6000,7400,3,8,4,2,58,5334519,1643,9779110,6539884,21200,19800
PL Club 316,2,8eeb98dc-6f80-41a3-af39-8f545a0a526e,YouthFocusedBot_316,PL,Europe/Madrid,YouthFocusedBot,3,14,1,8,10,12,36,2,460,6000,7500,5,8,4,2,87,10438931,1907,9729680,5016584,21300,20600
PT Club 320,2,1ac5d488-5346-416f-a41d-8e1a05b22b84,ConservativeBot_320,PT,Europe/Paris,ConservativeBot,3,14,3,10,15,5,35,2,460,6100,7400,5,6,1,4,75,6949629,8879,9761700,7730812,15000,14700
AT Club 327,2,8e872aa5-9eec-43ea-a18d-4063b6323a32,AggressiveTraderBot_327,AT,Europe/Rome,AggressiveTraderBot,3,15,14,0,28,2,2,1,330,4250,5300,5,9,5,3,67,1882670,1564,6923330,6693620,21700,21600
BE Club 329,2,4b3829e0-a5e1-41ca-a625-b30efd5b0e3e,LadderGrinderBot_329,BE,Europe/Amsterdam,LadderGrinderBot,3,15,1,0,25,5,5,4,720,9500,11800,2,7,1,1,49,23116608,1312,15295500,4361821,21300,21100
DE Club 321,2,851c9bc7-0195-44a5-9a9b-e3e368f05b84,AggressiveTraderBot_321,DE,Europe/Rome,AggressiveTraderBot,3,15,7,9,13,8,35,3,590,7850,9600,4,9,2,3,71,11056859,516,12553980,6282840,21900,22900
DE Club 331,2,98b8c3dc-1977-4005-8ddb-b5800c00e507,NewManagerBot_331,DE,Europe/Berlin,NewManagerBot,3,15,3,13,8,9,48,1,330,4350,5200,3,9,5,3,62,7712099,7909,6955230,3791626,15000,13140
ES Club 324,2,c1b97015-ca8f-4f25-b5e4-5574dfa84115,SocialBot_324,ES,Europe/Warsaw,SocialBot,3,15,5,8,9,13,37,4,730,9500,11800,2,6,3,4,76,20786471,213,15418060,4553840,21200,22300
FR Club 322,2,052cc5bd-065c-4c5e-9928-504c67b917a7,YouthFocusedBot_322,FR,Europe/Madrid,YouthFocusedBot,3,15,10,11,12,7,40,1,330,4350,5200,3,7,4,3,80,6386344,1404,6962400,4080218,21700,21400
FR Club 332,2,d3816e16-02ff-4009-a9cb-9f97dca7b638,ConservativeBot_332,FR,Europe/Paris,ConservativeBot,3,15,9,12,11,7,43,2,460,6100,7400,6,7,2,4,58,13124364,10297,9762030,3141271,15000,14280
IT Club 323,2,1e8a5f98-830a-460c-8474-32b6bbd4dd8a,LadderGrinderBot_323,IT,Europe/Amsterdam,LadderGrinderBot,3,15,8,13,9,8,47,4,720,9600,11800,4,10,4,4,77,24950660,489,15379200,3266884,21300,22100
IT Club 333,2,1fe03c85-0588-47ee-a9b0-570745c277b8,AggressiveTraderBot_333,IT,Europe/Rome,AggressiveTraderBot,3,15,15,6,10,14,32,3,590,7750,9700,4,6,5,1,65,9497770,1374,12560030,11013512,22100,22500
NL Club 325,2,39f83c5e-3f5b-4a5d-9b9b-6f1932c60545,NewManagerBot_325,NL,Europe/Berlin,NewManagerBot,3,15,13,28,0,2,86,4,730,9500,11800,4,6,4,2,94,19750134,7176,15417310,6076748,15000,13920
NL Club 335,2,2c4e0906-3186-4fe4-90f9-4524048a405a,LadderGrinderBot_335,NL,Europe/Amsterdam,LadderGrinderBot,3,15,4,8,13,9,33,1,330,4250,5200,5,8,5,3,85,6890153,435,6894330,3540921,21300,21500
PL Club 326,2,2cb83ea0-07c9-4c53-ad9c-b42cb6fd06c3,ConservativeBot_326,PL,Europe/Paris,ConservativeBot,3,15,2,25,0,5,80,3,590,7750,9600,7,10,4,2,80,13943725,8437,12497430,4109539,15000,13460
PL Club 336,2,89a69f46-a0c1-461e-89a2-81d90cf65196,SocialBot_336,PL,Europe/Warsaw,SocialBot,3,15,6,9,8,13,40,4,720,9500,11800,4,9,3,5,74,19260338,338,15321780,6905076,21900,22200
PT Club 330,2,9b7b88dd-c579-4670-9ea2-d0ff05897140,SocialBot_330,PT,Europe/Warsaw,SocialBot,3,15,12,0,28,2,2,3,590,7750,9600,6,8,2,3,70,13234956,251,12493350,6097927,21300,21600
PT Club 60,2,13521371-e8a6-40a5-92e3-2bb48ed3b307,SocialBot_60,PT,Europe/Warsaw,SocialBot,3,15,11,28,0,2,86,4,720,9500,11900,2,5,4,2,96,26756601,438,15368300,4406641,21100,21800
PT Club 90,2,a3c33e13-a9f8-4e3f-b418-bc2421bcddef,SocialBot_90,PT,Europe/Warsaw,SocialBot,3,15,16,10,6,14,44,3,590,7850,9600,4,8,2,2,66,19607399,401,12557130,5307758,21200,21400
AT Club 7,3,45bee91c-1361-46f9-90d0-004db455ad08,NewManagerBot_7,AT,Europe/Berlin,NewManagerBot,1,1,10,13,10,7,46,3,590,7950,9600,4,8,4,2,75,47162231,10541,20707430,6456924,15000,13120
BE Club 269,3,866130f8-e8cc-4d23-8af7-a4fccbf909e9,LadderGrinderBot_269,BE,Europe/Amsterdam,LadderGrinderBot,1,1,2,12,8,10,46,2,460,6000,7500,2,6,2,5,95,25754184,593,15961150,4230337,21300,22100
CH Club 168,3,509f7a8f-e9c2-4356-8664-284edd09d62b,SocialBot_168,CH,Europe/Warsaw,SocialBot,1,1,4,11,7,12,45,2,460,6000,7500,6,9,4,5,98,21609242,236,15949200,5689562,21500,21600
CH Club 8,3,aa62501e-4207-4f68-9a87-2ac523c37d43,ConservativeBot_8,CH,Europe/Paris,ConservativeBot,1,1,13,12,8,10,46,3,590,7750,9600,7,11,4,3,67,46465857,10475,20489100,8077895,15000,12400
DE Club 1,3,8ede3331-3007-49f1-b989-4716dd6a67b7,NewManagerBot_1,DE,Europe/Berlin,NewManagerBot,1,1,9,10,13,7,37,4,720,9500,12000,2,9,4,4,67,56373860,9844,25215880,5699820,15000,12200
DE Club 11,3,7d4fd99a-614c-4ed8-9011-e036130643ad,LadderGrinderBot_11,DE,Europe/Amsterdam,LadderGrinderBot,1,1,8,10,11,9,39,4,720,9600,11800,3,10,4,3,91,63021132,1963,25206000,4779085,21300,21200
DE Club 51,3,6e2df94a-2634-4a4c-8b1e-493f23c9a266,AggressiveTraderBot_51,DE,Europe/Rome,AggressiveTraderBot,1,1,6,8,11,11,35,1,330,4350,5300,5,10,3,5,107,13984784,1274,11434000,6556521,21700,20700
DE Club 91,3,665bb8e5-c759-4a1a-aac2-4d4844ef5b2c,NewManagerBot_91,DE,Europe/Berlin,NewManagerBot,1,1,5,11,8,11,44,2,470,6000,7400,4,6,2,5,101,28743795,5940,16042650,4080210,15000,15720
ES Club 14,3,0b50e7f4-6b2a-45c4-8be3-2ce590b91b8a,ConservativeBot_14,ES,Europe/Paris,ConservativeBot,1,1,16,11,8,11,44,3,590,7850,9600,6,8,4,4,94,45823676,10212,20617950,7293084,15000,13480
IT Club 3,3,933f443f-09a5-407c-bc18-41bbcdb3320d,AggressiveTraderBot_3,IT,Europe/Rome,AggressiveTraderBot,1,1,11,9,10,11,38,3,590,7750,9700,5,6,5,1,74,35604523,1464,20568930,6844545,21900,20800
NL Club 15,3,52f6e635-3dc4-434b-bf66-2519d96dd695,AggressiveTraderBot_15,NL,Europe/Rome,AggressiveTraderBot,1,1,14,8,12,10,34,1,330,4250,5400,4,8,2,4,62,12100096,1643,11385400,6229598,22100,21700
NL Club 35,3,4ab5b37d-8740-4cf7-bc6c-a7fff72cce75,LadderGrinderBot_35,NL,Europe/Amsterdam,LadderGrinderBot,1,1,7,11,10,9,42,4,720,9500,12000,6,6,3,1,101,57486691,1816,25209430,2938947,21200,21400
PL Club 16,3,907cf4c5-f585-46f1-8f4f-51c5fb16bc41,YouthFocusedBot_16,PL,Europe/Madrid,YouthFocusedBot,1,1,15,8,11,11,35,2,470,6100,7400,6,6,1,4,86,32356363,263,16128800,3707031,21200,21400
PL Club 196,3,80475701-453e-4e3c-b20c-864b2266fb17,YouthFocusedBot_196,PL,Europe/Madrid,YouthFocusedBot,1,1,1,8,12,10,34,4,720,9500,11900,6,10,3,4,101,47992826,481,25149700,4046857,21300,21500
PL Club 6,3,abe9916f-da9a-4d5e-9e9b-8935d429c00b,SocialBot_6,PL,Europe/Warsaw,SocialBot,1,1,12,10,9,11,41,4,720,9500,11900,3,8,3,3,83,58870124,146,25161630,6752522,21200,22000
PT Club 20,3,9bd6d0e3-22db-4fa7-a64b-8057caef5fbd,ConservativeBot_20,PT,Europe/Paris,ConservativeBot,1,1,3,7,11,12,33,1,330,4250,5200,5,6,2,3,97,11207219,8149,11287830,4679982,15000,13600
AT Club 17,3,bb554d47-4f0c-43f4-a48f-30bed7917de4,LadderGrinderBot_17,AT,Europe/Amsterdam,LadderGrinderBot,2,1,11,11,11,8,41,2,460,6000,7500,3,8,3,3,72,22678790,932,12496200,5894141,21300,20900
AT Club 97,3,6042a45e-2ae0-404b-8a5d-d41d915d7069,NewManagerBot_97,AT,Europe/Berlin,NewManagerBot,2,1,14,25,0,5,80,2,460,6000,7500,8,11,1,2,95,22082047,7278,12459050,5361224,15000,14640
CH Club 108,3,d237fcb6-3d82-4b30-a4c8-08f31ef9c699,SocialBot_108,CH,Europe/Warsaw,SocialBot,2,1,2,21,1,8,71,2,460,6000,7500,3,6,4,2,96,19934879,152,12522030,5088895,21600,21600
CH Club 128,3,8d277197-1e1d-4deb-9867-4d2b1f7c3676,ConservativeBot_128,CH,Europe/Paris,ConservativeBot,2,1,4,27,0,3,84,4,720,9600,11900,5,5,5,5,99,42270306,14928,19848180,2916326,15000,13000
DE Club 101,3,dedf002f-adcf-4ca0-a593-21c4cff22fe7,LadderGrinderBot_101,DE,Europe/Amsterdam,LadderGrinderBot,2,1,1,1,21,8,11,4,720,9600,11800,4,11,2,3,71,36019578,1032,19741080,6360337,21500,22100
DE Club 141,3,a1f6a63a-5e1c-4ef2-b218-23ec62fc1078,AggressiveTraderBot_141,DE,Europe/Rome,AggressiveTraderBot,2,1,9,0,26,4,4,2,460,6100,7400,5,10,6,5,68,12119577,929,12563730,5832411,21700,21300
DE Club 21,3,d203aa0a-4270-4b10-a65e-5d7c7c0774fc,AggressiveTraderBot_21,DE,Europe/Rome,AggressiveTraderBot,2,1,8,8,10,12,36,2,460,6000,7500,4,9,3,4,71,17313569,532,12499400,5905029,22000,22300
ES Club 114,3,edd45f0a-d532-4cdb-b9e8-21d8d5885f99,SocialBot_114,ES,Europe/Warsaw,SocialBot,2,1,6,11,10,9,42,2,460,6200,7400,5,10,2,3,90,13769236,1472,12600630,8764328,21100,21200
ES Club 124,3,63bd8cf2-7494-4ef3-b855-2e58a81d73cc,YouthFocusedBot_124,ES,Europe/Madrid,YouthFocusedBot,2,1,7,10,8,12,42,3,590,7750,9700,4,6,4,5,75,30920240,1498,16141080,3199927,21300,21300
ES Club 24,3,94a93111-b254-4354-b95f-c28afcee94d2,SocialBot_24,ES,Europe/Warsaw,SocialBot,2,1,13,0,25,5,5,3,590,7850,9700,3,7,3,3,66,30565366,1132,16203950,9514598,21200,21100
FR Club 142,3,cfa19b2e-4be4-4eab-b68c-81df44597284,YouthFocusedBot_142,FR,Europe/Madrid,YouthFocusedBot,2,1,10,26,0,4,82,4,720,9500,11900,5,9,2,2,96,41768334,1394,19708430,4611943,21200,21200
FR Club 22,3,db1b90c7-4b81-4e26-b7d1-41cc5de79767,YouthFocusedBot_22,FR,Europe/Madrid,YouthFocusedBot,2,1,3,0,27,3,3,1,330,4350,5200,3,8,4,3,62,9780429,515,8937630,5405027,21200,21700
IT Club 103,3,378b0f15-9098-42d9-ba40-9a52c3a33612,NewManagerBot_103,IT,Europe/Berlin,NewManagerBot,2,1,15,12,12,6,42,1,330,4250,5300,6,6,4,5,89,8275259,9514,8913800,5829245,15000,12400
IT Club 13,3,39f2a78b-4a9e-4776-ba83-00559ac1760a,NewManagerBot_13,IT,Europe/Berlin,NewManagerBot,2,1,12,11,11,8,41,2,460,6200,7400,3,4,3,3,84,26528635,12123,12646080,4032164,15000,13740
PT Club 10,3,80cae03b-b2a6-461e-b95e-031eadafd17c,YouthFocusedBot_10,PT,Europe/Madrid,YouthFocusedBot,2,1,16,12,12,6,42,3,590,7750,9700,5,5,5,3,78,42416680,1183,16147830,4178088,21400,20300
PT Club 130,3,23cb37cb-3c40-4520-a16c-55a8ad84b71a,YouthFocusedBot_130,PT,Europe/Madrid,YouthFocusedBot,2,1,5,10,11,9,39,2,460,6000,7500,5,7,3,4,88,18570303,1959,12507930,3805878,21500,19900
AT Club 147,3,589a6b40-2f68-472e-a18c-f1c4ba0cb8f3,AggressiveTraderBot_147,AT,Europe/Rome,AggressiveTraderBot,2,2,4,11,13,6,39,4,720,9700,11800,6,8,3,6,96,29557140,1551,19863480,7303733,22300,21300
AT Club 187,3,7410244a-394d-4122-a681-ed19020c0ce3,NewManagerBot_187,AT,Europe/Berlin,NewManagerBot,2,2,9,10,16,4,34,1,330,4250,5200,6,5,2,4,77,11273429,11911,8862750,3645067,15000,11400
BE Club 159,3,cf4a4fb7-02a9-4a50-a414-88af9b27bf2a,AggressiveTraderBot_159,BE,Europe/Rome,AggressiveTraderBot,2,2,11,10,6,14,44,1,330,4250,5200,3,10,3,4,85,4052813,835,8840850,9226352,22300,21600
BE Club 69,3,9d00d33d-2ac7-4249-b895-870243a5ba95,AggressiveTraderBot_69,BE,Europe/Rome,AggressiveTraderBot,2,2,6,9,13,8,35,4,720,9500,11900,4,7,4,2,82,30956093,1008,19740930,9999307,21900,21600
CH Club 158,3,1e5a943c-b8ee-43b3-bf17-7bcfb6b57fc8,ConservativeBot_158,CH,Europe/Paris,ConservativeBot,2,2,1,8,11,11,35,2,470,6000,7500,4,4,3,2,95,16238082,10771,12623300,3611202,15000,13600
CH Club 188,3,978d7089-6af5-4640-882b-abffbe7cd0f6,ConservativeBot_188,CH,Europe/Paris,ConservativeBot,2,2,14,12,9,9,45,2,460,6200,7400,6,11,2,2,105,24019295,8824,12588750,3476756,15000,15680
ES Club 44,3,a8befc6a-5bb4-4c7a-bed3-ce9439c1565c,ConservativeBot_44,ES,Europe/Paris,ConservativeBot,2,2,5,13,9,8,47,1,330,4250,5300,4,7,3,2,84,9747664,14124,8893230,6246815,15000,11200
FR Club 162,3,12649b06-dc19-4f0f-9fa0-089e09cf2006,SocialBot_162,FR,Europe/Warsaw,SocialBot,2,2,2,11,8,11,44,1,330,4350,5300,4,10,4,4,102,6695050,620,8966400,6586515,21600,21600
FR Club 2,3,276617e1-36df-4b2c-bd99-f83818f5443b,ConservativeBot_2,FR,Europe/Paris,ConservativeBot,2,2,12,6,10,14,32,3,590,7750,9700,3,5,3,4,71,37532537,10725,16134950,5858544,15000,12940
FR Club 42,3,5d75f75c-9d0f-4e12-ad1a-aa70e27c2dc6,SocialBot_42,FR,Europe/Warsaw,SocialBot,2,2,15,7,14,9,30,1,330,4450,5200,2,8,5,5,96,15993462,445,9028080,3991477,21400,22700
IT Club 163,3,c3009e63-0904-4b42-a51b-b2b11ebf0462,NewManagerBot_163,IT,Europe/Berlin,NewManagerBot,2,2,8,28,0,2,86,2,460,6000,7600,4,6,3,5,99,19804192,7969,12565400,4107372,15000,12320
IT Club 33,3,7bd17a9a-d8d4-45f4-9856-031cf161fffd,AggressiveTraderBot_33,IT,Europe/Rome,AggressiveTraderBot,2,2,7,0,28,2,2,3,590,7850,9600,3,9,3,6,59,22170544,1823,16164480,10732342,22200,21000
NL Club 175,3,6405272b-8865-4fa7-889e-dcbb45d690b8,NewManagerBot_175,NL,Europe/Berlin,NewManagerBot,2,2,3,13,11,6,45,4,720,9500,11800,6,5,2,4,97,37019716,14566,19702500,3759838,15000,10800
NL Club 185,3,40eb3c30-42f2-4d23-b94b-92f563fab8ae,LadderGrinderBot_185,NL,Europe/Amsterdam,LadderGrinderBot,2,2,13,9,12,9,36,3,590,7850,9600,4,10,2,2,105,33366955,1324,16123800,3200587,21400,21500
NL Club 5,3,4225f5c0-95d6-4427-b60a-6724e6d2cb42,LadderGrinderBot_5,NL,Europe/Amsterdam,LadderGrinderBot,2,2,16,14,7,9,51,3,590,7750,9800,6,9,3,3,74,40109316,284,16139600,4477709,21500,22600
PL Club 46,3,f0cf7f34-1d99-4610-930a-7161c6511689,YouthFocusedBot_46,PL,Europe/Madrid,YouthFocusedBot,2,2,10,16,10,4,52,1,330,4350,5200,2,7,4,3,94,11132347,1193,8945400,4966624,21500,21400
AT Club 237,3,861ad621-57b3-40ed-ab12-c9e478ad9132,AggressiveTraderBot_237,AT,Europe/Rome,AggressiveTraderBot,2,3,13,5,13,12,27,1,330,4250,5300,3,7,4,3,94,3336473,1183,8906100,6273820,21600,21000
BE Club 49,3,ef0deafb-34ad-4cdf-a1ee-f6729a1af026,NewManagerBot_49,BE,Europe/Berlin,NewManagerBot,2,3,11,7,12,11,32,3,590,7750,9700,6,9,4,3,82,34914541,11052,16109730,3956344,15000,13880
BE Club 89,3,bc117a96-6ec4-4599-be57-aca06325b959,LadderGrinderBot_89,BE,Europe/Amsterdam,LadderGrinderBot,2,3,16,12,11,7,43,3,590,7950,9600,4,9,4,2,97,35696692,1234,16233150,7582202,21300,21300
ES Club 224,3,85ba8c61-df12-4ab2-a54d-878c4b319c5c,ConservativeBot_224,ES,Europe/Paris,ConservativeBot,2,3,9,13,4,13,52,3,590,7750,9700,5,7,5,4,72,25255154,8053,16135880,8948830,15000,15300
ES Club 34,3,ea5fb1c3-6285-4bb9-90c7-6f4a69c2edf4,YouthFocusedBot_34,ES,Europe/Madrid,YouthFocusedBot,2,3,5,10,8,12,42,1,330,4250,5300,5,9,4,4,89,6307212,371,8887950,6108590,21400,22000
ES Club 54,3,b107ded3-baa6-4335-bda3-fa8e719a3b95,SocialBot_54,ES,Europe/Warsaw,SocialBot,2,3,14,13,5,12,51,4,720,9500,12000,2,8,5,2,83,41895170,1192,19772000,5017559,21500,20800
FR Club 62,3,949b6eb4-022a-44d0-b379-3e0573492d1f,ConservativeBot_62,FR,Europe/Paris,ConservativeBot,2,3,7,10,10,10,40,3,590,7850,9700,7,8,2,5,96,28560251,9640,16197350,8555009,15000,12000
IT Club 193,3,647ef435-813c-4a9e-af57-c1f72ea86a0b,NewManagerBot_193,IT,Europe/Berlin,NewManagerBot,2,3,15,11,12,7,40,2,460,6100,7500,6,10,2,4,100,19984750,11986,12563400,4638553,15000,13880
IT Club 223,3,ba2d3557-3469-457e-bd69-ac1f1499d4f3,NewManagerBot_223,IT,Europe/Berlin,NewManagerBot,2,3,4,7,10,13,34,2,460,6000,7400,4,10,5,6,72,18322035,11825,12479250,5543849,15000,13520
IT Club 53,3,2c1e5c2e-54c7-444c-bdc5-952aa0640fb9,LadderGrinderBot_53,IT,Europe/Amsterdam,LadderGrinderBot,2,3,12,12,7,11,47,4,720,9500,11900,5,7,4,5,97,41327296,12,19746780,5058608,21500,22900
IT Club 63,3,b558c959-a47b-400d-b8d9-03d7f7faf61b,AggressiveTraderBot_63,IT,Europe/Rome,AggressiveTraderBot,2,3,1,11,8,11,44,2,460,6000,7600,6,7,4,5,68,20752569,324,12558350,3964392,21800,22400
NL Club 215,3,c5542b62-89ff-4e6e-811d-9c302f44c8a2,LadderGrinderBot_215,NL,Europe/Amsterdam,LadderGrinderBot,2,3,8,10,10,10,40,2,460,6100,7400,3,6,4,5,83,14359504,1338,12567180,4751614,21600,21200
NL Club 55,3,b6abc6ab-c7c7-44bd-8501-2ed6f638b094,NewManagerBot_55,NL,Europe/Berlin,NewManagerBot,2,3,10,4,13,13,25,3,590,7850,9700,4,6,1,2,93,32843463,12183,16190900,7366942,15000,13720
PL Club 206,3,0e00ad8c-6d93-4e4a-8724-fa03fad4db12,ConservativeBot_206,PL,Europe/Paris,ConservativeBot,2,3,6,8,10,12,36,4,720,9500,11800,7,10,3,2,93,43004598,12359,19671600,1641229,15000,13260
PL Club 236,3,ffea076a-2d24-4f69-9ab3-3a58f45ec0c2,ConservativeBot_236,PL,Europe/Paris,ConservativeBot,2,3,3,10,7,13,43,4,720,9500,11900,6,7,2,4,90,38219731,13670,19726500,2891610,15000,12880
PT Club 80,3,02ba1b4a-9d46-442d-9f8f-e9da88c589f1,ConservativeBot_80,PT,Europe/Paris,ConservativeBot,2,3,2,8,11,11,35,3,590,7750,9700,5,8,3,2,71,31282522,13819,16110950,4193431,15000,12100
AT Club 287,3,3fa24f16-1ab9-4ede-9c17-53b099e8ea93,LadderGrinderBot_287,AT,Europe/Amsterdam,LadderGrinderBot,2,4,8,8,14,8,32,3,590,7750,9700,3,9,5,5,87,29056684,2088,16126830,3369356,21100,20400
AT Club 77,3,df464cc7-4b0a-48e9-a075-046aeb097d89,LadderGrinderBot_77,AT,Europe/Amsterdam,LadderGrinderBot,2,4,13,5,10,15,30,4,720,9600,11800,5,8,1,3,104,45172581,401,19753050,4912875,21400,21700
BE Club 79,3,bd686a80-6045-46e8-9cac-b32c87df4cc5,NewManagerBot_79,BE,Europe/Berlin,NewManagerBot,2,4,16,11,8,11,44,1,330,4250,5300,6,10,2,2,96,15419423,8061,8862900,3115979,15000,14280
CH Club 278,3,e848743e-5085-46bb-8441-7a9e0875e6e3,ConservativeBot_278,CH,Europe/Paris,ConservativeBot,2,4,2,8,13,9,33,4,720,9500,12000,5,7,3,6,103,36437196,11498,19781150,5371378,15000,13500
CH Club 48,3,fe109c31-effc-4947-b5a6-e30f399712ed,SocialBot_48,CH,Europe/Warsaw,SocialBot,2,4,1,13,8,9,48,2,460,6000,7400,4,7,3,4,92,20418995,1316,12469200,4578325,21300,21100
DE Club 271,3,d49b5510-0f8c-417f-a17b-23a0977df1c1,NewManagerBot_271,DE,Europe/Berlin,NewManagerBot,2,4,15,8,11,11,35,4,720,9600,11800,5,8,6,4,99,37243140,10340,19792980,5139507,15000,14900
DE Club 71,3,0fa76938-c336-4cb8-b461-cc4b6ec9e9ec,LadderGrinderBot_71,DE,Europe/Amsterdam,LadderGrinderBot,2,4,6,26,0,4,82,3,590,7850,9600,6,7,2,2,104,34038087,326,16146300,3510607,21200,21900
ES Club 244,3,da1e16b5-4efb-4950-a245-d03ca3b26550,YouthFocusedBot_244,ES,Europe/Madrid,YouthFocusedBot,2,4,12,12,10,8,44,4,730,9600,11800,6,7,4,5,105,38349220,1146,19895900,5610044,21400,21600
ES Club 4,3,897776e2-33be-4987-b08e-ed5596c99690,YouthFocusedBot_4,ES,Europe/Madrid,YouthFocusedBot,2,4,3,9,9,12,39,4,720,9600,11900,2,9,3,5,83,47529149,1062,19811150,6450685,21800,22000
ES Club 74,3,4037aed6-835a-42ac-a493-70332e7c1626,ConservativeBot_74,ES,Europe/Paris,ConservativeBot,2,4,14,10,5,15,45,4,730,9500,11800,5,5,5,2,87,47755975,14040,19817000,3514000,15000,12000
FR Club 242,3,3f81c58b-91eb-4d4d-af6f-ada6c0950c04,ConservativeBot_242,FR,Europe/Paris,ConservativeBot,2,4,4,9,9,12,39,1,330,4350,5200,5,6,5,2,63,10858062,12544,8948730,4808896,15000,13700
IT Club 253,3,5c6669fc-320a-412e-9135-16fa383519cb,NewManagerBot_253,IT,Europe/Berlin,NewManagerBot,2,4,5,0,26,4,4,1,330,4350,5300,6,8,3,2,73,12975321,8515,8957930,2875953,15000,13480
IT Club 273,3,55cd1f96-7da4-42a8-bdc2-65eec0caa8f8,AggressiveTraderBot_273,IT,Europe/Rome,AggressiveTraderBot,2,4,10,28,0,2,86,2,460,6100,7500,2,8,4,6,98,10677730,688,12603450,6904248,21800,22500
NL Club 75,3,b6d49245-a27a-4bf8-b1d3-73ff413977f8,AggressiveTraderBot_75,NL,Europe/Rome,AggressiveTraderBot,2,4,11,10,12,8,38,2,460,6000,7500,5,7,4,3,89,18286977,1299,12517850,5801797,21800,22600
PL Club 66,3,ddac0928-9dc7-4c1c-907a-69aeecc04adc,SocialBot_66,PL,Europe/Warsaw,SocialBot,2,4,9,0,28,2,2,1,330,4250,5300,6,7,5,4,70,11307474,131,8909630,5556700,21200,21400
PT Club 270,3,6e125b6c-3269-4eaa-82ef-1b8849221ac1,SocialBot_270,PT,Europe/Warsaw,SocialBot,2,4,7,14,8,8,50,2,460,6100,7400,2,9,3,4,69,18632611,1008,12542430,3978422,21200,20700
AT Club 87,3,f91d7011-73d9-47b4-a76d-18f10e8a8f34,AggressiveTraderBot_87,AT,Europe/Rome,AggressiveTraderBot,2,5,8,6,14,10,28,4,730,9500,11900,2,7,3,3,70,36215257,1513,19838780,8845518,21500,21200
CH Club 88,3,a93d43eb-2733-4268-903b-82b2b0649667,YouthFocusedBot_88,CH,Europe/Madrid,YouthFocusedBot,2,5,14,0,25,5,5,2,460,6000,7600,2,6,4,4,72,23980282,1138,12561500,5392568,21000,20700
ES Club 294,3,9c94cf3a-2337-49bd-a99a-d1aea9e211d3,SocialBot_294,ES,Europe/Warsaw,SocialBot,2,5,9,11,9,10,43,2,460,6000,7500,3,6,5,5,94,17201046,425,12542600,5976199,21700,22500
ES Club 314,3,7454b6c0-f657-401b-b5ee-924b9a54ce59,ConservativeBot_314,ES,Europe/Paris,ConservativeBot,2,5,4,9,12,9,36,4,720,9500,11800,5,6,1,3,103,33273362,12592,19682250,7264947,15000,13100
ES Club 334,3,edf15092-280a-4ad3-89f4-534a88171560,YouthFocusedBot_334,ES,Europe/Madrid,YouthFocusedBot,2,5,10,9,11,10,37,2,460,6100,7500,4,11,3,3,102,18531935,1470,12560900,5890783,21500,21700
ES Club 94,3,d2db60e9-2b6b-43b0-a70c-64fdfe3eb0ba,YouthFocusedBot_94,ES,Europe/Madrid,YouthFocusedBot,2,5,7,14,6,10,52,4,720,9500,11800,3,8,4,4,78,43263253,308,19696050,5927403,21000,21200
FR Club 32,3,7cce0f84-a095-4434-ae7a-abc6bf628974,ConservativeBot_32,FR,Europe/Paris,ConservativeBot,2,5,16,8,11,11,35,3,590,7750,9700,6,6,1,5,96,37959437,16130,16123400,4841801,15000,10400
FR Club 82,3,4409d607-6bac-442e-8606-52fbef3fa238,YouthFocusedBot_82,FR,Europe/Madrid,YouthFocusedBot,2,5,13,25,0,5,80,3,590,7950,9600,6,8,1,4,107,34617967,444,16217850,3321047,21700,21500
IT Club 313,3,e88f5e31-b99f-40c4-82fa-16246707d3d3,NewManagerBot_313,IT,Europe/Berlin,NewManagerBot,2,5,3,12,9,9,45,3,590,7750,9800,6,7,4,2,107,28357346,9891,16165700,5782111,15000,14080
IT Club 83,3,cdb01e03-ff03-4f33-bd2d-b59a7b0f591c,LadderGrinderBot_83,IT,Europe/Amsterdam,LadderGrinderBot,2,5,12,26,0,4,82,3,590,7750,9700,3,7,2,3,92,32150453,746,16108800,5650226,21400,22000
NL Club 295,3,49f4eb47-2247-4960-b237-694ca861ddef,NewManagerBot_295,NL,Europe/Berlin,NewManagerBot,2,5,6,11,7,12,45,1,330,4250,5300,7,8,2,4,88,9609829,9275,8886900,6433866,15000,14060
NL Club 325,3,39f83c5e-3f5b-4a5d-9b9b-6f1932c60545,NewManagerBot_325,NL,Europe/Berlin,NewManagerBot,2,5,2,11,10,9,42,4,730,9500,11900,5,7,4,2,100,36208154,11576,19842800,3384780,15000,10600
PL Club 96,3,912e4ee5-dd9b-4150-9688-56296d360c70,SocialBot_96,PL,Europe/Warsaw,SocialBot,2,5,11,0,26,4,4,2,460,6100,7500,6,6,5,2,62,26069972,266,12600930,4610265,21400,22600
PT Club 300,3,690261c2-40f2-40dd-9cfb-f20b71761820,SocialBot_300,PT,Europe/Warsaw,SocialBot,2,5,15,11,8,11,44,3,590,7750,9700,4,9,4,2,103,29725871,1176,16113000,5678585,21200,20700
PT Club 310,3,332122c9-cc07-4a71-876c-fbc890d17151,YouthFocusedBot_310,PT,Europe/Madrid,YouthFocusedBot,2,5,5,7,11,12,33,4,720,9600,11900,3,5,3,2,94,38833465,1751,19827530,5087157,21700,20000
PT Club 60,3,13521371-e8a6-40a5-92e3-2bb48ed3b307,SocialBot_60,PT,Europe/Warsaw,SocialBot,2,5,1,10,11,9,39,4,730,9500,11900,2,5,4,3,99,41879592,838,19852520,4729529,21400,21000
AT Club 107,3,c829abd4-dc16-4e64-a3b7-820a0be3b755,LadderGrinderBot_107,AT,Europe/Amsterdam,LadderGrinderBot,3,1,1,17,6,7,58,1,330,4450,5200,4,10,2,5,94,8399767,863,6995700,4955438,21500,22700
BE Club 109,3,6e20850e-76cc-450c-8384-7c3e2a05e758,NewManagerBot_109,BE,Europe/Berlin,NewManagerBot,3,1,12,9,7,14,41,2,460,6100,7400,6,10,3,4,99,16629155,7277,9750000,2810718,15000,16680
BE Club 29,3,65624b69-e859-4346-84ff-a00e772556ab,LadderGrinderBot_29,BE,Europe/Amsterdam,LadderGrinderBot,3,1,5,10,8,12,42,3,590,7750,9600,5,5,4,1,89,28054242,415,12523200,6042709,21500,21700
BE Club 99,3,9f651b5b-f5ee-4a61-910c-2c3f76315bdc,AggressiveTraderBot_99,BE,Europe/Rome,AggressiveTraderBot,3,1,11,7,9,14,35,2,460,6000,7500,4,8,3,3,76,9056947,221,9718850,7344465,22100,22300
CH Club 98,3,d703b9db-472b-48c3-bab7-71f4cf30b7af,ConservativeBot_98,CH,Europe/Paris,ConservativeBot,3,1,9,11,9,10,43,1,330,4350,5300,4,10,5,2,81,6130708,13758,6973230,5061982,15000,13400
DE Club 111,3,ad2b509b-3919-4c92-8b6a-759e44ea3a0c,AggressiveTraderBot_111,DE,Europe/Rome,AggressiveTraderBot,3,1,16,8,12,10,34,2,460,6000,7400,2,5,3,1,75,8504854,1281,9710730,10020913,22400,21600
DE Club 61,3,ea6cc8de-9250-42a9-9eb7-6cb2cb53b8ba,NewManagerBot_61,DE,Europe/Berlin,NewManagerBot,3,1,3,13,7,10,49,2,460,6000,7500,5,7,6,2,85,17217590,11789,9753380,5982583,15000,14700
ES Club 104,3,3398d426-6ecf-4aec-bfa4-ee7ff5bccc05,ConservativeBot_104,ES,Europe/Paris,ConservativeBot,3,1,4,7,13,10,31,1,330,4350,5300,5,7,5,3,106,6885591,13561,7000500,5506779,15000,11200
FR Club 102,3,2e5975bb-68ec-41f0-846e-ee73974f083c,SocialBot_102,FR,Europe/Warsaw,SocialBot,3,1,7,7,14,9,30,4,720,9600,11800,3,9,5,1,72,29351804,1366,15381300,5393911,21500,21500
FR Club 112,3,16dae8f3-3cf5-4914-b2e1-c0d7628a9aa8,YouthFocusedBot_112,FR,Europe/Madrid,YouthFocusedBot,3,1,8,14,7,9,51,4,720,9700,11800,2,6,3,4,91,30292440,321,15463680,6157208,21500,22600
NL Club 105,3,34c795cf-10d4-47e7-b354-3f281e6be23b,AggressiveTraderBot_105,NL,Europe/Rome,AggressiveTraderBot,3,1,15,12,8,10,46,4,720,9600,11900,5,9,1,2,95,21809566,1319,15375900,6630398,21800,21200
NL Club 135,3,3915e9a9-b86c-4ab8-b5c3-78e2555fb0d9,AggressiveTraderBot_135,NL,Europe/Rome,AggressiveTraderBot,3,1,10,9,11,10,37,4,720,9600,11800,4,7,3,6,99,34642457,926,15402450,5296227,22000,22600
PL Club 106,3,23570721-3740-4452-bd07-bda65e7d98d3,YouthFocusedBot_106,PL,Europe/Madrid,YouthFocusedBot,3,1,6,8,10,12,36,3,590,7850,9600,2,8,3,3,70,21912615,1483,12564450,4150844,21600,22200
PL Club 56,3,866c2106-91b3-44fc-9e0b-2769beee0185,ConservativeBot_56,PL,Europe/Paris,ConservativeBot,3,1,13,8,9,13,37,4,720,9500,11800,8,9,1,4,104,39987609,8079,15301350,4930496,15000,14240
PT Club 100,3,4a69f238-064e-4c61-91fd-faaa29235f02,YouthFocusedBot_100,PT,Europe/Madrid,YouthFocusedBot,3,1,14,9,8,13,40,3,590,7850,9600,4,9,1,2,98,22134320,1523,12541650,5416743,21100,21400
PT Club 110,3,2e607eb2-9abe-4f29-9645-c139d03b5e10,ConservativeBot_110,PT,Europe/Paris,ConservativeBot,3,1,2,6,17,7,25,4,730,9500,11900,6,9,4,2,77,31363023,10530,15417040,6339708,15000,15080
AT Club 117,3,058dda43-ed2a-4a0a-8ad8-8dc82e76f75a,AggressiveTraderBot_117,AT,Europe/Rome,AggressiveTraderBot,3,2,13,8,11,11,35,1,330,4350,5200,4,8,2,5,65,2754260,810,6947550,5457227,21600,22300
AT Club 127,3,6ac3d1cf-0ab1-459d-b690-ffdbd1c309dc,NewManagerBot_127,AT,Europe/Berlin,NewManagerBot,3,2,6,0,25,5,5,3,600,7750,9700,4,6,3,2,62,25786931,7634,12621650,4941060,15000,15120
BE Club 119,3,6bad2dd4-72a2-48a7-8ae0-3775f0347868,LadderGrinderBot_119,BE,Europe/Amsterdam,LadderGrinderBot,3,2,7,16,5,9,57,3,590,7750,9800,3,6,5,4,56,18400251,2056,12595880,7290308,21700,20000
CH Club 118,3,9b334a99-bb86-445b-8449-dd7006214729,YouthFocusedBot_118,CH,Europe/Madrid,YouthFocusedBot,3,2,4,6,11,13,31,3,590,7850,9700,3,4,3,4,65,26829902,1389,12627000,3896354,21200,21100
DE Club 121,3,6cf03c35-5944-4d2d-9ddd-ea9e60bf5736,NewManagerBot_121,DE,Europe/Berlin,NewManagerBot,3,2,9,9,10,11,38,3,610,7750,9600,5,9,5,3,64,25096022,6812,12668590,4199361,15000,12700
FR Club 122,3,9be1207f-5f76-4c8a-a455-64a00a71fef0,ConservativeBot_122,FR,Europe/Paris,ConservativeBot,3,2,14,11,8,11,44,2,460,6000,7600,5,8,2,4,84,17128683,13666,9745130,4936876,15000,12200
IT Club 113,3,aae09317-765d-4f1a-aad0-c1031e8c5629,LadderGrinderBot_113,IT,Europe/Amsterdam,LadderGrinderBot,3,2,2,9,12,9,36,1,340,4250,5200,5,8,4,3,89,3753276,317,6974550,6466354,21700,22000
IT Club 123,3,d5fb7d1c-1dc3-4fe6-9f94-d3d0411a55b3,AggressiveTraderBot_123,IT,Europe/Rome,AggressiveTraderBot,3,2,8,5,16,9,24,1,330,4350,5300,3,7,5,2,63,2728837,481,6989600,5860490,21700,21500
NL Club 115,3,60f771af-be6f-4cb3-aa1a-e7f7a91db9b7,NewManagerBot_115,NL,Europe/Berlin,NewManagerBot,3,2,5,25,0,5,80,2,460,6200,7400,5,7,4,3,101,10403468,9231,9829080,6343979,15000,12500
NL Club 125,3,93d2889c-9e67-49e0-a941-2b07f0b263ef,LadderGrinderBot_125,NL,Europe/Amsterdam,LadderGrinderBot,3,2,15,6,11,13,31,1,330,4250,5200,3,5,4,3,80,5016385,672,6909000,4708464,21600,21900
NL Club 25,3,5bd775b5-7e02-41b6-9909-936d9046ee1a,NewManagerBot_25,NL,Europe/Berlin,NewManagerBot,3,2,1,12,9,9,45,4,730,9500,11800,6,5,4,2,74,38536537,13324,15417160,5111501,15000,11400
PL Club 116,3,733b056c-6048-4926-8ea0-9b9be79576b3,ConservativeBot_116,PL,Europe/Paris,ConservativeBot,3,2,11,7,9,14,35,1,330,4350,5200,6,7,5,3,102,5535022,12618,6970080,6502159,15000,13280
PL Club 126,3,4477829a-d356-41f2-a109-2e1f8e7d39df,SocialBot_126,PL,Europe/Warsaw,SocialBot,3,2,3,11,6,13,46,1,330,4350,5300,6,8,4,5,75,8324731,1033,6987500,2580543,21400,21500
PT Club 120,3,846d15f7-d1c8-4a4e-ac5f-6c2c4375f102,SocialBot_120,PT,Europe/Warsaw,SocialBot,3,2,12,9,7,14,41,1,330,4250,5400,6,7,4,6,95,11867460,597,6973850,4409261,21700,22100
PT Club 230,3,d59eb841-ef43-4000-9fab-f342d6642863,ConservativeBot_230,PT,Europe/Paris,ConservativeBot,3,2,16,11,6,13,46,3,590,7750,9700,3,6,5,5,77,25271889,9871,12579300,5458469,15000,14740
PT Club 50,3,6516e4e3-94c2-4113-ae6e-371d44d6a19a,ConservativeBot_50,PT,Europe/Paris,ConservativeBot,3,2,10,10,9,11,41,1,330,4250,5400,2,6,5,2,60,8145296,14497,6971330,4769998,15000,13560
AT Club 137,3,32759de9-0961-430a-88e1-45fa1c05e423,LadderGrinderBot_137,AT,Europe/Amsterdam,LadderGrinderBot,3,3,1,9,13,8,35,4,720,9500,12000,3,9,4,5,90,33333869,1428,15381380,3265473,21500,21700
BE Club 129,3,414af5c9-b27d-4532-92f1-c1d9a51d18c0,AggressiveTraderBot_129,BE,Europe/Rome,AggressiveTraderBot,3,3,11,15,8,7,52,2,460,6100,7500,5,6,3,3,105,11031388,1179,9795900,6756343,21700,22500
BE Club 139,3,a71518ae-6bd8-4c32-96c3-112f006e8cc6,NewManagerBot_139,BE,Europe/Berlin,NewManagerBot,3,3,12,8,15,7,31,1,330,4250,5400,4,9,2,4,86,6211443,13199,6933800,5637894,15000,11600
BE Club 209,3,6f4e6e5f-4b95-4e89-b2e4-4f7c0bd89aa9,LadderGrinderBot_209,BE,Europe/Amsterdam,LadderGrinderBot,3,3,16,14,9,7,49,4,720,9600,11900,5,6,3,3,69,36407507,1962,15419780,4756518,21100,20900
CH Club 138,3,6c4121ed-9dad-4bf6-99f1-85fd6125f319,SocialBot_138,CH,Europe/Warsaw,SocialBot,3,3,3,11,12,7,40,3,590,7850,9700,4,10,1,2,87,26425464,345,12565250,2089009,21200,21300
CH Club 18,3,78687f93-28ab-4b2f-a3ff-ababe8e50ce3,SocialBot_18,CH,Europe/Warsaw,SocialBot,3,3,14,6,12,12,30,1,330,4350,5200,3,6,3,3,60,6907060,1844,6961650,3009794,21300,20900
CH Club 28,3,03fa215c-1feb-4bff-aed6-0bcde0dbaf69,YouthFocusedBot_28,CH,Europe/Madrid,YouthFocusedBot,3,3,13,12,6,12,48,2,460,6100,7500,2,8,2,1,80,17789734,1425,9772400,5078622,21100,20000
DE Club 131,3,4df51e17-610f-4418-ad6a-6755b64e29da,LadderGrinderBot_131,DE,Europe/Amsterdam,LadderGrinderBot,3,3,9,8,13,9,33,2,460,6000,7500,5,7,4,3,98,16978315,98,9734600,2107660,21300,21800
ES Club 134,3,5a34cfc7-c47a-4f00-b368-ecc363c88c5d,ConservativeBot_134,ES,Europe/Paris,ConservativeBot,3,3,10,13,8,9,48,3,590,7850,9600,6,7,3,3,80,24169180,13983,12579180,5413717,15000,13000
ES Club 144,3,f4ee7c8e-fcd1-42cb-b236-76f03d0259a0,SocialBot_144,ES,Europe/Warsaw,SocialBot,3,3,4,12,11,7,43,4,720,9600,11800,4,9,1,2,87,34327274,702,15355350,4695350,21300,20800
FR Club 132,3,0e92bb38-96b5-4869-9ac2-d5dae1f5e36c,SocialBot_132,FR,Europe/Warsaw,SocialBot,3,3,7,0,27,3,3,4,720,9600,11800,3,9,2,3,58,31395478,1387,15360180,4205428,21400,21200
FR Club 52,3,17179f0b-943f-4368-9dfd-13c777afb6ca,YouthFocusedBot_52,FR,Europe/Madrid,YouthFocusedBot,3,3,15,9,14,7,34,4,720,9600,11900,6,10,2,4,72,36459978,527,15386450,4787857,21400,21300
IT Club 133,3,6bfd34e6-7223-4624-892a-96f753d5ec1b,NewManagerBot_133,IT,Europe/Berlin,NewManagerBot,3,3,5,6,15,9,27,4,720,9500,11800,8,10,2,3,75,33915788,10067,15290100,3563712,15000,11000
IT Club 143,3,40b160c3-3724-40aa-a180-cddfac81385e,LadderGrinderBot_143,IT,Europe/Amsterdam,LadderGrinderBot,3,3,2,13,9,8,47,1,330,4250,5300,4,8,4,4,93,6555857,1227,6927500,6257105,21400,20300
PL Club 136,3,cb71ef22-c744-4af0-812c-575f81713f6e,YouthFocusedBot_136,PL,Europe/Madrid,YouthFocusedBot,3,3,6,15,6,9,54,2,460,6100,7400,6,8,6,5,66,15435175,1178,9793530,3205635,21300,21200
PT Club 140,3,99541c4c-0b0c-46c4-8034-3a2aa9ec8905,ConservativeBot_140,PT,Europe/Paris,ConservativeBot,3,3,8,27,0,3,84,2,460,6000,7600,5,5,3,4,103,10989629,11336,9775580,7198635,15000,11800
AT Club 157,3,9fa43d7f-8a47-439e-aba6-db987f7248e7,NewManagerBot_157,AT,Europe/Berlin,NewManagerBot,3,4,6,11,10,9,42,3,590,7850,9600,5,4,4,4,76,24925809,13602,12607200,2925076,15000,13400
BE Club 149,3,9d05907b-9e24-453e-8dda-ced0a3d27781,LadderGrinderBot_149,BE,Europe/Amsterdam,LadderGrinderBot,3,4,12,0,27,3,3,3,590,7750,9600,3,8,2,2,68,25522105,260,12489000,4007239,21300,21600
BE Club 19,3,f3be390f-d65e-43a2-b5a6-cbbfae9224a0,NewManagerBot_19,BE,Europe/Berlin,NewManagerBot,3,4,14,12,8,10,46,3,590,7850,9700,5,7,3,1,92,30782486,8597,12590730,4441471,15000,12800
CH Club 148,3,2ab46469-b77e-43f9-b298-f3470435bca3,YouthFocusedBot_148,CH,Europe/Madrid,YouthFocusedBot,3,4,5,10,11,9,39,4,720,9500,11800,5,10,5,2,100,28768159,1331,15309630,5257858,21700,21300
CH Club 68,3,31e1b802-7ad6-4021-a231-544009279d63,ConservativeBot_68,CH,Europe/Paris,ConservativeBot,3,4,10,11,11,8,41,2,460,6000,7400,6,7,2,5,75,16288153,13477,9705750,4206427,15000,13280
CH Club 78,3,93efb9ec-9131-4e3b-9e21-f2133c4850d0,SocialBot_78,CH,Europe/Warsaw,SocialBot,3,4,11,27,0,3,84,1,330,4250,5200,5,8,4,5,99,7744970,403,6895350,5870980,21200,22300
DE Club 151,3,7b179028-3132-4bfd-b990-1b6739d62f74,NewManagerBot_151,DE,Europe/Berlin,NewManagerBot,3,4,8,8,10,12,36,4,720,9500,11900,3,7,5,4,67,32718743,11471,15377630,4279176,15000,14140
FR Club 152,3,1c3c4ebc-f675-42e9-820f-b61c2c813267,ConservativeBot_152,FR,Europe/Paris,ConservativeBot,3,4,16,4,17,9,21,1,330,4350,5300,2,8,5,3,59,6979325,13700,6986450,4539277,15000,12160
IT Club 153,3,e44a908f-7b29-4afe-813b-4d580af22ddd,AggressiveTraderBot_153,IT,Europe/Rome,AggressiveTraderBot,3,4,9,11,11,8,41,4,720,9500,11900,4,8,5,5,93,27168823,262,15374480,7641962,21700,21900
IT Club 23,3,f7341735-a752-4b53-8893-f0c1e38e8935,LadderGrinderBot_23,IT,Europe/Amsterdam,LadderGrinderBot,3,4,15,17,4,9,60,4,720,9500,11900,6,8,4,3,67,36353990,280,15349880,4289476,21300,23000
NL Club 145,3,0ee2dbf9-4743-412a-b43b-6f04ac27e766,NewManagerBot_145,NL,Europe/Berlin,NewManagerBot,3,4,7,10,8,12,42,3,590,7750,9700,4,10,5,4,80,22252177,11031,12543530,3747735,15000,14720
NL Club 155,3,82ea824a-56f5-422e-81ca-72b7244f0553,LadderGrinderBot_155,NL,Europe/Amsterdam,LadderGrinderBot,3,4,2,14,12,4,46,2,460,6200,7400,2,11,5,3,84,11503974,40,9814950,6054542,21500,22600
PL Club 146,3,52f78a3c-528e-4edf-85b2-21c2a2767a13,ConservativeBot_146,PL,Europe/Paris,ConservativeBot,3,4,3,7,11,12,33,3,590,7750,9600,7,10,3,5,85,21083637,7912,12502830,6760524,15000,13860
PL Club 156,3,43c27470-7402-41df-8083-1d9d12ba7886,SocialBot_156,PL,Europe/Warsaw,SocialBot,3,4,4,11,7,12,45,2,460,6000,7500,3,9,3,5,63,15264643,292,9729000,5531444,21300,21300
PT Club 150,3,544c27bb-de9f-4cbb-bb96-86e5945d63d1,SocialBot_150,PT,Europe/Warsaw,SocialBot,3,4,1,12,14,4,40,1,330,4250,5200,3,8,5,4,69,6287436,1369,6898680,4506789,21400,21500
PT Club 160,3,8ee13033-6d5b-4685-b6db-770ea0c4ed25,YouthFocusedBot_160,PT,Europe/Madrid,YouthFocusedBot,3,4,13,8,12,10,34,2,460,6100,7500,6,7,4,6,85,17587687,299,9810950,3528639,21400,21700
AT Club 167,3,17d5aa00-c6b1-406a-826e-055fb50912e2,LadderGrinderBot_167,AT,Europe/Amsterdam,LadderGrinderBot,3,5,5,0,28,2,2,4,720,9600,11800,4,11,5,5,63,31166926,517,15386400,5162211,21200,21100
AT Club 27,3,5d07c108-2d4c-495f-9c75-2aabed9cab29,AggressiveTraderBot_27,AT,Europe/Rome,AggressiveTraderBot,3,5,2,11,13,6,39,2,460,6100,7400,3,9,4,3,56,7417813,1571,9761100,7703807,21700,21300
AT Club 67,3,c4d7d0ae-a6e1-4f60-bff6-6abc2f3dbcbf,NewManagerBot_67,AT,Europe/Berlin,NewManagerBot,3,5,9,13,9,8,47,1,330,4250,5400,5,7,2,2,64,8932487,8558,6939650,6272850,15000,14300
BE Club 169,3,a71f8db0-62a0-435a-8521-634fe4ab0e14,NewManagerBot_169,BE,Europe/Berlin,NewManagerBot,3,5,16,8,10,12,36,3,590,7750,9800,4,10,4,2,62,24613622,9392,12556430,5454515,15000,12320
DE Club 161,3,6125b99a-50fa-45d0-93c3-ebfd1ea39c0e,LadderGrinderBot_161,DE,Europe/Amsterdam,LadderGrinderBot,3,5,4,12,7,11,47,2,460,6100,7400,4,6,2,5,86,13310030,1248,9774150,4253454,21300,21300
DE Club 171,3,daa65a9b-b6bb-44ec-8f2e-632ba00bb5f1,AggressiveTraderBot_171,DE,Europe/Rome,AggressiveTraderBot,3,5,11,8,8,14,38,2,460,6000,7600,6,7,4,2,75,13763349,911,9760100,5629985,21700,21500
ES Club 164,3,9670dada-5531-4df0-813e-0065bd94272f,ConservativeBot_164,ES,Europe/Paris,ConservativeBot,3,5,14,6,12,12,30,4,720,9600,11800,5,10,2,2,85,30145819,10330,15348330,5526043,15000,11800
ES Club 174,3,2bdea1b8-9137-432a-a479-dc84dfed5f92,SocialBot_174,ES,Europe/Warsaw,SocialBot,3,5,7,11,11,8,41,4,720,9600,11800,5,10,3,3,93,30129386,331,15358950,4184100,21700,22000
FR Club 172,3,12d07ec7-3fd9-4d46-add7-3a00cf5b6787,YouthFocusedBot_172,FR,Europe/Madrid,YouthFocusedBot,3,5,3,7,12,11,32,3,590,7750,9700,5,11,3,3,65,16798176,349,12516180,5287264,21200,21100
IT Club 173,3,5ec03214-9e7d-435d-a34a-42d3ad4ba16c,LadderGrinderBot_173,IT,Europe/Amsterdam,LadderGrinderBot,3,5,8,11,11,8,41,1,330,4250,5300,5,4,4,2,84,7426935,327,6941850,3327721,21400,22000
NL Club 165,3,805f19a5-dd19-41c1-8e3b-e71d481dab82,AggressiveTraderBot_165,NL,Europe/Rome,AggressiveTraderBot,3,5,15,10,8,12,42,2,460,6100,7500,2,8,2,5,64,8117939,237,9789300,6145217,21800,22800
PL Club 166,3,928042f2-c455-42d2-a519-1f5715b9c56a,YouthFocusedBot_166,PL,Europe/Madrid,YouthFocusedBot,3,5,12,8,8,14,38,4,720,9500,11800,6,9,4,4,66,36135654,928,15318300,4037300,21400,20900
PL Club 176,3,3021236b-7224-4a15-a6a0-78b7e3cdac8f,ConservativeBot_176,PL,Europe/Paris,ConservativeBot,3,5,10,9,13,8,35,4,730,9500,11800,4,6,3,4,76,32047141,12332,15410710,5079859,15000,12320
PL Club 76,3,1e0d38f1-6b73-438e-9c17-10059ab3ed37,YouthFocusedBot_76,PL,Europe/Madrid,YouthFocusedBot,3,5,6,28,0,2,86,3,600,7750,9700,6,8,5,3,96,28227863,1198,12635000,4858996,21500,21800
PT Club 170,3,227f76e9-d947-4344-928c-10b2864b8921,ConservativeBot_170,PT,Europe/Paris,ConservativeBot,3,5,1,13,11,6,45,3,600,7750,9600,7,7,5,2,76,21559683,10542,12598540,6722438,15000,10400
PT Club 30,3,f286f20d-4ab8-46dc-aebb-efc937c99b3f,SocialBot_30,PT,Europe/Warsaw,SocialBot,3,5,13,12,6,12,48,3,600,7750,9700,3,9,4,2,61,30591066,1482,12612940,4560316,21100,20700
AT Club 177,3,7726824d-afd0-4720-b1df-8447e3b8754e,AggressiveTraderBot_177,AT,Europe/Rome,AggressiveTraderBot,3,6,2,4,16,10,22,1,330,4350,5300,6,10,1,4,68,2694070,482,6951200,6137553,21700,21900
BE Club 179,3,2e050987-5c0d-423c-ac4a-cb979d30f8b9,LadderGrinderBot_179,BE,Europe/Amsterdam,LadderGrinderBot,3,6,14,8,12,10,34,2,470,6000,7500,3,6,5,1,71,12779010,1576,9821900,4193529,21200,20700
BE Club 189,3,8df66b67-11dd-4874-9dcc-8c0c69873ac3,AggressiveTraderBot_189,BE,Europe/Rome,AggressiveTraderBot,3,6,15,7,14,9,30,3,590,7750,9700,5,6,4,2,75,18379089,396,12549200,6075628,22500,22700
CH Club 178,3,f7cd494e-db90-4c7d-8ed5-e927c89f8ee8,YouthFocusedBot_178,CH,Europe/Madrid,YouthFocusedBot,3,6,6,0,25,5,5,1,330,4250,5300,3,6,2,4,57,5600904,511,6918800,5374257,21400,21300
DE Club 181,3,dba1d7b5-ec52-4e11-8804-84183a881672,NewManagerBot_181,DE,Europe/Berlin,NewManagerBot,3,6,10,11,10,9,42,4,730,9500,11900,4,7,2,3,65,33178573,10870,15420460,5660978,15000,13320
DE Club 191,3,aa12b0d9-5f28-4a69-9adc-6a828e11992b,LadderGrinderBot_191,DE,Europe/Amsterdam,LadderGrinderBot,3,6,5,25,0,5,80,1,330,4350,5200,4,7,4,4,93,8056815,742,6959130,3896069,21500,22100
DE Club 31,3,7836103a-0c5e-404c-8ad9-37293c5b5bb7,NewManagerBot_31,DE,Europe/Berlin,NewManagerBot,3,6,3,0,27,3,3,2,460,6000,7400,4,10,5,5,58,19228309,12506,9707430,4441747,15000,11600
ES Club 184,3,37a87c73-6e0d-4ce4-a760-c4040ab057a2,YouthFocusedBot_184,ES,Europe/Madrid,YouthFocusedBot,3,6,12,0,26,4,4,2,460,6000,7500,5,8,2,1,68,14416157,1267,9709400,5112919,21200,20900
FR Club 182,3,8f366f50-ce8d-4d4d-85fa-2e2fd3f0d872,ConservativeBot_182,FR,Europe/Paris,ConservativeBot,3,6,1,16,4,10,58,2,460,6100,7400,6,7,3,6,89,14506010,13409,9781080,4529815,15000,13680
FR Club 192,3,bad3a036-0773-4308-8ea9-c68fe818b674,SocialBot_192,FR,Europe/Warsaw,SocialBot,3,6,4,27,0,3,84,4,720,9500,11900,4,10,3,2,96,35919094,1329,15330200,4369350,21700,21700
IT Club 183,3,abf7c41f-b3af-4317-a22b-a29cc0099c77,AggressiveTraderBot_183,IT,Europe/Rome,AggressiveTraderBot,3,6,8,8,12,10,34,1,330,4250,5300,2,10,2,2,69,2641522,390,6887300,5752923,21800,21600
PL Club 186,3,9d354edc-e005-48a4-9bb2-cac822a51b56,SocialBot_186,PL,Europe/Warsaw,SocialBot,3,6,9,10,11,9,39,2,470,6000,7500,5,9,4,1,75,13262892,666,9789340,3943930,21300,21200
PL Club 26,3,d2d68a57-8abc-4e1a-be2e-6531519a3bfb,ConservativeBot_26,PL,Europe/Paris,ConservativeBot,3,6,16,14,7,9,51,2,460,6100,7400,6,6,4,3,73,19340905,10181,9773850,5342250,15000,11600
PT Club 180,3,f1cd0063-ec68-4c9b-8622-a772b4679446,SocialBot_180,PT,Europe/Warsaw,SocialBot,3,6,7,12,8,10,46,4,720,9500,11900,3,7,2,2,90,34297624,1118,15344600,4939640,21300,21400
PT Club 190,3,e9c28f8e-57b8-433f-9968-ffc7b4678f44,YouthFocusedBot_190,PT,Europe/Madrid,YouthFocusedBot,3,6,13,12,8,10,46,3,590,7750,9700,3,7,4,5,64,24116691,1896,12555200,3807584,21500,19900
PT Club 70,3,3d50ec80-ab41-4029-96c6-f611127f7735,YouthFocusedBot_70,PT,Europe/Madrid,YouthFocusedBot,3,6,11,26,0,4,82,4,720,9600,11800,4,10,1,5,96,42399762,1932,15353850,4697521,21600,21700
AT Club 197,3,fed32b8d-50d2-46a2-aca4-ed271c50371f,LadderGrinderBot_197,AT,Europe/Amsterdam,LadderGrinderBot,3,7,11,7,12,11,32,3,590,7750,9700,5,8,1,1,89,26062750,1996,12513900,3959065,21400,20600
AT Club 207,3,e16d18cf-1c69-4d17-b6ec-dfde95b3b38c,AggressiveTraderBot_207,AT,Europe/Rome,AggressiveTraderBot,3,7,4,11,7,12,45,1,330,4250,5200,6,8,3,2,100,2701904,1245,6881400,8105435,21700,22400
BE Club 199,3,2fa86bf4-e587-47ce-9d03-cdcbd390d812,NewManagerBot_199,BE,Europe/Berlin,NewManagerBot,3,7,14,7,11,12,33,3,590,7750,9700,6,10,3,3,74,25589932,12165,12515450,3555227,15000,13080
CH Club 198,3,9b454fcd-1389-4e58-9b5e-42991220c672,SocialBot_198,CH,Europe/Warsaw,SocialBot,3,7,3,7,11,12,33,4,720,9500,12000,6,6,5,4,84,32733245,464,15407900,3957378,21400,21400
CH Club 208,3,26be6eda-03c2-4eb7-becd-40cd43495131,YouthFocusedBot_208,CH,Europe/Madrid,YouthFocusedBot,3,7,16,6,18,6,24,4,730,9500,11800,5,8,4,4,76,31184432,1106,15414000,7387914,21100,21500
DE Club 201,3,6e82c440-ddcb-42d0-9b5f-7e821f16fc65,AggressiveTraderBot_201,DE,Europe/Rome,AggressiveTraderBot,3,7,13,11,7,12,45,4,720,9700,11800,6,8,3,4,68,26064057,757,15441330,4480757,22000,22700
ES Club 194,3,cedf89f4-2d32-45c9-b91b-0377eadf72bc,ConservativeBot_194,ES,Europe/Paris,ConservativeBot,3,7,8,6,11,13,31,4,720,9500,11900,5,5,5,4,65,32046169,13171,15385130,5060137,15000,11000
ES Club 204,3,cc18fed3-d219-47f9-8223-417b67190452,SocialBot_204,ES,Europe/Warsaw,SocialBot,3,7,2,5,11,14,29,1,340,4250,5200,3,9,4,4,71,4674980,1474,6963780,4430514,21100,20800
FR Club 202,3,2e28c9cb-84ae-4db9-8181-4c3aade4f905,YouthFocusedBot_202,FR,Europe/Madrid,YouthFocusedBot,3,7,6,7,7,16,37,4,720,9700,11800,6,7,4,4,79,30386313,1572,15464550,5976771,21800,21500
FR Club 252,3,3905724b-1633-40a3-befa-4ca737602534,SocialBot_252,FR,Europe/Warsaw,SocialBot,3,7,15,18,6,6,60,4,720,9700,11800,3,5,4,5,101,37746230,1545,15476280,3832296,21400,20300
IT Club 203,3,b5195446-bdf8-446d-940c-35981cb427ff,LadderGrinderBot_203,IT,Europe/Amsterdam,LadderGrinderBot,3,7,1,11,5,14,47,1,330,4250,5300,4,6,5,4,87,6708746,448,6951330,5995504,21200,21100
IT Club 73,3,8447a90d-30a7-45e1-9855-497f52d25b65,NewManagerBot_73,IT,Europe/Berlin,NewManagerBot,3,7,9,10,13,7,37,1,340,4250,5200,7,10,2,4,75,10931181,10714,6945160,3777395,15000,14460
NL Club 195,3,651ed57b-2014-4b70-a3a5-b30c4b00369c,AggressiveTraderBot_195,NL,Europe/Rome,AggressiveTraderBot,3,7,5,7,7,16,37,2,460,6000,7400,4,6,2,4,66,7577064,768,9708900,8174288,22100,21800
NL Club 205,3,81f06e57-78c4-4417-88c5-d12b3f589847,NewManagerBot_205,NL,Europe/Berlin,NewManagerBot,3,7,7,11,6,13,46,3,590,7750,9700,5,6,4,3,85,22312692,10727,12553700,3478997,15000,12200
PT Club 200,3,25fb7040-7e85-4ace-b4d0-fc09aba473cf,ConservativeBot_200,PT,Europe/Paris,ConservativeBot,3,7,10,13,10,7,46,3,590,7750,9700,5,11,4,2,98,19640013,12507,12519050,5558876,15000,12900
PT Club 40,3,24fb6e23-dfea-42b0-b0aa-aadac5fdad3d,YouthFocusedBot_40,PT,Europe/Madrid,YouthFocusedBot,3,7,12,12,7,11,47,4,720,9500,11900,4,10,5,5,69,38752199,564,15352980,4466913,21300,21400
AT Club 217,3,2157cf5f-9895-4976-9e95-9eab43c004c3,NewManagerBot_217,AT,Europe/Berlin,NewManagerBot,3,8,4,12,11,7,43,4,720,9700,11800,4,8,2,5,86,29468429,11070,15437580,6829625,15000,12920
BE Club 219,3,2dce50ea-7b2d-49d3-9243-53664f92ead4,AggressiveTraderBot_219,BE,Europe/Rome,AggressiveTraderBot,3,8,10,10,8,12,42,1,330,4250,5300,4,11,3,4,82,5937467,401,6896750,4649499,21800,22100
CH Club 218,3,b0d68d1b-a70a-459b-a582-4358226c17a7,ConservativeBot_218,CH,Europe/Paris,ConservativeBot,3,8,3,11,12,7,40,2,460,6000,7500,5,6,6,3,82,17005445,10099,9757880,5244407,15000,13100
CH Club 38,3,e2316c34-1225-495b-ba72-38fdc02f33d3,ConservativeBot_38,CH,Europe/Paris,ConservativeBot,3,8,13,28,0,2,86,4,730,9500,11900,6,7,5,3,94,41523672,7673,15452260,4592647,15000,11000
DE Club 211,3,3fba51a5-5404-4394-9f83-d698c5bc25cd,NewManagerBot_211,DE,Europe/Berlin,NewManagerBot,3,8,8,9,14,7,34,3,590,7850,9600,3,6,4,4,87,24931691,11284,12597600,4442915,15000,12740
DE Club 221,3,652c18db-430d-477d-bd12-fce41d10b13c,LadderGrinderBot_221,DE,Europe/Amsterdam,LadderGrinderBot,3,8,14,0,28,2,2,1,340,4250,5300,6,6,5,1,62,7949701,1210,7010300,4753180,21400,21100
DE Club 41,3,c4b0bbd8-05d9-4ff9-b7c7-403a97fa1443,LadderGrinderBot_41,DE,Europe/Amsterdam,LadderGrinderBot,3,8,11,0,27,3,3,3,590,7850,9600,2,9,4,5,79,27581420,556,12572100,3744910,21300,21000
ES Club 214,3,42cd8404-3db0-4ab8-b6cf-1fe71011e5be,YouthFocusedBot_214,ES,Europe/Madrid,YouthFocusedBot,3,8,9,8,10,12,36,3,590,7750,9800,4,5,4,1,104,24339504,475,12582200,6192531,21300,21100
FR Club 212,3,87f2af33-e6e6-43f4-a776-534c200f70bc,ConservativeBot_212,FR,Europe/Paris,ConservativeBot,3,8,15,26,0,4,82,2,460,6000,7600,5,10,6,4,94,16295933,11747,9769880,5927976,15000,12900
FR Club 222,3,78bc74ec-9275-408f-90a5-202634921d44,SocialBot_222,FR,Europe/Warsaw,SocialBot,3,8,1,11,10,9,42,4,720,9500,12000,2,10,5,5,59,32138499,1372,15389750,4728972,21300,21200
FR Club 72,3,0e9d5569-a69a-4651-a61e-e4c2bc859d42,SocialBot_72,FR,Europe/Warsaw,SocialBot,3,8,6,7,13,10,31,1,330,4350,5200,3,9,3,1,83,10093071,677,6932400,4946061,21200,20900
IT Club 213,3,1e76a25b-c972-4dfc-bfe7-43b92f12f746,AggressiveTraderBot_213,IT,Europe/Rome,AggressiveTraderBot,3,8,2,10,11,9,39,3,590,7750,9700,6,6,3,4,86,15339804,246,12549680,8046970,22000,22800
NL Club 65,3,32df8fa3-7279-4406-823c-e836120bec2b,LadderGrinderBot_65,NL,Europe/Amsterdam,LadderGrinderBot,3,8,16,0,26,4,4,2,470,6000,7500,3,10,2,5,55,21838234,1998,9792950,7060464,21100,21100
PL Club 216,3,eda5c5f5-3349-45b7-af6e-643cea8876ac,SocialBot_216,PL,Europe/Warsaw,SocialBot,3,8,7,14,9,7,49,3,590,7850,9700,3,7,3,5,91,20568644,431,12617330,4312310,21300,22400
PT Club 210,3,26e9821e-0098-4850-80d6-ae3a7377bbef,SocialBot_210,PT,Europe/Warsaw,SocialBot,3,8,5,13,7,10,49,1,330,4250,5400,4,8,3,3,91,6341278,967,6944480,6549076,21300,21700
PT Club 220,3,dcd44b96-d0cd-4c15-9c4b-7723d0e249eb,YouthFocusedBot_220,PT,Europe/Madrid,YouthFocusedBot,3,8,12,27,0,3,84,2,460,6100,7400,6,7,6,2,107,13751616,760,9780030,5177020,21400,21400
AT Club 227,3,f858c1d7-560a-4bab-9249-f38b9ad4a909,LadderGrinderBot_227,AT,Europe/Amsterdam,LadderGrinderBot,3,9,9,9,9,12,39,4,720,9700,11800,5,8,4,2,72,32389507,1422,15440280,4944313,21200,21100
AT Club 37,3,942a8f1d-9e7d-49c4-8d4a-d5eab142b4ef,NewManagerBot_37,AT,Europe/Berlin,NewManagerBot,3,9,2,10,10,10,40,4,720,9500,11900,5,6,4,3,83,34113537,6708,15366300,3823938,15000,13900
AT Club 47,3,a18147b4-d85f-4772-9183-2bc398368a08,LadderGrinderBot_47,AT,Europe/Amsterdam,LadderGrinderBot,3,9,12,8,7,15,39,1,330,4250,5300,5,6,4,2,97,11745319,344,6933500,4698676,21300,21900
BE Club 229,3,86c8e514-d8a2-47d2-98fa-83eeb00f7e11,NewManagerBot_229,BE,Europe/Berlin,NewManagerBot,3,9,6,9,11,10,37,2,460,6100,7500,6,6,2,4,83,15310540,13845,9800750,3998686,15000,13000
BE Club 239,3,8e3dea39-af7b-480c-8625-29b6971c213c,LadderGrinderBot_239,BE,Europe/Amsterdam,LadderGrinderBot,3,9,1,10,10,10,40,3,590,7750,9600,3,8,5,1,92,25013259,267,12508530,4455016,21600,21700
CH Club 228,3,6623ae82-350a-436c-b5ba-d4feb42d47a3,SocialBot_228,CH,Europe/Warsaw,SocialBot,3,9,7,13,8,9,48,1,330,4250,5300,6,5,1,4,92,9272576,469,6926550,4155437,21000,22400
CH Club 238,3,77835fd8-9111-41da-9f5e-d9063ff519a8,YouthFocusedBot_238,CH,Europe/Madrid,YouthFocusedBot,3,9,15,7,16,7,28,2,460,6100,7500,3,9,3,4,60,14812182,212,9777480,4962830,21200,22600
DE Club 231,3,13c0a18d-92e3-45eb-bfb7-1db59d64c124,AggressiveTraderBot_231,DE,Europe/Rome,AggressiveTraderBot,3,9,3,26,0,4,82,4,720,9500,11800,6,7,4,3,96,29311474,1052,15336150,3584879,21600,21900
ES Club 234,3,58f8d124-971c-4ddf-a784-fad348ce85bf,SocialBot_234,ES,Europe/Warsaw,SocialBot,3,9,5,11,9,10,43,2,460,6100,7400,6,10,2,2,90,16619859,1154,9730380,5604410,21400,21300
FR Club 232,3,f9f8cd8f-944f-423a-a641-ab0534efd302,YouthFocusedBot_232,FR,Europe/Madrid,YouthFocusedBot,3,9,10,9,9,12,39,2,460,6100,7400,3,11,1,3,91,13588207,553,9719700,5013073,21600,21400
IT Club 233,3,19afd42f-7c4d-4cdc-91e2-6728648f135b,LadderGrinderBot_233,IT,Europe/Amsterdam,LadderGrinderBot,3,9,11,7,8,15,36,1,330,4250,5300,3,9,3,5,77,5322998,1114,6909630,4709805,21500,22100
NL Club 225,3,f6828005-1708-4351-a898-c607d000aa81,AggressiveTraderBot_225,NL,Europe/Rome,AggressiveTraderBot,3,9,13,7,14,9,30,4,720,9500,12000,2,6,5,2,90,23587124,881,15398630,8158130,21800,22100
NL Club 235,3,b2766ce3-d69d-4e1d-bbd4-34189c147217,NewManagerBot_235,NL,Europe/Berlin,NewManagerBot,3,9,8,8,13,9,33,1,330,4250,5300,5,7,5,5,94,10026942,9438,6939680,5588800,15000,14100
PL Club 226,3,174ebe89-b548-4501-9a13-bfec9343eb00,YouthFocusedBot_226,PL,Europe/Madrid,YouthFocusedBot,3,9,4,0,26,4,4,2,460,6100,7400,3,8,3,4,65,13739629,918,9764580,5029212,21100,21500
PL Club 276,3,28e388ea-8d2e-4ca5-ba30-2fd7e17f0c3b,SocialBot_276,PL,Europe/Warsaw,SocialBot,3,9,16,16,7,7,55,3,590,7750,9700,3,6,1,5,67,27521636,1017,12546900,4132920,21200,21100
PT Club 240,3,120467cf-df04-4d76-afdc-ca08315a5ba4,SocialBot_240,PT,Europe/Warsaw,SocialBot,3,9,14,14,7,9,51,4,720,9600,11900,6,10,3,1,96,29070474,1016,15388700,4446378,21200,21200
AT Club 247,3,d36d5211-d4a5-4b5d-b133-314eff2373ea,NewManagerBot_247,AT,Europe/Berlin,NewManagerBot,3,10,9,7,11,12,33,2,470,6000,7400,5,6,4,3,85,17827723,12245,9798610,3956176,15000,13500
BE Club 249,3,a698e019-620c-48a1-9fa1-8a97bd242ae5,AggressiveTraderBot_249,BE,Europe/Rome,AggressiveTraderBot,3,10,13,14,4,12,54,4,720,9600,11800,6,7,4,4,84,23136718,477,15394200,7354566,22300,22500
BE Club 39,3,a3a1617c-d7cd-42bf-b638-57ebc93ba68b,AggressiveTraderBot_39,BE,Europe/Rome,AggressiveTraderBot,3,10,11,0,27,3,3,3,590,7750,9800,6,8,5,2,63,20645279,515,12579380,10797180,22300,21800
CH Club 248,3,e1f2a47d-7140-4c01-b84d-15e8b6841c9f,ConservativeBot_248,CH,Europe/Paris,ConservativeBot,3,10,16,0,26,4,4,4,730,9500,11900,3,8,4,4,58,30072971,13541,15435500,5350996,15000,12600
DE Club 241,3,9b31a30c-c4b2-49de-a260-14063fbbc95b,NewManagerBot_241,DE,Europe/Berlin,NewManagerBot,3,10,14,4,14,12,24,2,460,6000,7400,5,6,5,5,94,17619025,6803,9730050,4363461,15000,13900
DE Club 251,3,6fecdeab-e9a1-4234-9c78-745ed15ad3b5,LadderGrinderBot_251,DE,Europe/Amsterdam,LadderGrinderBot,3,10,8,10,7,13,43,3,590,7750,9700,4,5,2,5,79,25465988,203,12553730,3670267,21700,22700
ES Club 254,3,95d64aa9-e7a0-4460-853d-b59abc0ff97c,ConservativeBot_254,ES,Europe/Paris,ConservativeBot,3,10,2,11,8,11,44,3,590,7850,9600,6,8,3,4,92,26193985,11248,12569100,3595286,15000,13480
IT Club 243,3,a715d37c-88fa-40cf-a9dd-70023c0a25b3,AggressiveTraderBot_243,IT,Europe/Rome,AggressiveTraderBot,3,10,5,12,14,4,40,2,460,6000,7500,6,10,4,3,79,6674309,728,9719330,7382591,22200,22100
NL Club 245,3,4d09bd4c-ea9c-4dae-8a76-02a4f4dd1958,LadderGrinderBot_245,NL,Europe/Amsterdam,LadderGrinderBot,3,10,7,7,10,13,34,3,590,7750,9800,4,5,2,2,72,23515287,521,12570500,4658357,21700,21900
NL Club 255,3,b6e578e7-c1a9-4728-9dcc-434509d285f1,AggressiveTraderBot_255,NL,Europe/Rome,AggressiveTraderBot,3,10,3,9,12,9,36,1,330,4250,5400,2,6,5,4,85,177843,848,6980450,7813755,21900,21300
NL Club 45,3,83aa17f7-769b-4fb0-9e8f-5903a6a78480,AggressiveTraderBot_45,NL,Europe/Rome,AggressiveTraderBot,3,10,12,27,0,3,84,4,720,9600,11900,5,7,5,5,106,27575895,1938,15437630,7166124,21600,20000
NL Club 85,3,2daeb87a-10f8-4b65-8fe7-6de0ec2de769,NewManagerBot_85,NL,Europe/Berlin,NewManagerBot,3,10,10,11,7,12,45,3,590,7750,9800,5,7,3,4,89,27627191,10532,12580100,4137363,15000,11800
PL Club 246,3,5240c73a-a3b5-482b-939b-6b32b582f056,SocialBot_246,PL,Europe/Warsaw,SocialBot,3,10,4,12,9,9,45,3,590,7850,9700,4,8,3,5,81,24847111,292,12609000,4291811,21500,22300
PL Club 256,3,a5d2a6b2-c9ce-4b25-9ff4-b08a2f217bdf,YouthFocusedBot_256,PL,Europe/Madrid,YouthFocusedBot,3,10,1,8,11,11,35,3,590,7750,9700,6,11,3,3,84,23807746,228,12515330,5604597,21600,22300
PL Club 86,3,583ace32-0ada-454b-8de3-5c0517b8b154,ConservativeBot_86,PL,Europe/Paris,ConservativeBot,3,10,15,26,0,4,82,3,590,7750,9700,6,6,4,4,94,26817168,15544,12565550,4724495,15000,11800
PT Club 250,3,eedccac3-3e5e-4dc8-9772-5ed0fa2e7a6f,YouthFocusedBot_250,PT,Europe/Madrid,YouthFocusedBot,3,10,6,14,12,4,46,1,340,4250,5200,2,8,6,2,55,8397977,1095,6978480,3040814,21400,22100
AT Club 257,3,97f39fbf-683f-43e4-a5fd-2a7bada102f2,LadderGrinderBot_257,AT,Europe/Amsterdam,LadderGrinderBot,3,11,9,10,13,7,37,4,720,9500,11900,3,5,1,4,95,30818971,216,15361350,5555817,21500,21400
AT Club 267,3,504ee900-9608-4d35-9f0f-7b85335f1fcd,AggressiveTraderBot_267,AT,Europe/Rome,AggressiveTraderBot,3,11,8,9,12,9,36,2,460,6000,7400,5,9,2,4,74,10539748,283,9686250,4811547,21700,21800
BE Club 259,3,9f903b42-874c-43ff-b34d-fac05649c097,NewManagerBot_259,BE,Europe/Berlin,NewManagerBot,3,11,3,10,12,8,38,3,590,7750,9700,5,9,3,4,79,26548869,11623,12528450,3546761,15000,12700
BE Club 9,3,ef42753c-80d6-4691-9d81-3256e965edcd,AggressiveTraderBot_9,BE,Europe/Rome,AggressiveTraderBot,3,11,12,11,8,11,44,2,460,6000,7500,4,7,4,6,89,17157588,713,9756450,6946620,21900,22200
CH Club 258,3,ef52adc4-814b-40ef-a680-c30116584649,SocialBot_258,CH,Europe/Warsaw,SocialBot,3,11,2,28,0,2,86,3,590,7950,9600,6,6,5,3,97,24495591,1135,12656430,4188529,21200,21700
CH Club 268,3,371ade83-2ba6-4a5f-864a-12f7c03902db,YouthFocusedBot_268,CH,Europe/Madrid,YouthFocusedBot,3,11,4,12,10,8,44,2,460,6000,7500,2,8,5,6,91,15568674,1354,9755780,3468676,21400,21200
DE Club 261,3,4baa7405-4c02-40ce-a733-6d13b772747b,AggressiveTraderBot_261,DE,Europe/Rome,AggressiveTraderBot,3,11,10,13,10,7,46,1,330,4250,5300,5,10,2,5,85,791806,1708,6900380,7795028,21900,21300
ES Club 264,3,667a6255-a6ac-4524-ab0a-01857f3eb68c,SocialBot_264,ES,Europe/Warsaw,SocialBot,3,11,7,12,9,9,45,4,720,9500,11900,3,6,2,3,62,29435256,599,15349680,7062030,21200,20900
FR Club 262,3,8e2fa78b-8c83-4934-b4c0-4d3f1d168eae,YouthFocusedBot_262,FR,Europe/Madrid,YouthFocusedBot,3,11,16,8,8,14,38,1,340,4350,5200,6,11,3,2,65,4905381,256,7000080,6973296,21200,22800
FR Club 272,3,c4dde019-83e3-400d-ba8c-b284f97df8ab,ConservativeBot_272,FR,Europe/Paris,ConservativeBot,3,11,13,14,8,8,50,2,460,6100,7500,6,6,3,5,72,13788576,14471,9813350,7402093,15000,11800
IT Club 263,3,31595175-aa7a-49fd-94e8-93098b1e1f2f,LadderGrinderBot_263,IT,Europe/Amsterdam,LadderGrinderBot,3,11,5,12,8,10,46,1,330,4250,5300,4,5,4,2,68,8034401,288,6933230,5940729,21600,22900
IT Club 43,3,cc5e0c17-f5a5-4328-9ab1-09684da9f2df,NewManagerBot_43,IT,Europe/Berlin,NewManagerBot,3,11,14,8,14,8,32,4,720,9500,11900,7,9,3,2,72,41749091,9916,15338550,4833866,15000,12400
NL Club 265,3,fefd58ec-aa7b-4fec-b9b6-0baebf7229c1,NewManagerBot_265,NL,Europe/Berlin,NewManagerBot,3,11,1,0,28,2,2,3,590,7850,9700,6,7,2,3,67,22843243,4259,12600500,5875704,15000,15080
NL Club 95,3,9fc9b381-8fb7-4660-b834-0587e43e56f1,LadderGrinderBot_95,NL,Europe/Amsterdam,LadderGrinderBot,3,11,11,8,11,11,35,3,590,7850,9700,4,10,4,3,78,26482510,694,12592680,5258419,21300,22100
PL Club 266,3,88018614-ddd0-45ea-b515-95a8f1bd5fd9,ConservativeBot_266,PL,Europe/Paris,ConservativeBot,3,11,6,8,12,10,34,2,460,6100,7500,6,6,1,1,87,16594029,15671,9779300,4654375,15000,11400
PT Club 260,3,b88724d9-6595-4064-82b6-939419e685ec,ConservativeBot_260,PT,Europe/Paris,ConservativeBot,3,11,15,8,8,14,38,2,460,6000,7400,7,9,2,4,74,14246239,9115,9686130,5122391,15000,14660
AT Club 277,3,1eebfbdf-bed9-4e75-8a45-c86377f8e279,NewManagerBot_277,AT,Europe/Berlin,NewManagerBot,3,12,1,27,0,3,84,4,720,9500,11900,4,7,2,5,100,31135080,13069,15358100,5589583,15000,13800
BE Club 279,3,0636d97f-57fb-4714-bc45-8ef92c5d4ce9,AggressiveTraderBot_279,BE,Europe/Rome,AggressiveTraderBot,3,12,3,10,17,3,33,2,460,6000,7500,5,7,3,5,74,9518775,619,9743000,8500397,22100,22500
CH Club 288,3,b3e9c4a2-dcdc-4ab3-9209-ec55e5e69c26,SocialBot_288,CH,Europe/Warsaw,SocialBot,3,12,4,17,10,3,54,4,720,9600,11800,3,7,4,1,74,35862727,282,15390300,4794755,21400,21600
DE Club 281,3,2c75de8c-af7a-409e-9b76-a1caec8e8321,LadderGrinderBot_281,DE,Europe/Amsterdam,LadderGrinderBot,3,12,7,11,8,11,44,3,590,7850,9600,6,9,4,2,71,24855946,427,12568050,6489322,21500,21500
ES Club 154,3,cf29cbb5-e3ad-472b-84be-45f7a1720114,YouthFocusedBot_154,ES,Europe/Madrid,YouthFocusedBot,3,12,15,9,13,8,35,2,460,6000,7400,4,8,5,2,69,18935721,827,9701700,3803606,21800,22000
ES Club 274,3,45979e68-d4cb-4046-ac6f-f3bf834fde28,YouthFocusedBot_274,ES,Europe/Madrid,YouthFocusedBot,3,12,2,0,27,3,3,1,330,4250,5300,2,6,2,4,64,6384657,1527,6918380,4763577,21400,21200
ES Club 284,3,087b2db6-6f19-49a3-a412-5d3056b11547,ConservativeBot_284,ES,Europe/Paris,ConservativeBot,3,12,11,11,11,8,41,2,460,6100,7500,5,4,4,2,77,15136633,15979,9814350,4835520,15000,11600
ES Club 84,3,3a999bfc-1005-45df-9380-7a57839ef926,SocialBot_84,ES,Europe/Warsaw,SocialBot,3,12,5,8,13,9,33,3,590,7750,9700,3,6,4,2,69,26869791,1085,12550200,3475141,21500,21400
FR Club 282,3,7b5f43f4-6678-4ae7-b091-ee875b4cbcff,SocialBot_282,FR,Europe/Warsaw,SocialBot,3,12,8,8,11,11,35,3,590,7850,9600,6,6,3,2,92,27507435,473,12582450,4365471,21900,21800
FR Club 292,3,00fbebff-5dfe-43c7-a2e7-f71b21fca139,YouthFocusedBot_292,FR,Europe/Madrid,YouthFocusedBot,3,12,13,28,0,2,86,3,590,7750,9600,6,6,3,3,104,26054251,1623,12523680,4112708,21400,21500
IT Club 283,3,172ea290-ee7f-4199-b3e1-a5c4f4ffdd5d,NewManagerBot_283,IT,Europe/Berlin,NewManagerBot,3,12,6,13,8,9,48,4,720,9500,11800,6,7,5,3,88,30234889,11086,15344250,5711380,15000,12880
NL Club 275,3,6e66b817-c9ae-404b-8621-2281862569a2,LadderGrinderBot_275,NL,Europe/Amsterdam,LadderGrinderBot,3,12,12,11,11,8,41,3,590,7850,9700,2,9,4,3,68,26319225,994,12593930,3868625,21300,20900
NL Club 285,3,db11d7d6-6dcc-4f93-bfa2-e8656c230880,AggressiveTraderBot_285,NL,Europe/Rome,AggressiveTraderBot,3,12,10,8,9,13,37,2,460,6100,7400,4,8,5,3,88,15364676,930,9776280,4381281,22300,22500
PL Club 286,3,4a7b5830-15df-4f50-b3fd-2f5d0567dd70,YouthFocusedBot_286,PL,Europe/Madrid,YouthFocusedBot,3,12,14,0,28,2,2,2,460,6100,7400,3,10,3,5,72,11732133,501,9754080,7754569,21200,21500
PL Club 36,3,62f23780-5e60-40e4-9a03-ef15125a2d96,SocialBot_36,PL,Europe/Warsaw,SocialBot,3,12,9,9,8,13,40,3,590,7850,9700,5,11,2,2,75,27926672,730,12566000,4821831,21800,21300
PT Club 280,3,b7f1aad0-fc4b-4f19-910c-597d1d18abe7,YouthFocusedBot_280,PT,Europe/Madrid,YouthFocusedBot,3,12,16,13,9,8,47,1,330,4350,5200,4,9,5,3,75,7230170,1237,6955500,4552630,21500,21400
AT Club 297,3,a3e98b36-1558-4189-8cac-c033341581de,AggressiveTraderBot_297,AT,Europe/Rome,AggressiveTraderBot,3,13,13,10,9,11,41,1,330,4250,5200,6,9,4,3,102,3795036,277,6879000,5498911,21500,22900
AT Club 57,3,2ff9aabc-41f2-40f9-9c59-f0a3d2da9596,AggressiveTraderBot_57,AT,Europe/Rome,AggressiveTraderBot,3,13,15,13,9,8,47,2,460,6000,7600,5,10,5,4,90,11465274,679,9754700,7821988,21900,21500
BE Club 289,3,27ee8ac1-d92f-4258-9176-90d41ff8648c,NewManagerBot_289,BE,Europe/Berlin,NewManagerBot,3,13,3,0,29,1,1,1,330,4350,5200,5,9,5,3,67,4667698,8520,6947580,5484365,15000,18500
BE Club 299,3,2770a000-db39-4db3-9e78-83271e65a32a,LadderGrinderBot_299,BE,Europe/Amsterdam,LadderGrinderBot,3,13,9,10,8,12,42,3,590,7850,9700,6,5,5,2,67,23726756,425,12626700,3790512,21400,21300
CH Club 298,3,069ff971-69d3-40b8-b8bb-0a33994677fb,YouthFocusedBot_298,CH,Europe/Madrid,YouthFocusedBot,3,13,5,11,9,10,43,2,460,6000,7500,3,8,4,1,83,17228739,1934,9726330,2383157,21800,21000
DE Club 291,3,c5b59ffd-40e0-450b-a8ac-0be715c6008c,AggressiveTraderBot_291,DE,Europe/Rome,AggressiveTraderBot,3,13,10,8,10,12,36,4,720,9500,11900,4,6,5,5,73,24185995,192,15389480,8526447,22200,22900
DE Club 301,3,375336cb-7e7a-4de2-adcf-bfa4ac33d2b7,NewManagerBot_301,DE,Europe/Berlin,NewManagerBot,3,13,8,17,4,9,60,4,720,9500,11900,3,9,6,2,78,30417851,12519,15361730,8016053,15000,12400
ES Club 304,3,9bcf3d0a-e52d-4eb5-ad30-51eea03fd156,YouthFocusedBot_304,ES,Europe/Madrid,YouthFocusedBot,3,13,6,9,11,10,37,2,460,6000,7500,5,6,4,5,92,16617388,1495,9752100,4459173,21300,21300
FR Club 12,3,6b258a80-a54c-42ac-8d59-b406ddca0ffd,SocialBot_12,FR,Europe/Warsaw,SocialBot,3,13,12,5,14,11,26,4,720,9500,12000,5,10,5,3,77,43423260,777,15380480,5557282,21200,20900
FR Club 302,3,dd04329c-a549-432f-a804-cf2c044e94af,ConservativeBot_302,FR,Europe/Paris,ConservativeBot,3,13,1,11,9,10,43,1,330,4350,5300,4,6,3,3,83,8118434,11631,6985250,4359682,15000,13920
FR Club 92,3,7444395e-668d-4a3f-bb55-8e46e6f7503b,ConservativeBot_92,FR,Europe/Paris,ConservativeBot,3,13,4,29,0,1,88,4,720,9500,12000,5,7,6,2,96,38390847,12757,15399230,3690227,15000,12100
IT Club 293,3,344b676f-5b60-4fe0-a4ed-67f73fa332bf,LadderGrinderBot_293,IT,Europe/Amsterdam,LadderGrinderBot,3,13,7,4,17,9,21,2,460,6000,7500,4,8,1,1,80,15261911,520,9702300,6672000,21300,21700
IT Club 303,3,291681e3-6df4-4397-9f82-ed7058381110,AggressiveTraderBot_303,IT,Europe/Rome,AggressiveTraderBot,3,13,14,9,10,11,38,4,720,9500,12000,5,7,3,4,80,19703599,724,15391430,6866441,21800,21300
NL Club 305,3,7f215d67-612d-4222-8c78-13ebe8a96342,LadderGrinderBot_305,NL,Europe/Amsterdam,LadderGrinderBot,3,13,16,9,13,8,35,2,460,6000,7500,5,5,3,2,79,17976131,257,9738000,6149729,21600,21600
PL Club 296,3,7e794bdb-3053-43a0-bf3e-d660f1bd8908,ConservativeBot_296,PL,Europe/Paris,ConservativeBot,3,13,2,9,11,10,37,4,720,9500,11900,7,8,4,3,93,33504050,10638,15357530,4184525,15000,15060
PT Club 290,3,490425b1-1e4e-44c3-9420-c0d841da5e24,ConservativeBot_290,PT,Europe/Paris,ConservativeBot,3,13,11,14,5,11,53,3,590,7850,9600,3,6,5,1,93,22566485,13935,12586530,6987750,15000,11000
AT Club 307,3,d322c555-615a-453e-8d84-beb4bcf1c699,NewManagerBot_307,AT,Europe/Berlin,NewManagerBot,3,14,13,11,9,10,43,4,720,9500,11900,7,8,4,3,80,30335132,9042,15357380,4394340,15000,14660
AT Club 317,3,33ee69c4-dedd-4f76-bed6-0685eb40ba90,LadderGrinderBot_317,AT,Europe/Amsterdam,LadderGrinderBot,3,14,6,12,9,9,45,3,600,7750,9700,3,6,3,3,83,24049833,270,12624460,6823569,21500,23100
BE Club 309,3,5b2ae2dc-d6c4-454c-97b9-d035434c1f47,AggressiveTraderBot_309,BE,Europe/Rome,AggressiveTraderBot,3,14,8,6,11,13,31,3,590,7750,9700,5,7,4,4,77,13442450,1369,12550550,8210443,22200,22100
BE Club 319,3,d30a4e2f-10d1-4c27-bc2b-421af3f7f722,NewManagerBot_319,BE,Europe/Berlin,NewManagerBot,3,14,7,11,6,13,46,2,470,6100,7400,5,7,3,2,82,12125813,11285,9834330,6179149,15000,13500
BE Club 59,3,1a53b06d-fe24-4372-806f-39d5a03110f4,LadderGrinderBot_59,BE,Europe/Amsterdam,LadderGrinderBot,3,14,11,27,0,3,84,3,590,7750,9800,3,8,5,3,95,31569974,1155,12576530,5812570,21200,21400
CH Club 308,3,f9837b86-040b-4721-8be8-23cec22e0cb0,ConservativeBot_308,CH,Europe/Paris,ConservativeBot,3,14,16,7,10,13,34,4,720,9600,11900,6,10,5,3,78,32644763,8755,15412530,5069021,15000,13080
CH Club 318,3,29a6a04e-8632-46ac-b9e3-38eb8e473479,SocialBot_318,CH,Europe/Warsaw,SocialBot,3,14,3,15,7,8,53,4,720,9500,12000,3,6,2,5,95,31011467,1113,15387680,5939462,21100,21900
DE Club 311,3,ac6d4879-993d-492b-9b95-4ff381a93bd6,LadderGrinderBot_311,DE,Europe/Amsterdam,LadderGrinderBot,3,14,2,11,6,13,46,4,720,9500,11800,3,6,4,2,60,32358865,1000,15339030,6071162,21200,21300
DE Club 81,3,3facca74-18a2-449b-8714-7a30943ce555,AggressiveTraderBot_81,DE,Europe/Rome,AggressiveTraderBot,3,14,1,6,11,13,31,2,460,6000,7500,5,8,5,5,75,9267041,1297,9751550,7670746,21400,20600
ES Club 64,3,90c2dd4c-8c66-4884-9e68-fc0f41018589,YouthFocusedBot_64,ES,Europe/Madrid,YouthFocusedBot,3,14,15,10,7,13,43,4,720,9500,11900,3,7,3,3,63,39182173,430,15350700,4150992,21600,22700
FR Club 312,3,f203e13e-2ee0-4967-9c02-3c10a7431942,SocialBot_312,FR,Europe/Warsaw,SocialBot,3,14,5,9,12,9,36,3,590,7850,9600,3,9,5,2,81,21417633,1251,12568650,4539761,21200,21400
IT Club 93,3,f90e3d66-29f5-4256-9311-f84428390692,AggressiveTraderBot_93,IT,Europe/Rome,AggressiveTraderBot,3,14,14,9,11,10,37,3,590,7750,9800,3,8,2,2,87,26855535,298,12547730,6209299,21600,22400
NL Club 315,3,ee7de209-6269-4937-b372-e2fd833ce154,AggressiveTraderBot_315,NL,Europe/Rome,AggressiveTraderBot,3,14,4,7,15,8,29,2,460,6100,7400,4,9,2,3,91,5408392,1197,9742800,9161781,22000,22700
PL Club 306,3,f4cec2d1-d763-4992-8166-dd797e44424b,SocialBot_306,PL,Europe/Warsaw,SocialBot,3,14,12,0,27,3,3,2,470,6100,7400,3,9,4,3,61,9657365,443,9839550,5516704,21100,22300
PL Club 316,3,8eeb98dc-6f80-41a3-af39-8f545a0a526e,YouthFocusedBot_316,PL,Europe/Madrid,YouthFocusedBot,3,14,9,11,10,9,42,2,460,6100,7500,5,9,5,2,93,14783485,307,9792330,5447776,21500,23100
PT Club 320,3,1ac5d488-5346-416f-a41d-8e1a05b22b84,ConservativeBot_320,PT,Europe/Paris,ConservativeBot,3,14,10,10,11,9,39,2,460,6100,7400,6,6,1,4,81,11993313,11879,9756300,4712616,15000,12000
AT Club 327,3,8e872aa5-9eec-43ea-a18d-4063b6323a32,AggressiveTraderBot_327,AT,Europe/Rome,AggressiveTraderBot,3,15,16,9,9,12,39,1,330,4350,5300,5,9,5,3,73,2220954,1264,6978000,6639716,22100,22400
BE Club 329,3,4b3829e0-a5e1-41ca-a625-b30efd5b0e3e,LadderGrinderBot_329,BE,Europe/Amsterdam,LadderGrinderBot,3,15,14,14,6,10,52,4,720,9500,11900,2,8,2,2,52,32653470,1012,15336680,5799818,21300,21600
CH Club 328,3,5b02d8da-ebf1-4159-a005-daa73aacf476,YouthFocusedBot_328,CH,Europe/Madrid,YouthFocusedBot,3,15,13,6,14,10,28,4,720,9600,11800,6,9,5,5,77,39625589,249,15401130,4212516,21300,21600
CH Club 58,3,3ccee11b-4f59-420c-aa82-6e99e0eb768f,YouthFocusedBot_58,CH,Europe/Madrid,YouthFocusedBot,3,15,12,13,4,13,52,4,730,9500,11900,5,7,1,5,93,40658863,476,15429010,6389824,21100,20900
DE Club 321,3,851c9bc7-0195-44a5-9a9b-e3e368f05b84,AggressiveTraderBot_321,DE,Europe/Rome,AggressiveTraderBot,3,15,9,8,12,10,34,3,590,7850,9600,4,10,3,3,77,18666288,716,12556830,4947401,22500,22300
DE Club 331,3,98b8c3dc-1977-4005-8ddb-b5800c00e507,NewManagerBot_331,DE,Europe/Berlin,NewManagerBot,3,15,2,14,8,8,50,1,330,4450,5200,4,9,6,3,68,10809508,10709,7018830,3921421,15000,12200
ES Club 324,3,c1b97015-ca8f-4f25-b5e4-5574dfa84115,SocialBot_324,ES,Europe/Warsaw,SocialBot,3,15,8,6,10,14,32,4,730,9500,11900,2,7,4,5,79,31467060,413,15454580,4773991,21100,20900
FR Club 322,3,052cc5bd-065c-4c5e-9928-504c67b917a7,YouthFocusedBot_322,FR,Europe/Madrid,YouthFocusedBot,3,15,6,8,7,15,39,1,330,4350,5200,3,8,4,3,83,8024520,2004,6957000,5318824,21500,20900
FR Club 332,3,d3816e16-02ff-4009-a9cb-9f97dca7b638,ConservativeBot_332,FR,Europe/Paris,ConservativeBot,3,15,5,7,8,15,36,2,460,6200,7400,7,8,3,5,64,18280573,10837,9829980,4673771,15000,14460
IT Club 323,3,1e8a5f98-830a-460c-8474-32b6bbd4dd8a,LadderGrinderBot_323,IT,Europe/Amsterdam,LadderGrinderBot,3,15,3,10,16,4,34,4,720,9600,11800,4,10,5,4,83,36014014,489,15381630,4318276,21100,21100
IT Club 333,3,1fe03c85-0588-47ee-a9b0-570745c277b8,AggressiveTraderBot_333,IT,Europe/Rome,AggressiveTraderBot,3,15,11,4,13,13,25,3,590,7850,9700,4,7,5,1,71,15794164,1674,12614700,6318306,22000,21700
NL Club 335,3,2c4e0906-3186-4fe4-90f9-4524048a405a,LadderGrinderBot_335,NL,Europe/Amsterdam,LadderGrinderBot,3,15,10,12,8,10,46,1,330,4250,5300,5,8,6,4,91,8126992,1835,6935780,5698941,21300,19900
PL Club 326,3,2cb83ea0-07c9-4c53-ad9c-b42cb6fd06c3,ConservativeBot_326,PL,Europe/Paris,ConservativeBot,3,15,1,8,14,8,32,3,590,7750,9700,8,11,4,2,86,20734159,8397,12519200,5728766,15000,15040
PL Club 336,3,89a69f46-a0c1-461e-89a2-81d90cf65196,SocialBot_336,PL,Europe/Warsaw,SocialBot,3,15,7,10,6,14,44,4,720,9500,11800,4,10,3,5,80,29960851,38,15314700,4614187,21200,21500
PT Club 330,3,9b7b88dd-c579-4670-9ea2-d0ff05897140,SocialBot_330,PT,Europe/Warsaw,SocialBot,3,15,15,9,9,12,39,3,590,7750,9700,6,9,3,4,76,21112998,1351,12534680,4656638,21600,20500
PT Club 90,3,a3c33e13-a9f8-4e3f-b418-bc2421bcddef,SocialBot_90,PT,Europe/Warsaw,SocialBot,3,15,4,16,10,4,52,3,590,7850,9700,4,8,3,2,72,27876811,1201,12588830,4319418,21300,20500
AT Club 7,4,45bee91c-1361-46f9-90d0-004db455ad08,NewManagerBot_7,AT,Europe/Berlin,NewManagerBot,1,1,6,15,9,6,51,3,590,7950,9600,5,9,4,2,81,63759884,14141,20703600,4105947,15000,11400
BE Club 269,4,866130f8-e8cc-4d23-8af7-a4fccbf909e9,LadderGrinderBot_269,BE,Europe/Amsterdam,LadderGrinderBot,1,1,7,23,0,7,76,2,460,6000,7600,2,7,3,6,98,35840122,1393,16016980,5931042,21300,20500
CH Club 128,4,8d277197-1e1d-4deb-9867-4d2b1f7c3676,ConservativeBot_128,CH,Europe/Paris,ConservativeBot,1,1,3,7,13,10,31,4,720,9600,12000,5,5,5,5,105,61932919,18728,25353400,5690787,15000,11200
CH Club 168,4,509f7a8f-e9c2-4356-8664-284edd09d62b,SocialBot_168,CH,Europe/Warsaw,SocialBot,1,1,9,9,12,9,36,2,460,6000,7600,6,9,5,5,104,32692087,436,16006330,4923485,21300,21100
CH Club 8,4,aa62501e-4207-4f68-9a87-2ac523c37d43,ConservativeBot_8,CH,Europe/Paris,ConservativeBot,1,1,8,0,23,7,7,3,590,7750,9600,7,12,4,3,73,62950086,10815,20481600,3997371,15000,14660
DE Club 1,4,8ede3331-3007-49f1-b989-4716dd6a67b7,NewManagerBot_1,DE,Europe/Berlin,NewManagerBot,1,1,16,8,11,11,35,4,720,9500,12000,2,10,4,4,70,74604718,13644,25210500,6979642,15000,11200
DE Club 11,4,7d4fd99a-614c-4ed8-9011-e036130643ad,LadderGrinderBot_11,DE,Europe/Amsterdam,LadderGrinderBot,1,1,14,9,11,10,37,4,720,9600,11800,3,10,5,4,94,83035659,663,25210680,5196153,21400,22700
DE Club 91,4,665bb8e5-c759-4a1a-aac2-4d4844ef5b2c,NewManagerBot_91,DE,Europe/Berlin,NewManagerBot,1,1,10,12,9,9,45,2,470,6000,7400,5,6,3,6,107,41117799,8340,16047480,3673476,15000,12600
ES Club 14,4,0b50e7f4-6b2a-45c4-8be3-2ce590b91b8a,ConservativeBot_14,ES,Europe/Paris,ConservativeBot,1,1,11,8,10,12,36,3,590,7850,9700,7,9,5,4,100,62671074,13012,20667730,3820332,15000,12200
ES Club 224,4,85ba8c61-df12-4ab2-a54d-878c4b319c5c,ConservativeBot_224,ES,Europe/Paris,ConservativeBot,1,1,5,9,15,6,33,3,590,7750,9800,6,8,5,5,78,41956791,11373,20628850,3927213,15000,11680
IT Club 163,4,c3009e63-0904-4b42-a51b-b2b11ebf0462,NewManagerBot_163,IT,Europe/Berlin,NewManagerBot,1,1,1,10,8,12,42,2,460,6000,7700,5,6,4,5,105,28837639,10369,16071730,7038283,15000,12600
IT Club 273,4,55cd1f96-7da4-42a8-bdc2-65eec0caa8f8,AggressiveTraderBot_273,IT,Europe/Rome,AggressiveTraderBot,1,1,2,8,10,12,36,2,460,6100,7600,2,9,4,7,101,19981093,1288,16116850,6813487,21700,21100
IT Club 3,4,933f443f-09a5-407c-bc18-41bbcdb3320d,AggressiveTraderBot_3,IT,Europe/Rome,AggressiveTraderBot,1,1,15,11,8,11,44,3,590,7750,9700,5,6,6,1,80,49281761,1264,20577030,6899792,22000,22200
IT Club 83,4,cdb01e03-ff03-4f33-bd2d-b59a7b0f591c,LadderGrinderBot_83,IT,Europe/Amsterdam,LadderGrinderBot,1,1,4,13,7,10,49,3,590,7750,9700,3,8,2,3,95,48710016,646,20546400,3986837,21600,21700
NL Club 35,4,4ab5b37d-8740-4cf7-bc6c-a7fff72cce75,LadderGrinderBot_35,NL,Europe/Amsterdam,LadderGrinderBot,1,1,12,10,8,12,42,4,720,9500,12100,6,7,4,1,107,78553722,1116,25268530,4201499,21600,22300
PL Club 6,4,abe9916f-da9a-4d5e-9e9b-8935d429c00b,SocialBot_6,PL,Europe/Warsaw,SocialBot,1,1,13,11,9,10,43,4,720,9500,12000,3,8,4,4,86,78541430,1146,25215880,5544574,21300,20300
AT Club 107,4,c829abd4-dc16-4e64-a3b7-820a0be3b755,LadderGrinderBot_107,AT,Europe/Amsterdam,LadderGrinderBot,2,1,6,9,11,10,37,1,330,4450,5300,4,11,2,6,100,14550429,763,9033950,2883288,21100,21200
AT Club 17,4,bb554d47-4f0c-43f4-a48f-30bed7917de4,LadderGrinderBot_17,AT,Europe/Amsterdam,LadderGrinderBot,2,1,15,0,26,4,4,2,460,6000,7600,3,9,4,4,75,32015994,632,12546080,3208876,21200,21500
AT Club 97,4,6042a45e-2ae0-404b-8a5d-d41d915d7069,NewManagerBot_97,AT,Europe/Berlin,NewManagerBot,2,1,4,8,15,7,31,2,460,6000,7500,9,12,2,2,101,28950215,5258,12460830,5592662,15000,17020
BE Club 119,4,6bad2dd4-72a2-48a7-8ae0-3775f0347868,LadderGrinderBot_119,BE,Europe/Amsterdam,LadderGrinderBot,2,1,7,12,7,11,47,3,590,7850,9800,3,6,6,5,59,29595586,1956,16274580,5079245,21500,21600
CH Club 108,4,d237fcb6-3d82-4b30-a4c8-08f31ef9c699,SocialBot_108,CH,Europe/Warsaw,SocialBot,2,1,5,11,9,10,43,2,460,6000,7500,3,7,4,3,99,27367341,352,12519150,5086688,21300,21100
DE Club 51,4,6e2df94a-2634-4a4c-8b1e-493f23c9a266,AggressiveTraderBot_51,DE,Europe/Rome,AggressiveTraderBot,2,1,16,26,0,4,82,1,330,4350,5300,5,10,3,6,113,15880919,274,8962350,7066215,21700,22700
ES Club 114,4,edd45f0a-d532-4cdb-b9e8-21d8d5885f99,SocialBot_114,ES,Europe/Warsaw,SocialBot,2,1,12,14,11,5,47,2,460,6300,7400,5,11,3,3,96,22963814,2072,12682230,3487652,21200,20600
ES Club 124,4,63bd8cf2-7494-4ef3-b855-2e58a81d73cc,YouthFocusedBot_124,ES,Europe/Madrid,YouthFocusedBot,2,1,13,12,11,7,43,3,590,7850,9700,4,7,4,6,81,40647401,1598,16224150,6496989,21100,21000
FR Club 112,4,16dae8f3-3cf5-4914-b2e1-c0d7628a9aa8,YouthFocusedBot_112,FR,Europe/Madrid,YouthFocusedBot,2,1,9,12,8,10,46,4,720,9700,11800,2,7,4,4,94,45971239,321,19872930,4194131,21100,21100
FR Club 142,4,cfa19b2e-4be4-4eab-b68c-81df44597284,YouthFocusedBot_142,FR,Europe/Madrid,YouthFocusedBot,2,1,2,6,13,11,29,4,720,9600,11900,5,9,3,3,102,57642520,1594,19792980,3918794,21800,21600
IT Club 103,4,378b0f15-9098-42d9-ba40-9a52c3a33612,NewManagerBot_103,IT,Europe/Berlin,NewManagerBot,2,1,10,8,12,10,34,1,330,4250,5300,6,6,5,6,95,11492487,12314,8927280,5710052,15000,12200
IT Club 13,4,39f2a78b-4a9e-4776-ba83-00559ac1760a,NewManagerBot_13,IT,Europe/Berlin,NewManagerBot,2,1,14,11,12,7,40,2,460,6200,7500,4,5,4,4,90,34551574,12203,12699080,4676141,15000,14920
NL Club 115,4,60f771af-be6f-4cb3-aa1a-e7f7a91db9b7,NewManagerBot_115,NL,Europe/Berlin,NewManagerBot,2,1,3,15,8,7,52,2,460,6200,7400,6,8,5,3,107,16769400,11551,12642630,6276698,15000,12680
PL Club 136,4,cb71ef22-c744-4af0-812c-575f81713f6e,YouthFocusedBot_136,PL,Europe/Madrid,YouthFocusedBot,2,1,8,7,12,11,32,2,460,6200,7400,6,9,6,6,72,19763542,1778,12654150,8325783,21200,20600
PT Club 10,4,80cae03b-b2a6-461e-b95e-031eadafd17c,YouthFocusedBot_10,PT,Europe/Madrid,YouthFocusedBot,2,1,11,11,14,5,38,3,590,7850,9700,5,5,5,4,84,49610316,1083,16230750,9037114,21400,21500
PT Club 140,4,99541c4c-0b0c-46c4-8034-3a2aa9ec8905,ConservativeBot_140,PT,Europe/Paris,ConservativeBot,2,1,1,13,6,11,50,2,460,6000,7700,5,5,4,4,109,20805283,14736,12607730,2792076,15000,11600
AT Club 147,4,589a6b40-2f68-472e-a18c-f1c4ba0cb8f3,AggressiveTraderBot_147,AT,Europe/Rome,AggressiveTraderBot,2,2,14,8,8,14,38,4,720,9800,11800,6,9,4,7,102,41851357,1951,19949580,7655363,21600,21200
BE Club 159,4,cf4a4fb7-02a9-4a50-a414-88af9b27bf2a,AggressiveTraderBot_159,BE,Europe/Rome,AggressiveTraderBot,2,2,13,8,8,14,38,1,330,4250,5300,3,11,3,4,88,4738181,1135,8871200,8185832,21900,21600
CH Club 188,4,978d7089-6af5-4640-882b-abffbe7cd0f6,ConservativeBot_188,CH,Europe/Paris,ConservativeBot,2,2,11,9,7,14,41,2,460,6200,7500,7,12,3,3,111,29832743,10564,12633980,6820532,15000,13260
CH Club 78,4,93efb9ec-9131-4e3b-9e21-f2133c4850d0,SocialBot_78,CH,Europe/Warsaw,SocialBot,2,2,2,10,8,12,42,1,330,4250,5200,5,8,5,5,105,13573307,403,8868930,3040593,21200,21200
ES Club 44,4,a8befc6a-5bb4-4c7a-bed3-ce9439c1565c,ConservativeBot_44,ES,Europe/Paris,ConservativeBot,2,2,9,5,13,12,27,1,330,4350,5300,4,8,3,2,90,14484230,17924,8964300,4227734,15000,11200
FR Club 162,4,12649b06-dc19-4f0f-9fa0-089e09cf2006,SocialBot_162,FR,Europe/Warsaw,SocialBot,2,2,12,7,9,14,35,1,330,4350,5400,4,10,4,4,108,11370945,1020,8999300,4323405,21300,20900
FR Club 192,4,bad3a036-0773-4308-8ea9-c68fe818b674,SocialBot_192,FR,Europe/Warsaw,SocialBot,2,2,3,9,10,11,38,4,730,9500,11900,4,11,4,2,102,49822605,229,19810400,5906889,21300,22400
IT Club 23,4,f7341735-a752-4b53-8893-f0c1e38e8935,LadderGrinderBot_23,IT,Europe/Amsterdam,LadderGrinderBot,2,2,5,6,21,3,21,4,720,9500,12000,6,9,4,3,73,50156207,680,19768400,5966183,21300,20900
NL Club 175,4,6405272b-8865-4fa7-889e-dcbb45d690b8,NewManagerBot_175,NL,Europe/Berlin,NewManagerBot,2,2,10,13,5,12,51,4,720,9500,11800,6,5,2,4,103,52848939,15766,19702500,3873277,15000,13800
NL Club 185,4,40eb3c30-42f2-4d23-b94b-92f563fab8ae,LadderGrinderBot_185,NL,Europe/Amsterdam,LadderGrinderBot,2,2,15,5,15,10,25,3,600,7850,9600,4,11,2,2,111,45660409,424,16223270,3929816,21100,22000
NL Club 5,4,4225f5c0-95d6-4427-b60a-6724e6d2cb42,LadderGrinderBot_5,NL,Europe/Amsterdam,LadderGrinderBot,2,2,7,9,10,11,38,3,600,7750,9800,6,10,4,3,80,52200184,1484,16248200,4157332,21800,20600
PL Club 16,4,907cf4c5-f585-46f1-8f4f-51c5fb16bc41,YouthFocusedBot_16,PL,Europe/Madrid,YouthFocusedBot,2,2,16,15,5,10,55,2,470,6100,7500,6,7,2,5,92,39822294,1063,12694280,5228349,21300,20500
PL Club 46,4,f0cf7f34-1d99-4610-930a-7161c6511689,YouthFocusedBot_46,PL,Europe/Madrid,YouthFocusedBot,2,2,6,21,6,3,66,1,330,4350,5200,2,8,5,4,97,14517815,1193,8952780,5567312,21200,21200
PL Club 76,4,1e0d38f1-6b73-438e-9c17-10059ab3ed37,YouthFocusedBot_76,PL,Europe/Madrid,YouthFocusedBot,2,2,1,8,10,12,36,3,600,7850,9700,6,9,5,4,102,39137479,1198,16311150,5401534,21200,21200
PT Club 30,4,f286f20d-4ab8-46dc-aebb-efc937c99b3f,SocialBot_30,PT,Europe/Warsaw,SocialBot,2,2,8,10,9,11,41,3,600,7750,9700,3,10,5,3,64,39375137,1182,16220580,7436509,21300,21600
PT Club 70,4,3d50ec80-ab41-4029-96c6-f611127f7735,YouthFocusedBot_70,PT,Europe/Madrid,YouthFocusedBot,2,2,4,10,9,11,41,4,720,9600,11900,4,10,2,5,102,56695968,132,19787930,5491724,21100,22900
BE Club 89,4,bc117a96-6ec4-4599-be57-aca06325b959,LadderGrinderBot_89,BE,Europe/Amsterdam,LadderGrinderBot,2,3,10,23,0,7,76,3,600,7950,9600,4,10,5,3,103,47710477,1134,16340150,4326365,21300,21400
CH Club 38,4,e2316c34-1225-495b-ba72-38fdc02f33d3,ConservativeBot_38,CH,Europe/Paris,ConservativeBot,2,3,1,8,9,13,37,4,730,9500,11900,6,8,6,4,100,55982591,7993,19861380,5402461,15000,14680
DE Club 231,4,13c0a18d-92e3-45eb-bfb7-1db59d64c124,AggressiveTraderBot_231,DE,Europe/Rome,AggressiveTraderBot,2,3,3,7,16,7,28,4,720,9600,11800,6,8,4,3,102,42610800,1052,19777500,6478174,22000,22000
ES Club 34,4,ea5fb1c3-6285-4bb9-90c7-6f4a69c2edf4,YouthFocusedBot_34,ES,Europe/Madrid,YouthFocusedBot,2,3,12,11,11,8,41,1,330,4250,5300,5,10,4,4,95,11175009,1271,8888100,4020303,21200,20300
ES Club 54,4,b107ded3-baa6-4335-bda3-fa8e719a3b95,SocialBot_54,ES,Europe/Warsaw,SocialBot,2,3,6,5,11,14,29,4,720,9500,12000,2,8,5,3,86,57722973,1192,19777650,3949847,21100,21100
FR Club 252,4,3905724b-1633-40a3-befa-4ca737602534,SocialBot_252,FR,Europe/Warsaw,SocialBot,2,3,4,16,7,7,55,4,720,9700,11800,3,6,5,5,104,54814554,1345,19893030,2824706,21200,21400
FR Club 62,4,949b6eb4-022a-44d0-b379-3e0573492d1f,ConservativeBot_62,FR,Europe/Paris,ConservativeBot,2,3,14,11,13,6,39,3,590,7850,9700,7,9,2,5,102,40650361,11580,16191300,4101190,15000,13060
IT Club 193,4,647ef435-813c-4a9e-af57-c1f72ea86a0b,NewManagerBot_193,IT,Europe/Berlin,NewManagerBot,2,3,13,13,11,6,45,2,460,6100,7600,7,11,2,4,106,27220472,13326,12596300,5360578,15000,13660
IT Club 53,4,2c1e5c2e-54c7-444c-bdc5-952aa0640fb9,LadderGrinderBot_53,IT,Europe/Amsterdam,LadderGrinderBot,2,3,7,27,0,3,84,4,720,9500,11900,5,8,5,6,103,56061343,712,19759380,5025333,21600,20900
IT Club 63,4,b558c959-a47b-400d-b8d9-03d7f7faf61b,AggressiveTraderBot_63,IT,Europe/Rome,AggressiveTraderBot,2,3,9,0,23,7,7,2,460,6000,7700,6,8,5,5,74,24978515,224,12605330,8379384,22100,22200
NL Club 215,4,c5542b62-89ff-4e6e-811d-9c302f44c8a2,LadderGrinderBot_215,NL,Europe/Amsterdam,LadderGrinderBot,2,3,15,16,7,7,55,2,460,6200,7400,3,7,4,6,86,22431505,1238,12652950,4580949,21200,21300
PL Club 196,4,80475701-453e-4e3c-b20c-864b2266fb17,YouthFocusedBot_196,PL,Europe/Madrid,YouthFocusedBot,2,3,16,7,16,7,28,4,720,9500,12000,6,11,3,4,107,63830841,581,19749800,3911785,21400,21300
PL Club 236,4,ffea076a-2d24-4f69-9ab3-3a58f45ec0c2,ConservativeBot_236,PL,Europe/Paris,ConservativeBot,2,3,11,11,11,8,41,4,720,9500,11900,7,8,3,4,96,54330405,13810,19734330,3623656,15000,14860
PL Club 276,4,28e388ea-8d2e-4ca5-ba30-2fd7e17f0c3b,SocialBot_276,PL,Europe/Warsaw,SocialBot,2,3,5,11,5,14,47,3,590,7750,9800,3,6,1,5,70,38452122,417,16154900,5224414,21400,22000
PT Club 220,4,dcd44b96-d0cd-4c15-9c4b-7723d0e249eb,YouthFocusedBot_220,PT,Europe/Madrid,YouthFocusedBot,2,3,2,9,8,13,40,2,460,6100,7500,6,7,6,3,113,21326044,2060,12607550,5033122,21600,20300
PT Club 40,4,24fb6e23-dfea-42b0-b0aa-aadac5fdad3d,YouthFocusedBot_40,PT,Europe/Madrid,YouthFocusedBot,2,3,8,0,27,3,3,4,720,9500,12000,4,11,5,6,75,55221354,664,19774850,3305695,21300,21200
AT Club 277,4,1eebfbdf-bed9-4e75-8a45-c86377f8e279,NewManagerBot_277,AT,Europe/Berlin,NewManagerBot,2,4,4,7,11,12,33,4,720,9500,12000,4,8,2,5,106,47423713,13349,19768700,3480067,15000,14720
BE Club 79,4,bd686a80-6045-46e8-9cac-b32c87df4cc5,NewManagerBot_79,BE,Europe/Berlin,NewManagerBot,2,4,12,12,7,11,47,1,330,4250,5400,7,10,2,2,102,20596789,12061,8893100,3715734,15000,11000
CH Club 258,4,ef52adc4-814b-40ef-a680-c30116584649,SocialBot_258,CH,Europe/Warsaw,SocialBot,2,4,2,11,12,7,40,3,590,7950,9700,6,6,5,4,103,35532597,1135,16305650,5268644,21400,21400
CH Club 48,4,fe109c31-effc-4947-b5a6-e30f399712ed,SocialBot_48,CH,Europe/Warsaw,SocialBot,2,4,9,11,9,10,43,2,470,6000,7400,4,7,4,4,98,28017387,1116,12576500,4978108,21100,21300
DE Club 71,4,0fa76938-c336-4cb8-b461-cc4b6ec9e9ec,LadderGrinderBot_71,DE,Europe/Amsterdam,LadderGrinderBot,2,4,5,9,10,11,38,3,600,7850,9600,6,7,2,2,110,45316826,1826,16245770,4967031,21300,19800
ES Club 244,4,da1e16b5-4efb-4950-a245-d03ca3b26550,YouthFocusedBot_244,ES,Europe/Madrid,YouthFocusedBot,2,4,11,7,12,11,32,4,730,9600,11800,6,8,4,6,111,54175532,246,19896450,4070138,21400,22300
ES Club 4,4,897776e2-33be-4987-b08e-ed5596c99690,YouthFocusedBot_4,ES,Europe/Madrid,YouthFocusedBot,2,4,13,6,7,17,35,4,720,9600,11900,2,10,4,5,86,61682276,1462,19812930,5659803,21400,21000
ES Club 74,4,4037aed6-835a-42ac-a493-70332e7c1626,ConservativeBot_74,ES,Europe/Paris,ConservativeBot,2,4,10,9,11,10,37,4,730,9500,11800,5,6,5,3,93,63964045,15940,19825050,3616980,15000,13100
FR Club 242,4,3f81c58b-91eb-4d4d-af6f-ada6c0950c04,ConservativeBot_242,FR,Europe/Paris,ConservativeBot,2,4,14,7,6,17,38,1,330,4350,5200,6,6,5,3,69,13934593,16944,8956050,5879519,15000,10600
FR Club 272,4,c4dde019-83e3-400d-ba8c-b284f97df8ab,ConservativeBot_272,FR,Europe/Paris,ConservativeBot,2,4,7,8,9,13,37,2,460,6100,7500,6,7,4,5,78,21920920,18471,12609030,4476686,15000,11000
FR Club 292,4,00fbebff-5dfe-43c7-a2e7-f71b21fca139,YouthFocusedBot_292,FR,Europe/Madrid,YouthFocusedBot,2,4,1,12,11,7,43,3,590,7850,9600,6,6,4,3,110,37031972,1823,16171530,5193809,21300,21100
NL Club 15,4,52f6e635-3dc4-434b-bf66-2519d96dd695,AggressiveTraderBot_15,NL,Europe/Rome,AggressiveTraderBot,2,4,16,0,26,4,4,1,330,4250,5400,4,9,3,4,68,13292825,343,8926230,7733501,22100,23400
NL Club 45,4,83aa17f7-769b-4fb0-9e8f-5903a6a78480,AggressiveTraderBot_45,NL,Europe/Rome,AggressiveTraderBot,2,4,3,11,7,12,45,4,720,9600,12000,5,7,5,5,112,41286022,238,19874000,6163873,21700,23400
NL Club 75,4,b6d49245-a27a-4bf8-b1d3-73ff413977f8,AggressiveTraderBot_75,NL,Europe/Rome,AggressiveTraderBot,2,4,15,26,0,4,82,2,460,6000,7500,5,7,5,3,95,24775339,999,12519630,6031268,22200,22500
PL Club 86,4,583ace32-0ada-454b-8de3-5c0517b8b154,ConservativeBot_86,PL,Europe/Paris,ConservativeBot,2,4,6,10,9,11,41,3,590,7750,9700,6,7,5,4,100,37788747,16264,16144830,5173251,15000,14280
PT Club 270,4,6e125b6c-3269-4eaa-82ef-1b8849221ac1,SocialBot_270,PT,Europe/Warsaw,SocialBot,2,4,8,9,8,13,40,2,470,6100,7400,2,10,3,5,72,25416461,408,12639020,5855170,21500,22100
BE Club 329,4,4b3829e0-a5e1-41ca-a625-b30efd5b0e3e,LadderGrinderBot_329,BE,Europe/Amsterdam,LadderGrinderBot,2,5,8,5,18,7,22,4,720,9500,12000,2,8,2,3,55,47020739,1412,19752050,5384781,21100,20700
BE Club 59,4,1a53b06d-fe24-4372-806f-39d5a03110f4,LadderGrinderBot_59,BE,Europe/Amsterdam,LadderGrinderBot,2,5,2,10,9,11,41,3,590,7750,9900,3,8,5,3,98,42839422,1355,16202300,4932852,21100,20900
CH Club 318,4,29a6a04e-8632-46ac-b9e3-38eb8e473479,SocialBot_318,CH,Europe/Warsaw,SocialBot,2,5,5,12,10,8,44,4,720,9500,12100,3,6,2,5,98,46541857,1013,19815200,4284810,21400,21500
DE Club 301,4,375336cb-7e7a-4de2-adcf-bfa4ac33d2b7,NewManagerBot_301,DE,Europe/Berlin,NewManagerBot,2,5,4,0,26,4,4,4,720,9500,11900,3,10,7,2,81,45992070,14319,19742730,4168511,15000,13200
ES Club 294,4,9c94cf3a-2337-49bd-a99a-d1aea9e211d3,SocialBot_294,ES,Europe/Warsaw,SocialBot,2,5,12,11,11,8,41,2,460,6100,7500,3,7,6,5,97,24975715,1125,12622530,4847861,21300,20600
ES Club 334,4,edf15092-280a-4ad3-89f4-534a88171560,YouthFocusedBot_334,ES,Europe/Madrid,YouthFocusedBot,2,5,15,8,13,9,33,2,460,6100,7500,4,11,4,3,108,25981051,770,12562530,5113414,21300,22000
ES Club 94,4,d2db60e9-2b6b-43b0-a70c-64fdfe3eb0ba,YouthFocusedBot_94,ES,Europe/Madrid,YouthFocusedBot,2,5,7,18,5,7,61,4,720,9500,11800,3,8,5,4,81,59020677,708,19704030,3946606,21100,20700
FR Club 82,4,4409d607-6bac-442e-8606-52fbef3fa238,YouthFocusedBot_82,FR,Europe/Madrid,YouthFocusedBot,2,5,3,26,0,4,82,3,590,8050,9600,6,8,1,4,113,46171560,244,16299000,4745407,21500,21700
FR Club 92,4,7444395e-668d-4a3f-bb55-8e46e6f7503b,ConservativeBot_92,FR,Europe/Paris,ConservativeBot,2,5,1,9,10,11,38,4,720,9500,12100,6,8,6,2,102,52127275,13677,19826600,6090172,15000,14080
IT Club 313,4,e88f5e31-b99f-40c4-82fa-16246707d3d3,NewManagerBot_313,IT,Europe/Berlin,NewManagerBot,2,5,9,10,8,12,42,3,590,7750,9900,7,8,4,3,113,38925647,12891,16201550,5633249,15000,12000
NL Club 295,4,49f4eb47-2247-4960-b237-694ca861ddef,NewManagerBot_295,NL,Europe/Berlin,NewManagerBot,2,5,10,8,10,12,36,1,330,4250,5400,8,8,3,4,94,12471525,10675,8924930,6063234,15000,13600
NL Club 325,4,39f83c5e-3f5b-4a5d-9b9b-6f1932c60545,NewManagerBot_325,NL,Europe/Berlin,NewManagerBot,2,5,13,9,10,11,38,4,730,9500,11900,5,8,5,3,106,49699190,13076,19848780,6357744,15000,13500
PT Club 20,4,9bd6d0e3-22db-4fa7-a64b-8057caef5fbd,ConservativeBot_20,PT,Europe/Paris,ConservativeBot,2,5,16,13,8,9,48,1,330,4250,5300,5,7,3,4,103,12055809,10949,8900780,8052190,15000,12200
PT Club 300,4,690261c2-40f2-40dd-9cfb-f20b71761820,SocialBot_300,PT,Europe/Warsaw,SocialBot,2,5,11,11,11,8,41,3,590,7750,9700,4,10,4,3,109,41637186,576,16109850,4198535,21600,22200
PT Club 60,4,13521371-e8a6-40a5-92e3-2bb48ed3b307,SocialBot_60,PT,Europe/Warsaw,SocialBot,2,5,14,10,9,11,41,4,730,9500,12000,2,5,5,3,102,54569407,938,19901630,7211815,21400,21300
PT Club 90,4,a3c33e13-a9f8-4e3f-b418-bc2421bcddef,SocialBot_90,PT,Europe/Warsaw,SocialBot,2,5,6,10,12,8,38,3,600,7850,9700,4,8,4,2,78,39047877,501,16293200,5122134,21400,22100
BE Club 109,4,6e20850e-76cc-450c-8384-7c3e2a05e758,NewManagerBot_109,BE,Europe/Berlin,NewManagerBot,3,1,5,10,12,8,38,2,460,6100,7500,7,11,3,4,105,21731209,8417,9771500,4669446,15000,13860
BE Club 29,4,65624b69-e859-4346-84ff-a00e772556ab,LadderGrinderBot_29,BE,Europe/Amsterdam,LadderGrinderBot,3,1,4,14,9,7,49,3,590,7750,9600,5,5,4,2,95,35199733,415,12527550,5382059,21400,21400
BE Club 49,4,ef0deafb-34ad-4cdf-a1ee-f6729a1af026,NewManagerBot_49,BE,Europe/Berlin,NewManagerBot,3,1,13,8,10,12,36,3,590,7850,9700,7,10,4,3,88,44295005,12792,12593100,3212636,15000,13260
BE Club 99,4,9f651b5b-f5ee-4a61-910c-2c3f76315bdc,AggressiveTraderBot_99,BE,Europe/Rome,AggressiveTraderBot,3,1,11,8,15,7,31,2,460,6000,7600,4,9,3,3,82,12387411,221,9749000,6418536,22100,22100
CH Club 98,4,d703b9db-472b-48c3-bab7-71f4cf30b7af,ConservativeBot_98,CH,Europe/Paris,ConservativeBot,3,1,3,9,14,7,34,1,330,4350,5300,4,11,6,2,87,9523178,14838,6975930,3583460,15000,13920
DE Club 111,4,ad2b509b-3919-4c92-8b6a-759e44ea3a0c,AggressiveTraderBot_111,DE,Europe/Rome,AggressiveTraderBot,3,1,12,15,8,7,52,2,460,6000,7400,2,6,4,1,78,10916802,381,9711330,7299382,22500,23400
DE Club 61,4,ea6cc8de-9250-42a9-9eb7-6cb2cb53b8ba,NewManagerBot_61,DE,Europe/Berlin,NewManagerBot,3,1,1,9,13,8,35,2,460,6000,7500,6,8,7,2,91,22140378,14789,9755130,4832342,15000,12000
ES Club 104,4,3398d426-6ecf-4aec-bfa4-ee7ff5bccc05,ConservativeBot_104,ES,Europe/Paris,ConservativeBot,3,1,14,10,8,12,42,1,330,4350,5300,5,8,6,4,112,10789755,14861,7007280,3103116,15000,13700
FR Club 102,4,2e5975bb-68ec-41f0-846e-ee73974f083c,SocialBot_102,FR,Europe/Warsaw,SocialBot,3,1,15,9,14,7,34,4,720,9600,11800,3,10,5,1,75,39245401,1666,15375900,5482303,21600,21300
NL Club 105,4,34c795cf-10d4-47e7-b354-3f281e6be23b,AggressiveTraderBot_105,NL,Europe/Rome,AggressiveTraderBot,3,1,2,13,9,8,47,4,720,9600,11900,5,9,1,2,101,31957113,419,15378000,5230453,22200,23100
NL Club 135,4,3915e9a9-b86c-4ab8-b5c3-78e2555fb0d9,AggressiveTraderBot_135,NL,Europe/Rome,AggressiveTraderBot,3,1,8,14,6,10,52,4,720,9600,11800,4,8,3,6,105,43161183,526,15397200,6878474,21600,22000
PL Club 106,4,23570721-3740-4452-bd07-bda65e7d98d3,YouthFocusedBot_106,PL,Europe/Madrid,YouthFocusedBot,3,1,10,0,30,0,0,3,590,7850,9600,2,9,4,4,73,30374045,2083,12576780,4115350,21000,20400
PL Club 56,4,866c2106-91b3-44fc-9e0b-2769beee0185,ConservativeBot_56,PL,Europe/Paris,ConservativeBot,3,1,9,30,0,0,90,4,720,9500,11900,9,10,2,4,110,49114021,12279,15330830,6204418,15000,10800
PT Club 100,4,4a69f238-064e-4c61-91fd-faaa29235f02,YouthFocusedBot_100,PT,Europe/Madrid,YouthFocusedBot,3,1,6,12,10,8,44,3,590,7850,9700,4,9,2,3,104,30366743,1923,12577580,4345157,21400,21000
PT Club 110,4,2e607eb2-9abe-4f29-9645-c139d03b5e10,ConservativeBot_110,PT,Europe/Paris,ConservativeBot,3,1,16,14,9,7,49,4,730,9600,11900,7,10,5,2,83,42842413,14730,15488730,4009340,15000,10800
PT Club 130,4,23cb37cb-3c40-4520-a16c-55a8ad84b71a,YouthFocusedBot_130,PT,Europe/Madrid,YouthFocusedBot,3,1,7,6,14,10,28,2,460,6000,7500,5,8,3,4,94,23232744,1959,9732000,5069559,21600,21600
AT Club 117,4,058dda43-ed2a-4a0a-8ad8-8dc82e76f75a,AggressiveTraderBot_117,AT,Europe/Rome,AggressiveTraderBot,3,2,10,9,8,13,40,1,330,4350,5300,4,9,3,5,71,2227255,510,6979130,7506135,21500,21800
AT Club 127,4,6ac3d1cf-0ab1-459d-b690-ffdbd1c309dc,NewManagerBot_127,AT,Europe/Berlin,NewManagerBot,3,2,16,12,14,4,40,3,600,7750,9800,5,7,4,3,68,34348017,11034,12663980,4102894,15000,11600
AT Club 237,4,861ad621-57b3-40ed-ab12-c9e478ad9132,AggressiveTraderBot_237,AT,Europe/Rome,AggressiveTraderBot,3,2,14,30,0,0,90,1,330,4250,5400,3,7,5,3,97,4311687,183,6960830,5985616,21800,22800
CH Club 118,4,9b334a99-bb86-445b-8449-dd7006214729,YouthFocusedBot_118,CH,Europe/Madrid,YouthFocusedBot,3,2,13,0,30,0,0,3,590,7850,9700,3,5,4,4,68,34710338,889,12636930,4756494,21300,21800
DE Club 121,4,6cf03c35-5944-4d2d-9ddd-ea9e60bf5736,NewManagerBot_121,DE,Europe/Berlin,NewManagerBot,3,2,7,4,20,6,18,3,610,7750,9700,6,10,5,4,70,33271403,7132,12705050,4529669,15000,14680
DE Club 21,4,d203aa0a-4270-4b10-a65e-5d7c7c0774fc,AggressiveTraderBot_21,DE,Europe/Rome,AggressiveTraderBot,3,2,9,8,9,13,37,2,460,6000,7500,4,10,3,4,77,16849081,1832,9717000,10181488,22000,20700
FR Club 122,4,9be1207f-5f76-4c8a-a455-64a00a71fef0,ConservativeBot_122,FR,Europe/Paris,ConservativeBot,3,2,4,11,12,7,40,2,460,6100,7600,5,9,3,5,90,21283190,13166,9819480,5664973,15000,15500
IT Club 113,4,aae09317-765d-4f1a-aad0-c1031e8c5629,LadderGrinderBot_113,IT,Europe/Amsterdam,LadderGrinderBot,3,2,8,20,4,6,66,1,340,4350,5200,5,9,4,4,95,5321093,1217,7032450,5464633,21400,20500
IT Club 123,4,d5fb7d1c-1dc3-4fe6-9f94-d3d0411a55b3,AggressiveTraderBot_123,IT,Europe/Rome,AggressiveTraderBot,3,2,15,14,12,4,46,1,330,4350,5300,3,7,5,3,66,2513904,881,6994950,7209883,21900,21500
NL Club 125,4,93d2889c-9e67-49e0-a941-2b07f0b263ef,LadderGrinderBot_125,NL,Europe/Amsterdam,LadderGrinderBot,3,2,12,7,12,11,32,1,340,4250,5200,3,6,4,4,83,8332913,672,6991360,3674832,21300,21300
NL Club 25,4,5bd775b5-7e02-41b6-9909-936d9046ee1a,NewManagerBot_25,NL,Europe/Berlin,NewManagerBot,3,2,3,12,11,7,43,4,730,9500,11900,6,6,5,3,80,48844586,15724,15461180,5153131,15000,12600
PL Club 116,4,733b056c-6048-4926-8ea0-9b9be79576b3,ConservativeBot_116,PL,Europe/Paris,ConservativeBot,3,2,11,12,7,11,47,1,330,4350,5200,7,7,6,4,108,8848590,15618,6977280,3663712,15000,12000
PL Club 126,4,4477829a-d356-41f2-a109-2e1f8e7d39df,SocialBot_126,PL,Europe/Warsaw,SocialBot,3,2,2,8,7,15,39,1,330,4450,5300,6,9,4,5,81,10010983,233,7049400,5363148,21100,21900
PT Club 120,4,846d15f7-d1c8-4a4e-ac5f-6c2c4375f102,SocialBot_120,PT,Europe/Warsaw,SocialBot,3,2,6,29,0,1,88,1,330,4250,5400,6,8,5,6,101,12951121,497,6975330,5891669,21100,21200
PT Club 230,4,d59eb841-ef43-4000-9fab-f342d6642863,ConservativeBot_230,PT,Europe/Paris,ConservativeBot,3,2,1,7,8,15,36,3,590,7750,9800,4,7,6,6,83,31993719,10951,12612980,5891150,15000,13920
PT Club 50,4,6516e4e3-94c2-4113-ae6e-371d44d6a19a,ConservativeBot_50,PT,Europe/Paris,ConservativeBot,3,2,5,0,29,1,1,1,330,4350,5400,3,7,5,3,63,11523746,16957,7030350,3651900,15000,12540
AT Club 137,4,32759de9-0961-430a-88e1-45fa1c05e423,LadderGrinderBot_137,AT,Europe/Amsterdam,LadderGrinderBot,3,3,8,10,12,8,38,4,720,9600,12000,3,9,5,5,93,45100046,1328,15451530,3685353,21500,21600
BE Club 129,4,414af5c9-b27d-4532-92f1-c1d9a51d18c0,AggressiveTraderBot_129,BE,Europe/Rome,AggressiveTraderBot,3,3,1,25,0,5,80,2,460,6100,7500,5,6,4,3,111,14063748,979,9805830,6773470,22200,22400
BE Club 139,4,a71518ae-6bd8-4c32-96c3-112f006e8cc6,NewManagerBot_139,BE,Europe/Berlin,NewManagerBot,3,3,11,27,0,3,84,1,330,4350,5400,4,9,3,4,92,6519402,15599,6996030,6688071,15000,12600
BE Club 209,4,6f4e6e5f-4b95-4e89-b2e4-4f7c0bd89aa9,LadderGrinderBot_209,BE,Europe/Amsterdam,LadderGrinderBot,3,3,2,0,25,5,5,4,720,9600,12000,5,7,3,3,75,47851828,1362,15450200,4005879,21400,22000
CH Club 138,4,6c4121ed-9dad-4bf6-99f1-85fd6125f319,SocialBot_138,CH,Europe/Warsaw,SocialBot,3,3,7,12,10,8,44,3,590,7850,9800,4,11,2,3,93,35612919,245,12600080,3412625,21300,21400
CH Club 18,4,78687f93-28ab-4b2f-a3ff-ababe8e50ce3,SocialBot_18,CH,Europe/Warsaw,SocialBot,3,3,12,0,27,3,3,1,330,4350,5200,3,7,4,4,63,8994483,1144,6968580,4881157,21300,22000
CH Club 28,4,03fa215c-1feb-4bff-aed6-0bcde0dbaf69,YouthFocusedBot_28,CH,Europe/Madrid,YouthFocusedBot,3,3,4,9,13,8,35,2,460,6100,7500,2,9,3,2,83,20090802,1125,9778080,7477012,21400,21700
DE Club 101,4,dedf002f-adcf-4ca0-a593-21c4cff22fe7,LadderGrinderBot_101,DE,Europe/Amsterdam,LadderGrinderBot,3,3,15,8,9,13,37,4,730,9600,11800,4,11,3,3,77,47883293,1432,15431440,3567725,21100,20700
DE Club 131,4,4df51e17-610f-4418-ad6a-6755b64e29da,LadderGrinderBot_131,DE,Europe/Amsterdam,LadderGrinderBot,3,3,10,28,0,2,86,2,460,6100,7500,5,8,4,4,104,20268356,498,9800850,6510809,21500,21100
ES Club 134,4,5a34cfc7-c47a-4f00-b368-ecc363c88c5d,ConservativeBot_134,ES,Europe/Paris,ConservativeBot,3,3,3,13,9,8,47,3,590,7850,9700,6,8,3,3,86,31485756,14703,12601100,5284524,15000,14280
ES Club 144,4,f4ee7c8e-fcd1-42cb-b236-76f03d0259a0,SocialBot_144,ES,Europe/Warsaw,SocialBot,3,3,6,7,17,6,27,4,720,9600,11900,4,9,1,2,93,44424222,402,15377000,5280052,21400,21700
FR Club 132,4,0e92bb38-96b5-4869-9ac2-d5dae1f5e36c,SocialBot_132,FR,Europe/Warsaw,SocialBot,3,3,16,9,8,13,40,4,720,9600,11800,3,10,2,3,61,42038576,787,15360600,4717502,21400,22000
FR Club 52,4,17179f0b-943f-4368-9dfd-13c777afb6ca,YouthFocusedBot_52,FR,Europe/Madrid,YouthFocusedBot,3,3,9,0,28,2,2,4,720,9700,11900,6,10,2,4,78,48742548,1827,15448500,3165930,21100,19800
IT Club 133,4,6bfd34e6-7223-4624-892a-96f753d5ec1b,NewManagerBot_133,IT,Europe/Berlin,NewManagerBot,3,3,13,13,6,11,50,4,720,9500,11800,8,11,2,4,81,46039624,12027,15294450,3170614,15000,13040
IT Club 143,4,40b160c3-3724-40aa-a180-cddfac81385e,LadderGrinderBot_143,IT,Europe/Amsterdam,LadderGrinderBot,3,3,5,17,7,6,57,1,330,4250,5300,4,9,5,5,99,6891103,827,6933180,6597934,21300,21700
NL Club 55,4,b6abc6ab-c7c7-44bd-8501-2ed6f638b094,NewManagerBot_55,NL,Europe/Berlin,NewManagerBot,3,3,14,6,13,11,29,3,590,7850,9800,5,7,1,3,99,39457309,14583,12622250,6008404,15000,12600
AT Club 157,4,9fa43d7f-8a47-439e-aba6-db987f7248e7,NewManagerBot_157,AT,Europe/Berlin,NewManagerBot,3,4,4,7,8,15,36,3,600,7850,9600,5,5,4,4,82,32333256,16402,12685210,5277763,15000,12200
BE Club 149,4,9d05907b-9e24-453e-8dda-ced0a3d27781,LadderGrinderBot_149,BE,Europe/Amsterdam,LadderGrinderBot,3,4,16,8,8,14,38,3,590,7750,9700,3,8,2,2,71,35233223,1360,12518000,2806882,21400,20300
BE Club 19,4,f3be390f-d65e-43a2-b5a6-cbbfae9224a0,NewManagerBot_19,BE,Europe/Berlin,NewManagerBot,3,4,2,16,6,8,56,3,590,7950,9700,5,7,3,1,98,39060231,9897,12654000,4376255,15000,13700
CH Club 148,4,2ab46469-b77e-43f9-b298-f3470435bca3,YouthFocusedBot_148,CH,Europe/Madrid,YouthFocusedBot,3,4,9,26,0,4,82,4,720,9600,11800,5,10,5,2,106,39677681,231,15370800,4461278,21300,22400
CH Club 68,4,31e1b802-7ad6-4021-a231-544009279d63,ConservativeBot_68,CH,Europe/Paris,ConservativeBot,3,4,7,11,8,11,44,2,460,6100,7400,7,8,2,5,81,18977420,14077,9759300,7070033,15000,14400
DE Club 151,4,7b179028-3132-4bfd-b990-1b6739d62f74,NewManagerBot_151,DE,Europe/Berlin,NewManagerBot,3,4,10,0,26,4,4,4,720,9500,12000,4,8,5,5,73,41692356,11151,15404750,6431137,15000,15320
DE Club 271,4,d49b5510-0f8c-417f-a17b-23a0977df1c1,NewManagerBot_271,DE,Europe/Berlin,NewManagerBot,3,4,11,9,13,8,35,4,720,9700,11800,6,8,6,4,105,45821777,11660,15465900,6887263,15000,13680
ES Club 24,4,94a93111-b254-4354-b95f-c28afcee94d2,SocialBot_24,ES,Europe/Warsaw,SocialBot,3,4,15,8,8,14,38,3,590,7850,9800,3,7,3,4,69,38379414,832,12635450,4821402,21300,21600
FR Club 152,4,1c3c4ebc-f675-42e9-820f-b61c2c813267,ConservativeBot_152,FR,Europe/Paris,ConservativeBot,3,4,14,1,23,6,9,1,330,4350,5300,3,9,5,3,62,9795359,13760,6987600,4171566,15000,14940
IT Club 153,4,e44a908f-7b29-4afe-813b-4d580af22ddd,AggressiveTraderBot_153,IT,Europe/Rome,AggressiveTraderBot,3,4,6,7,11,12,33,4,720,9600,11900,4,8,5,6,99,35937389,1362,15433650,6665084,21900,20800
NL Club 145,4,0ee2dbf9-4743-412a-b43b-6f04ac27e766,NewManagerBot_145,NL,Europe/Berlin,NewManagerBot,3,4,5,11,7,12,45,3,590,7750,9800,5,10,5,5,86,30524301,12931,12570650,4298526,15000,13100
NL Club 155,4,82ea824a-56f5-422e-81ca-72b7244f0553,LadderGrinderBot_155,NL,Europe/Amsterdam,LadderGrinderBot,3,4,1,6,16,8,26,2,460,6300,7400,2,12,6,3,87,17192193,2040,9878430,4190211,21200,19200
PL Club 146,4,52f78a3c-528e-4edf-85b2-21c2a2767a13,ConservativeBot_146,PL,Europe/Paris,ConservativeBot,3,4,13,23,1,6,75,3,590,7850,9600,8,11,4,5,91,28975707,9472,12564330,4672260,15000,13440
PL Club 156,4,43c27470-7402-41df-8083-1d9d12ba7886,SocialBot_156,PL,Europe/Warsaw,SocialBot,3,4,3,8,7,15,39,2,460,6100,7500,3,9,4,5,66,21442398,292,9790230,3612475,21100,21100
PT Club 150,4,544c27bb-de9f-4cbb-bb96-86e5945d63d1,SocialBot_150,PT,Europe/Warsaw,SocialBot,3,4,8,8,11,11,35,1,330,4250,5300,3,8,6,4,72,7952433,269,6935930,5270933,21600,22700
PT Club 160,4,8ee13033-6d5b-4685-b6db-770ea0c4ed25,YouthFocusedBot_160,PT,Europe/Madrid,YouthFocusedBot,3,4,12,13,9,8,47,2,460,6100,7500,6,8,4,6,91,22915157,1399,9812100,4484630,21300,20200
AT Club 167,4,17d5aa00-c6b1-406a-826e-055fb50912e2,LadderGrinderBot_167,AT,Europe/Amsterdam,LadderGrinderBot,3,5,16,12,8,10,46,4,720,9700,11800,4,11,5,6,69,42023121,1217,15444150,4587955,21200,20500
AT Club 27,4,5d07c108-2d4c-495f-9c75-2aabed9cab29,AggressiveTraderBot_27,AT,Europe/Rome,AggressiveTraderBot,3,5,7,13,8,9,48,2,460,6100,7500,3,9,4,3,59,14253735,271,9782600,2946678,21700,23000
AT Club 67,4,c4d7d0ae-a6e1-4f60-bff6-6abc2f3dbcbf,NewManagerBot_67,AT,Europe/Berlin,NewManagerBot,3,5,1,9,11,10,37,1,330,4250,5400,6,7,2,2,70,11484610,9478,6933300,4381177,15000,14080
BE Club 169,4,a71f8db0-62a0-435a-8521-634fe4ab0e14,NewManagerBot_169,BE,Europe/Berlin,NewManagerBot,3,5,10,14,8,8,50,3,590,7750,9800,5,10,4,2,68,31378418,9492,12550200,5785404,15000,14900
CH Club 278,4,e848743e-5085-46bb-8441-7a9e0875e6e3,ConservativeBot_278,CH,Europe/Paris,ConservativeBot,3,5,12,27,0,3,84,4,730,9500,12000,6,7,4,6,109,46352477,15298,15480040,5564759,15000,11200
DE Club 141,4,a1f6a63a-5e1c-4ef2-b218-23ec62fc1078,AggressiveTraderBot_141,DE,Europe/Rome,AggressiveTraderBot,3,5,15,8,12,10,34,2,460,6100,7400,5,11,6,6,74,14761715,1429,9775650,7133512,22000,21500
DE Club 161,4,6125b99a-50fa-45d0-93c3-ebfd1ea39c0e,LadderGrinderBot_161,DE,Europe/Amsterdam,LadderGrinderBot,3,5,2,11,9,10,43,2,460,6100,7500,4,6,3,5,92,16278595,548,9805730,6837165,21200,21900
DE Club 171,4,daa65a9b-b6bb-44ec-8f2e-632ba00bb5f1,AggressiveTraderBot_171,DE,Europe/Rome,AggressiveTraderBot,3,5,8,8,13,9,33,2,460,6000,7700,6,7,5,3,81,14333919,1811,9802280,9231710,21600,20700
ES Club 164,4,9670dada-5531-4df0-813e-0065bd94272f,ConservativeBot_164,ES,Europe/Paris,ConservativeBot,3,5,14,5,12,13,28,4,720,9600,11900,5,11,2,3,91,40201831,13530,15381950,5325938,15000,11800
ES Club 174,4,2bdea1b8-9137-432a-a479-dc84dfed5f92,SocialBot_174,ES,Europe/Warsaw,SocialBot,3,5,5,9,13,8,35,4,720,9600,11800,5,10,4,4,99,40788609,931,15373380,4714157,21300,20700
FR Club 172,4,12d07ec7-3fd9-4d46-add7-3a00cf5b6787,YouthFocusedBot_172,FR,Europe/Madrid,YouthFocusedBot,3,5,13,12,5,13,49,3,590,7750,9800,5,11,3,3,71,23361672,249,12538100,5974604,21500,21600
IT Club 173,4,5ec03214-9e7d-435d-a34a-42d3ad4ba16c,LadderGrinderBot_173,IT,Europe/Amsterdam,LadderGrinderBot,3,5,6,13,9,8,47,1,330,4250,5400,5,5,4,3,90,10091825,1127,6975350,4310460,21300,20500
NL Club 165,4,805f19a5-dd19-41c1-8e3b-e71d481dab82,AggressiveTraderBot_165,NL,Europe/Rome,AggressiveTraderBot,3,5,4,13,9,8,47,2,460,6200,7500,2,8,2,5,67,12269647,1337,9844800,5693092,21900,20800
PL Club 166,4,928042f2-c455-42d2-a519-1f5715b9c56a,YouthFocusedBot_166,PL,Europe/Madrid,YouthFocusedBot,3,5,9,8,14,8,32,4,720,9500,11800,6,10,5,4,72,48424171,428,15326130,3037613,21600,22100
PL Club 176,4,3021236b-7224-4a15-a6a0-78b7e3cdac8f,ConservativeBot_176,PL,Europe/Paris,ConservativeBot,3,5,11,0,27,3,3,4,730,9500,11900,5,7,3,4,82,42390376,14832,15442400,5099165,15000,12500
PT Club 170,4,227f76e9-d947-4344-928c-10b2864b8921,ConservativeBot_170,PT,Europe/Paris,ConservativeBot,3,5,3,9,13,8,35,3,600,7850,9600,7,7,5,3,82,30718774,14542,12666750,3507659,15000,11000
AT Club 177,4,7726824d-afd0-4720-b1df-8447e3b8754e,AggressiveTraderBot_177,AT,Europe/Rome,AggressiveTraderBot,3,6,12,10,11,9,39,1,340,4350,5300,6,11,2,5,74,1364552,882,7034890,8364408,22300,21900
AT Club 287,4,3fa24f16-1ab9-4ede-9c17-53b099e8ea93,LadderGrinderBot_287,AT,Europe/Amsterdam,LadderGrinderBot,3,6,10,10,8,12,42,3,590,7750,9800,3,10,5,5,90,38328361,2088,12578300,3306623,21200,21200
BE Club 179,4,2e050987-5c0d-423c-ac4a-cb979d30f8b9,LadderGrinderBot_179,BE,Europe/Amsterdam,LadderGrinderBot,3,6,8,8,8,14,38,2,470,6000,7500,3,7,5,2,74,18751308,1276,9827250,3854952,21000,21300
BE Club 189,4,8df66b67-11dd-4874-9dcc-8c0c69873ac3,AggressiveTraderBot_189,BE,Europe/Rome,AggressiveTraderBot,3,6,11,11,10,9,42,3,590,7750,9700,5,7,4,3,81,21140280,1596,12554550,9793359,22100,20900
CH Club 178,4,f7cd494e-db90-4c7d-8ed5-e927c89f8ee8,YouthFocusedBot_178,CH,Europe/Madrid,YouthFocusedBot,3,6,13,11,8,11,44,1,330,4250,5400,3,6,2,4,60,7640520,1411,6948800,4909184,21200,20300
DE Club 181,4,dba1d7b5-ec52-4e11-8804-84183a881672,NewManagerBot_181,DE,Europe/Berlin,NewManagerBot,3,6,6,8,7,15,39,4,730,9500,12000,5,8,2,4,71,41961966,11170,15456650,6673257,15000,14700
DE Club 191,4,aa12b0d9-5f28-4a69-9adc-6a828e11992b,LadderGrinderBot_191,DE,Europe/Amsterdam,LadderGrinderBot,3,6,1,8,9,13,37,1,330,4350,5200,4,7,4,5,99,9265111,1042,6965850,5757554,21400,21100
DE Club 31,4,7836103a-0c5e-404c-8ad9-37293c5b5bb7,NewManagerBot_31,DE,Europe/Berlin,NewManagerBot,3,6,16,6,12,12,30,2,460,6000,7500,4,10,5,6,64,24788770,13386,9733550,4173089,15000,14120
ES Club 184,4,37a87c73-6e0d-4ce4-a760-c4040ab057a2,YouthFocusedBot_184,ES,Europe/Madrid,YouthFocusedBot,3,6,14,8,11,11,35,2,460,6000,7600,5,8,2,2,74,17077817,1067,9736250,7074590,21400,21600
FR Club 182,4,8f366f50-ce8d-4d4d-85fa-2e2fd3f0d872,ConservativeBot_182,FR,Europe/Paris,ConservativeBot,3,6,2,9,8,13,40,2,460,6100,7500,7,7,3,6,95,19324187,16609,9803000,4984823,15000,11800
FR Club 22,4,db1b90c7-4b81-4e26-b7d1-41cc5de79767,YouthFocusedBot_22,FR,Europe/Madrid,YouthFocusedBot,3,6,15,12,6,12,48,1,330,4350,5300,3,9,5,4,65,12413028,415,6990680,4358081,21200,21300
IT Club 183,4,abf7c41f-b3af-4317-a22b-a29cc0099c77,AggressiveTraderBot_183,IT,Europe/Rome,AggressiveTraderBot,3,6,9,8,10,12,36,1,330,4250,5300,2,10,3,2,72,1746474,90,6888630,7783678,21800,22100
PL Club 186,4,9d354edc-e005-48a4-9bb2-cac822a51b56,SocialBot_186,PL,Europe/Warsaw,SocialBot,3,6,7,8,8,14,38,2,470,6000,7600,5,10,5,1,81,18544954,466,9829130,4547068,21300,21500
PL Club 26,4,d2d68a57-8abc-4e1a-be2e-6531519a3bfb,ConservativeBot_26,PL,Europe/Paris,ConservativeBot,3,6,3,6,11,13,31,2,460,6100,7400,6,6,4,3,79,26389697,13981,9776100,2727308,15000,11200
PT Club 180,4,f1cd0063-ec68-4c9b-8622-a772b4679446,SocialBot_180,PT,Europe/Warsaw,SocialBot,3,6,4,11,6,13,46,4,720,9600,11900,3,7,2,2,93,43154184,1118,15399000,6542440,21400,21400
PT Club 190,4,e9c28f8e-57b8-433f-9968-ffc7b4678f44,YouthFocusedBot_190,PT,Europe/Madrid,YouthFocusedBot,3,6,5,7,8,15,36,3,590,7750,9800,3,7,4,5,67,32927948,396,12585200,3773943,21600,23100
AT Club 197,4,fed32b8d-50d2-46a2-aca4-ed271c50371f,LadderGrinderBot_197,AT,Europe/Amsterdam,LadderGrinderBot,3,7,12,10,10,10,40,3,590,7750,9800,5,9,2,1,95,34206733,596,12543230,4399247,21900,23300
AT Club 207,4,e16d18cf-1c69-4d17-b6ec-dfde95b3b38c,AggressiveTraderBot_207,AT,Europe/Rome,AggressiveTraderBot,3,7,4,9,14,7,34,1,330,4350,5200,6,8,4,2,106,3042113,845,6942630,6602421,21600,22000
AT Club 77,4,df464cc7-4b0a-48e9-a075-046aeb097d89,LadderGrinderBot_77,AT,Europe/Amsterdam,LadderGrinderBot,3,7,14,27,0,3,84,4,720,9600,11900,5,8,2,4,110,54030206,501,15401180,6543555,21600,21500
BE Club 199,4,2fa86bf4-e587-47ce-9d03-cdcbd390d812,NewManagerBot_199,BE,Europe/Berlin,NewManagerBot,3,7,11,10,10,10,40,3,590,7750,9700,7,10,4,3,80,32888878,14765,12524430,5225484,15000,12400
BE Club 69,4,9d00d33d-2ac7-4249-b895-870243a5ba95,AggressiveTraderBot_69,BE,Europe/Rome,AggressiveTraderBot,3,7,9,11,9,10,43,4,730,9500,11900,4,7,4,2,88,39025820,1608,15432310,7362583,22100,21500
CH Club 198,4,9b454fcd-1389-4e58-9b5e-42991220c672,SocialBot_198,CH,Europe/Warsaw,SocialBot,3,7,10,9,11,10,37,4,720,9500,12100,6,6,5,5,90,44549403,1364,15442250,3626092,21400,20500
CH Club 208,4,26be6eda-03c2-4eb7-becd-40cd43495131,YouthFocusedBot_208,CH,Europe/Madrid,YouthFocusedBot,3,7,16,12,11,7,43,4,730,9500,11900,5,9,5,4,82,40248310,206,15443330,6379452,21200,22100
DE Club 201,4,6e82c440-ddcb-42d0-9b5f-7e821f16fc65,AggressiveTraderBot_201,DE,Europe/Rome,AggressiveTraderBot,3,7,5,6,14,10,28,4,720,9700,11900,6,8,3,4,74,36506660,1057,15472700,5030097,22100,21800
ES Club 194,4,cedf89f4-2d32-45c9-b91b-0377eadf72bc,ConservativeBot_194,ES,Europe/Paris,ConservativeBot,3,7,13,0,27,3,3,4,720,9500,11900,5,5,5,5,71,42167000,17171,15390750,5269919,15000,11000
ES Club 204,4,cc18fed3-d219-47f9-8223-417b67190452,SocialBot_204,ES,Europe/Warsaw,SocialBot,3,7,15,11,12,7,40,1,340,4250,5300,3,9,4,4,74,5903989,374,6993200,5764191,21400,22500
FR Club 202,4,2e28c9cb-84ae-4db9-8181-4c3aade4f905,YouthFocusedBot_202,FR,Europe/Madrid,YouthFocusedBot,3,7,7,13,10,7,46,4,720,9800,11800,6,7,4,4,85,41427301,272,15520200,4479212,21600,22900
IT Club 203,4,b5195446-bdf8-446d-940c-35981cb427ff,LadderGrinderBot_203,IT,Europe/Amsterdam,LadderGrinderBot,3,7,1,7,10,13,34,1,330,4250,5300,4,7,5,5,93,6224029,848,6948450,7433167,21100,20700
IT Club 73,4,8447a90d-30a7-45e1-9855-497f52d25b65,NewManagerBot_73,IT,Europe/Berlin,NewManagerBot,3,7,6,14,6,10,52,1,340,4250,5300,8,11,2,4,81,12987648,12074,6969500,4913033,15000,13640
NL Club 195,4,651ed57b-2014-4b70-a3a5-b30c4b00369c,AggressiveTraderBot_195,NL,Europe/Rome,AggressiveTraderBot,3,7,8,10,13,7,37,2,460,6000,7400,4,7,3,5,72,9627927,468,9713580,7662717,21700,22000
NL Club 205,4,81f06e57-78c4-4417-88c5-d12b3f589847,NewManagerBot_205,NL,Europe/Berlin,NewManagerBot,3,7,3,14,9,7,49,3,590,7750,9700,5,6,4,3,91,30731414,10627,12554700,4135978,15000,15100
PT Club 200,4,25fb7040-7e85-4ace-b4d0-fc09aba473cf,ConservativeBot_200,PT,Europe/Paris,ConservativeBot,3,7,2,10,7,13,43,3,590,7750,9700,6,12,4,2,104,27396575,12627,12512700,4756138,15000,14880
AT Club 217,4,2157cf5f-9895-4976-9e95-9eab43c004c3,NewManagerBot_217,AT,Europe/Berlin,NewManagerBot,3,8,4,17,8,5,56,4,720,9700,11800,5,9,3,6,92,41723291,12970,15452280,3197418,15000,13100
BE Club 219,4,2dce50ea-7b2d-49d3-9243-53664f92ead4,AggressiveTraderBot_219,BE,Europe/Rome,AggressiveTraderBot,3,8,6,17,6,7,58,1,330,4250,5300,4,12,3,4,88,4923489,1001,6890400,7904378,22200,21600
CH Club 158,4,1e5a943c-b8ee-43b3-bf17-7bcfb6b57fc8,ConservativeBot_158,CH,Europe/Paris,ConservativeBot,3,8,10,9,14,7,34,2,470,6000,7600,4,5,3,2,101,23043559,10251,9855200,3049723,15000,15520
CH Club 218,4,b0d68d1b-a70a-459b-a582-4358226c17a7,ConservativeBot_218,CH,Europe/Paris,ConservativeBot,3,8,7,10,9,11,41,2,460,6000,7600,6,7,6,3,88,23916627,11819,9788300,2877118,15000,13280
DE Club 211,4,3fba51a5-5404-4394-9f83-d698c5bc25cd,NewManagerBot_211,DE,Europe/Berlin,NewManagerBot,3,8,11,10,7,13,43,3,590,7850,9700,4,6,4,4,93,32740141,14484,12621200,4812750,15000,11800
DE Club 221,4,652c18db-430d-477d-bd12-fce41d10b13c,LadderGrinderBot_221,DE,Europe/Amsterdam,LadderGrinderBot,3,8,16,11,12,7,40,1,340,4250,5400,6,7,6,1,68,10514432,410,7048130,4483399,21200,22000
DE Club 41,4,c4b0bbd8-05d9-4ff9-b7c7-403a97fa1443,LadderGrinderBot_41,DE,Europe/Amsterdam,LadderGrinderBot,3,8,15,12,11,7,43,3,590,7850,9600,2,9,4,6,82,36301913,656,12578550,3858057,21400,21300
ES Club 214,4,42cd8404-3db0-4ab8-b6cf-1fe71011e5be,YouthFocusedBot_214,ES,Europe/Madrid,YouthFocusedBot,3,8,9,14,9,7,49,3,590,7750,9800,4,5,5,2,110,28777999,275,12595380,8156885,21400,21600
FR Club 212,4,87f2af33-e6e6-43f4-a776-534c200f70bc,ConservativeBot_212,FR,Europe/Paris,ConservativeBot,3,8,1,9,11,10,37,2,460,6100,7600,6,10,7,4,100,21673810,12867,9832530,4454653,15000,13880
FR Club 222,4,78bc74ec-9275-408f-90a5-202634921d44,SocialBot_222,FR,Europe/Warsaw,SocialBot,3,8,5,6,17,7,25,4,720,9500,12000,2,11,5,6,62,43468169,1872,15387750,4058080,21200,20700
FR Club 72,4,0e9d5569-a69a-4651-a61e-e4c2bc859d42,SocialBot_72,FR,Europe/Warsaw,SocialBot,3,8,12,7,10,13,34,1,330,4350,5300,3,9,4,1,86,10421272,477,6961730,6633529,21400,21600
IT Club 213,4,1e76a25b-c972-4dfc-bfe7-43b92f12f746,AggressiveTraderBot_213,IT,Europe/Rome,AggressiveTraderBot,3,8,8,9,10,11,38,3,590,7750,9800,6,6,3,5,92,20418507,1046,12584450,7505747,22200,21400
IT Club 253,4,5c6669fc-320a-412e-9135-16fa383519cb,NewManagerBot_253,IT,Europe/Berlin,NewManagerBot,3,8,13,14,6,10,52,1,330,4350,5300,7,8,4,2,79,13818208,7855,6974730,6131843,15000,15660
NL Club 65,4,32df8fa3-7279-4406-823c-e836120bec2b,LadderGrinderBot_65,NL,Europe/Amsterdam,LadderGrinderBot,3,8,14,6,14,10,28,2,470,6000,7600,3,11,3,5,58,27596516,1698,9823430,4065148,21300,21600
PL Club 216,4,eda5c5f5-3349-45b7-af6e-643cea8876ac,SocialBot_216,PL,Europe/Warsaw,SocialBot,3,8,2,11,9,10,43,3,590,7850,9800,3,8,3,5,94,25920887,331,12640100,7287857,21600,21700
PT Club 210,4,26e9821e-0098-4850-80d6-ae3a7377bbef,SocialBot_210,PT,Europe/Warsaw,SocialBot,3,8,3,8,17,5,29,1,330,4250,5400,4,9,4,4,97,8281332,967,6950580,5010526,21300,21300
AT Club 187,4,7410244a-394d-4122-a681-ed19020c0ce3,NewManagerBot_187,AT,Europe/Berlin,NewManagerBot,3,9,11,11,13,6,39,1,330,4250,5200,6,6,3,4,83,13253355,14711,6905130,4925204,15000,12200
AT Club 227,4,f858c1d7-560a-4bab-9249-f38b9ad4a909,LadderGrinderBot_227,AT,Europe/Amsterdam,LadderGrinderBot,3,9,7,5,20,5,20,4,720,9700,11900,5,8,5,2,78,41586856,922,15479630,6282281,21300,21800
AT Club 37,4,942a8f1d-9e7d-49c4-8d4a-d5eab142b4ef,NewManagerBot_37,AT,Europe/Berlin,NewManagerBot,3,9,5,10,8,12,42,4,720,9500,11900,6,7,5,4,89,45776677,7828,15378480,3715340,15000,13880
AT Club 47,4,a18147b4-d85f-4772-9183-2bc398368a08,LadderGrinderBot_47,AT,Europe/Amsterdam,LadderGrinderBot,3,9,8,20,5,5,65,1,330,4250,5400,5,7,4,3,103,14022911,444,6960350,4682758,21600,21500
BE Club 229,4,86c8e514-d8a2-47d2-98fa-83eeb00f7e11,NewManagerBot_229,BE,Europe/Berlin,NewManagerBot,3,9,9,9,8,13,40,2,460,6100,7600,6,7,3,4,89,20699300,14645,9831230,4442470,15000,14200
BE Club 239,4,8e3dea39-af7b-480c-8625-29b6971c213c,LadderGrinderBot_239,BE,Europe/Amsterdam,LadderGrinderBot,3,9,4,9,14,7,34,3,590,7750,9700,3,9,6,1,95,33283848,567,12545630,4275041,21100,20800
CH Club 228,4,6623ae82-350a-436c-b5ba-d4feb42d47a3,SocialBot_228,CH,Europe/Warsaw,SocialBot,3,9,2,14,7,9,51,1,330,4350,5300,6,5,1,4,98,11888310,1469,6980100,4364366,21100,20100
CH Club 238,4,77835fd8-9111-41da-9f5e-d9063ff519a8,YouthFocusedBot_238,CH,Europe/Madrid,YouthFocusedBot,3,9,14,0,28,2,2,2,460,6100,7500,3,9,3,4,63,18440622,412,9780000,6151560,21500,21300
ES Club 234,4,58f8d124-971c-4ddf-a784-fad348ce85bf,SocialBot_234,ES,Europe/Warsaw,SocialBot,3,9,3,14,9,7,49,2,460,6100,7400,6,10,3,2,96,21998649,1954,9733230,4354440,21000,20200
FR Club 232,4,f9f8cd8f-944f-423a-a641-ab0534efd302,YouthFocusedBot_232,FR,Europe/Madrid,YouthFocusedBot,3,9,6,8,10,12,36,2,470,6100,7400,3,12,1,4,94,17382254,453,9796660,6002613,21600,21700
IT Club 233,4,19afd42f-7c4d-4cdc-91e2-6728648f135b,LadderGrinderBot_233,IT,Europe/Amsterdam,LadderGrinderBot,3,9,10,8,9,13,37,1,330,4250,5300,3,10,4,6,80,6586062,14,6922080,5659016,21300,22400
NL Club 225,4,f6828005-1708-4351-a898-c607d000aa81,AggressiveTraderBot_225,NL,Europe/Rome,AggressiveTraderBot,3,9,13,28,0,2,86,4,720,9500,12100,2,7,6,2,93,30228702,681,15436730,8795152,21700,21900
NL Club 235,4,b2766ce3-d69d-4e1d-bbd4-34189c147217,NewManagerBot_235,NL,Europe/Berlin,NewManagerBot,3,9,12,13,11,6,45,1,330,4250,5300,6,7,6,6,100,12294310,12838,6953280,4685912,15000,11600
PL Club 226,4,174ebe89-b548-4501-9a13-bfec9343eb00,YouthFocusedBot_226,PL,Europe/Madrid,YouthFocusedBot,3,9,15,14,7,9,51,2,460,6100,7400,3,9,3,5,68,19332458,1418,9761850,4169021,21300,20800
PL Club 66,4,ddac0928-9dc7-4c1c-907a-69aeecc04adc,SocialBot_66,PL,Europe/Warsaw,SocialBot,3,9,16,7,14,9,30,1,330,4250,5300,6,8,6,4,76,12562354,31,6944430,5689550,21200,21300
PT Club 240,4,120467cf-df04-4d76-afdc-ca08315a5ba4,SocialBot_240,PT,Europe/Warsaw,SocialBot,3,9,1,7,14,9,30,4,720,9600,11900,6,10,4,2,102,36986791,1816,15394380,7478063,21300,20500
AT Club 247,4,d36d5211-d4a5-4b5d-b133-314eff2373ea,NewManagerBot_247,AT,Europe/Berlin,NewManagerBot,3,10,12,11,11,8,41,2,480,6000,7400,6,7,4,3,91,23877490,16245,9871810,3822043,15000,11000
BE Club 249,4,a698e019-620c-48a1-9fa1-8a97bd242ae5,AggressiveTraderBot_249,BE,Europe/Rome,AggressiveTraderBot,3,10,1,26,0,4,82,4,720,9600,11800,6,8,5,4,90,32012339,1377,15404130,6528509,21900,21000
BE Club 39,4,a3a1617c-d7cd-42bf-b638-57ebc93ba68b,AggressiveTraderBot_39,BE,Europe/Rome,AggressiveTraderBot,3,10,16,11,13,6,39,3,590,7750,9900,6,9,5,3,69,26810913,1415,12606650,6441016,22300,21400
CH Club 248,4,e1f2a47d-7140-4c01-b84d-15e8b6841c9f,ConservativeBot_248,CH,Europe/Paris,ConservativeBot,3,10,15,13,11,6,45,4,730,9500,12000,3,8,4,5,61,41427531,15601,15469850,4115290,15000,12940
DE Club 241,4,9b31a30c-c4b2-49de-a260-14063fbbc95b,NewManagerBot_241,DE,Europe/Berlin,NewManagerBot,3,10,14,9,10,11,38,2,460,6000,7500,6,7,6,6,100,22161933,9123,9771380,5228472,15000,12680
DE Club 251,4,6fecdeab-e9a1-4234-9c78-745ed15ad3b5,LadderGrinderBot_251,DE,Europe/Amsterdam,LadderGrinderBot,3,10,6,6,9,15,33,3,600,7750,9700,4,5,3,5,85,33243430,203,12640840,4863398,21100,21100
ES Club 254,4,95d64aa9-e7a0-4460-853d-b59abc0ff97c,ConservativeBot_254,ES,Europe/Paris,ConservativeBot,3,10,5,9,6,15,42,3,590,7850,9600,7,9,4,5,98,31707605,12988,12581280,7067660,15000,13260
ES Club 314,4,7454b6c0-f657-401b-b5ee-924b9a54ce59,ConservativeBot_314,ES,Europe/Paris,ConservativeBot,3,10,8,12,8,10,46,4,730,9500,11800,6,7,1,3,109,42590882,13512,15390010,6072490,15000,14080
FR Club 2,4,276617e1-36df-4b2c-bd99-f83818f5443b,ConservativeBot_2,FR,Europe/Paris,ConservativeBot,3,10,13,10,9,11,41,3,590,7750,9700,4,6,4,5,77,45743912,12205,12570780,4359405,15000,13520
IT Club 243,4,a715d37c-88fa-40cf-a9dd-70023c0a25b3,AggressiveTraderBot_243,IT,Europe/Rome,AggressiveTraderBot,3,10,7,8,12,10,34,2,460,6000,7600,6,11,4,3,85,10314782,828,9742100,6101627,21500,21400
NL Club 245,4,4d09bd4c-ea9c-4dae-8a76-02a4f4dd1958,LadderGrinderBot_245,NL,Europe/Amsterdam,LadderGrinderBot,3,10,11,11,11,8,41,3,590,7850,9800,4,6,3,2,78,30463495,1721,12640230,5692022,21300,20100
NL Club 255,4,b6e578e7-c1a9-4728-9dcc-434509d285f1,AggressiveTraderBot_255,NL,Europe/Rome,AggressiveTraderBot,3,10,9,6,15,9,27,1,330,4350,5400,2,6,5,4,88,1793852,1748,7035000,5418991,22100,21200
NL Club 85,4,2daeb87a-10f8-4b65-8fe7-6de0ec2de769,NewManagerBot_85,NL,Europe/Berlin,NewManagerBot,3,10,4,8,12,10,34,3,590,7750,9800,5,8,4,4,95,35351628,11232,12581430,4856993,15000,14300
PL Club 246,4,5240c73a-a3b5-482b-939b-6b32b582f056,SocialBot_246,PL,Europe/Warsaw,SocialBot,3,10,3,12,8,10,46,3,590,7850,9700,4,8,4,6,87,31627322,1592,12615780,5835569,21600,20300
PL Club 256,4,a5d2a6b2-c9ce-4b25-9ff4-b08a2f217bdf,YouthFocusedBot_256,PL,Europe/Madrid,YouthFocusedBot,3,10,10,15,6,9,54,3,590,7750,9700,6,12,3,3,90,32781530,1228,12509100,3535316,21600,20600
PT Club 250,4,eedccac3-3e5e-4dc8-9772-5ed0fa2e7a6f,YouthFocusedBot_250,PT,Europe/Madrid,YouthFocusedBot,3,10,2,0,26,4,4,1,340,4350,5200,2,8,6,2,58,7792783,1795,7039800,7644994,21300,20600
AT Club 257,4,97f39fbf-683f-43e4-a5fd-2a7bada102f2,LadderGrinderBot_257,AT,Europe/Amsterdam,LadderGrinderBot,3,11,9,9,9,12,39,4,720,9500,12000,3,5,2,4,98,40679875,216,15390830,5529926,21300,21300
AT Club 267,4,504ee900-9608-4d35-9f0f-7b85335f1fcd,AggressiveTraderBot_267,AT,Europe/Rome,AggressiveTraderBot,3,11,10,9,9,12,39,2,460,6100,7400,5,9,2,5,80,14160532,1683,9744150,6123366,21800,20400
BE Club 259,4,9f903b42-874c-43ff-b34d-fac05649c097,NewManagerBot_259,BE,Europe/Berlin,NewManagerBot,3,11,6,12,10,8,44,3,590,7750,9800,6,9,3,4,85,35054938,15823,12557600,4051531,15000,10800
BE Club 9,4,ef42753c-80d6-4691-9d81-3256e965edcd,AggressiveTraderBot_9,BE,Europe/Rome,AggressiveTraderBot,3,11,5,10,12,8,38,2,460,6000,7600,4,8,5,6,95,20702593,1413,9785930,6240925,21700,21000
CH Club 268,4,371ade83-2ba6-4a5f-864a-12f7c03902db,YouthFocusedBot_268,CH,Europe/Madrid,YouthFocusedBot,3,11,4,25,0,5,80,2,460,6000,7500,2,9,5,6,94,19902166,454,9749700,5416208,21200,22100
DE Club 261,4,4baa7405-4c02-40ce-a733-6d13b772747b,AggressiveTraderBot_261,DE,Europe/Rome,AggressiveTraderBot,3,11,1,10,8,12,42,1,330,4350,5300,5,11,3,5,91,206575,308,6963030,7548261,21800,23200
ES Club 264,4,667a6255-a6ac-4524-ab0a-01857f3eb68c,SocialBot_264,ES,Europe/Warsaw,SocialBot,3,11,3,0,25,5,5,4,720,9500,12000,3,6,3,3,65,38431538,299,15386930,6390648,21300,21600
FR Club 262,4,8e2fa78b-8c83-4934-b4c0-4d3f1d168eae,YouthFocusedBot_262,FR,Europe/Madrid,YouthFocusedBot,3,11,8,11,10,9,42,1,340,4450,5200,6,12,4,2,71,8415471,1456,7063830,3553740,21100,19900
FR Club 32,4,7cce0f84-a095-4434-ae7a-abc6bf628974,ConservativeBot_32,FR,Europe/Paris,ConservativeBot,3,11,11,10,8,12,42,3,590,7750,9700,6,7,1,5,102,45471746,16250,12539400,5027091,15000,14880
FR Club 42,4,5d75f75c-9d0f-4e12-ad1a-aa70e27c2dc6,SocialBot_42,FR,Europe/Warsaw,SocialBot,3,11,15,26,0,4,82,1,330,4450,5200,2,8,5,6,99,20163821,245,7033950,2863591,21200,21400
IT Club 263,4,31595175-aa7a-49fd-94e8-93098b1e1f2f,LadderGrinderBot_263,IT,Europe/Amsterdam,LadderGrinderBot,3,11,2,8,10,12,36,1,330,4250,5400,4,6,4,3,74,10524116,1888,6967850,4478135,21100,19500
IT Club 43,4,cc5e0c17-f5a5-4328-9ab1-09684da9f2df,NewManagerBot_43,IT,Europe/Berlin,NewManagerBot,3,11,14,11,9,10,43,4,720,9500,11900,7,10,4,2,78,50656873,10456,15339030,6431248,15000,14460
NL Club 265,4,fefd58ec-aa7b-4fec-b9b6-0baebf7229c1,NewManagerBot_265,NL,Europe/Berlin,NewManagerBot,3,11,16,0,26,4,4,3,590,7850,9800,7,7,2,3,73,30862553,6459,12623000,4603690,15000,12800
NL Club 95,4,9fc9b381-8fb7-4660-b834-0587e43e56f1,LadderGrinderBot_95,NL,Europe/Amsterdam,LadderGrinderBot,3,11,12,8,10,12,36,3,590,7950,9700,4,11,5,3,84,34156951,494,12656430,4981989,21200,21400
PL Club 266,4,88018614-ddd0-45ea-b515-95a8f1bd5fd9,ConservativeBot_266,PL,Europe/Paris,ConservativeBot,3,11,13,9,11,10,37,2,460,6100,7600,6,6,1,2,93,20477465,18671,9806150,5922714,15000,12000
PT Club 260,4,b88724d9-6595-4064-82b6-939419e685ec,ConservativeBot_260,PT,Europe/Paris,ConservativeBot,3,11,7,10,11,9,39,2,460,6100,7400,8,10,3,4,80,18572396,10475,9747630,5421473,15000,13640
BE Club 279,4,0636d97f-57fb-4714-bc45-8ef92c5d4ce9,AggressiveTraderBot_279,BE,Europe/Rome,AggressiveTraderBot,3,12,11,14,9,7,49,2,460,6000,7500,5,8,4,5,80,13778942,1619,9744330,5484163,21800,20800
CH Club 288,4,b3e9c4a2-dcdc-4ab3-9209-ec55e5e69c26,SocialBot_288,CH,Europe/Warsaw,SocialBot,3,12,1,11,12,7,40,4,720,9700,11800,3,7,4,2,77,45247377,382,15448050,6063400,21400,21300
DE Club 281,4,2c75de8c-af7a-409e-9b76-a1caec8e8321,LadderGrinderBot_281,DE,Europe/Amsterdam,LadderGrinderBot,3,12,4,7,13,10,31,3,590,7850,9700,6,10,4,2,77,35190069,227,12589700,2255577,21200,21400
ES Club 154,4,cf29cbb5-e3ad-472b-84be-45f7a1720114,YouthFocusedBot_154,ES,Europe/Madrid,YouthFocusedBot,3,12,9,10,10,10,40,2,460,6100,7400,4,9,6,2,75,23743924,327,9770430,4962227,21100,21600
ES Club 274,4,45979e68-d4cb-4046-ac6f-f3bf834fde28,YouthFocusedBot_274,ES,Europe/Madrid,YouthFocusedBot,3,12,14,0,26,4,4,1,330,4250,5300,2,6,2,4,67,8774580,427,6919800,4529877,21600,22700
ES Club 284,4,087b2db6-6f19-49a3-a412-5d3056b11547,ConservativeBot_284,ES,Europe/Paris,ConservativeBot,3,12,5,9,14,7,34,2,460,6100,7500,5,5,4,2,83,18529355,18179,9816600,6423878,15000,12800
ES Club 84,4,3a999bfc-1005-45df-9380-7a57839ef926,SocialBot_84,ES,Europe/Warsaw,SocialBot,3,12,12,9,14,7,34,3,590,7750,9700,3,6,5,3,72,33356091,985,12562380,6076080,21300,21400
FR Club 282,4,7b5f43f4-6678-4ae7-b091-ee875b4cbcff,SocialBot_282,FR,Europe/Warsaw,SocialBot,3,12,10,10,10,10,40,3,590,7950,9600,6,6,4,2,98,35131856,273,12643830,5019409,21200,21400
IT Club 283,4,172ea290-ee7f-4199-b3e1-a5c4f4ffdd5d,NewManagerBot_283,IT,Europe/Berlin,NewManagerBot,3,12,2,12,11,7,43,4,720,9600,11800,7,7,6,4,94,41398109,13086,15409980,4246760,15000,13000
IT Club 33,4,7bd17a9a-d8d4-45f4-9856-031cf161fffd,AggressiveTraderBot_33,IT,Europe/Rome,AggressiveTraderBot,3,12,16,17,6,7,58,3,590,7850,9600,3,9,4,7,62,27674674,1023,12582780,7078650,21700,22500
NL Club 275,4,6e66b817-c9ae-404b-8621-2281862569a2,LadderGrinderBot_275,NL,Europe/Amsterdam,LadderGrinderBot,3,12,6,14,9,7,49,3,590,7950,9700,2,10,4,3,71,34610698,1994,12656100,4364627,21100,20100
NL Club 285,4,db11d7d6-6dcc-4f93-bfa2-e8656c230880,AggressiveTraderBot_285,NL,Europe/Rome,AggressiveTraderBot,3,12,8,13,10,7,46,2,460,6100,7400,4,8,5,3,94,17243296,30,9769200,7890580,21800,22700
PL Club 286,4,4a7b5830-15df-4f50-b3fd-2f5d0567dd70,YouthFocusedBot_286,PL,Europe/Madrid,YouthFocusedBot,3,12,15,6,17,7,25,2,460,6100,7500,3,10,4,6,75,18451027,301,9788180,3069286,21100,21300
PL Club 36,4,62f23780-5e60-40e4-9a03-ef15125a2d96,SocialBot_36,PL,Europe/Warsaw,SocialBot,3,12,7,10,13,7,37,3,590,7950,9700,5,12,2,3,81,35624488,1330,12624750,4926934,21300,20700
PT Club 280,4,b7f1aad0-fc4b-4f19-910c-597d1d18abe7,YouthFocusedBot_280,PT,Europe/Madrid,YouthFocusedBot,3,12,3,13,7,10,49,1,330,4350,5200,4,10,5,3,81,8540558,437,6950100,5639712,21200,22000
PT Club 310,4,332122c9-cc07-4a71-876c-fbc890d17151,YouthFocusedBot_310,PT,Europe/Madrid,YouthFocusedBot,3,12,13,26,0,4,82,4,720,9600,11900,3,6,4,2,97,50409109,1551,15432030,3856386,21600,21800
AT Club 297,4,a3e98b36-1558-4189-8cac-c033341581de,AggressiveTraderBot_297,AT,Europe/Rome,AggressiveTraderBot,3,13,6,26,0,4,82,1,330,4250,5200,6,9,4,4,108,4722056,477,6883350,5956330,21800,21600
AT Club 57,4,2ff9aabc-41f2-40f9-9c59-f0a3d2da9596,AggressiveTraderBot_57,AT,Europe/Rome,AggressiveTraderBot,3,13,2,8,11,11,35,2,460,6000,7600,5,10,6,5,96,14258698,679,9767880,6974456,22100,22100
AT Club 87,4,f91d7011-73d9-47b4-a76d-18f10e8a8f34,AggressiveTraderBot_87,AT,Europe/Rome,AggressiveTraderBot,3,13,13,8,9,13,37,4,730,9500,12000,2,8,4,3,73,44630580,1613,15468230,7052907,21900,21800
BE Club 289,4,27ee8ac1-d92f-4258-9176-90d41ff8648c,NewManagerBot_289,BE,Europe/Berlin,NewManagerBot,3,13,16,13,9,8,47,1,330,4350,5200,6,9,6,3,73,8143583,9640,6957930,3482045,15000,13880
BE Club 299,4,2770a000-db39-4db3-9e78-83271e65a32a,LadderGrinderBot_299,BE,Europe/Amsterdam,LadderGrinderBot,3,13,5,0,26,4,4,3,590,7850,9800,6,5,5,3,73,32329254,525,12662150,4059652,21500,21400
CH Club 298,4,069ff971-69d3-40b8-b8bb-0a33994677fb,YouthFocusedBot_298,CH,Europe/Madrid,YouthFocusedBot,3,13,3,10,13,7,37,2,460,6000,7500,3,8,4,2,86,20685620,234,9723450,6266569,21200,22900
DE Club 291,4,c5b59ffd-40e0-450b-a8ac-0be715c6008c,AggressiveTraderBot_291,DE,Europe/Rome,AggressiveTraderBot,3,13,11,10,11,9,39,4,720,9500,12000,4,6,5,5,79,32619882,392,15412400,6978513,22000,21800
ES Club 304,4,9bcf3d0a-e52d-4eb5-ad30-51eea03fd156,YouthFocusedBot_304,ES,Europe/Madrid,YouthFocusedBot,3,13,9,13,8,9,48,2,460,6000,7500,5,6,5,6,98,20407305,895,9764280,5974363,21300,21900
FR Club 12,4,6b258a80-a54c-42ac-8d59-b406ddca0ffd,SocialBot_12,FR,Europe/Warsaw,SocialBot,3,13,14,9,8,13,40,4,720,9500,12100,5,10,6,3,83,53228222,1177,15411230,5606268,21800,21400
FR Club 302,4,dd04329c-a549-432f-a804-cf2c044e94af,ConservativeBot_302,FR,Europe/Paris,ConservativeBot,3,13,4,13,10,7,46,1,330,4450,5300,5,7,4,3,89,8651959,11731,7055130,6521605,15000,14900
IT Club 293,4,344b676f-5b60-4fe0-a4ed-67f73fa332bf,LadderGrinderBot_293,IT,Europe/Amsterdam,LadderGrinderBot,3,13,15,9,13,8,35,2,470,6000,7500,4,9,1,2,86,15157517,1420,9777160,9881554,21500,20600
IT Club 303,4,291681e3-6df4-4397-9f82-ed7058381110,AggressiveTraderBot_303,IT,Europe/Rome,AggressiveTraderBot,3,13,7,8,10,12,36,4,720,9600,12000,5,7,3,4,86,27431309,824,15446100,7718390,21500,21400
NL Club 305,4,7f215d67-612d-4222-8c78-13ebe8a96342,LadderGrinderBot_305,NL,Europe/Amsterdam,LadderGrinderBot,3,13,12,11,10,9,42,2,460,6100,7500,5,6,3,3,85,22069676,1557,9803250,5709705,21300,20000
PL Club 206,4,0e00ad8c-6d93-4e4a-8724-fa03fad4db12,ConservativeBot_206,PL,Europe/Paris,ConservativeBot,3,13,10,8,13,9,33,4,720,9500,11800,8,11,3,3,99,54957470,12719,15298050,3345178,15000,14640
PL Club 296,4,7e794bdb-3053-43a0-bf3e-d660f1bd8908,ConservativeBot_296,PL,Europe/Paris,ConservativeBot,3,13,8,10,8,12,42,4,720,9500,11900,8,8,5,3,99,44734988,14038,15359130,4128192,15000,11600
PT Club 290,4,490425b1-1e4e-44c3-9420-c0d841da5e24,ConservativeBot_290,PT,Europe/Paris,ConservativeBot,3,13,1,11,8,11,44,3,590,7850,9700,3,6,5,1,96,30238726,14195,12615800,4943559,15000,14740
AT Club 307,4,d322c555-615a-453e-8d84-beb4bcf1c699,NewManagerBot_307,AT,Europe/Berlin,NewManagerBot,3,14,4,9,9,12,39,4,720,9500,11900,8,9,4,4,86,41344779,9202,15355650,4346003,15000,14840
AT Club 317,4,33ee69c4-dedd-4f76-bed6-0685eb40ba90,LadderGrinderBot_317,AT,Europe/Amsterdam,LadderGrinderBot,3,14,3,9,9,12,39,3,600,7750,9800,3,6,4,3,86,31401634,1270,12664130,5312329,21200,20200
BE Club 309,4,5b2ae2dc-d6c4-454c-97b9-d035434c1f47,AggressiveTraderBot_309,BE,Europe/Rome,AggressiveTraderBot,3,14,12,10,9,11,41,3,590,7850,9700,5,8,5,4,83,20081157,1069,12620430,5981723,21700,22000
BE Club 319,4,d30a4e2f-10d1-4c27-bc2b-421af3f7f722,NewManagerBot_319,BE,Europe/Berlin,NewManagerBot,3,14,1,13,6,11,50,2,470,6100,7400,6,7,4,2,88,19420993,12205,9844530,2549350,15000,14080
CH Club 308,4,f9837b86-040b-4721-8be8-23cec22e0cb0,ConservativeBot_308,CH,Europe/Paris,ConservativeBot,3,14,11,9,10,11,38,4,720,9600,11900,7,11,6,3,84,42047020,9295,15415230,6012973,15000,14460
CH Club 88,4,a93d43eb-2733-4268-903b-82b2b0649667,YouthFocusedBot_88,CH,Europe/Madrid,YouthFocusedBot,3,14,15,11,12,7,40,2,460,6000,7700,2,7,4,4,75,28496854,1138,9806600,5290028,21400,21400
DE Club 311,4,ac6d4879-993d-492b-9b95-4ff381a93bd6,LadderGrinderBot_311,DE,Europe/Amsterdam,LadderGrinderBot,3,14,2,6,13,11,29,4,720,9500,11900,3,7,5,3,63,42436687,1600,15372980,5295158,21300,20700
DE Club 81,4,3facca74-18a2-449b-8714-7a30943ce555,AggressiveTraderBot_81,DE,Europe/Rome,AggressiveTraderBot,3,14,13,12,9,9,45,2,460,6100,7500,5,9,5,6,81,11673485,1197,9810450,7404006,22200,22300
ES Club 64,4,90c2dd4c-8c66-4884-9e68-fc0f41018589,YouthFocusedBot_64,ES,Europe/Madrid,YouthFocusedBot,3,14,5,0,26,4,4,4,720,9600,11900,3,8,3,3,66,50563001,530,15411600,4030772,21200,21100
FR Club 312,4,f203e13e-2ee0-4967-9c02-3c10a7431942,SocialBot_312,FR,Europe/Warsaw,SocialBot,3,14,9,11,11,8,41,3,590,7850,9600,3,9,5,3,84,29174139,1151,12573150,4816644,21200,21300
IT Club 93,4,f90e3d66-29f5-4256-9311-f84428390692,AggressiveTraderBot_93,IT,Europe/Rome,AggressiveTraderBot,3,14,8,11,11,8,41,3,590,7750,9800,3,9,2,2,90,30721986,998,12549000,8682549,22300,21600
NL Club 315,4,ee7de209-6269-4937-b372-e2fd833ce154,AggressiveTraderBot_315,NL,Europe/Rome,AggressiveTraderBot,3,14,14,9,12,9,36,2,460,6100,7500,4,9,3,3,97,10087898,1597,9774230,5094724,21900,21500
PL Club 306,4,f4cec2d1-d763-4992-8166-dd797e44424b,SocialBot_306,PL,Europe/Warsaw,SocialBot,3,14,16,12,11,7,43,2,470,6100,7400,3,10,5,4,64,12946285,643,9846480,6557560,21500,21300
PL Club 316,4,8eeb98dc-6f80-41a3-af39-8f545a0a526e,YouthFocusedBot_316,PL,Europe/Madrid,YouthFocusedBot,3,14,6,26,0,4,82,2,460,6100,7500,5,9,6,3,99,18110627,907,9799380,6472238,21500,20900
PT Club 320,4,1ac5d488-5346-416f-a41d-8e1a05b22b84,ConservativeBot_320,PT,Europe/Paris,ConservativeBot,3,14,7,11,11,8,41,2,460,6100,7500,6,7,2,5,87,17537742,15079,9797480,4253051,15000,11800
PT Club 80,4,02ba1b4a-9d46-442d-9f8f-e9da88c589f1,ConservativeBot_80,PT,Europe/Paris,ConservativeBot,3,14,10,11,11,8,41,3,590,7750,9800,6,9,4,2,77,38448481,15539,12563930,5397971,15000,13280
AT Club 327,4,8e872aa5-9eec-43ea-a18d-4063b6323a32,AggressiveTraderBot_327,AT,Europe/Rome,AggressiveTraderBot,3,15,6,12,8,10,46,1,330,4350,5300,5,9,5,3,79,1531637,864,6980100,7669417,21900,22300
CH Club 328,4,5b02d8da-ebf1-4159-a005-daa73aacf476,YouthFocusedBot_328,CH,Europe/Madrid,YouthFocusedBot,3,15,14,15,7,8,53,4,720,9600,11800,6,9,6,6,83,52949967,749,15406080,2081702,21400,20900
CH Club 58,4,3ccee11b-4f59-420c-aa82-6e99e0eb768f,YouthFocusedBot_58,CH,Europe/Madrid,YouthFocusedBot,3,15,1,10,7,13,43,4,730,9500,12000,5,8,1,5,99,49596869,476,15453200,6515194,21400,21400
DE Club 321,4,851c9bc7-0195-44a5-9a9b-e3e368f05b84,AggressiveTraderBot_321,DE,Europe/Rome,AggressiveTraderBot,3,15,10,9,15,6,33,3,590,7850,9600,4,11,3,4,83,25264095,216,12553950,5956143,22000,22500
DE Club 331,4,98b8c3dc-1977-4005-8ddb-b5800c00e507,NewManagerBot_331,DE,Europe/Berlin,NewManagerBot,3,15,2,7,10,13,34,1,330,4450,5200,4,10,7,4,74,12801827,12989,7033380,5041061,15000,12720
ES Club 324,4,c1b97015-ca8f-4f25-b5e4-5574dfa84115,SocialBot_324,ES,Europe/Warsaw,SocialBot,3,15,13,7,15,8,29,4,730,9600,11900,2,8,5,5,82,42051470,813,15517230,4932820,21400,21000
FR Club 322,4,052cc5bd-065c-4c5e-9928-504c67b917a7,YouthFocusedBot_322,FR,Europe/Madrid,YouthFocusedBot,3,15,7,10,8,12,42,1,330,4450,5200,3,8,4,3,86,9268570,1104,7010400,5766350,21500,22400
FR Club 332,4,d3816e16-02ff-4009-a9cb-9f97dca7b638,ConservativeBot_332,FR,Europe/Paris,ConservativeBot,3,15,8,8,10,12,36,2,460,6200,7500,8,9,3,6,70,22432546,12797,9858350,5706377,15000,13040
IT Club 223,4,ba2d3557-3469-457e-bd69-ac1f1499d4f3,NewManagerBot_223,IT,Europe/Berlin,NewManagerBot,3,15,11,14,9,7,49,2,470,6000,7400,5,10,5,7,78,22181778,15825,9787060,5927317,15000,11000
IT Club 323,4,1e8a5f98-830a-460c-8474-32b6bbd4dd8a,LadderGrinderBot_323,IT,Europe/Amsterdam,LadderGrinderBot,3,15,9,15,9,6,51,4,730,9600,11800,4,10,5,4,89,46175481,389,15459910,5298443,21600,21700
IT Club 333,4,1fe03c85-0588-47ee-a9b0-570745c277b8,AggressiveTraderBot_333,IT,Europe/Rome,AggressiveTraderBot,3,15,15,10,14,6,36,3,590,7950,9700,4,8,6,1,77,18918771,274,12678030,9553423,21900,23300
NL Club 335,4,2c4e0906-3186-4fe4-90f9-4524048a405a,LadderGrinderBot_335,NL,Europe/Amsterdam,LadderGrinderBot,3,15,3,13,6,11,50,1,330,4350,5300,5,9,6,5,97,9844010,1135,7002450,5285432,21000,21700
PL Club 326,4,2cb83ea0-07c9-4c53-ad9c-b42cb6fd06c3,ConservativeBot_326,PL,Europe/Paris,ConservativeBot,3,15,12,9,14,7,34,3,590,7750,9800,9,11,5,2,92,28846700,11597,12549530,4436989,15000,11800
PL Club 336,4,89a69f46-a0c1-461e-89a2-81d90cf65196,SocialBot_336,PL,Europe/Warsaw,SocialBot,3,15,4,6,13,11,29,4,720,9500,11800,4,11,3,6,86,40298455,2038,15311550,4973946,21600,19600
PL Club 96,4,912e4ee5-dd9b-4150-9688-56296d360c70,SocialBot_96,PL,Europe/Warsaw,SocialBot,3,15,16,14,10,6,48,2,460,6100,7600,6,7,5,3,68,28983657,766,9843050,6929365,21400,20900
PT Club 330,4,9b7b88dd-c579-4670-9ea2-d0ff05897140,SocialBot_330,PT,Europe/Warsaw,SocialBot,3,15,5,8,12,10,34,3,590,7850,9700,6,9,3,5,82,30576856,1151,12593850,3129992,21300,21500
AT Club 7,5,45bee91c-1361-46f9-90d0-004db455ad08,NewManagerBot_7,AT,Europe/Berlin,NewManagerBot,1,1,7,8,10,12,36,3,590,8050,9600,5,9,4,2,87,81389989,16341,20794700,3164595,15000,12800
BE Club 269,5,866130f8-e8cc-4d23-8af7-a4fccbf909e9,LadderGrinderBot_269,BE,Europe/Amsterdam,LadderGrinderBot,1,1,5,7,6,17,38,2,460,6000,7600,2,7,3,6,101,47647306,1993,16011600,4204416,21300,20700
CH Club 168,5,509f7a8f-e9c2-4356-8664-284edd09d62b,SocialBot_168,CH,Europe/Warsaw,SocialBot,1,1,15,5,10,15,30,2,460,6000,7600,6,10,6,5,110,44211567,936,16016130,4496650,21000,20500
DE Club 11,5,7d4fd99a-614c-4ed8-9011-e036130643ad,LadderGrinderBot_11,DE,Europe/Amsterdam,LadderGrinderBot,1,1,14,9,13,8,35,4,720,9700,11800,3,10,5,4,97,103820528,463,25309700,4524831,21300,21500
DE Club 51,5,6e2df94a-2634-4a4c-8b1e-493f23c9a266,AggressiveTraderBot_51,DE,Europe/Rome,AggressiveTraderBot,1,1,2,12,10,8,44,1,330,4350,5300,5,11,3,7,119,22190587,1474,11437050,5127382,21700,20500
DE Club 91,5,665bb8e5-c759-4a1a-aac2-4d4844ef5b2c,NewManagerBot_91,DE,Europe/Berlin,NewManagerBot,1,1,9,28,0,2,86,2,470,6000,7500,5,7,3,6,113,50404467,8840,16097200,6810532,15000,14500
FR Club 82,5,4409d607-6bac-442e-8606-52fbef3fa238,YouthFocusedBot_82,FR,Europe/Madrid,YouthFocusedBot,1,1,3,3,15,12,21,3,590,8050,9700,6,9,2,4,119,62874674,1044,20847430,4144316,21400,20600
IT Club 163,5,c3009e63-0904-4b42-a51b-b2b11ebf0462,NewManagerBot_163,IT,Europe/Berlin,NewManagerBot,1,1,13,13,9,8,47,2,460,6000,7800,5,7,4,6,111,41402813,12169,16127350,3562176,15000,13200
IT Club 273,5,55cd1f96-7da4-42a8-bdc2-65eec0caa8f8,AggressiveTraderBot_273,IT,Europe/Rome,AggressiveTraderBot,1,1,16,10,5,15,45,2,460,6200,7600,2,9,4,7,104,28991180,1488,16209800,7199713,21800,21600
IT Club 3,5,933f443f-09a5-407c-bc18-41bbcdb3320d,AggressiveTraderBot_3,IT,Europe/Rome,AggressiveTraderBot,1,1,10,0,28,2,2,3,590,7750,9700,5,7,6,1,86,61673829,1164,20577300,8185232,22100,22200
IT Club 53,5,2c1e5c2e-54c7-444c-bdc5-952aa0640fb9,LadderGrinderBot_53,IT,Europe/Amsterdam,LadderGrinderBot,1,1,1,10,12,8,38,4,720,9500,11900,5,8,6,7,109,76449168,712,25196280,4808455,21300,21300
IT Club 83,5,cdb01e03-ff03-4f33-bd2d-b59a7b0f591c,LadderGrinderBot_83,IT,Europe/Amsterdam,LadderGrinderBot,1,1,8,10,8,12,42,3,600,7750,9700,3,8,2,4,98,64701973,446,20669690,4677733,21400,21600
NL Club 35,5,4ab5b37d-8740-4cf7-bc6c-a7fff72cce75,LadderGrinderBot_35,NL,Europe/Amsterdam,LadderGrinderBot,1,1,12,7,14,9,30,4,720,9500,12200,6,8,4,2,113,99162577,1816,25316650,4707795,21300,20600
NL Club 75,5,b6d49245-a27a-4bf8-b1d3-73ff413977f8,AggressiveTraderBot_75,NL,Europe/Rome,AggressiveTraderBot,1,1,4,15,3,12,57,2,460,6100,7500,5,8,5,3,101,33641800,1299,16061900,7195439,21700,21400
PL Club 46,5,f0cf7f34-1d99-4610-930a-7161c6511689,YouthFocusedBot_46,PL,Europe/Madrid,YouthFocusedBot,1,1,6,6,7,17,35,1,330,4350,5300,2,8,6,5,100,19268324,1393,11465380,6714871,21400,21200
PL Club 6,5,abe9916f-da9a-4d5e-9e9b-8935d429c00b,SocialBot_6,PL,Europe/Warsaw,SocialBot,1,1,11,14,7,9,51,4,720,9600,12000,3,9,5,4,89,98390296,1346,25324430,5475564,21100,20900
AT Club 237,5,861ad621-57b3-40ed-ab12-c9e478ad9132,AggressiveTraderBot_237,AT,Europe/Rome,AggressiveTraderBot,2,1,2,10,6,14,44,1,330,4350,5400,3,8,5,3,100,5032140,383,9024000,8303547,22600,22400
BE Club 119,5,6bad2dd4-72a2-48a7-8ae0-3775f0347868,LadderGrinderBot_119,BE,Europe/Amsterdam,LadderGrinderBot,2,1,10,0,22,8,8,3,590,7850,9900,3,7,6,5,62,41668483,256,16315400,4242503,21300,23000
BE Club 139,5,a71518ae-6bd8-4c32-96c3-112f006e8cc6,NewManagerBot_139,BE,Europe/Berlin,NewManagerBot,2,1,5,14,5,11,53,1,330,4350,5500,4,9,4,4,98,11206166,16079,9045530,4358766,15000,14520
CH Club 108,5,d237fcb6-3d82-4b30-a4c8-08f31ef9c699,SocialBot_108,CH,Europe/Warsaw,SocialBot,2,1,13,13,12,5,44,2,460,6100,7500,3,8,5,4,102,34888884,452,12602280,5080737,21200,21100
DE Club 111,5,ad2b509b-3919-4c92-8b6a-759e44ea3a0c,AggressiveTraderBot_111,DE,Europe/Rome,AggressiveTraderBot,2,1,7,0,26,4,4,2,460,6000,7400,2,7,4,1,81,14871238,981,12471300,8516864,22200,21600
DE Club 131,5,4df51e17-610f-4418-ad6a-6755b64e29da,LadderGrinderBot_131,DE,Europe/Amsterdam,LadderGrinderBot,2,1,4,10,6,14,44,2,460,6100,7600,5,8,5,4,110,28910703,498,12635330,3992983,21100,21100
ES Club 114,5,edd45f0a-d532-4cdb-b9e8-21d8d5885f99,SocialBot_114,ES,Europe/Warsaw,SocialBot,2,1,9,22,0,8,74,2,460,6300,7500,5,11,4,3,102,33083195,2072,12723230,2603849,21400,21400
ES Club 124,5,63bd8cf2-7494-4ef3-b855-2e58a81d73cc,YouthFocusedBot_124,ES,Europe/Madrid,YouthFocusedBot,2,1,12,8,9,13,37,3,590,7850,9800,4,7,4,6,87,50892631,1498,16257200,6011970,21200,21300
ES Club 14,5,0b50e7f4-6b2a-45c4-8be3-2ce590b91b8a,ConservativeBot_14,ES,Europe/Paris,ConservativeBot,2,1,16,9,14,7,34,3,590,7850,9700,7,9,5,4,106,74233913,13752,16203600,4640761,15000,14260
FR Club 112,5,16dae8f3-3cf5-4914-b2e1-c0d7628a9aa8,YouthFocusedBot_112,FR,Europe/Madrid,YouthFocusedBot,2,1,11,9,8,13,40,4,720,9700,11900,2,7,5,4,97,60488543,321,19911230,5393926,21100,21100
IT Club 13,5,39f2a78b-4a9e-4776-ba83-00559ac1760a,NewManagerBot_13,IT,Europe/Berlin,NewManagerBot,2,1,14,12,13,5,41,2,460,6200,7600,5,5,4,4,96,42784615,14203,12731000,4497959,15000,13000
NL Club 115,5,60f771af-be6f-4cb3-aa1a-e7f7a91db9b7,NewManagerBot_115,NL,Europe/Berlin,NewManagerBot,2,1,6,5,14,11,26,2,460,6200,7500,7,9,6,4,113,24616155,12091,12685280,4838525,15000,14460
PL Club 56,5,866c2106-91b3-44fc-9e0b-2769beee0185,ConservativeBot_56,PL,Europe/Paris,ConservativeBot,2,1,1,6,10,14,32,4,720,9500,11900,9,10,3,4,116,64551421,11859,19711830,4274430,15000,15420
PT Club 10,5,80cae03b-b2a6-461e-b95e-031eadafd17c,YouthFocusedBot_10,PT,Europe/Madrid,YouthFocusedBot,2,1,15,14,9,7,49,3,590,7850,9800,5,6,5,4,90,59868804,1183,16271300,6012812,21200,21100
PT Club 120,5,846d15f7-d1c8-4a4e-ac5f-6c2c4375f102,SocialBot_120,PT,Europe/Warsaw,SocialBot,2,1,3,6,10,14,32,1,330,4250,5400,6,8,5,6,107,18090388,697,8951700,3812433,21400,21200
PT Club 140,5,99541c4c-0b0c-46c4-8034-3a2aa9ec8905,ConservativeBot_140,PT,Europe/Paris,ConservativeBot,2,1,8,26,0,4,82,2,460,6000,7700,5,6,4,5,115,27309065,18136,12613650,6109868,15000,11600
AT Club 147,5,589a6b40-2f68-472e-a18c-f1c4ba0cb8f3,AggressiveTraderBot_147,AT,Europe/Rome,AggressiveTraderBot,2,2,15,28,0,2,86,4,720,9900,11800,6,9,4,8,108,54200403,551,20027850,7678804,21700,23100
BE Club 169,5,a71f8db0-62a0-435a-8521-634fe4ab0e14,NewManagerBot_169,BE,Europe/Berlin,NewManagerBot,2,2,6,0,29,1,1,3,600,7750,9800,6,10,5,2,74,42598170,11812,16244300,5024548,15000,12680
CH Club 148,5,2ab46469-b77e-43f9-b298-f3470435bca3,YouthFocusedBot_148,CH,Europe/Madrid,YouthFocusedBot,2,2,2,8,10,12,36,4,720,9700,11800,5,10,6,3,112,56017492,1331,19851780,3511969,21200,20100
CH Club 188,5,978d7089-6af5-4640-882b-abffbe7cd0f6,ConservativeBot_188,CH,Europe/Paris,ConservativeBot,2,2,12,26,0,4,82,2,460,6200,7600,8,12,4,3,117,39543030,9724,12673730,2963443,15000,15840
CH Club 278,5,e848743e-5085-46bb-8441-7a9e0875e6e3,ConservativeBot_278,CH,Europe/Paris,ConservativeBot,2,2,1,10,8,12,42,4,730,9500,12000,6,8,5,7,115,62069170,19698,19905780,4189087,15000,10600
CH Club 78,5,93efb9ec-9131-4e3b-9e21-f2133c4850d0,SocialBot_78,CH,Europe/Warsaw,SocialBot,2,2,9,12,13,5,41,1,330,4250,5300,5,8,6,5,111,19166800,203,8914730,3321237,21300,21500
DE Club 1,5,8ede3331-3007-49f1-b989-4716dd6a67b7,NewManagerBot_1,DE,Europe/Berlin,NewManagerBot,2,2,16,0,28,2,2,4,730,9500,12000,2,10,5,4,73,91133948,15684,19866500,3337270,15000,12960
FR Club 192,5,bad3a036-0773-4308-8ea9-c68fe818b674,SocialBot_192,FR,Europe/Warsaw,SocialBot,2,2,13,7,11,12,33,4,730,9500,11900,4,12,4,2,108,65103267,1729,19806600,4525938,21200,19700
FR Club 22,5,db1b90c7-4b81-4e26-b7d1-41cc5de79767,YouthFocusedBot_22,FR,Europe/Madrid,YouthFocusedBot,2,2,7,0,28,2,2,1,340,4350,5300,3,9,5,5,68,16643422,1115,9081020,4850626,21400,20700
NL Club 175,5,6405272b-8865-4fa7-889e-dcbb45d690b8,NewManagerBot_175,NL,Europe/Berlin,NewManagerBot,2,2,5,29,0,1,88,4,720,9600,11800,6,6,3,5,109,68193033,17766,19792980,4448886,15000,13000
NL Club 5,5,4225f5c0-95d6-4427-b60a-6724e6d2cb42,LadderGrinderBot_5,NL,Europe/Amsterdam,LadderGrinderBot,2,2,14,11,7,12,45,3,600,7750,9800,6,10,4,3,86,62374686,584,16244400,6069898,21300,22200
PL Club 146,5,52f78a3c-528e-4edf-85b2-21c2a2767a13,ConservativeBot_146,PL,Europe/Paris,ConservativeBot,2,2,3,15,5,10,55,3,590,7950,9600,9,11,5,5,97,40093964,12272,16232130,5113873,15000,12200
PL Club 16,5,907cf4c5-f585-46f1-8f4f-51c5fb16bc41,YouthFocusedBot_16,PL,Europe/Madrid,YouthFocusedBot,2,2,4,5,15,10,25,2,470,6100,7600,6,8,2,5,98,48421154,1363,12726200,4127340,21000,20700
PT Club 180,5,f1cd0063-ec68-4c9b-8622-a772b4679446,SocialBot_180,PT,Europe/Warsaw,SocialBot,2,2,8,28,0,2,86,4,720,9700,11900,3,8,3,3,96,59605427,218,19888980,3437737,21700,22600
PT Club 30,5,f286f20d-4ab8-46dc-aebb-efc937c99b3f,SocialBot_30,PT,Europe/Warsaw,SocialBot,2,2,11,0,26,4,4,3,600,7750,9800,3,11,5,4,67,51553415,1382,16255550,4077272,21500,21300
PT Club 70,5,3d50ec80-ab41-4029-96c6-f611127f7735,YouthFocusedBot_70,PT,Europe/Madrid,YouthFocusedBot,2,2,10,13,12,5,44,4,720,9600,12000,4,11,3,6,108,72178217,232,19839380,4357131,21500,21400
AT Club 217,5,2157cf5f-9895-4976-9e95-9eab43c004c3,NewManagerBot_217,AT,Europe/Berlin,NewManagerBot,2,3,6,9,11,10,37,4,720,9700,11800,6,9,4,7,98,57838589,13890,19863780,3748482,15000,14080
AT Club 47,5,a18147b4-d85f-4772-9183-2bc398368a08,LadderGrinderBot_47,AT,Europe/Amsterdam,LadderGrinderBot,2,3,4,5,14,11,26,1,330,4350,5400,5,8,5,4,109,19905911,444,9028080,3145080,21400,21400
AT Club 77,5,df464cc7-4b0a-48e9-a075-046aeb097d89,LadderGrinderBot_77,AT,Europe/Amsterdam,LadderGrinderBot,2,3,2,13,10,7,46,4,720,9600,12000,5,8,3,5,116,68551050,1401,19849880,5329036,21400,20500
BE Club 219,5,2dce50ea-7b2d-49d3-9243-53664f92ead4,AggressiveTraderBot_219,BE,Europe/Rome,AggressiveTraderBot,2,3,5,11,9,10,43,1,330,4250,5400,4,12,3,5,94,7154814,701,8899550,6668225,21900,22200
BE Club 89,5,bc117a96-6ec4-4599-be57-aca06325b959,LadderGrinderBot_89,BE,Europe/Amsterdam,LadderGrinderBot,2,3,3,14,5,11,53,3,600,7950,9700,4,11,6,4,109,58011324,1334,16386380,6085533,21500,21300
ES Club 224,5,85ba8c61-df12-4ab2-a54d-878c4b319c5c,ConservativeBot_224,ES,Europe/Paris,ConservativeBot,2,3,16,10,5,15,45,3,590,7750,9800,7,9,6,6,84,52250763,12313,16185780,5891808,15000,14060
ES Club 34,5,ea5fb1c3-6285-4bb9-90c7-6f4a69c2edf4,YouthFocusedBot_34,ES,Europe/Madrid,YouthFocusedBot,2,3,13,6,11,13,31,1,330,4250,5400,5,11,5,4,101,15571731,1271,8926130,4529408,21400,21400
FR Club 252,5,3905724b-1633-40a3-befa-4ca737602534,SocialBot_252,FR,Europe/Warsaw,SocialBot,2,3,7,14,10,6,48,4,720,9700,11800,3,7,6,5,107,69922035,45,19893630,4786149,21200,22500
FR Club 62,5,949b6eb4-022a-44d0-b379-3e0573492d1f,ConservativeBot_62,FR,Europe/Paris,ConservativeBot,2,3,15,5,10,15,30,3,590,7850,9700,8,10,3,5,108,50695605,12340,16191630,6146386,15000,14240
IT Club 193,5,647ef435-813c-4a9e-af57-c1f72ea86a0b,NewManagerBot_193,IT,Europe/Berlin,NewManagerBot,2,3,11,9,10,11,38,2,460,6100,7600,8,12,2,5,112,35639150,14686,12594450,4175772,15000,13640
IT Club 73,5,8447a90d-30a7-45e1-9855-497f52d25b65,NewManagerBot_73,IT,Europe/Berlin,NewManagerBot,2,3,9,13,4,13,52,1,340,4250,5300,9,12,3,5,87,17655715,10854,8971980,4303913,15000,16220
NL Club 215,5,c5542b62-89ff-4e6e-811d-9c302f44c8a2,LadderGrinderBot_215,NL,Europe/Amsterdam,LadderGrinderBot,2,3,8,10,14,6,36,2,460,6300,7400,3,8,5,7,89,31321950,1038,12738780,3848335,21600,21800
NL Club 225,5,f6828005-1708-4351-a898-c607d000aa81,AggressiveTraderBot_225,NL,Europe/Rome,AggressiveTraderBot,2,3,1,10,13,7,37,4,720,9500,12100,2,8,6,2,96,45173236,81,19827900,4883366,21700,22300
PL Club 236,5,ffea076a-2d24-4f69-9ab3-3a58f45ec0c2,ConservativeBot_236,PL,Europe/Paris,ConservativeBot,2,3,12,10,9,11,41,4,720,9500,12000,8,9,4,4,102,69819647,13770,19772630,4283388,15000,15040
PL Club 276,5,28e388ea-8d2e-4ca5-ba30-2fd7e17f0c3b,SocialBot_276,PL,Europe/Warsaw,SocialBot,2,3,10,4,13,13,25,3,590,7750,9800,3,7,1,6,73,49533208,317,16160550,5079464,21300,21400
PT Club 220,5,dcd44b96-d0cd-4c15-9c4b-7723d0e249eb,YouthFocusedBot_220,PT,Europe/Madrid,YouthFocusedBot,2,3,14,11,6,13,46,2,460,6100,7500,6,8,6,4,119,28953213,660,12613350,4986181,21300,22700
BE Club 249,5,a698e019-620c-48a1-9fa1-8a97bd242ae5,AggressiveTraderBot_249,BE,Europe/Rome,AggressiveTraderBot,2,4,3,7,17,6,27,4,720,9600,11900,6,8,5,4,96,43751436,477,19823000,8083903,21700,22600
BE Club 79,5,bd686a80-6045-46e8-9cac-b32c87df4cc5,NewManagerBot_79,BE,Europe/Berlin,NewManagerBot,2,4,7,11,12,7,40,1,330,4250,5400,7,11,3,2,108,24684224,13601,8902230,4814795,15000,13460
CH Club 128,5,8d277197-1e1d-4deb-9867-4d2b1f7c3676,ConservativeBot_128,CH,Europe/Paris,ConservativeBot,2,4,16,27,0,3,84,4,720,9600,12000,5,6,5,5,111,77240586,19028,19890300,4582633,15000,14700
CH Club 258,5,ef52adc4-814b-40ef-a680-c30116584649,SocialBot_258,CH,Europe/Warsaw,SocialBot,2,4,12,9,10,11,38,3,590,8050,9700,6,6,5,5,109,48537484,1335,16389750,3384863,21300,21100
CH Club 268,5,371ade83-2ba6-4a5f-864a-12f7c03902db,YouthFocusedBot_268,CH,Europe/Madrid,YouthFocusedBot,2,4,4,17,7,6,57,2,460,6100,7500,2,9,6,7,97,27553202,654,12608880,4957844,21300,21100
CH Club 48,5,fe109c31-effc-4947-b5a6-e30f399712ed,SocialBot_48,CH,Europe/Warsaw,SocialBot,2,4,10,7,11,12,33,2,470,6000,7400,4,7,4,4,104,34629252,916,12580200,5968335,21100,21300
DE Club 71,5,0fa76938-c336-4cb8-b461-cc4b6ec9e9ec,LadderGrinderBot_71,DE,Europe/Amsterdam,LadderGrinderBot,2,4,14,29,0,1,88,3,600,7850,9600,6,7,3,2,116,56458485,326,16257030,5115371,21500,23000
FR Club 242,5,3f81c58b-91eb-4d4d-af6f-ada6c0950c04,ConservativeBot_242,FR,Europe/Paris,ConservativeBot,2,4,15,0,27,3,3,1,330,4350,5200,6,6,5,4,75,15720545,20944,8960550,7174598,15000,11000
FR Club 292,5,00fbebff-5dfe-43c7-a2e7-f71b21fca139,YouthFocusedBot_292,FR,Europe/Madrid,YouthFocusedBot,2,4,9,11,7,12,45,3,590,7850,9600,6,6,5,4,116,48843369,1823,16186680,4375283,21100,21100
FR Club 42,5,5d75f75c-9d0f-4e12-ad1a-aa70e27c2dc6,SocialBot_42,FR,Europe/Warsaw,SocialBot,2,4,1,7,14,9,30,1,330,4450,5300,2,8,5,6,102,24546214,1345,9073400,4691007,21000,19900
IT Club 33,5,7bd17a9a-d8d4-45f4-9856-031cf161fffd,AggressiveTraderBot_33,IT,Europe/Rome,AggressiveTraderBot,2,4,5,0,30,0,0,3,590,7850,9700,3,10,4,7,65,37766061,1723,16207700,6116313,22200,21500
NL Club 45,5,83aa17f7-769b-4fb0-9e8f-5903a6a78480,AggressiveTraderBot_45,NL,Europe/Rome,AggressiveTraderBot,2,4,8,12,11,7,43,4,720,9600,12000,5,7,6,5,118,54777621,638,19883130,6391531,22000,21600
PL Club 256,5,a5d2a6b2-c9ce-4b25-9ff4-b08a2f217bdf,YouthFocusedBot_256,PL,Europe/Madrid,YouthFocusedBot,2,4,6,30,0,0,90,3,590,7750,9700,6,13,3,3,96,43587393,1128,16079400,5273537,21500,21600
PL Club 86,5,583ace32-0ada-454b-8de3-5c0517b8b154,ConservativeBot_86,PL,Europe/Paris,ConservativeBot,2,4,11,10,9,11,41,3,590,7750,9700,7,8,6,5,106,49040418,18464,16149780,4898109,15000,12800
PT Club 270,5,6e125b6c-3269-4eaa-82ef-1b8849221ac1,SocialBot_270,PT,Europe/Warsaw,SocialBot,2,4,13,0,29,1,1,2,470,6100,7400,2,11,3,6,75,31836905,1208,12639450,6219006,21200,20400
PT Club 310,5,332122c9-cc07-4a71-876c-fbc890d17151,YouthFocusedBot_310,PT,Europe/Madrid,YouthFocusedBot,2,4,2,14,7,9,51,4,730,9600,11900,3,6,5,2,100,65633576,1451,19929500,4705033,21400,21500
AT Club 297,5,a3e98b36-1558-4189-8cac-c033341581de,AggressiveTraderBot_297,AT,Europe/Rome,AggressiveTraderBot,2,5,1,12,7,11,47,1,330,4250,5300,6,9,5,4,114,7577485,277,8894630,6039201,21900,22100
BE Club 319,5,d30a4e2f-10d1-4c27-bc2b-421af3f7f722,NewManagerBot_319,BE,Europe/Berlin,NewManagerBot,2,5,6,8,9,13,37,2,470,6100,7500,7,7,5,2,94,27238361,14605,12697730,4880362,15000,12600
BE Club 59,5,1a53b06d-fe24-4372-806f-39d5a03110f4,LadderGrinderBot_59,BE,Europe/Amsterdam,LadderGrinderBot,2,5,14,8,11,11,35,3,590,7750,10000,3,8,5,4,101,56347745,1255,16245650,2737327,21000,21100
CH Club 318,5,29a6a04e-8632-46ac-b9e3-38eb8e473479,SocialBot_318,CH,Europe/Warsaw,SocialBot,2,5,9,9,12,9,36,4,720,9500,12100,3,6,3,5,101,61308040,1113,19824330,5058147,21400,21300
CH Club 328,5,5b02d8da-ebf1-4159-a005-daa73aacf476,YouthFocusedBot_328,CH,Europe/Madrid,YouthFocusedBot,2,5,4,10,10,10,40,4,720,9600,11900,6,10,7,6,89,69759142,649,19840430,3031255,21200,21300
CH Club 8,5,aa62501e-4207-4f68-9a87-2ac523c37d43,ConservativeBot_8,CH,Europe/Paris,ConservativeBot,2,5,16,7,16,7,28,3,590,7750,9600,8,13,4,4,79,72854317,11175,16052850,6148619,15000,14640
ES Club 294,5,9c94cf3a-2337-49bd-a99a-d1aea9e211d3,SocialBot_294,ES,Europe/Warsaw,SocialBot,2,5,12,10,12,8,38,2,460,6200,7500,3,7,6,5,100,33279782,925,12696300,4392233,21400,21600
ES Club 304,5,9bcf3d0a-e52d-4eb5-ad30-51eea03fd156,YouthFocusedBot_304,ES,Europe/Madrid,YouthFocusedBot,2,5,8,7,11,12,33,2,460,6000,7500,5,6,6,6,104,27604263,895,12548730,5351772,21500,21500
ES Club 94,5,d2db60e9-2b6b-43b0-a70c-64fdfe3eb0ba,YouthFocusedBot_94,ES,Europe/Madrid,YouthFocusedBot,2,5,3,10,10,10,40,4,720,9500,11800,3,9,5,5,84,72955823,908,19708650,5773504,21500,21300
IT Club 313,5,e88f5e31-b99f-40c4-82fa-16246707d3d3,NewManagerBot_313,IT,Europe/Berlin,NewManagerBot,2,5,10,12,9,9,45,3,590,7850,9900,7,9,5,4,119,50321997,12431,16285980,4889630,15000,15460
IT Club 323,5,1e8a5f98-830a-460c-8474-32b6bbd4dd8a,LadderGrinderBot_323,IT,Europe/Amsterdam,LadderGrinderBot,2,5,5,9,8,13,40,4,730,9600,11800,4,11,5,5,95,62809545,489,19877550,3243486,21200,21100
PL Club 316,5,8eeb98dc-6f80-41a3-af39-8f545a0a526e,YouthFocusedBot_316,PL,Europe/Madrid,YouthFocusedBot,2,5,2,7,12,11,32,2,460,6100,7500,5,10,7,4,105,26772047,407,12606180,3944760,21300,21800
PT Club 20,5,9bd6d0e3-22db-4fa7-a64b-8057caef5fbd,ConservativeBot_20,PT,Europe/Paris,ConservativeBot,2,5,7,11,7,12,45,1,330,4350,5300,5,8,4,4,109,15670513,14949,8981130,5366426,15000,11000
PT Club 300,5,690261c2-40f2-40dd-9cfb-f20b71761820,SocialBot_300,PT,Europe/Warsaw,SocialBot,2,5,11,12,10,8,44,3,590,7750,9800,4,11,5,3,115,54558882,676,16148030,3226334,21500,21400
PT Club 60,5,13521371-e8a6-40a5-92e3-2bb48ed3b307,SocialBot_60,PT,Europe/Warsaw,SocialBot,2,5,13,11,8,11,44,4,730,9500,12000,2,6,5,4,105,71265253,338,19907550,3211704,21600,22200
PT Club 90,5,a3c33e13-a9f8-4e3f-b418-bc2421bcddef,SocialBot_90,PT,Europe/Warsaw,SocialBot,2,5,15,16,7,7,55,3,600,7850,9800,4,8,4,2,84,50076973,401,16334600,5305504,21300,21400
AT Club 107,5,c829abd4-dc16-4e64-a3b7-820a0be3b755,LadderGrinderBot_107,AT,Europe/Amsterdam,LadderGrinderBot,3,1,8,6,14,10,28,1,330,4450,5400,4,11,2,7,106,17243796,2063,7050650,4357283,21500,20200
BE Club 109,5,6e20850e-76cc-450c-8384-7c3e2a05e758,NewManagerBot_109,BE,Europe/Berlin,NewManagerBot,3,1,7,14,6,10,52,2,460,6100,7500,8,12,3,5,111,26022696,9777,9769350,5477863,15000,13640
BE Club 29,5,65624b69-e859-4346-84ff-a00e772556ab,LadderGrinderBot_29,BE,Europe/Amsterdam,LadderGrinderBot,3,1,2,9,14,7,34,3,590,7750,9600,5,6,4,3,101,43846215,615,12532050,3885568,21400,21200
BE Club 49,5,ef0deafb-34ad-4cdf-a1ee-f6729a1af026,NewManagerBot_49,BE,Europe/Berlin,NewManagerBot,3,1,9,13,9,8,47,3,590,7850,9700,8,10,4,3,94,52505274,15392,12587700,4377431,15000,12400
BE Club 99,5,9f651b5b-f5ee-4a61-910c-2c3f76315bdc,AggressiveTraderBot_99,BE,Europe/Rome,AggressiveTraderBot,3,1,13,10,9,11,41,2,460,6000,7600,4,10,4,4,88,16416588,521,9754680,5725503,21900,21600
CH Club 98,5,d703b9db-472b-48c3-bab7-71f4cf30b7af,ConservativeBot_98,CH,Europe/Paris,ConservativeBot,3,1,11,9,11,10,37,1,330,4350,5300,5,12,7,2,93,13098274,18238,6976530,3401434,15000,11600
DE Club 231,5,13c0a18d-92e3-45eb-bfb7-1db59d64c124,AggressiveTraderBot_231,DE,Europe/Rome,AggressiveTraderBot,3,1,14,9,10,11,38,4,720,9700,11800,6,8,4,3,108,54046761,1352,15445200,4009239,21800,21500
DE Club 61,5,ea6cc8de-9250-42a9-9eb7-6cb2cb53b8ba,NewManagerBot_61,DE,Europe/Berlin,NewManagerBot,3,1,10,9,13,8,35,2,460,6000,7500,6,9,7,2,97,26294998,18189,9747900,5593280,15000,11600
ES Club 104,5,3398d426-6ecf-4aec-bfa4-ee7ff5bccc05,ConservativeBot_104,ES,Europe/Paris,ConservativeBot,3,1,6,12,8,10,46,1,330,4350,5400,6,9,7,4,118,15039840,18861,7037030,2786945,15000,11000
FR Club 102,5,2e5975bb-68ec-41f0-846e-ee73974f083c,SocialBot_102,FR,Europe/Warsaw,SocialBot,3,1,12,11,9,10,43,4,720,9600,11900,3,10,5,1,78,47625634,466,15397400,7017167,21400,22600
NL Club 105,5,34c795cf-10d4-47e7-b354-3f281e6be23b,AggressiveTraderBot_105,NL,Europe/Rome,AggressiveTraderBot,3,1,4,9,12,9,36,4,720,9600,11900,5,10,1,2,107,40129817,1119,15378000,7205296,22300,21600
NL Club 135,5,3915e9a9-b86c-4ab8-b5c3-78e2555fb0d9,AggressiveTraderBot_135,NL,Europe/Rome,AggressiveTraderBot,3,1,1,14,9,7,49,4,720,9600,11900,4,8,4,6,111,48517408,226,15426530,10070305,22100,22400
PL Club 106,5,23570721-3740-4452-bd07-bda65e7d98d3,YouthFocusedBot_106,PL,Europe/Madrid,YouthFocusedBot,3,1,16,6,11,13,31,3,590,7850,9600,2,9,4,5,76,37906658,1383,12574050,5041437,21500,22200
PT Club 100,5,4a69f238-064e-4c61-91fd-faaa29235f02,YouthFocusedBot_100,PT,Europe/Madrid,YouthFocusedBot,3,1,5,8,12,10,34,3,600,7850,9700,4,10,2,3,110,39457406,1823,12657010,3566347,21400,21500
PT Club 110,5,2e607eb2-9abe-4f29-9645-c139d03b5e10,ConservativeBot_110,PT,Europe/Paris,ConservativeBot,3,1,3,12,9,9,45,4,730,9600,11900,7,11,6,3,89,53941009,15670,15495780,4397184,15000,14060
PT Club 130,5,23cb37cb-3c40-4520-a16c-55a8ad84b71a,YouthFocusedBot_130,PT,Europe/Madrid,YouthFocusedBot,3,1,15,11,6,13,46,2,460,6000,7500,5,9,4,4,100,24953972,359,9732330,8011102,21300,22900
AT Club 117,5,058dda43-ed2a-4a0a-8ad8-8dc82e76f75a,AggressiveTraderBot_117,AT,Europe/Rome,AggressiveTraderBot,3,2,7,13,7,10,49,1,330,4450,5300,4,10,3,5,77,1373328,1310,7033800,7887727,22100,21300
AT Club 127,5,6ac3d1cf-0ab1-459d-b690-ffdbd1c309dc,NewManagerBot_127,AT,Europe/Berlin,NewManagerBot,3,2,5,10,13,7,37,3,600,7750,9900,5,8,4,3,74,41410488,13534,12686900,5624429,15000,12500
CH Club 118,5,9b334a99-bb86-445b-8449-dd7006214729,YouthFocusedBot_118,CH,Europe/Madrid,YouthFocusedBot,3,2,16,12,5,13,49,3,590,7850,9800,3,5,4,5,71,43545022,489,12663050,3828366,21500,21900
DE Club 121,5,6cf03c35-5944-4d2d-9ddd-ea9e60bf5736,NewManagerBot_121,DE,Europe/Berlin,NewManagerBot,3,2,13,7,17,6,27,3,610,7750,9700,7,11,6,5,76,40911627,9072,12710880,5070656,15000,13060
DE Club 21,5,d203aa0a-4270-4b10-a65e-5d7c7c0774fc,AggressiveTraderBot_21,DE,Europe/Rome,AggressiveTraderBot,3,2,9,9,6,15,42,2,460,6000,7500,4,10,3,5,83,20960666,1832,9713850,5602265,21500,21500
FR Club 122,5,9be1207f-5f76-4c8a-a455-64a00a71fef0,ConservativeBot_122,FR,Europe/Paris,ConservativeBot,3,2,6,13,10,7,46,2,460,6100,7700,6,10,3,5,96,24708038,12566,9843500,6418652,15000,15600
IT Club 103,5,378b0f15-9098-42d9-ba40-9a52c3a33612,NewManagerBot_103,IT,Europe/Berlin,NewManagerBot,3,2,11,13,10,7,46,1,330,4250,5300,6,6,5,6,101,16406311,16114,6953100,2039276,15000,11200
IT Club 113,5,aae09317-765d-4f1a-aad0-c1031e8c5629,LadderGrinderBot_113,IT,Europe/Amsterdam,LadderGrinderBot,3,2,1,10,5,15,45,1,340,4350,5200,5,9,5,4,101,6221580,1517,7035030,6134543,21200,20900
IT Club 123,5,d5fb7d1c-1dc3-4fe6-9f94-d3d0411a55b3,AggressiveTraderBot_123,IT,Europe/Rome,AggressiveTraderBot,3,2,3,7,10,13,34,1,330,4450,5300,3,7,6,3,69,841272,281,7063830,8736462,21800,22400
IT Club 63,5,b558c959-a47b-400d-b8d9-03d7f7faf61b,AggressiveTraderBot_63,IT,Europe/Rome,AggressiveTraderBot,3,2,14,17,7,6,57,2,460,6000,7700,6,9,5,5,80,26539734,1424,9805200,8243981,22000,20800
NL Club 125,5,93d2889c-9e67-49e0-a941-2b07f0b263ef,LadderGrinderBot_125,NL,Europe/Amsterdam,LadderGrinderBot,3,2,12,10,13,7,37,1,340,4250,5300,3,6,5,5,86,10168488,272,7027880,5192305,21200,21600
NL Club 25,5,5bd775b5-7e02-41b6-9909-936d9046ee1a,NewManagerBot_25,NL,Europe/Berlin,NewManagerBot,3,2,4,10,7,13,43,4,730,9500,12000,6,6,6,4,86,59350485,18124,15496280,4990381,15000,12600
PL Club 116,5,733b056c-6048-4926-8ea0-9b9be79576b3,ConservativeBot_116,PL,Europe/Paris,ConservativeBot,3,2,2,5,10,15,30,1,330,4350,5200,7,7,7,4,114,11193536,18818,6985530,4640584,15000,11800
PL Club 126,5,4477829a-d356-41f2-a109-2e1f8e7d39df,SocialBot_126,PL,Europe/Warsaw,SocialBot,3,2,8,7,13,10,31,1,330,4450,5300,6,9,5,5,87,11544741,533,7051830,5518072,21400,21100
PT Club 230,5,d59eb841-ef43-4000-9fab-f342d6642863,ConservativeBot_230,PT,Europe/Paris,ConservativeBot,3,2,10,6,9,15,33,3,590,7750,9900,5,8,7,6,89,41423018,14351,12643730,3214431,15000,11600
PT Club 50,5,6516e4e3-94c2-4113-ae6e-371d44d6a19a,ConservativeBot_50,PT,Europe/Paris,ConservativeBot,3,2,15,5,12,13,28,1,330,4450,5400,4,8,5,3,69,14088248,17437,7086000,4521498,15000,14520
AT Club 137,5,32759de9-0961-430a-88e1-45fa1c05e423,LadderGrinderBot_137,AT,Europe/Amsterdam,LadderGrinderBot,3,3,7,11,9,10,43,4,720,9600,12000,3,10,5,5,96,56296846,428,15453900,4257100,21500,22400
BE Club 129,5,414af5c9-b27d-4532-92f1-c1d9a51d18c0,AggressiveTraderBot_129,BE,Europe/Rome,AggressiveTraderBot,3,3,1,9,9,12,39,2,460,6100,7500,5,7,4,3,117,16777090,979,9806100,7092758,21600,21600
BE Club 209,5,6f4e6e5f-4b95-4e89-b2e4-4f7c0bd89aa9,LadderGrinderBot_209,BE,Europe/Amsterdam,LadderGrinderBot,3,3,13,13,6,11,50,4,730,9600,12000,5,8,4,3,81,53903459,1262,15529540,9477909,21200,21300
CH Club 138,5,6c4121ed-9dad-4bf6-99f1-85fd6125f319,SocialBot_138,CH,Europe/Warsaw,SocialBot,3,3,5,29,0,1,88,3,590,7850,9800,4,11,2,4,99,44139536,1945,12598350,4071733,21200,19500
CH Club 18,5,78687f93-28ab-4b2f-a3ff-ababe8e50ce3,SocialBot_18,CH,Europe/Warsaw,SocialBot,3,3,15,12,9,9,45,1,330,4350,5200,3,8,4,5,66,9712339,1844,6965850,6247994,21300,20600
CH Club 28,5,03fa215c-1feb-4bff-aed6-0bcde0dbaf69,YouthFocusedBot_28,CH,Europe/Madrid,YouthFocusedBot,3,3,9,8,14,8,32,2,460,6100,7600,2,10,4,2,86,25328541,2025,9807830,4570091,21300,20400
DE Club 101,5,dedf002f-adcf-4ca0-a593-21c4cff22fe7,LadderGrinderBot_101,DE,Europe/Amsterdam,LadderGrinderBot,3,3,8,9,11,10,37,4,730,9600,11800,4,11,4,3,83,58399496,232,15442230,4926027,21300,22500
ES Club 134,5,5a34cfc7-c47a-4f00-b368-ecc363c88c5d,ConservativeBot_134,ES,Europe/Paris,ConservativeBot,3,3,4,10,13,7,37,3,590,7850,9700,7,8,4,3,92,37934313,14843,12602430,6153873,15000,14860
ES Club 144,5,f4ee7c8e-fcd1-42cb-b236-76f03d0259a0,SocialBot_144,ES,Europe/Warsaw,SocialBot,3,3,12,10,13,7,37,4,720,9600,12000,4,9,1,2,99,54593147,1602,15407000,5238075,21000,19800
FR Club 132,5,0e92bb38-96b5-4869-9ac2-d5dae1f5e36c,SocialBot_132,FR,Europe/Warsaw,SocialBot,3,3,6,0,29,1,1,4,720,9600,11800,3,10,2,3,64,52512578,887,15353100,4879098,21700,21600
FR Club 52,5,17179f0b-943f-4368-9dfd-13c777afb6ca,YouthFocusedBot_52,FR,Europe/Madrid,YouthFocusedBot,3,3,16,9,12,9,36,4,720,9700,12000,6,10,3,4,84,59286068,1827,15487430,4943910,21100,21100
IT Club 133,5,6bfd34e6-7223-4624-892a-96f753d5ec1b,NewManagerBot_133,IT,Europe/Berlin,NewManagerBot,3,3,3,13,10,7,46,4,720,9500,11900,9,11,3,4,87,56411314,16027,15323930,4952240,15000,11000
IT Club 143,5,40b160c3-3724-40aa-a180-cddfac81385e,LadderGrinderBot_143,IT,Europe/Amsterdam,LadderGrinderBot,3,3,2,9,9,12,39,1,330,4250,5300,4,9,6,5,105,8098795,1327,6933930,5726238,21400,20900
NL Club 55,5,b6abc6ab-c7c7-44bd-8501-2ed6f638b094,NewManagerBot_55,NL,Europe/Berlin,NewManagerBot,3,3,11,13,10,7,46,3,590,7950,9800,5,7,1,3,105,46749168,15083,12676800,5384941,15000,14500
PL Club 136,5,cb71ef22-c744-4af0-812c-575f81713f6e,YouthFocusedBot_136,PL,Europe/Madrid,YouthFocusedBot,3,3,10,14,8,8,50,2,470,6200,7400,6,10,6,7,78,23312084,378,9928660,6380118,21600,23000
PT Club 40,5,24fb6e23-dfea-42b0-b0aa-aadac5fdad3d,YouthFocusedBot_40,PT,Europe/Madrid,YouthFocusedBot,3,3,14,6,13,11,29,4,720,9500,12000,4,11,5,7,81,64303304,464,15384750,6302800,21300,21500
AT Club 157,5,9fa43d7f-8a47-439e-aba6-db987f7248e7,NewManagerBot_157,AT,Europe/Berlin,NewManagerBot,3,4,9,12,10,8,44,3,600,7850,9600,5,5,5,5,88,41357620,17402,12692580,3668216,15000,14000
AT Club 97,5,6042a45e-2ae0-404b-8a5d-d41d915d7069,NewManagerBot_97,AT,Europe/Berlin,NewManagerBot,3,4,13,15,5,10,55,2,460,6100,7500,10,12,2,2,107,32386820,9458,9738300,6301695,15000,10800
BE Club 149,5,9d05907b-9e24-453e-8dda-ced0a3d27781,LadderGrinderBot_149,BE,Europe/Amsterdam,LadderGrinderBot,3,4,6,11,6,13,46,3,590,7750,9700,3,9,3,2,74,45627088,1560,12526830,2132965,21000,20800
BE Club 19,5,f3be390f-d65e-43a2-b5a6-cbbfae9224a0,NewManagerBot_19,BE,Europe/Berlin,NewManagerBot,3,4,1,13,10,7,46,3,590,7950,9800,6,7,4,2,104,47751322,11817,12697280,4006189,15000,13080
CH Club 68,5,31e1b802-7ad6-4021-a231-544009279d63,ConservativeBot_68,CH,Europe/Paris,ConservativeBot,3,4,4,8,11,11,35,2,460,6100,7400,7,8,3,5,87,24636794,13617,9761730,4102356,15000,15460
DE Club 151,5,7b179028-3132-4bfd-b990-1b6739d62f74,NewManagerBot_151,DE,Europe/Berlin,NewManagerBot,3,4,16,10,11,9,39,4,720,9500,12100,5,8,6,6,79,52901544,11851,15439580,4230392,15000,14300
DE Club 271,5,d49b5510-0f8c-417f-a17b-23a0977df1c1,NewManagerBot_271,DE,Europe/Berlin,NewManagerBot,3,4,10,10,12,8,38,4,720,9700,11900,7,8,7,4,111,55398607,11600,15504830,5928000,15000,15060
ES Club 24,5,94a93111-b254-4354-b95f-c28afcee94d2,SocialBot_24,ES,Europe/Warsaw,SocialBot,3,4,7,1,27,2,5,3,590,7950,9800,3,7,3,4,72,46875751,1432,12697500,4201163,21100,20500
ES Club 74,5,4037aed6-835a-42ac-a493-70332e7c1626,ConservativeBot_74,ES,Europe/Paris,ConservativeBot,3,4,8,27,1,2,83,4,730,9600,11800,6,6,5,3,99,71280653,19140,15486000,8169392,15000,11800
FR Club 152,5,1c3c4ebc-f675-42e9-820f-b61c2c813267,ConservativeBot_152,FR,Europe/Paris,ConservativeBot,3,4,15,11,10,9,42,1,330,4450,5300,4,9,5,3,68,13443741,15640,7041000,3392618,15000,13120
IT Club 153,5,e44a908f-7b29-4afe-813b-4d580af22ddd,AggressiveTraderBot_153,IT,Europe/Rome,AggressiveTraderBot,3,4,12,26,0,4,82,4,720,9600,12000,4,8,5,6,105,45737883,362,15464900,5664406,21900,22900
NL Club 145,5,0ee2dbf9-4743-412a-b43b-6f04ac27e766,NewManagerBot_145,NL,Europe/Berlin,NewManagerBot,3,4,3,11,8,11,44,3,600,7750,9800,6,10,6,5,92,37256799,12851,12657640,5925142,15000,15080
NL Club 155,5,82ea824a-56f5-422e-81ca-72b7244f0553,LadderGrinderBot_155,NL,Europe/Amsterdam,LadderGrinderBot,3,4,14,5,15,10,25,2,460,6300,7400,2,13,7,4,90,20408215,640,9885480,6669458,21400,22800
PL Club 156,5,43c27470-7402-41df-8083-1d9d12ba7886,SocialBot_156,PL,Europe/Warsaw,SocialBot,3,4,5,6,11,13,31,2,460,6200,7500,3,9,5,5,69,26397268,1592,9861330,4906460,21100,19800
PT Club 150,5,544c27bb-de9f-4cbb-bb96-86e5945d63d1,SocialBot_150,PT,Europe/Warsaw,SocialBot,3,4,11,0,26,4,4,1,330,4250,5300,3,8,6,5,75,9658127,1069,6941550,5235856,21600,20800
PT Club 160,5,8ee13033-6d5b-4685-b6db-770ea0c4ed25,YouthFocusedBot_160,PT,Europe/Madrid,YouthFocusedBot,3,4,2,10,13,7,37,2,470,6100,7500,6,8,5,7,97,27992879,2099,9894790,4817068,21200,20500
AT Club 167,5,17d5aa00-c6b1-406a-826e-055fb50912e2,LadderGrinderBot_167,AT,Europe/Amsterdam,LadderGrinderBot,3,5,5,8,15,7,31,4,720,9700,11900,4,11,5,6,75,52530853,417,15475400,4967668,21700,22500
AT Club 27,5,5d07c108-2d4c-495f-9c75-2aabed9cab29,AggressiveTraderBot_27,AT,Europe/Rome,AggressiveTraderBot,3,5,2,7,14,9,30,2,460,6100,7500,3,9,5,4,62,15936089,271,9795780,8113426,21600,21600
AT Club 67,5,c4d7d0ae-a6e1-4f60-bff6-6abc2f3dbcbf,NewManagerBot_67,AT,Europe/Berlin,NewManagerBot,3,5,7,11,10,9,42,1,330,4250,5500,7,8,2,2,76,11376805,8218,6962300,7070105,15000,16260
DE Club 141,5,a1f6a63a-5e1c-4ef2-b218-23ec62fc1078,AggressiveTraderBot_141,DE,Europe/Rome,AggressiveTraderBot,3,5,11,11,6,13,46,2,460,6100,7500,5,12,7,6,80,19211761,929,9805130,5355084,21600,22100
DE Club 161,5,6125b99a-50fa-45d0-93c3-ebfd1ea39c0e,LadderGrinderBot_161,DE,Europe/Amsterdam,LadderGrinderBot,3,5,6,15,8,7,52,2,460,6100,7600,4,7,4,6,98,19495988,448,9848180,6630787,21400,21500
DE Club 171,5,daa65a9b-b6bb-44ec-8f2e-632ba00bb5f1,AggressiveTraderBot_171,DE,Europe/Rome,AggressiveTraderBot,3,5,12,6,11,13,31,2,460,6000,7800,6,7,6,4,87,16239322,311,9844880,7939477,22100,23600
ES Club 164,5,9670dada-5531-4df0-813e-0065bd94272f,ConservativeBot_164,ES,Europe/Paris,ConservativeBot,3,5,15,11,5,14,47,4,720,9600,11900,5,11,2,3,97,50562276,15030,15375600,5015155,15000,13500
ES Club 174,5,2bdea1b8-9137-432a-a479-dc84dfed5f92,SocialBot_174,ES,Europe/Warsaw,SocialBot,3,5,9,10,8,12,42,4,730,9600,11800,5,10,4,4,105,52820976,1331,15451810,3419443,21200,20800
FR Club 142,5,cfa19b2e-4be4-4eab-b68c-81df44597284,YouthFocusedBot_142,FR,Europe/Madrid,YouthFocusedBot,3,5,14,27,0,3,84,4,720,9700,11900,5,10,3,3,108,68652832,494,15459600,4449288,21400,22500
FR Club 172,5,12d07ec7-3fd9-4d46-add7-3a00cf5b6787,YouthFocusedBot_172,FR,Europe/Madrid,YouthFocusedBot,3,5,1,14,7,9,51,3,590,7850,9800,5,12,4,3,77,31095451,349,12607830,4874051,21200,21100
FR Club 272,5,c4dde019-83e3-400d-ba8c-b284f97df8ab,ConservativeBot_272,FR,Europe/Paris,ConservativeBot,3,5,8,10,11,9,39,2,460,6100,7500,6,7,4,6,84,27897012,20271,9811950,3835858,15000,13200
IT Club 173,5,5ec03214-9e7d-435d-a34a-42d3ad4ba16c,LadderGrinderBot_173,IT,Europe/Amsterdam,LadderGrinderBot,3,5,3,12,8,10,46,1,330,4250,5500,5,5,4,4,96,12686992,227,7002350,4407183,21600,22500
NL Club 165,5,805f19a5-dd19-41c1-8e3b-e71d481dab82,AggressiveTraderBot_165,NL,Europe/Rome,AggressiveTraderBot,3,5,4,8,12,10,34,2,470,6200,7500,2,8,3,5,70,15768711,137,9932740,6433676,21300,22500
PL Club 166,5,928042f2-c455-42d2-a519-1f5715b9c56a,YouthFocusedBot_166,PL,Europe/Madrid,YouthFocusedBot,3,5,13,0,27,3,3,4,720,9600,11800,6,10,5,4,78,58927853,1528,15379800,4876118,21200,20100
PL Club 176,5,3021236b-7224-4a15-a6a0-78b7e3cdac8f,ConservativeBot_176,PL,Europe/Paris,ConservativeBot,3,5,16,5,11,14,29,4,730,9500,12000,6,8,4,5,88,52263995,13952,15477080,5603461,15000,15880
PT Club 170,5,227f76e9-d947-4344-928c-10b2864b8921,ConservativeBot_170,PT,Europe/Paris,ConservativeBot,3,5,10,8,10,12,36,3,600,7850,9700,7,8,5,4,88,37606203,17942,12702350,5814921,15000,11600
AT Club 17,5,bb554d47-4f0c-43f4-a48f-30bed7917de4,LadderGrinderBot_17,AT,Europe/Amsterdam,LadderGrinderBot,3,6,16,12,9,9,45,2,460,6000,7700,3,9,4,5,78,36673819,1232,9788450,5130625,21200,20600
AT Club 177,5,7726824d-afd0-4720-b1df-8447e3b8754e,AggressiveTraderBot_177,AT,Europe/Rome,AggressiveTraderBot,3,6,5,12,11,7,43,1,340,4350,5300,6,11,2,5,80,763381,1482,7030500,7631671,22600,22000
AT Club 287,5,3fa24f16-1ab9-4ede-9c17-53b099e8ea93,LadderGrinderBot_287,AT,Europe/Amsterdam,LadderGrinderBot,3,6,3,12,8,10,46,3,590,7750,9800,3,11,6,6,93,46155912,488,12583980,4756429,21300,22900
BE Club 179,5,2e050987-5c0d-423c-ac4a-cb979d30f8b9,LadderGrinderBot_179,BE,Europe/Amsterdam,LadderGrinderBot,3,6,8,10,11,9,39,2,480,6000,7500,3,7,6,3,77,23964274,276,9910090,4697124,21400,22400
BE Club 189,5,8df66b67-11dd-4874-9dcc-8c0c69873ac3,AggressiveTraderBot_189,BE,Europe/Rome,AggressiveTraderBot,3,6,2,9,9,12,39,3,590,7750,9800,5,7,4,3,87,30937646,496,12576200,2778834,21400,22500
CH Club 178,5,f7cd494e-db90-4c7d-8ed5-e927c89f8ee8,YouthFocusedBot_178,CH,Europe/Madrid,YouthFocusedBot,3,6,1,9,9,12,39,1,330,4250,5400,3,7,2,5,63,10230319,1211,6954150,4364351,21300,21500
DE Club 181,5,dba1d7b5-ec52-4e11-8804-84183a881672,NewManagerBot_181,DE,Europe/Berlin,NewManagerBot,3,6,6,11,12,7,40,4,730,9500,12100,6,8,3,4,77,54583439,12090,15487130,2865657,15000,14080
DE Club 191,5,aa12b0d9-5f28-4a69-9adc-6a828e11992b,LadderGrinderBot_191,DE,Europe/Amsterdam,LadderGrinderBot,3,6,9,25,0,5,80,1,340,4350,5200,4,7,5,6,105,13227539,1042,7056190,3093762,21100,21100
DE Club 31,5,7836103a-0c5e-404c-8ad9-37293c5b5bb7,NewManagerBot_31,DE,Europe/Berlin,NewManagerBot,3,6,15,9,12,9,36,2,460,6000,7500,5,10,5,7,70,28568577,15586,9739050,5959243,15000,12800
ES Club 184,5,37a87c73-6e0d-4ce4-a760-c4040ab057a2,YouthFocusedBot_184,ES,Europe/Madrid,YouthFocusedBot,3,6,12,9,11,10,37,2,460,6000,7600,5,9,3,2,80,22228574,967,9745230,4594473,21500,21600
ES Club 4,5,897776e2-33be-4987-b08e-ed5596c99690,YouthFocusedBot_4,ES,Europe/Madrid,YouthFocusedBot,3,6,13,9,13,8,35,4,720,9600,12000,2,11,4,5,89,72321540,1162,15437300,4798036,21500,21800
FR Club 182,5,8f366f50-ce8d-4d4d-85fa-2e2fd3f0d872,ConservativeBot_182,FR,Europe/Paris,ConservativeBot,3,6,4,8,12,10,34,2,460,6200,7500,7,8,3,7,101,23875975,19209,9869250,5317462,15000,12400
IT Club 183,5,abf7c41f-b3af-4317-a22b-a29cc0099c77,AggressiveTraderBot_183,IT,Europe/Rome,AggressiveTraderBot,3,6,10,0,25,5,5,1,330,4250,5300,2,11,3,2,75,1738516,1790,6888900,6896858,22200,20500
PL Club 186,5,9d354edc-e005-48a4-9bb2-cac822a51b56,SocialBot_186,PL,Europe/Warsaw,SocialBot,3,6,7,11,10,9,42,2,480,6000,7600,5,11,5,1,87,24724689,866,9900910,3721175,21400,21000
PL Club 26,5,d2d68a57-8abc-4e1a-be2e-6531519a3bfb,ConservativeBot_26,PL,Europe/Paris,ConservativeBot,3,6,14,13,9,8,47,2,460,6100,7400,6,7,4,4,85,31928290,15901,9780450,4241857,15000,13080
PT Club 190,5,e9c28f8e-57b8-433f-9968-ffc7b4678f44,YouthFocusedBot_190,PT,Europe/Madrid,YouthFocusedBot,3,6,11,11,9,10,43,3,600,7750,9800,3,8,4,5,70,39869089,996,12664210,5723069,21100,20500
AT Club 197,5,fed32b8d-50d2-46a2-aca4-ed271c50371f,LadderGrinderBot_197,AT,Europe/Amsterdam,LadderGrinderBot,3,7,7,11,10,9,42,3,590,7750,9800,5,9,2,1,101,41642107,1296,12537000,5101626,21200,20500
AT Club 207,5,e16d18cf-1c69-4d17-b6ec-dfde95b3b38c,AggressiveTraderBot_207,AT,Europe/Rome,AggressiveTraderBot,3,7,12,9,7,14,41,1,330,4350,5200,6,8,5,2,112,2033293,445,6952830,7961650,22200,22600
AT Club 277,5,1eebfbdf-bed9-4e75-8a45-c86377f8e279,NewManagerBot_277,AT,Europe/Berlin,NewManagerBot,3,7,14,10,11,9,39,4,720,9500,12100,5,9,3,6,112,58166414,15449,15415280,4672579,15000,12900
BE Club 159,5,cf4a4fb7-02a9-4a50-a414-88af9b27bf2a,AggressiveTraderBot_159,BE,Europe/Rome,AggressiveTraderBot,3,7,9,9,15,6,33,1,330,4250,5400,3,12,4,4,91,545020,35,6927230,11120391,21700,22800
BE Club 199,5,2fa86bf4-e587-47ce-9d03-cdcbd390d812,NewManagerBot_199,BE,Europe/Berlin,NewManagerBot,3,7,8,10,11,9,39,3,590,7750,9800,7,10,4,4,86,42242956,14705,12558050,3203972,15000,15060
BE Club 69,5,9d00d33d-2ac7-4249-b895-870243a5ba95,AggressiveTraderBot_69,BE,Europe/Rome,AggressiveTraderBot,3,7,4,10,16,4,34,4,730,9500,11900,4,7,4,2,94,49657430,1808,15435000,4803390,22000,21800
CH Club 198,5,9b454fcd-1389-4e58-9b5e-42991220c672,SocialBot_198,CH,Europe/Warsaw,SocialBot,3,7,11,7,9,14,35,4,720,9500,12200,6,7,6,6,96,55307899,364,15484580,4726084,21300,22300
CH Club 208,5,26be6eda-03c2-4eb7-becd-40cd43495131,YouthFocusedBot_208,CH,Europe/Madrid,YouthFocusedBot,3,7,3,16,10,4,52,4,730,9500,11900,5,9,6,5,88,49954365,1206,15449280,5743225,21500,20500
DE Club 201,5,6e82c440-ddcb-42d0-9b5f-7e821f16fc65,AggressiveTraderBot_201,DE,Europe/Rome,AggressiveTraderBot,3,7,15,9,12,9,36,4,720,9700,11900,6,8,4,4,80,41683131,1057,15481530,10305059,21900,21900
ES Club 194,5,cedf89f4-2d32-45c9-b91b-0377eadf72bc,ConservativeBot_194,ES,Europe/Paris,ConservativeBot,3,7,16,12,9,9,45,4,720,9500,11900,5,6,5,5,77,53422607,18271,15390900,4135293,15000,13900
ES Club 204,5,cc18fed3-d219-47f9-8223-417b67190452,SocialBot_204,ES,Europe/Warsaw,SocialBot,3,7,6,0,28,2,2,1,350,4250,5300,3,10,4,4,77,7516049,1274,7072210,5460150,21500,20600
FR Club 202,5,2e28c9cb-84ae-4db9-8181-4c3aade4f905,YouthFocusedBot_202,FR,Europe/Madrid,YouthFocusedBot,3,7,2,10,14,6,36,4,720,9800,11800,6,7,4,4,91,52158975,1772,15522300,4790626,21600,20100
IT Club 203,5,b5195446-bdf8-446d-940c-35981cb427ff,LadderGrinderBot_203,IT,Europe/Amsterdam,LadderGrinderBot,3,7,13,11,10,9,42,1,330,4350,5300,4,8,6,5,99,7766576,1348,7009830,5467283,21200,20700
NL Club 195,5,651ed57b-2014-4b70-a3a5-b30c4b00369c,AggressiveTraderBot_195,NL,Europe/Rome,AggressiveTraderBot,3,7,10,15,9,6,51,2,460,6000,7500,4,7,4,6,78,11767499,1768,9747680,7608108,22200,20900
NL Club 205,5,81f06e57-78c4-4417-88c5-d12b3f589847,NewManagerBot_205,NL,Europe/Berlin,NewManagerBot,3,7,1,14,10,6,48,3,590,7750,9700,6,6,5,4,97,38096547,14027,12566880,5201747,15000,11600
PT Club 200,5,25fb7040-7e85-4ace-b4d0-fc09aba473cf,ConservativeBot_200,PT,Europe/Paris,ConservativeBot,3,7,5,28,0,2,86,3,590,7750,9700,7,12,4,2,110,35644018,13767,12505200,4257757,15000,13860
CH Club 158,5,1e5a943c-b8ee-43b3-bf17-7bcfb6b57fc8,ConservativeBot_158,CH,Europe/Paris,ConservativeBot,3,8,11,9,10,11,38,2,470,6000,7700,5,6,3,3,107,28278152,13051,9882050,4647457,15000,12200
CH Club 218,5,b0d68d1b-a70a-459b-a582-4358226c17a7,ConservativeBot_218,CH,Europe/Paris,ConservativeBot,3,8,6,12,9,9,45,2,460,6000,7700,7,7,7,4,94,30020850,15419,9822980,3718757,15000,11400
DE Club 211,5,3fba51a5-5404-4394-9f83-d698c5bc25cd,NewManagerBot_211,DE,Europe/Berlin,NewManagerBot,3,8,5,9,12,9,36,3,590,7950,9700,4,6,5,4,99,40928501,15364,12690930,4502570,15000,14120
DE Club 221,5,652c18db-430d-477d-bd12-fce41d10b13c,LadderGrinderBot_221,DE,Europe/Amsterdam,LadderGrinderBot,3,8,7,9,7,14,41,1,340,4350,5400,6,8,6,1,74,12341361,2010,7102800,5275871,21100,19500
DE Club 41,5,c4b0bbd8-05d9-4ff9-b7c7-403a97fa1443,LadderGrinderBot_41,DE,Europe/Amsterdam,LadderGrinderBot,3,8,3,7,11,12,33,3,590,7850,9700,2,9,4,7,85,45006175,756,12612050,3907788,21200,21100
ES Club 214,5,42cd8404-3db0-4ab8-b6cf-1fe71011e5be,YouthFocusedBot_214,ES,Europe/Madrid,YouthFocusedBot,3,8,2,26,0,4,82,3,590,7750,9800,4,5,5,2,116,37794103,1975,12595800,3579696,21300,19600
ES Club 244,5,da1e16b5-4efb-4950-a245-d03ca3b26550,YouthFocusedBot_244,ES,Europe/Madrid,YouthFocusedBot,3,8,13,11,9,10,43,4,730,9600,11800,6,9,4,7,117,65091077,246,15482850,4567305,21300,21300
FR Club 212,5,87f2af33-e6e6-43f4-a776-534c200f70bc,ConservativeBot_212,FR,Europe/Paris,ConservativeBot,3,8,9,12,9,9,45,2,460,6100,7700,7,11,7,4,106,27009892,13207,9863900,4527818,15000,14660
FR Club 222,5,78bc74ec-9275-408f-90a5-202634921d44,SocialBot_222,FR,Europe/Warsaw,SocialBot,3,8,16,9,11,10,37,4,720,9500,12100,2,11,5,7,65,54725174,2072,15413750,4156745,21300,21100
FR Club 72,5,0e9d5569-a69a-4651-a61e-e4c2bc859d42,SocialBot_72,FR,Europe/Warsaw,SocialBot,3,8,12,10,9,11,41,1,330,4350,5400,3,10,4,1,89,11661189,377,6992000,5752083,21400,21500
IT Club 213,5,1e76a25b-c972-4dfc-bfe7-43b92f12f746,AggressiveTraderBot_213,IT,Europe/Rome,AggressiveTraderBot,3,8,8,7,9,14,35,3,590,7750,9900,6,7,3,5,98,25391407,1446,12614600,7641700,22200,21800
IT Club 253,5,5c6669fc-320a-412e-9135-16fa383519cb,NewManagerBot_253,IT,Europe/Berlin,NewManagerBot,3,8,1,0,26,4,4,1,340,4350,5300,8,8,4,2,85,17313026,10255,7053010,3558192,15000,12600
NL Club 65,5,32df8fa3-7279-4406-823c-e836120bec2b,LadderGrinderBot_65,NL,Europe/Amsterdam,LadderGrinderBot,3,8,15,11,9,10,43,2,470,6000,7600,3,12,3,6,61,32651477,398,9821550,4766589,21300,22600
PL Club 216,5,eda5c5f5-3349-45b7-af6e-643cea8876ac,SocialBot_216,PL,Europe/Warsaw,SocialBot,3,8,4,11,7,12,45,3,590,7950,9800,3,8,4,5,97,33592891,331,12702330,5030326,21400,21400
PL Club 76,5,1e0d38f1-6b73-438e-9c17-10059ab3ed37,YouthFocusedBot_76,PL,Europe/Madrid,YouthFocusedBot,3,8,10,9,12,9,36,3,600,7850,9700,6,9,6,4,108,44785106,1098,12696330,7048703,21400,21500
PT Club 210,5,26e9821e-0098-4850-80d6-ae3a7377bbef,SocialBot_210,PT,Europe/Warsaw,SocialBot,3,8,14,9,11,10,37,1,330,4250,5500,4,9,5,4,103,10437175,1267,6980330,4824487,21300,21000
AT Club 187,5,7410244a-394d-4122-a681-ed19020c0ce3,NewManagerBot_187,AT,Europe/Berlin,NewManagerBot,3,9,7,9,7,14,41,1,330,4250,5200,6,7,3,4,89,15876796,16231,6897900,4274459,15000,13480
AT Club 227,5,f858c1d7-560a-4bab-9249-f38b9ad4a909,LadderGrinderBot_227,AT,Europe/Amsterdam,LadderGrinderBot,3,9,14,10,10,10,40,4,720,9800,11900,5,8,6,3,84,52020599,1422,15553980,5120237,21600,21100
AT Club 37,5,942a8f1d-9e7d-49c4-8d4a-d5eab142b4ef,NewManagerBot_37,AT,Europe/Berlin,NewManagerBot,3,9,5,12,13,5,41,4,720,9500,11900,7,8,6,4,95,57552491,9768,15379230,3603416,15000,13060
BE Club 229,5,86c8e514-d8a2-47d2-98fa-83eeb00f7e11,NewManagerBot_229,BE,Europe/Berlin,NewManagerBot,3,9,6,13,12,5,44,2,460,6200,7600,6,7,3,4,95,28186143,15165,9885900,2399057,15000,14480
BE Club 239,5,8e3dea39-af7b-480c-8625-29b6971c213c,LadderGrinderBot_239,BE,Europe/Amsterdam,LadderGrinderBot,3,9,11,9,11,10,37,3,590,7750,9800,3,10,6,2,98,40963574,267,12572750,4893024,21500,21800
CH Club 228,5,6623ae82-350a-436c-b5ba-d4feb42d47a3,SocialBot_228,CH,Europe/Warsaw,SocialBot,3,9,1,26,0,4,82,1,330,4350,5300,6,6,2,4,104,12725387,2069,6990030,6152953,21500,20900
CH Club 238,5,77835fd8-9111-41da-9f5e-d9063ff519a8,YouthFocusedBot_238,CH,Europe/Madrid,YouthFocusedBot,3,9,16,8,10,12,36,2,460,6100,7500,3,10,4,4,66,21734499,12,9787830,6493953,21300,21700
ES Club 234,5,58f8d124-971c-4ddf-a784-fad348ce85bf,SocialBot_234,ES,Europe/Warsaw,SocialBot,3,9,3,10,11,9,39,2,460,6100,7400,6,10,4,3,102,28195775,454,9745680,3548554,21400,22900
FR Club 162,5,12649b06-dc19-4f0f-9fa0-089e09cf2006,SocialBot_162,FR,Europe/Warsaw,SocialBot,3,9,10,10,10,10,40,1,340,4350,5400,4,10,4,5,114,15048378,1220,7081360,3403927,21100,20900
FR Club 232,5,f9f8cd8f-944f-423a-a641-ab0534efd302,YouthFocusedBot_232,FR,Europe/Madrid,YouthFocusedBot,3,9,9,10,10,10,40,2,470,6100,7500,3,13,2,5,97,23074842,553,9833180,4140592,21300,21200
IT Club 233,5,19afd42f-7c4d-4cdc-91e2-6728648f135b,LadderGrinderBot_233,IT,Europe/Amsterdam,LadderGrinderBot,3,9,8,7,9,14,35,1,330,4350,5300,3,10,5,7,83,7604256,1814,6988080,5969886,21400,19600
NL Club 15,5,52f6e635-3dc4-434b-bf66-2519d96dd695,AggressiveTraderBot_15,NL,Europe/Rome,AggressiveTraderBot,3,9,15,10,8,12,42,1,330,4250,5400,4,10,4,4,74,12786884,1443,6943230,7449171,22000,20900
NL Club 235,5,b2766ce3-d69d-4e1d-bbd4-34189c147217,NewManagerBot_235,NL,Europe/Berlin,NewManagerBot,3,9,4,11,10,9,42,1,330,4250,5300,6,7,6,6,106,14513625,14358,6953700,4734385,15000,13480
PL Club 226,5,174ebe89-b548-4501-9a13-bfec9343eb00,YouthFocusedBot_226,PL,Europe/Madrid,YouthFocusedBot,3,9,2,0,26,4,4,2,460,6100,7400,3,9,3,5,71,25412952,218,9754500,3674006,21100,22300
PL Club 66,5,ddac0928-9dc7-4c1c-907a-69aeecc04adc,SocialBot_66,PL,Europe/Warsaw,SocialBot,3,9,13,10,10,10,40,1,330,4250,5300,6,9,7,4,82,12809177,1031,6945030,6698207,21300,20300
PT Club 240,5,120467cf-df04-4d76-afdc-ca08315a5ba4,SocialBot_240,PT,Europe/Warsaw,SocialBot,3,9,12,11,9,10,43,4,720,9700,11900,6,10,5,3,108,48657578,16,15467880,3797093,21200,23000
AT Club 247,5,d36d5211-d4a5-4b5d-b133-314eff2373ea,NewManagerBot_247,AT,Europe/Berlin,NewManagerBot,3,10,5,12,5,13,49,2,480,6000,7500,6,8,4,3,97,28308112,15765,9896000,5465378,15000,15480
BE Club 39,5,a3a1617c-d7cd-42bf-b638-57ebc93ba68b,AggressiveTraderBot_39,BE,Europe/Rome,AggressiveTraderBot,3,10,8,15,9,6,51,3,590,7750,9900,6,10,6,3,75,29315402,1615,12608130,10103641,21700,21500
CH Club 248,5,e1f2a47d-7140-4c01-b84d-15e8b6841c9f,ConservativeBot_248,CH,Europe/Paris,ConservativeBot,3,10,3,0,28,2,2,4,740,9500,12000,4,8,4,5,67,53832249,17281,15549010,3144292,15000,13320
DE Club 241,5,9b31a30c-c4b2-49de-a260-14063fbbc95b,NewManagerBot_241,DE,Europe/Berlin,NewManagerBot,3,10,10,14,7,9,51,2,460,6000,7500,7,7,7,6,106,28101827,12123,9773130,3833236,15000,12000
DE Club 251,5,6fecdeab-e9a1-4234-9c78-745ed15ad3b5,LadderGrinderBot_251,DE,Europe/Amsterdam,LadderGrinderBot,3,10,13,5,9,16,31,3,600,7850,9700,4,6,3,5,91,42910044,403,12704700,3038086,21300,21100
ES Club 254,5,95d64aa9-e7a0-4460-853d-b59abc0ff97c,ConservativeBot_254,ES,Europe/Paris,ConservativeBot,3,10,4,28,0,2,86,3,590,7850,9600,8,9,5,5,104,40095504,14748,12582030,4194131,15000,13240
ES Club 314,5,7454b6c0-f657-401b-b5ee-924b9a54ce59,ConservativeBot_314,ES,Europe/Paris,ConservativeBot,3,10,1,7,15,8,29,4,730,9500,11900,7,8,2,3,115,52521084,14452,15422030,5491828,15000,14060
ES Club 44,5,a8befc6a-5bb4-4c7a-bed3-ce9439c1565c,ConservativeBot_44,ES,Europe/Paris,ConservativeBot,3,10,15,26,0,4,82,1,330,4350,5400,4,8,4,3,96,18027333,20924,7008080,3464977,15000,12000
FR Club 2,5,276617e1-36df-4b2c-bd99-f83818f5443b,ConservativeBot_2,FR,Europe/Paris,ConservativeBot,3,10,7,9,15,6,33,3,590,7750,9700,5,7,4,5,83,53212987,11105,12563700,5094625,15000,16100
IT Club 243,5,a715d37c-88fa-40cf-a9dd-70023c0a25b3,AggressiveTraderBot_243,IT,Europe/Rome,AggressiveTraderBot,3,10,12,10,9,11,41,2,460,6100,7600,6,11,4,3,91,13535657,1028,9796500,6575625,21500,21300
NL Club 245,5,4d09bd4c-ea9c-4dae-8a76-02a4f4dd1958,LadderGrinderBot_245,NL,Europe/Amsterdam,LadderGrinderBot,3,10,6,5,12,13,28,3,590,7850,9800,4,7,3,2,84,38634786,1521,12635100,4463809,21300,21500
NL Club 255,5,b6e578e7-c1a9-4728-9dcc-434509d285f1,AggressiveTraderBot_255,NL,Europe/Rome,AggressiveTraderBot,3,10,14,9,5,16,43,1,330,4350,5500,2,7,5,5,91,2415347,648,7070450,6448955,22100,23200
NL Club 325,5,39f83c5e-3f5b-4a5d-9b9b-6f1932c60545,NewManagerBot_325,NL,Europe/Berlin,NewManagerBot,3,10,9,7,14,9,30,4,730,9500,11900,6,9,6,3,112,61088784,13396,15447930,4058336,15000,14680
NL Club 85,5,2daeb87a-10f8-4b65-8fe7-6de0ec2de769,NewManagerBot_85,NL,Europe/Berlin,NewManagerBot,3,10,11,9,10,11,38,3,590,7750,9900,6,9,4,5,101,42732311,12152,12607550,5226867,15000,14080
PL Club 246,5,5240c73a-a3b5-482b-939b-6b32b582f056,SocialBot_246,PL,Europe/Warsaw,SocialBot,3,10,2,15,7,8,53,3,590,7850,9800,4,9,4,6,93,40543904,1492,12645200,3728618,21300,21400
PT Club 250,5,eedccac3-3e5e-4dc8-9772-5ed0fa2e7a6f,YouthFocusedBot_250,PT,Europe/Madrid,YouthFocusedBot,3,10,16,0,26,4,4,1,340,4350,5200,2,9,7,2,61,9975537,1395,7049730,4866976,21500,21900
AT Club 257,5,97f39fbf-683f-43e4-a5fd-2a7bada102f2,LadderGrinderBot_257,AT,Europe/Amsterdam,LadderGrinderBot,3,11,7,11,6,13,46,4,720,9500,12100,3,6,2,5,101,52030984,316,15425450,4074341,21500,21400
AT Club 267,5,504ee900-9608-4d35-9f0f-7b85335f1fcd,AggressiveTraderBot_267,AT,Europe/Rome,AggressiveTraderBot,3,11,8,6,11,13,31,2,460,6200,7400,5,10,3,6,86,12308301,1783,9819480,11671711,22400,22300
BE Club 259,5,9f903b42-874c-43ff-b34d-fac05649c097,NewManagerBot_259,BE,Europe/Berlin,NewManagerBot,3,11,1,13,13,4,43,3,590,7750,9800,6,9,4,4,91,40466676,14743,12566430,7154692,15000,16080
BE Club 9,5,ef42753c-80d6-4691-9d81-3256e965edcd,AggressiveTraderBot_9,BE,Europe/Rome,AggressiveTraderBot,3,11,9,13,7,10,49,2,460,6100,7600,4,9,5,7,101,20068868,113,9844950,10478675,22200,23500
DE Club 261,5,4baa7405-4c02-40ce-a733-6d13b772747b,AggressiveTraderBot_261,DE,Europe/Rome,AggressiveTraderBot,3,11,5,12,11,7,43,1,330,4450,5300,5,11,3,6,97,779681,1508,7023150,6450044,22100,20900
ES Club 264,5,667a6255-a6ac-4524-ab0a-01857f3eb68c,SocialBot_264,ES,Europe/Warsaw,SocialBot,3,11,15,11,10,9,42,4,720,9600,12000,3,7,3,4,68,49441191,1199,15453450,4443797,21300,20400
FR Club 262,5,8e2fa78b-8c83-4934-b4c0-4d3f1d168eae,YouthFocusedBot_262,FR,Europe/Madrid,YouthFocusedBot,3,11,3,0,27,3,3,1,340,4450,5300,6,13,5,2,77,8637091,1356,7095530,6873910,21200,21300
FR Club 32,5,7cce0f84-a095-4434-ae7a-abc6bf628974,ConservativeBot_32,FR,Europe/Paris,ConservativeBot,3,11,4,27,0,3,84,3,590,7850,9700,7,8,1,5,108,52867105,21050,12592800,5197441,15000,10200
FR Club 92,5,7444395e-668d-4a3f-bb55-8e46e6f7503b,ConservativeBot_92,FR,Europe/Paris,ConservativeBot,3,11,10,7,13,10,31,4,720,9500,12200,7,9,6,2,108,62445507,15277,15452000,5133768,15000,13400
IT Club 263,5,31595175-aa7a-49fd-94e8-93098b1e1f2f,LadderGrinderBot_263,IT,Europe/Amsterdam,LadderGrinderBot,3,11,13,0,27,3,3,1,330,4250,5400,4,6,4,3,80,12856466,288,6961500,4629150,21000,22600
IT Club 43,5,cc5e0c17-f5a5-4328-9ab1-09684da9f2df,NewManagerBot_43,IT,Europe/Berlin,NewManagerBot,3,11,2,13,13,4,43,4,720,9500,11900,8,11,4,2,84,59166818,10016,15331800,6821855,15000,15440
NL Club 185,5,40eb3c30-42f2-4d23-b94b-92f563fab8ae,LadderGrinderBot_185,NL,Europe/Amsterdam,LadderGrinderBot,3,11,14,27,0,3,84,3,600,7850,9600,4,12,3,2,117,53811261,1924,12618030,4467178,21300,19800
NL Club 265,5,fefd58ec-aa7b-4fec-b9b6-0baebf7229c1,NewManagerBot_265,NL,Europe/Berlin,NewManagerBot,3,11,16,10,11,9,39,3,590,7850,9800,7,7,2,4,79,40109140,10259,12628350,3381763,15000,11200
NL Club 95,5,9fc9b381-8fb7-4660-b834-0587e43e56f1,LadderGrinderBot_95,NL,Europe/Amsterdam,LadderGrinderBot,3,11,12,9,9,12,39,3,590,7950,9700,4,11,6,4,90,41811841,1694,12663480,5008590,21700,20500
PL Club 266,5,88018614-ddd0-45ea-b515-95a8f1bd5fd9,ConservativeBot_266,PL,Europe/Paris,ConservativeBot,3,11,11,9,9,12,39,2,460,6100,7700,6,6,2,2,99,25490499,20071,9844130,4831096,15000,13600
PT Club 260,5,b88724d9-6595-4064-82b6-939419e685ec,ConservativeBot_260,PT,Europe/Paris,ConservativeBot,3,11,6,11,12,7,40,2,460,6100,7500,9,11,3,5,86,23381233,15075,9775850,4967013,15000,10400
BE Club 279,5,0636d97f-57fb-4714-bc45-8ef92c5d4ce9,AggressiveTraderBot_279,BE,Europe/Rome,AggressiveTraderBot,3,12,1,10,8,12,42,2,460,6100,7500,5,9,5,6,86,15439868,1119,9810180,8149254,21600,22100
CH Club 288,5,b3e9c4a2-dcdc-4ab3-9209-ec55e5e69c26,SocialBot_288,CH,Europe/Warsaw,SocialBot,3,12,6,9,11,10,37,4,720,9800,11800,3,7,4,2,80,57191975,282,15511200,3566602,21400,21500
DE Club 281,5,2c75de8c-af7a-409e-9b76-a1caec8e8321,LadderGrinderBot_281,DE,Europe/Amsterdam,LadderGrinderBot,3,12,13,11,8,11,44,3,600,7850,9700,6,10,5,2,83,44393895,1527,12669040,3465214,21200,19900
ES Club 154,5,cf29cbb5-e3ad-472b-84be-45f7a1720114,YouthFocusedBot_154,ES,Europe/Madrid,YouthFocusedBot,3,12,8,9,14,7,34,2,460,6200,7400,4,10,7,2,81,29672813,427,9834030,3905141,21400,21300
ES Club 274,5,45979e68-d4cb-4046-ac6f-f3bf834fde28,YouthFocusedBot_274,ES,Europe/Madrid,YouthFocusedBot,3,12,16,10,7,13,43,1,330,4250,5400,2,6,2,5,70,11621502,727,6953150,4106228,21300,21000
ES Club 284,5,087b2db6-6f19-49a3-a412-5d3056b11547,ConservativeBot_284,ES,Europe/Paris,ConservativeBot,3,12,11,8,10,12,36,2,460,6100,7600,5,5,4,3,89,24114425,20179,9842450,4257380,15000,13000
ES Club 84,5,3a999bfc-1005-45df-9380-7a57839ef926,SocialBot_84,ES,Europe/Warsaw,SocialBot,3,12,12,10,8,12,42,3,590,7750,9700,3,7,6,3,75,42282186,1885,12570630,3644535,21200,20300
FR Club 282,5,7b5f43f4-6678-4ae7-b091-ee875b4cbcff,SocialBot_282,FR,Europe/Warsaw,SocialBot,3,12,7,14,9,7,49,3,590,7950,9600,6,7,4,3,104,40669912,673,12650550,7112494,21600,21200
IT Club 23,5,f7341735-a752-4b53-8893-f0c1e38e8935,LadderGrinderBot_23,IT,Europe/Amsterdam,LadderGrinderBot,3,12,15,7,10,13,34,4,720,9500,12100,6,9,5,3,79,60384471,480,15410630,5182366,21600,21800
IT Club 283,5,172ea290-ee7f-4199-b3e1-a5c4f4ffdd5d,NewManagerBot_283,IT,Europe/Berlin,NewManagerBot,3,12,5,11,9,10,43,4,720,9700,11800,7,8,6,4,100,52974522,16486,15473400,3896987,15000,11600
NL Club 275,5,6e66b817-c9ae-404b-8621-2281862569a2,LadderGrinderBot_275,NL,Europe/Amsterdam,LadderGrinderBot,3,12,2,8,10,12,36,3,590,7950,9700,2,10,5,3,74,40996528,1194,12658530,6272700,21500,22300
NL Club 285,5,db11d7d6-6dcc-4f93-bfa2-e8656c230880,AggressiveTraderBot_285,NL,Europe/Rome,AggressiveTraderBot,3,12,4,5,12,13,28,2,460,6100,7400,4,9,5,3,100,19565471,430,9769200,7447025,22000,21600
NL Club 295,5,49f4eb47-2247-4960-b237-694ca861ddef,NewManagerBot_295,NL,Europe/Berlin,NewManagerBot,3,12,10,9,10,11,38,1,330,4250,5500,8,9,3,4,100,14560472,12635,6971900,4882953,15000,13040
PL Club 286,5,4a7b5830-15df-4f50-b3fd-2f5d0567dd70,YouthFocusedBot_286,PL,Europe/Madrid,YouthFocusedBot,3,12,14,8,11,11,35,2,460,6200,7500,3,11,4,7,78,24030990,401,9854850,4274887,21300,21200
PL Club 36,5,62f23780-5e60-40e4-9a03-ef15125a2d96,SocialBot_36,PL,Europe/Warsaw,SocialBot,3,12,9,10,9,11,41,3,590,7950,9800,5,12,3,3,87,42999832,730,12656330,5280986,21200,21800
PT Club 280,5,b7f1aad0-fc4b-4f19-910c-597d1d18abe7,YouthFocusedBot_280,PT,Europe/Madrid,YouthFocusedBot,3,12,3,12,5,13,49,1,330,4350,5200,4,10,5,3,87,9722975,537,6942600,5760183,21300,21200
AT Club 57,5,2ff9aabc-41f2-40f9-9c59-f0a3d2da9596,AggressiveTraderBot_57,AT,Europe/Rome,AggressiveTraderBot,3,13,13,10,8,12,42,2,460,6100,7600,5,11,7,6,102,16350289,1779,9841380,7749789,22000,20900
AT Club 87,5,f91d7011-73d9-47b4-a76d-18f10e8a8f34,AggressiveTraderBot_87,AT,Europe/Rome,AggressiveTraderBot,3,13,10,0,24,6,6,4,730,9600,12000,2,8,4,3,76,52135053,1313,15522900,8018427,21500,21800
BE Club 289,5,27ee8ac1-d92f-4258-9176-90d41ff8648c,NewManagerBot_289,BE,Europe/Berlin,NewManagerBot,3,13,1,10,7,13,43,1,330,4350,5200,7,9,6,4,79,10749855,11580,6962550,4356278,15000,13060
BE Club 299,5,2770a000-db39-4db3-9e78-83271e65a32a,LadderGrinderBot_299,BE,Europe/Amsterdam,LadderGrinderBot,3,13,16,0,29,1,1,3,590,7850,9900,6,6,5,3,79,37928315,1125,12692300,7093239,21500,20900
CH Club 298,5,069ff971-69d3-40b8-b8bb-0a33994677fb,YouthFocusedBot_298,CH,Europe/Madrid,YouthFocusedBot,3,13,8,8,8,14,38,2,460,6000,7500,3,9,5,2,89,25937669,534,9731430,4479381,21300,21000
CH Club 38,5,e2316c34-1225-495b-ba72-38fdc02f33d3,ConservativeBot_38,CH,Europe/Paris,ConservativeBot,3,13,9,24,0,6,78,4,730,9500,12000,7,9,7,5,106,65225374,8733,15493880,6251097,15000,14260
DE Club 291,5,c5b59ffd-40e0-450b-a8ac-0be715c6008c,AggressiveTraderBot_291,DE,Europe/Rome,AggressiveTraderBot,3,13,7,8,8,14,38,4,720,9500,12100,4,6,6,6,85,40545765,1392,15454580,7528697,21800,20800
ES Club 334,5,edf15092-280a-4ad3-89f4-534a88171560,YouthFocusedBot_334,ES,Europe/Madrid,YouthFocusedBot,3,13,14,8,10,12,36,2,460,6100,7500,4,12,4,4,114,29446957,1370,9772950,6307044,21400,20800
FR Club 12,5,6b258a80-a54c-42ac-8d59-b406ddca0ffd,SocialBot_12,FR,Europe/Warsaw,SocialBot,3,13,6,6,13,11,29,4,720,9500,12200,5,11,6,4,89,63579683,1477,15445850,5094389,21100,20800
FR Club 302,5,dd04329c-a549-432f-a804-cf2c044e94af,ConservativeBot_302,FR,Europe/Paris,ConservativeBot,3,13,2,7,10,13,34,1,330,4450,5400,6,8,4,3,95,11116227,13251,7079000,4614732,15000,13480
IT Club 293,5,344b676f-5b60-4fe0-a4ed-67f73fa332bf,LadderGrinderBot_293,IT,Europe/Amsterdam,LadderGrinderBot,3,13,12,8,16,6,30,2,470,6000,7500,4,9,1,2,92,20954793,320,9772500,3975224,21000,22100
IT Club 303,5,291681e3-6df4-4397-9f82-ed7058381110,AggressiveTraderBot_303,IT,Europe/Rome,AggressiveTraderBot,3,13,11,16,8,6,54,4,720,9600,12000,5,8,3,4,92,36343375,524,15448200,6536134,22300,22600
NL Club 305,5,7f215d67-612d-4222-8c78-13ebe8a96342,LadderGrinderBot_305,NL,Europe/Amsterdam,LadderGrinderBot,3,13,4,15,6,9,54,2,460,6100,7600,5,7,3,3,91,27157153,657,9827000,4739523,21600,22500
PL Club 206,5,0e00ad8c-6d93-4e4a-8724-fa03fad4db12,ConservativeBot_206,PL,Europe/Paris,ConservativeBot,3,13,15,29,0,1,88,4,720,9500,11900,9,11,3,3,105,64250310,11899,15319700,6026860,15000,15820
PL Club 296,5,7e794bdb-3053-43a0-bf3e-d660f1bd8908,ConservativeBot_296,PL,Europe/Paris,ConservativeBot,3,13,5,13,6,11,50,4,720,9500,12000,8,8,6,4,105,55609599,17238,15400580,4525969,15000,11800
PT Club 290,5,490425b1-1e4e-44c3-9420-c0d841da5e24,ConservativeBot_290,PT,Europe/Paris,ConservativeBot,3,13,3,6,15,9,27,3,590,7850,9700,4,7,5,1,102,36614197,16595,12616800,6241329,15000,12600
AT Club 307,5,d322c555-615a-453e-8d84-beb4bcf1c699,NewManagerBot_307,AT,Europe/Berlin,NewManagerBot,3,14,9,9,11,10,37,4,720,9600,11900,9,9,5,4,92,54774893,13602,15417030,1986916,15000,10600
AT Club 317,5,33ee69c4-dedd-4f76-bed6-0685eb40ba90,LadderGrinderBot_317,AT,Europe/Amsterdam,LadderGrinderBot,3,14,10,11,9,10,43,3,610,7750,9800,3,7,5,4,89,39308726,870,12755590,4848498,21400,21800
BE Club 309,5,5b2ae2dc-d6c4-454c-97b9-d035434c1f47,AggressiveTraderBot_309,BE,Europe/Rome,AggressiveTraderBot,3,14,7,9,7,14,41,3,590,7950,9700,5,8,5,4,89,24134269,969,12676200,8623088,22000,22100
BE Club 329,5,4b3829e0-a5e1-41ca-a625-b30efd5b0e3e,LadderGrinderBot_329,BE,Europe/Amsterdam,LadderGrinderBot,3,14,15,11,8,11,44,4,720,9500,12000,2,8,2,4,58,58271726,1212,15369450,4118463,21200,21400
CH Club 308,5,f9837b86-040b-4721-8be8-23cec22e0cb0,ConservativeBot_308,CH,Europe/Paris,ConservativeBot,3,14,11,9,12,9,36,4,720,9600,12000,8,11,7,3,90,53529085,8855,15444830,3962765,15000,15440
CH Club 88,5,a93d43eb-2733-4268-903b-82b2b0649667,YouthFocusedBot_88,CH,Europe/Madrid,YouthFocusedBot,3,14,8,7,9,14,35,2,460,6000,7800,2,7,4,5,78,34057620,1538,9833450,4272684,21200,20800
DE Club 311,5,ac6d4879-993d-492b-9b95-4ff381a93bd6,LadderGrinderBot_311,DE,Europe/Amsterdam,LadderGrinderBot,3,14,13,12,8,10,46,4,720,9500,11900,3,8,5,4,66,53137717,2000,15371250,4670220,21500,21100
DE Club 81,5,3facca74-18a2-449b-8714-7a30943ce555,AggressiveTraderBot_81,DE,Europe/Rome,AggressiveTraderBot,3,14,1,9,8,13,40,2,460,6200,7500,5,10,6,6,87,12956585,1097,9873930,8590830,21800,21900
ES Club 54,5,b107ded3-baa6-4335-bda3-fa8e719a3b95,SocialBot_54,ES,Europe/Warsaw,SocialBot,3,14,14,8,12,10,34,4,720,9500,12000,2,9,5,3,89,67203089,392,15389400,5909284,21300,22100
ES Club 64,5,90c2dd4c-8c66-4884-9e68-fc0f41018589,YouthFocusedBot_64,ES,Europe/Madrid,YouthFocusedBot,3,14,16,8,11,11,35,4,730,9600,11900,3,9,4,3,69,59925293,330,15492040,6129748,21200,21400
FR Club 312,5,f203e13e-2ee0-4967-9c02-3c10a7431942,SocialBot_312,FR,Europe/Warsaw,SocialBot,3,14,5,11,12,7,40,3,590,7850,9600,3,10,6,4,87,37586011,751,12585480,4173608,21300,21700
IT Club 93,5,f90e3d66-29f5-4256-9311-f84428390692,AggressiveTraderBot_93,IT,Europe/Rome,AggressiveTraderBot,3,14,3,15,5,10,55,3,590,7750,9900,3,10,3,3,93,35693679,1198,12582680,7610987,21800,21600
NL Club 315,5,ee7de209-6269-4937-b372-e2fd833ce154,AggressiveTraderBot_315,NL,Europe/Rome,AggressiveTraderBot,3,14,12,12,9,9,45,2,460,6200,7500,4,9,4,3,103,12247408,1397,9844230,7684720,21600,21800
PL Club 306,5,f4cec2d1-d763-4992-8166-dd797e44424b,SocialBot_306,PL,Europe/Warsaw,SocialBot,3,14,2,8,9,13,37,2,470,6200,7400,3,11,5,4,67,16021981,2043,9900300,6824604,21500,20100
PT Club 320,5,1ac5d488-5346-416f-a41d-8e1a05b22b84,ConservativeBot_320,PT,Europe/Paris,ConservativeBot,3,14,4,5,15,10,25,2,460,6100,7600,6,7,2,6,93,22391591,17399,9824750,4970901,15000,12680
PT Club 80,5,02ba1b4a-9d46-442d-9f8f-e9da88c589f1,ConservativeBot_80,PT,Europe/Paris,ConservativeBot,3,14,6,12,11,7,43,3,590,7750,9800,7,10,5,3,83,43193706,17079,12569880,7824655,15000,13460
AT Club 327,5,8e872aa5-9eec-43ea-a18d-4063b6323a32,AggressiveTraderBot_327,AT,Europe/Rome,AggressiveTraderBot,3,15,4,7,15,8,29,1,330,4350,5300,5,10,5,3,85,548605,1064,6980100,7963132,22000,21800
CH Club 58,5,3ccee11b-4f59-420c-aa82-6e99e0eb768f,YouthFocusedBot_58,CH,Europe/Madrid,YouthFocusedBot,3,15,5,8,11,11,35,4,730,9500,12100,5,9,2,6,105,59956723,476,15487880,5128026,21500,21500
DE Club 301,5,375336cb-7e7a-4de2-adcf-bfa4ac33d2b7,NewManagerBot_301,DE,Europe/Berlin,NewManagerBot,3,15,16,0,29,1,1,4,720,9600,11900,3,10,7,2,84,58771823,16579,15417000,2637247,15000,12740
DE Club 321,5,851c9bc7-0195-44a5-9a9b-e3e368f05b84,AggressiveTraderBot_321,DE,Europe/Rome,AggressiveTraderBot,3,15,12,12,7,11,47,3,590,7950,9600,4,12,4,5,89,30112343,1116,12619680,7771432,21900,21000
DE Club 331,5,98b8c3dc-1977-4005-8ddb-b5800c00e507,NewManagerBot_331,DE,Europe/Berlin,NewManagerBot,3,15,11,7,12,11,32,1,330,4450,5200,5,10,8,4,80,16571799,13889,7034130,3264158,15000,14100
ES Club 324,5,c1b97015-ca8f-4f25-b5e4-5574dfa84115,SocialBot_324,ES,Europe/Warsaw,SocialBot,3,15,13,13,5,12,51,4,730,9600,12000,2,8,6,5,85,52617090,1313,15548930,4983310,21100,20600
FR Club 322,5,052cc5bd-065c-4c5e-9928-504c67b917a7,YouthFocusedBot_322,FR,Europe/Madrid,YouthFocusedBot,3,15,6,11,8,11,44,1,330,4450,5300,3,9,4,3,89,11804924,1404,7041500,4505146,21300,21000
FR Club 332,5,d3816e16-02ff-4009-a9cb-9f97dca7b638,ConservativeBot_332,FR,Europe/Paris,ConservativeBot,3,15,8,15,7,8,53,2,460,6200,7500,9,10,4,6,76,27560206,15197,9859830,4732170,15000,12600
IT Club 223,5,ba2d3557-3469-457e-bd69-ac1f1499d4f3,NewManagerBot_223,IT,Europe/Berlin,NewManagerBot,3,15,2,14,5,11,53,2,470,6000,7400,5,10,5,7,84,27138534,16725,9789900,4833144,15000,14100
IT Club 333,5,1fe03c85-0588-47ee-a9b0-570745c277b8,AggressiveTraderBot_333,IT,Europe/Rome,AggressiveTraderBot,3,15,7,7,15,8,29,3,590,7950,9700,4,9,6,1,83,21740963,1174,12672900,9850708,22100,21200
NL Club 335,5,2c4e0906-3186-4fe4-90f9-4524048a405a,LadderGrinderBot_335,NL,Europe/Amsterdam,LadderGrinderBot,3,15,1,5,14,11,26,1,330,4350,5300,5,10,6,5,103,12304774,1435,6997200,4536436,21200,20900
PL Club 196,5,80475701-453e-4e3c-b20c-864b2266fb17,YouthFocusedBot_196,PL,Europe/Madrid,YouthFocusedBot,3,15,15,29,0,1,88,4,720,9500,12000,6,12,3,5,113,72185209,1281,15359550,7005182,21500,20800
PL Club 326,5,2cb83ea0-07c9-4c53-ad9c-b42cb6fd06c3,ConservativeBot_326,PL,Europe/Paris,ConservativeBot,3,15,9,8,14,8,32,3,590,7750,9900,9,11,5,2,98,34927390,15197,12579800,6499110,15000,11400
PL Club 336,5,89a69f46-a0c1-461e-89a2-81d90cf65196,SocialBot_336,PL,Europe/Warsaw,SocialBot,3,15,14,5,13,12,27,4,720,9500,11900,4,11,4,6,92,49984459,1138,15341030,5655026,21400,22300
PL Club 96,5,912e4ee5-dd9b-4150-9688-56296d360c70,SocialBot_96,PL,Europe/Warsaw,SocialBot,3,15,3,15,7,8,53,2,460,6100,7700,6,8,5,4,74,33720592,566,9870050,5133115,21300,21500
PT Club 330,5,9b7b88dd-c579-4670-9ea2-d0ff05897140,SocialBot_330,PT,Europe/Warsaw,SocialBot,3,15,10,14,8,8,50,3,590,7850,9700,6,9,3,5,88,36991484,551,12596100,6181472,21500,22100
